ms,MemFree,Buffers,Cached,Active,Inactive,SwapFree,pgpgin,pgpgout,pgalloc_dma,pgfree,pgactivate,pgdeactivate,pgfault,pgmajfault,Disk_Read,Disk_Write,Net_Sent,Net_Received,Tcp_Listen,Tcp_Established,Tcp_Syn,Tcp_TimeWait,Tcp_Close,nr_active_file,nr_inactive_file
1778298518246,2785435648,51822592,639512576,225951744,752050176,1073737728,725042,30451,6,1259900,46543,0,523487,3008,742443520,31181824,108833,53648,7,2,0,0,0,54291,100644
1778298518550,2779807744,51822592,641077248,225980416,760315904,1073737728,725042,30451,6,1261663,46544,0,525625,3008,742455808,31181824,109337,53728,7,2,0,0,0,54297,100662
1778298518841,2779549696,51830784,641126400,226037760,761671680,1073737728,725054,30451,6,1263262,46544,0,525986,3008,742455808,31181824,109809,53848,7,2,0,0,0,54311,100652
1778298519129,2779549696,51830784,641134592,226041856,762048512,1073737728,725054,30451,6,1264860,46544,0,526103,3008,742464000,31181824,110335,54016,7,2,0,0,0,54312,100653
1778298519421,2778558464,51847168,641421312,226340864,765874176,1073737728,725370,30451,6,1266962,46625,0,527884,3008,743004672,31181824,112517,54452,7,2,0,0,0,54386,100653
1778298519711,2775748608,52113408,642666496,226643968,770756608,1073737728,726534,30451,6,1268563,46665,0,528901,3009,744229376,31181824,112989,54532,7,2,0,0,0,54460,100821
1778298520013,2789949440,52129792,643112960,227581952,751439872,1073737728,726798,30451,6,1276217,46853,0,530397,3009,744241664,31181824,114091,54960,7,2,0,0,0,54689,100717
1778298520303,2786598912,52129792,643112960,227581952,758865920,1073737728,726798,30451,6,1278407,46853,0,533209,3009,744241664,31181824,115625,55328,7,2,0,0,0,54689,100717
1778298520594,2783760384,52129792,643129344,227586048,762056704,1073737728,726798,30451,6,1280054,46853,0,533951,3009,744241664,31181824,116151,55496,7,2,0,0,0,54689,100717
1778298520882,2783244288,52142080,643129344,227590144,762568704,1073737728,726798,30891,6,1281662,46853,0,534064,3009,744241664,31632384,116623,55704,7,2,0,0,0,54690,100718
1778298521171,2781696000,52146176,643129344,227590144,764157952,1073737728,726802,31655,6,1283266,46883,0,534448,3009,744245760,32562176,117095,55912,7,2,0,0,0,54690,100718
1778298521463,2780688384,52146176,643153920,227749888,763887616,1073737728,726802,33059,6,1285386,46891,0,535260,3009,744245760,33709056,118441,56356,7,2,0,0,0,54728,100682
1778298521757,2780430336,52162560,643137536,227749888,764039168,1073737728,726822,34235,6,1286999,46897,0,535296,3009,744282624,35625984,118967,56564,7,2,0,0,0,54728,100682
1778298522049,2777075712,52183040,643248128,228003840,767373312,1073737728,726846,34855,6,1288621,46952,0,536185,3009,744393216,35707904,119531,56860,7,2,0,0,0,54791,100641
1778298522342,2792128512,52240384,643584000,228487168,747782144,1073737728,727050,34963,6,1295317,47060,0,536668,3009,744499712,35802112,120555,57068,7,2,0,0,0,54910,100594
1778298522651,2816274432,52240384,643584000,228638720,724226048,1073737728,727050,34963,6,1304827,47095,0,539627,3009,744499712,35802112,121795,57500,7,2,0,0,0,54947,100596
1778298522938,2807148544,52240384,643584000,228642816,724652032,1073737728,727050,34963,6,1310526,47095,0,543789,3009,744499712,35802112,122869,58084,7,2,0,0,0,54947,100596
1778298523246,2805968896,52244480,649981952,228974592,729882624,1073737728,733262,34967,6,1319320,47169,0,551869,3027,754661888,35806208,122987,58164,7,2,0,0,0,55029,102015
1778298523552,2791788544,52244480,662945792,228974592,745910272,1073737728,745806,34967,6,1323171,47171,0,557386,3027,767379968,35806208,124113,58204,7,2,0,0,0,55029,105133
1778298523853,2775789568,52252672,675250176,228978688,770584576,1073737728,758034,34967,6,1326310,47182,0,561248,3028,779897344,35806208,124971,58284,7,2,0,0,0,55031,108158
1778298524156,2751803392,52252672,688005120,229527552,794660864,1073737728,770322,34967,6,1328167,47318,0,564691,3028,792001024,35806208,125089,58324,7,2,0,0,0,55163,111126
1778298524446,2732232704,52260864,699805696,229605376,812482560,1073737728,781762,34967,6,1330306,47330,0,567273,3028,803555840,35806208,126391,58444,7,2,0,0,0,55182,113964
1778298524737,2715717632,52314112,710279168,229744640,829575168,1073737728,792110,34967,6,1331947,47355,0,569277,3034,813570560,35806208,126771,58572,7,2,0,0,0,55216,116502
1778298525037,2686300160,52326400,718012416,229822464,858824704,1073737728,799470,34967,6,1333708,47356,0,574849,3060,821815808,35806208,127087,58788,7,2,0,0,0,55234,118352
1778298525331,2671591424,52326400,728186880,229822464,873684992,1073737728,809242,34967,6,1335475,47390,0,576470,3146,831699456,35806208,127285,58828,7,2,0,0,0,55234,120823
1778298525624,2659233792,52334592,737857536,230109184,885280768,1073737728,818118,34967,6,1337471,47427,0,578129,3240,840624640,35806208,127665,58868,7,2,0,0,0,55306,122969
1778298525926,2643750912,52346880,744886272,230559744,900546560,1073737728,824862,35283,6,1339087,47534,0,580711,3300,846252544,36129792,151967,81064,7,2,0,0,0,55414,124548
1778298526225,2629816320,52346880,750415872,230711296,914137088,1073737728,830310,35283,6,1340696,47600,0,583085,3340,852195840,36129792,155479,83436,7,2,0,0,0,55451,125857
1778298526519,2617458688,52363264,753520640,231018496,923906048,1073737728,833610,35283,6,1342982,47651,0,586007,3369,853858816,36129792,156677,84476,7,2,0,0,0,55526,126616
1778298526828,2603528192,52367360,754176000,232042496,932859904,1073737728,833998,35283,6,1348833,47938,0,594352,3374,854116864,36129792,157689,85268,7,2,0,0,0,55776,126419
1778298527121,2590076928,52371456,754515968,232660992,943558656,1073737728,834102,35283,6,1351046,48042,0,598865,3376,854120960,36129792,158369,85484,7,2,0,0,0,55926,126365
1778298527416,2590076928,52371456,754515968,232660992,943558656,1073737728,834102,35283,6,1352674,48042,0,598865,3376,854120960,36129792,158583,85524,7,2,0,0,0,55926,126365
1778298527711,2590076928,52371456,754515968,232660992,943558656,1073737728,834102,35283,6,1354303,48042,0,598866,3376,854120960,36129792,158797,85564,7,2,0,0,0,55926,126365
1778298528006,2590076928,52371456,754520064,232660992,943558656,1073737728,834102,35371,6,1355931,48042,0,598866,3376,854120960,36219904,158995,85604,7,2,0,0,0,55926,126365
1778298528302,2590076928,52371456,754520064,232660992,943558656,1073737728,834102,35371,6,1357575,48042,0,598866,3376,854120960,36219904,159193,85644,7,2,0,0,0,55926,126365
1778298528597,2590076928,52371456,754520064,232660992,943558656,1073737728,834102,35371,6,1359203,48042,0,598866,3376,854120960,36219904,159407,85684,7,2,0,0,0,55926,126365
1778298528893,2590076928,52371456,754520064,232660992,943558656,1073737728,834102,35371,6,1360832,48042,0,598866,3376,854120960,36219904,160559,86340,7,2,0,0,0,55926,126365
1778298529188,2590076928,52371456,754528256,232665088,943575040,1073737728,834102,35371,6,1362461,48042,0,598869,3376,854120960,36219904,161813,87132,7,2,0,0,0,55927,126366
1778298529483,2590076928,52371456,754528256,232665088,943575040,1073737728,834102,35371,6,1364094,48042,0,598872,3376,854120960,36219904,162145,87172,7,2,0,0,0,55927,126366
1778298529778,2590076928,52371456,754528256,232665088,943575040,1073737728,834102,35371,6,1365722,48042,0,598872,3376,854120960,36219904,162359,87252,7,2,0,0,0,55927,126366
1778298530074,2590076928,52371456,754528256,232665088,943575040,1073737728,834102,35371,6,1367350,48042,0,598872,3376,854120960,36219904,162557,87292,7,2,0,0,0,55927,126366
1778298530366,2590076928,52371456,754528256,232665088,943575040,1073737728,834102,35371,6,1368978,48042,0,598873,3376,854120960,36219904,162771,87332,7,2,0,0,0,55927,126366
1778298530658,2589560832,52371456,754528256,232665088,942665728,1073737728,834102,35371,6,1370996,48042,0,599088,3376,854120960,36219904,162985,87372,7,2,0,0,0,55927,126366
1778298530953,2589560832,52371456,754528256,232665088,942665728,1073737728,834102,35371,6,1372610,48042,0,599088,3376,854120960,36408320,163183,87412,7,2,0,0,0,55927,126366
1778298531249,2589560832,52383744,754528256,232665088,942657536,1073737728,834102,35555,6,1374224,48042,0,599088,3376,854120960,36408320,163483,87588,7,2,0,0,0,55927,126366
1778298531539,2589560832,52383744,754528256,232665088,942657536,1073737728,834102,35555,6,1375840,48042,0,599088,3376,854120960,36408320,163697,87628,7,2,0,0,0,55927,126366
1778298531833,2589560832,52383744,754536448,232665088,942657536,1073737728,834102,35555,6,1377454,48042,0,599088,3376,854120960,36408320,163911,87668,7,2,0,0,0,55927,126366
1778298532126,2589560832,52383744,754540544,232665088,942706688,1073737728,834102,35563,6,1379068,48042,0,599090,3376,854120960,36416512,165063,88324,7,2,0,0,0,55927,126368
1778298532420,2589560832,52383744,754540544,232665088,942706688,1073737728,834102,35563,6,1380683,48042,0,599091,3376,854120960,36416512,166215,88980,7,2,0,0,0,55927,126368
1778298532713,2589560832,52383744,754540544,232665088,942706688,1073737728,834102,35563,6,1382299,48042,0,599091,3376,854120960,36416512,166547,89020,7,2,0,0,0,55927,126368
1778298533009,2589560832,52383744,754540544,232665088,942706688,1073737728,834102,35563,6,1383913,48042,0,599091,3376,854120960,36416512,166761,89060,7,2,0,0,0,55927,126368
1778298533303,2589560832,52383744,754540544,232665088,942706688,1073737728,834102,35563,6,1385531,48042,0,599123,3376,854120960,36416512,192605,106072,7,2,0,0,0,55927,126368
1778298533595,2589560832,52383744,754540544,232665088,942706688,1073737728,834102,35563,6,1387147,48042,0,599144,3376,854120960,36416512,193769,123588,7,2,0,0,0,55927,126368
1778298533889,2589560832,52383744,754540544,232665088,942706688,1073737728,834102,35563,6,1388763,48042,0,599155,3376,854120960,36416512,194847,130660,7,2,0,0,0,55927,126368
1778298534183,2589560832,52383744,754548736,232677376,942866432,1073737728,834102,35563,6,1390394,48042,0,599157,3376,854120960,36416512,196357,131888,7,2,0,0,0,55930,126369
1778298534478,2589560832,52383744,754548736,232677376,942866432,1073737728,834102,35563,6,1392008,48042,0,599157,3376,854120960,36416512,196571,131928,7,2,0,0,0,55930,126369
1778298534772,2589560832,52383744,754548736,232677376,942866432,1073737728,834102,35563,6,1393624,48042,0,599157,3376,854120960,36416512,196903,131968,7,2,0,0,0,55930,126369
1778298535066,2589560832,52383744,754548736,232677376,942866432,1073737728,834102,35563,6,1395238,48042,0,599158,3376,854120960,36416512,198377,132624,7,2,0,0,0,55930,126369
1778298535361,2589560832,52383744,754548736,232677376,942866432,1073737728,834102,35563,6,1396854,48042,0,599158,3376,854120960,36416512,200055,133456,7,2,0,0,0,55930,126369
1778298535654,2589560832,52383744,754548736,232677376,942866432,1073737728,834102,35563,6,1398472,48042,0,599159,3376,854120960,36416512,200654,133569,7,2,0,0,0,55930,126369
1778298535948,2589560832,52383744,754548736,232677376,942866432,1073737728,834102,35563,6,1400088,48042,0,599159,3376,854120960,36416512,200868,133649,7,2,0,0,0,55930,126369
1778298536242,2589560832,52391936,754544640,232677376,942866432,1073737728,834102,35583,6,1401705,48042,0,599161,3376,854120960,36436992,201290,133809,7,2,0,0,0,55930,126369
1778298536536,2589560832,52391936,754544640,232677376,942866432,1073737728,834102,35583,6,1403319,48042,0,599161,3376,854120960,36436992,201504,133849,7,2,0,0,0,55930,126369
1778298536830,2589560832,52391936,754544640,232677376,942866432,1073737728,834102,35583,6,1404934,48042,0,599162,3376,854120960,36436992,201702,134813,7,2,0,0,0,55930,126369
1778298537120,2589560832,52391936,754552832,232681472,942923776,1073737728,834102,35583,6,1406549,48042,0,599163,3376,854120960,36436992,201916,134853,7,2,0,0,0,55931,126371
1778298537412,2589560832,52391936,754552832,232681472,942985216,1073737728,834102,35583,6,1408163,48042,0,599164,3376,854120960,36436992,202232,135029,7,2,0,0,0,55931,126373
1778298537706,2589560832,52391936,754552832,232681472,942985216,1073737728,834102,35583,6,1409777,48042,0,599165,3376,854120960,36436992,202430,135069,7,2,0,0,0,55931,126373
1778298538001,2589560832,52391936,754552832,232681472,942985216,1073737728,834102,35583,6,1411391,48042,0,599165,3376,854120960,36436992,203888,135725,7,2,0,0,0,55931,126373
1778298538297,2589560832,52391936,754556928,232681472,942989312,1073737728,834102,35583,6,1413007,48042,0,599165,3376,854120960,36436992,205464,136421,7,2,0,0,0,55931,126374
1778298538591,2589560832,52391936,754556928,232681472,942989312,1073737728,834102,35583,6,1414622,48042,0,599165,3376,854120960,36436992,205662,136461,7,2,0,0,0,55931,126374
1778298538885,2589560832,52391936,754561024,232681472,942989312,1073737728,834102,35583,6,1416241,48042,0,599165,3376,854120960,36436992,205978,136501,7,2,0,0,0,55931,126374
1778298539181,2589560832,52391936,754561024,232681472,942989312,1073737728,834102,35583,6,1417855,48042,0,599165,3376,854120960,36436992,206282,136621,7,2,0,0,0,55931,126374
1778298539475,2589560832,52391936,754561024,232681472,942989312,1073737728,834102,35583,6,1419471,48042,0,599165,3376,854120960,36436992,206624,136843,7,2,0,0,0,55931,126374
1778298539765,2589560832,52391936,754561024,232681472,942989312,1073737728,834102,35583,6,1421085,48042,0,599165,3376,854120960,36436992,206822,137807,7,2,0,0,0,55931,126374
1778298540061,2589560832,52391936,754561024,232681472,942989312,1073737728,834102,35583,6,1422700,48042,0,599165,3376,854120960,36436992,207020,137847,7,2,0,0,0,55931,126374
1778298540353,2589560832,52391936,754561024,232681472,942989312,1073737728,834102,35583,6,1424330,48042,0,599165,3376,854120960,36436992,207218,137887,7,2,0,0,0,55931,126374
1778298540649,2589560832,52391936,754561024,232681472,942989312,1073737728,834102,35583,6,1425944,48042,0,599166,3376,854120960,36436992,207416,137927,7,2,0,0,0,55931,126374
1778298540938,2589560832,52391936,754561024,232681472,942989312,1073737728,834102,35583,6,1427559,48042,0,599166,3376,854120960,36436992,208890,138583,7,2,0,0,0,55931,126374
1778298541233,2589560832,52391936,754565120,232681472,942989312,1073737728,834102,35583,6,1429174,48042,0,599168,3376,854120960,36436992,210546,139239,7,2,0,0,0,55931,126374
1778298541525,2589560832,52400128,754556928,232681472,942989312,1073737728,834102,35599,6,1430790,48042,0,599168,3376,854120960,36453376,210964,139455,7,2,0,0,0,55931,126374
1778298541821,2589560832,52400128,754556928,232681472,943009792,1073737728,834102,35599,6,1432410,48042,0,599180,3376,854120960,36453376,211264,139495,7,2,0,0,0,55931,126377
1778298542115,2589560832,52400128,754565120,232681472,943009792,1073737728,834102,35599,6,1434025,48042,0,599180,3376,854120960,36453376,211462,139575,7,2,0,0,0,55931,126377
1778298542409,2589560832,52400128,754565120,232681472,943009792,1073737728,834102,35599,6,1435639,48042,0,599180,3376,854120960,36453376,211766,139695,7,2,0,0,0,55931,126377
1778298542702,2589560832,52400128,754565120,232681472,943009792,1073737728,834102,35599,6,1437255,48042,0,599180,3376,854120960,36453376,211964,140659,7,2,0,0,0,55931,126377
1778298542992,2589560832,52400128,754565120,232681472,943009792,1073737728,834102,35599,6,1438870,48042,0,599180,3376,854120960,36453376,212162,140699,7,2,0,0,0,55931,126377
1778298543286,2589560832,52400128,754569216,232681472,943009792,1073737728,834102,35599,6,1440484,48042,0,599180,3376,854120960,36506624,212360,140739,7,2,0,0,0,55931,126377
1778298543580,2589560832,52400128,754569216,232681472,943009792,1073737728,834102,35651,6,1442098,48042,0,599180,3376,854120960,36506624,212660,140915,7,2,0,0,0,55931,126377
1778298543875,2589560832,52400128,754569216,232681472,943009792,1073737728,834102,35651,6,1443713,48042,0,599180,3376,854120960,36506624,214118,141571,7,2,0,0,0,55931,126377
1778298544168,2589560832,52400128,754569216,232681472,943026176,1073737728,834102,35651,6,1445328,48042,0,599180,3376,854120960,36506624,215576,142227,7,2,0,0,0,55931,126377
1778298544462,2589560832,52400128,754569216,232681472,943026176,1073737728,834102,35651,6,1446946,48042,0,599180,3376,854120960,36506624,215892,142267,7,2,0,0,0,55931,126377
1778298544755,2589302784,52400128,754569216,232681472,943087616,1073737728,834102,35651,6,1448561,48042,0,599220,3376,854120960,36506624,245602,178407,7,2,0,0,0,55931,126377
1778298545052,2589302784,52400128,754577408,232681472,943140864,1073737728,834102,35651,6,1450187,48042,0,599221,3376,854120960,36506624,247910,183111,7,2,0,0,0,55931,126378
1778298545339,2589302784,52400128,754585600,232681472,943140864,1073737728,834102,35651,6,1451802,48042,0,599221,3376,854120960,36506624,248124,183151,7,2,0,0,0,55931,126378
1778298545634,2589302784,52400128,754585600,232681472,943140864,1073737728,834102,35651,6,1453419,48042,0,599222,3376,854120960,36506624,249750,185287,7,2,0,0,0,55931,126378
1778298545928,2589302784,52400128,754589696,232681472,943263744,1073737728,834106,35651,6,1455038,48042,0,599264,3376,854125056,36506624,250606,185867,7,2,0,0,0,55931,126379
1778298546223,2589073408,52400128,754593792,232681472,943263744,1073737728,834106,35651,6,1456669,48042,0,599265,3376,854125056,36506624,250820,185947,7,2,0,0,0,55931,126379
1778298546516,2589073408,52400128,754593792,232681472,943263744,1073737728,834106,35651,6,1458283,48042,0,599265,3376,854125056,36506624,251034,185987,7,2,0,0,0,55931,126379
1778298546810,2589073408,52408320,754589696,232681472,943263744,1073737728,834106,35687,6,1459899,48042,0,599266,3376,854125056,36543488,251692,186567,7,2,0,0,0,55931,126379
1778298547104,2589073408,52408320,754597888,232681472,943263744,1073737728,834106,35687,6,1461513,48042,0,599266,3376,854125056,36543488,253472,187223,7,2,0,0,0,55931,126379
1778298547398,2589073408,52408320,754597888,232681472,943263744,1073737728,834106,35687,6,1463128,48042,0,599266,3376,854125056,36543488,255268,187879,7,2,0,0,0,55931,126379
1778298547692,2589073408,52408320,754597888,232681472,943263744,1073737728,834106,35687,6,1464748,48042,0,599266,3376,854125056,36543488,256252,188715,7,2,0,0,0,55931,126379
1778298547986,2589073408,52408320,754597888,232681472,943263744,1073737728,834106,35687,6,1466363,48042,0,599266,3376,854125056,36543488,256662,188955,7,2,0,0,0,55931,126379
1778298548281,2589073408,52408320,754597888,232681472,943263744,1073737728,834106,35687,6,1467977,48042,0,599266,3376,854125056,36543488,256860,189919,7,2,0,0,0,55931,126379
1778298548577,2589073408,52408320,754597888,232681472,943263744,1073737728,834106,35723,6,1469591,48042,0,599266,3376,854125056,36580352,257074,190883,7,2,0,0,0,55931,126379
1778298548873,2589073408,52412416,754593792,232681472,943263744,1073737728,834106,35875,6,1471207,48045,0,599266,3376,854125056,36736000,257842,191555,7,2,0,0,0,55931,126379
1778298549167,2589073408,52412416,754601984,232710144,943284224,1073737728,834106,35875,6,1472822,48045,0,599266,3376,854125056,36736000,258040,191595,7,2,0,0,0,55938,126379
1778298549462,2589073408,52412416,754601984,232710144,943284224,1073737728,834106,35875,6,1474436,48045,0,599266,3376,854125056,36736000,258254,191635,7,2,0,0,0,55938,126379
1778298549755,2589073408,52412416,754601984,232710144,943284224,1073737728,834106,35875,6,1476053,48045,0,599266,3376,854125056,36736000,259478,192391,7,2,0,0,0,55938,126379
1778298550050,2588815360,52412416,754601984,232722432,943575040,1073737728,834106,35875,6,1477866,48045,0,599764,3376,854125056,36736000,261600,193267,7,2,0,0,0,55939,126381
1778298550347,2588815360,52412416,754601984,232722432,943575040,1073737728,834106,35875,6,1479493,48045,0,599783,3376,854125056,36736000,263498,193963,7,2,0,0,0,55939,126381
1778298550642,2588815360,52412416,754601984,232722432,943575040,1073737728,834106,35875,6,1481119,48045,0,599785,3376,854125056,36736000,263920,194083,7,2,0,0,0,55939,126381
1778298550936,2588815360,52412416,754606080,232722432,943636480,1073737728,834106,35875,6,1483143,48046,0,600563,3376,854125056,36736000,266908,195039,7,2,0,0,0,55939,126381
1778298551226,2588815360,52412416,754606080,232722432,943669248,1073737728,834106,35875,6,1484868,48046,0,600605,3376,854125056,36736000,267122,196043,7,2,0,0,0,55939,126382
1778298551518,2588815360,52412416,754606080,232722432,943669248,1073737728,834106,35875,6,1486491,48046,0,600606,3376,854125056,36736000,267336,196083,7,2,0,0,0,55939,126382
1778298551813,2588815360,52412416,754606080,232722432,943669248,1073737728,834106,35875,6,1488116,48046,0,600606,3376,854125056,36781056,268232,197719,7,2,0,0,0,55939,126382
1778298552109,2588299264,52424704,754606080,232730624,943587328,1073737728,834106,35919,6,1490251,48046,0,601403,3376,854125056,36781056,269422,197839,7,2,0,0,0,55941,126382
1778298552403,2588299264,52424704,754606080,232730624,943587328,1073737728,834106,35919,6,1491891,48046,0,601403,3376,854125056,36781056,269738,198055,7,2,0,0,0,55941,126382
1778298552698,2588299264,52424704,754606080,232730624,943587328,1073737728,834106,35919,6,1493516,48046,0,601404,3376,854125056,36781056,270524,198635,7,2,0,0,0,55941,126382
1778298552992,2588299264,52424704,754610176,232726528,943484928,1073737728,834106,35919,6,1495333,48046,0,601802,3376,854125056,36781056,272856,199331,7,2,0,0,0,55941,126382
1778298553281,2588299264,52424704,754610176,232734720,943673344,1073737728,834106,35919,6,1497279,48047,0,602200,3376,854125056,36781056,275210,200067,7,2,0,0,0,55942,126383
1778298553577,2588299264,52424704,754610176,232734720,943673344,1073737728,834106,35919,6,1498902,48047,0,602201,3376,854125056,36781056,275408,200147,7,2,0,0,0,55942,126383
1778298553874,2588299264,52424704,754614272,232734720,943673344,1073737728,834106,35943,6,1500536,48047,0,602203,3376,854125056,36805632,276732,201143,7,2,0,0,0,55942,126383
1778298554168,2587783168,52424704,754614272,232730624,943599616,1073737728,834106,35943,6,1502653,48047,0,603000,3376,854125056,36805632,278040,202363,7,2,0,0,0,55942,126383
1778298554463,2587783168,52424704,754614272,232730624,943599616,1073737728,834106,35943,6,1504277,48047,0,603000,3376,854125056,36805632,278254,202451,7,2,0,0,0,55942,126383
1778298554757,2587783168,52424704,754618368,232730624,943599616,1073737728,834106,35943,6,1505902,48047,0,603000,3376,854125056,36805632,279134,204087,7,2,0,0,0,55942,126383
1778298555051,2587525120,52424704,754618368,232734720,943525888,1073737728,834106,35943,6,1507613,48047,0,603205,3376,854125056,36805632,279584,204263,7,2,0,0,0,55942,126384
1778298555341,2587267072,52424704,754618368,232734720,943751168,1073737728,834106,35943,6,1509659,48048,0,603802,3376,854125056,36805632,280640,204423,7,2,0,0,0,55942,126384
1778298555637,2587267072,52424704,754618368,232734720,943751168,1073737728,834106,35943,6,1511283,48048,0,603802,3376,854125056,36805632,280838,204463,7,2,0,0,0,55942,126384
1778298555930,2587267072,52424704,754618368,232734720,943751168,1073737728,834106,35943,6,1512909,48048,0,603803,3376,854125056,36805632,283222,205659,7,2,0,0,0,55942,126384
1778298556224,2587267072,52424704,754618368,232738816,943554560,1073737728,834106,35943,6,1515044,48048,0,604608,3376,854125056,36805632,285978,206395,7,2,0,0,0,55942,126385
1778298556517,2587267072,52424704,754618368,232738816,943554560,1073737728,834106,35943,6,1516669,48048,0,604608,3376,854125056,36805632,286412,206611,7,2,0,0,0,55942,126385
1778298556812,2587267072,52424704,754618368,232738816,943570944,1073737728,834106,36319,6,1518295,48048,0,604608,3376,854125056,37190656,287516,207471,7,2,0,0,0,55942,126385
1778298557107,2587267072,52432896,754622464,232734720,943710208,1073737728,834106,36359,6,1519922,48048,0,604609,3376,854125056,37231616,287848,208435,7,2,0,0,0,55942,126385
1778298557401,2587009024,52432896,754622464,232738816,943742976,1073737728,834106,36359,6,1522061,48048,0,605414,3376,854125056,37231616,289038,208595,7,2,0,0,0,55943,126388
1778298557697,2587009024,52432896,754622464,232738816,943742976,1073737728,834106,36359,6,1523687,48048,0,605414,3376,854125056,37231616,289824,210099,7,2,0,0,0,55943,126388
1778298557990,2587009024,52432896,754622464,232742912,943771648,1073737728,834106,36359,6,1525311,48048,0,605414,3376,854125056,37231616,290234,210419,7,2,0,0,0,55944,126388
1778298558286,2586750976,52432896,754622464,232738816,943722496,1073737728,834106,36359,6,1527462,48048,0,606221,3376,854125056,37231616,291494,210715,7,2,0,0,0,55944,126388
1778298558581,2586750976,52432896,754622464,232738816,943722496,1073737728,834106,36359,6,1529085,48048,0,606221,3376,854125056,37231616,291708,210755,7,2,0,0,0,55944,126388
1778298558878,2586750976,52432896,754622464,232738816,943722496,1073737728,834106,36359,6,1530711,48048,0,606222,3376,854125056,37317632,294076,211951,7,2,0,0,0,55944,126388
1778298559173,2586750976,52432896,754634752,232742912,943804416,1073737728,834106,36443,6,1532334,48048,0,606222,3376,854125056,37317632,295958,212743,7,2,0,0,0,55944,126389
1778298559468,2586505216,52432896,754651136,232742912,943775744,1073737728,834106,36443,6,1534471,48048,0,607029,3376,854125056,37317632,297282,212863,7,2,0,0,0,55944,126389
1778298559763,2586505216,52432896,754651136,232742912,943775744,1073737728,834106,36443,6,1536101,48048,0,607029,3376,854125056,37317632,298386,213775,7,2,0,0,0,55944,126389
1778298560058,2586505216,52432896,754651136,232742912,943775744,1073737728,834106,36443,6,1537725,48048,0,607029,3376,854125056,37317632,298600,214739,7,2,0,0,0,55944,126389
1778298560352,2586505216,52432896,754651136,232742912,943624192,1073737728,834106,36443,6,1539846,48048,0,607838,3376,854125056,37317632,299758,214975,7,2,0,0,0,55944,126389
1778298560647,2586505216,52432896,754651136,232742912,943624192,1073737728,834106,36443,6,1541471,48048,0,607838,3376,854125056,37317632,300074,216115,7,2,0,0,0,55944,126389
1778298560942,2586505216,52432896,754651136,232742912,943624192,1073737728,834106,36443,6,1543098,48048,0,607841,3376,854125056,37317632,300954,216827,7,2,0,0,0,55944,126389
1778298561238,2586505216,52432896,754655232,232742912,943788032,1073737728,834106,36443,6,1544722,48048,0,607841,3376,854125056,37317632,301152,216867,7,2,0,0,0,55944,126391
1778298561531,2586505216,52432896,754655232,232742912,943792128,1073737728,834106,36443,6,1546864,48048,0,608648,3376,854125056,37317632,302412,217279,7,2,0,0,0,55944,126392
1778298561826,2586505216,52432896,754655232,232742912,943792128,1073737728,834106,36443,6,1548489,48048,0,608648,3376,854125056,37317632,303284,218035,7,2,0,0,0,55944,126392
1778298562119,2586505216,52432896,754655232,232742912,943792128,1073737728,834106,36443,6,1550113,48048,0,608648,3376,854125056,37317632,305080,218691,7,2,0,0,0,55944,126392
1778298562413,2586505216,52432896,754655232,232742912,943489024,1073737728,834106,36443,6,1552248,48048,0,609455,3376,854125056,37354496,307852,219427,7,2,0,0,0,55944,126392
1778298562708,2586505216,52441088,754647040,232742912,943489024,1073737728,834106,36479,6,1553874,48048,0,609455,3376,854125056,37354496,308862,220087,7,2,0,0,0,55944,126392
1778298563002,2586505216,52441088,754647040,232742912,943489024,1073737728,834106,36479,6,1555497,48048,0,609455,3376,854125056,37354496,309288,220327,7,2,0,0,0,55944,126392
1778298563298,2586505216,52441088,754663424,232742912,943792128,1073737728,834106,36479,6,1557120,48048,0,609455,3376,854125056,37354496,309588,221427,7,2,0,0,0,55944,126392
1778298563593,2586505216,52441088,754663424,232751104,943812608,1073737728,834106,36479,6,1559260,48048,0,610265,3376,854125056,37354496,310778,222753,7,2,0,0,0,55946,126394
1778298563889,2586505216,52441088,754663424,232751104,943812608,1073737728,834106,36479,6,1560886,48048,0,610266,3376,854125056,37354496,311872,223437,7,2,0,0,0,55946,126394
1778298564185,2586251264,52441088,754663424,232751104,943812608,1073737728,834106,36499,6,1562525,48048,0,610266,3376,854125056,37374976,336212,244085,7,2,0,0,0,55946,126394
1778298564477,2585997312,52441088,754663424,232751104,943812608,1073737728,834106,36499,6,1564652,48048,0,611072,3376,854125056,37374976,367226,269759,7,2,0,0,0,55946,126394
1778298564772,2585997312,52441088,754663424,232751104,943812608,1073737728,834106,36499,6,1566277,48048,0,611072,3376,854125056,37374976,368320,270833,7,2,0,0,0,55946,126394
1778298565067,2585997312,52441088,754663424,232751104,943812608,1073737728,834106,36499,6,1567901,48048,0,611072,3376,854125056,37374976,370688,272125,7,2,0,0,0,55946,126394
1778298565363,2585997312,52441088,754667520,232751104,943804416,1073737728,834106,36499,6,1569528,48048,0,611072,3376,854125056,37374976,373222,273687,7,2,0,0,0,55946,126395
1778298565658,2585739264,52441088,754667520,232751104,943775744,1073737728,834106,36499,6,1571662,48048,0,611878,3376,854125056,37374976,374620,274263,7,2,0,0,0,55946,126395
1778298565955,2585739264,52441088,754667520,232751104,943775744,1073737728,834106,36499,6,1573293,48048,0,611878,3376,854125056,37374976,375822,275179,7,2,0,0,0,55946,126395
1778298566250,2585739264,52441088,754667520,232751104,943775744,1073737728,834106,36499,6,1574916,48048,0,611878,3376,854125056,37374976,376020,276143,7,2,0,0,0,55946,126395
1778298566545,2585739264,52441088,754667520,232751104,943472640,1073737728,834106,36499,6,1577060,48048,0,612682,3376,854125056,37374976,377210,276599,7,2,0,0,0,55946,126395
1778298566841,2585739264,52441088,754667520,232751104,943472640,1073737728,834106,36499,6,1578686,48048,0,612682,3376,854125056,37374976,378582,278247,7,2,0,0,0,55946,126395
1778298567136,2585739264,52441088,754671616,232751104,943788032,1073737728,834106,36499,6,1580310,48048,0,612682,3376,854125056,37374976,378838,278315,7,2,0,0,0,55946,126396
1778298567430,2585739264,52449280,754671616,232751104,943804416,1073737728,834106,36543,6,1581934,48048,0,612682,3376,854125056,37420032,379138,278531,7,2,0,0,0,55946,126396
1778298567722,2585223168,52449280,754671616,232755200,943808512,1073737728,834106,36543,6,1584073,48048,0,613490,3376,854125056,37420032,380884,279231,7,2,0,0,0,55948,126396
1778298568017,2585223168,52449280,754671616,232755200,943808512,1073737728,834106,36543,6,1585697,48048,0,613494,3376,854125056,37420032,382680,279927,7,2,0,0,0,55948,126396
1778298568313,2585223168,52449280,754671616,232759296,943824896,1073737728,834106,36543,6,1587323,48048,0,613494,3376,854125056,37420032,384578,280583,7,2,0,0,0,55948,126396
1778298568607,2584965120,52449280,754671616,232755200,943755264,1073737728,834106,36543,6,1589470,48048,0,614297,3376,854125056,37420032,385752,280823,7,2,0,0,0,55948,126396
1778298568904,2584965120,52449280,754671616,232755200,943755264,1073737728,834106,36543,6,1591101,48048,0,614297,3376,854125056,37420032,387076,281699,7,2,0,0,0,55948,126396
1778298569198,2584965120,52449280,754675712,232759296,943845376,1073737728,834106,36543,6,1592725,48048,0,614297,3376,854125056,37420032,387274,282703,7,2,0,0,0,55948,126397
1778298569493,2584965120,52449280,754675712,232759296,943861760,1073737728,834106,36563,6,1594348,48048,0,614297,3376,854125056,37440512,387472,282743,7,2,0,0,0,55948,126397
1778298569787,2584965120,52449280,754675712,232759296,943853568,1073737728,834106,36563,6,1596473,48048,0,615104,3376,854125056,37440512,389430,284635,7,2,0,0,0,55948,126397
1778298570083,2584965120,52449280,754675712,232759296,943857664,1073737728,834106,36563,6,1598097,48048,0,615104,3376,854125056,37440512,389746,284811,7,2,0,0,0,55948,126397
1778298570378,2584965120,52449280,754675712,232759296,943857664,1073737728,834106,36563,6,1599749,48048,0,615104,3376,854125056,37440512,389944,284851,7,2,0,0,0,55948,126397
1778298570672,2584965120,52449280,754675712,232759296,943697920,1073737728,834106,36563,6,1601871,48048,0,615914,3376,854125056,37440512,391102,285011,7,2,0,0,0,55948,126397
1778298570962,2584965120,52449280,754675712,232759296,943697920,1073737728,834106,36563,6,1603497,48048,0,615914,3376,854125056,37440512,393470,286247,7,2,0,0,0,55948,126397
1778298571258,2584965120,52449280,754679808,232759296,943857664,1073737728,834106,36563,6,1605121,48048,0,615914,3376,854125056,37440512,395250,286903,7,2,0,0,0,55948,126398
1778298571548,2584965120,52449280,754679808,232759296,943857664,1073737728,834106,36563,6,1606748,48048,0,615915,3376,854125056,37440512,395668,287119,7,2,0,0,0,55948,126398
1778298571844,2584965120,52449280,754679808,232759296,943865856,1073737728,834106,36563,6,1608874,48048,0,616726,3376,854125056,37440512,397732,288059,7,2,0,0,0,55948,126398
1778298572139,2584965120,52449280,754683904,232759296,943865856,1073737728,834106,36563,6,1610501,48048,0,616726,3376,854125056,37440512,398064,289063,7,2,0,0,0,55948,126399
1778298572434,2584965120,52449280,754692096,232759296,943865856,1073737728,834106,36563,6,1612124,48048,0,616726,3376,854125056,37448704,398278,289103,7,2,0,0,0,55948,126399
1778298572725,2584965120,52449280,754692096,232759296,943886336,1073737728,834106,36571,6,1614269,48048,0,617529,3376,854125056,37448704,400110,290863,7,2,0,0,0,55948,126399
1778298573022,2584965120,52457472,754683904,232759296,943886336,1073737728,834106,36599,6,1615893,48048,0,617529,3376,854125056,37477376,400520,291171,7,2,0,0,0,55948,126399
1778298573316,2584965120,52457472,754696192,232759296,943882240,1073737728,834106,36599,6,1617516,48048,0,617529,3376,854125056,37477376,400718,291211,7,2,0,0,0,55948,126400
1778298573610,2584965120,52457472,754696192,232759296,943882240,1073737728,834106,36599,6,1619139,48048,0,617529,3376,854125056,37477376,400916,291251,7,2,0,0,0,55948,126400
1778298573906,2584965120,52457472,754696192,232763392,943915008,1073737728,834106,36599,6,1621266,48048,0,618339,3376,854125056,37477376,404120,292487,7,2,0,0,0,55950,126400
1778298574201,2584965120,52457472,754696192,232767488,943857664,1073737728,834106,36599,6,1622890,48048,0,618339,3376,854125056,37477376,406002,293319,7,2,0,0,0,55950,126400
1778298574497,2584965120,52457472,754696192,232767488,943857664,1073737728,834106,36599,6,1624514,48048,0,618340,3376,854125056,37477376,406334,293359,7,2,0,0,0,55950,126400
1778298574791,2584965120,52457472,754696192,232763392,943779840,1073737728,834106,36599,6,1626658,48048,0,619151,3376,854125056,37514240,408398,294339,7,2,0,0,0,55950,126400
1778298575087,2584965120,52457472,754700288,232767488,943841280,1073737728,834106,36635,6,1628282,48048,0,619151,3376,854125056,37514240,408612,295303,7,2,0,0,0,55950,126401
1778298575382,2584965120,52457472,754700288,232767488,943841280,1073737728,834106,36635,6,1629905,48048,0,619151,3376,854125056,37514240,408810,295343,7,2,0,0,0,55950,126401
1778298575677,2584965120,52457472,754700288,232767488,943841280,1073737728,834106,36635,6,1631528,48048,0,619151,3376,854125056,37514240,409110,296443,7,2,0,0,0,55950,126401
1778298575975,2584461312,52457472,754700288,232767488,943894528,1073737728,834106,36635,6,1633666,48048,0,619952,3376,854125056,37514240,410950,297155,7,2,0,0,0,55950,126403
1778298576270,2584461312,52457472,754700288,232767488,943894528,1073737728,834106,36635,6,1635306,48048,0,619952,3376,854125056,37514240,411148,297195,7,2,0,0,0,55950,126403
1778298576565,2584461312,52457472,754700288,232767488,943894528,1073737728,834106,36635,6,1636931,48048,0,619952,3376,854125056,37514240,411346,297235,7,2,0,0,0,55950,126403
1778298576861,2584461312,52457472,754700288,232767488,943742976,1073737728,834106,36635,6,1639058,48048,0,620759,3376,854125056,37514240,414878,298823,7,2,0,0,0,55950,126403
1778298577156,2584461312,52457472,754704384,232767488,943890432,1073737728,834106,36635,6,1640683,48048,0,620759,3376,854125056,37514240,416674,299479,7,2,0,0,0,55950,126404
1778298577450,2584461312,52457472,754704384,232767488,943890432,1073737728,834106,36635,6,1642307,48048,0,620759,3376,854125056,37514240,416872,299519,7,2,0,0,0,55950,126404
1778298577745,2584461312,52457472,754704384,232767488,943890432,1073737728,834106,36635,6,1643935,48048,0,620760,3376,854125056,37551104,417866,300179,7,2,0,0,0,55950,126404
1778298578042,2584461312,52465664,754708480,232767488,943906816,1073737728,834106,36695,6,1646090,48048,0,621568,3376,854125056,37575680,419252,301423,7,2,0,0,0,55950,126405
1778298578337,2584461312,52465664,754708480,232767488,943906816,1073737728,834106,36695,6,1647715,48048,0,621568,3376,854125056,37575680,419552,301599,7,2,0,0,0,55950,126405
1778298578634,2584461312,52465664,754708480,232767488,943906816,1073737728,834106,36695,6,1649339,48048,0,621568,3376,854125056,37575680,419750,302603,7,2,0,0,0,55950,126405
1778298578927,2584203264,52465664,754708480,232767488,943755264,1073737728,834106,36695,6,1651471,48048,0,622376,3376,854125056,37575680,421606,303443,7,2,0,0,0,55950,126405
1778298579222,2584203264,52465664,754708480,232775680,943902720,1073737728,834106,36695,6,1653096,48048,0,622376,3376,854125056,37575680,421820,303483,7,2,0,0,0,55952,126405
1778298579517,2584203264,52465664,754708480,232775680,943902720,1073737728,834106,36695,6,1654720,48048,0,622376,3376,854125056,37575680,453558,330433,7,2,0,0,0,55952,126405
1778298579809,2584203264,52465664,754708480,232775680,943902720,1073737728,834106,36695,6,1656345,48048,0,622376,3376,854125056,37575680,476968,350431,7,2,0,0,0,55952,126405
1778298580106,2583687168,52465664,754712576,232775680,943927296,1073737728,834106,36715,6,1658471,48048,0,623183,3376,854125056,37596160,479962,351521,7,2,1,0,0,55952,126406
1778298580401,2583687168,52465664,754712576,232775680,943927296,1073737728,834106,36715,6,1660098,48048,0,623183,3376,854125056,37596160,482586,352913,7,2,0,0,0,55952,126406
1778298580695,2583687168,52465664,754712576,232775680,943927296,1073737728,834106,36715,6,1661725,48048,0,623184,3376,854125056,37596160,484358,354605,7,2,0,0,0,55952,126406
1778298580986,2583429120,52465664,754716672,232775680,943902720,1073737728,834106,36715,6,1663870,48048,0,623988,3376,854125056,37596160,485980,355477,7,2,0,0,0,55952,126406
1778298581282,2583429120,52465664,754716672,232775680,943902720,1073737728,834106,36715,6,1665494,48048,0,623988,3376,854125056,37596160,486194,356441,7,2,0,0,0,55952,126406
1778298581575,2583429120,52465664,754716672,232775680,943902720,1073737728,834106,36715,6,1667118,48048,0,623988,3376,854125056,37596160,486392,356481,7,2,0,0,0,55952,126406
1778298581870,2583429120,52465664,754716672,232775680,943902720,1073737728,834106,36715,6,1668744,48048,0,623988,3376,854125056,37596160,487256,358077,7,2,0,0,0,55952,126406
1778298582166,2582654976,52465664,754720768,232775680,943931392,1073737728,834106,36715,6,1670892,48049,0,624802,3376,854125056,37596160,488578,358409,7,2,0,0,0,55952,126407
1778298582462,2582654976,52465664,754720768,232775680,943931392,1073737728,834106,36715,6,1672516,48049,0,624802,3376,854125056,37596160,489100,358939,7,2,0,0,0,55952,126407
1778298582757,2582654976,52465664,754720768,232775680,943931392,1073737728,834106,36715,6,1674141,48049,0,624802,3376,854125056,37624832,490892,360713,7,2,0,0,0,55952,126407
1778298583052,2582654976,52473856,754720768,232783872,943902720,1073737728,834106,36743,6,1676278,48049,0,625608,3376,854125056,37624832,493734,361869,7,2,0,0,0,55954,126407
1778298583346,2582654976,52473856,754720768,232783872,943902720,1073737728,834106,36743,6,1677904,48049,0,625608,3376,854125056,37624832,495648,362525,7,2,0,0,0,55954,126407
1778298583641,2582654976,52473856,754724864,232783872,943902720,1073737728,834106,36743,6,1679528,48049,0,625608,3376,854125056,37624832,495952,362645,7,2,0,0,0,55954,126407
1778298583938,2582654976,52473856,754724864,232783872,943902720,1073737728,834106,36743,6,1681158,48049,0,625610,3376,854125056,37624832,497154,363561,7,2,0,0,0,55954,126407
1778298584234,2582654976,52473856,754724864,232783872,943951872,1073737728,834106,36743,6,1683294,48049,0,626416,3376,854125056,37624832,498552,364887,7,2,0,0,0,55954,126408
1778298584525,2582654976,52473856,754724864,232783872,943951872,1073737728,834106,36743,6,1684918,48049,0,626416,3376,854125056,37624832,498972,365241,7,2,0,0,0,55954,126408
1778298584821,2582654976,52473856,754724864,232783872,943951872,1073737728,834106,36743,6,1686546,48049,0,626416,3376,854125056,37624832,500812,368003,7,2,0,0,0,55954,126408
1778298585115,2582654976,52473856,754724864,232783872,943923200,1073737728,834106,36763,6,1688685,48049,0,627222,3376,854125056,37645312,502304,368739,7,2,0,0,0,55954,126408
1778298585409,2582654976,52473856,754724864,232783872,943923200,1073737728,834106,36763,6,1690308,48049,0,627222,3376,854125056,37645312,502518,368899,7,2,0,0,0,55954,126408
1778298585705,2582654976,52473856,754728960,232783872,943923200,1073737728,834106,36763,6,1691932,48049,0,627222,3376,854125056,37645312,503288,369479,7,2,0,0,0,55954,126408
1778298585996,2582654976,52473856,754737152,232783872,943923200,1073737728,834106,36763,6,1693557,48049,0,627222,3376,854125056,37645312,505084,370175,7,2,0,0,0,55954,126408
1778298586292,2582654976,52473856,754737152,232783872,943947776,1073737728,834106,36763,6,1695693,48049,0,628029,3376,854125056,37645312,507840,370951,7,2,0,0,0,55954,126410
1778298586586,2582654976,52473856,754737152,232783872,943947776,1073737728,834106,36763,6,1697318,48049,0,628029,3376,854125056,37645312,508258,371167,7,2,0,0,0,55954,126410
1778298586882,2582654976,52473856,754737152,232783872,943947776,1073737728,834106,36763,6,1698944,48049,0,628029,3376,854125056,37645312,509464,371987,7,2,0,0,0,55954,126410
1778298587177,2582396928,52473856,754737152,232783872,943792128,1073737728,834106,36763,6,1701080,48049,0,628835,3376,854125056,37645312,510638,373111,7,2,0,0,0,55954,126410
1778298587473,2582396928,52473856,754737152,232783872,943792128,1073737728,834106,36763,6,1702703,48049,0,628835,3376,854125056,37645312,510852,373151,7,2,0,0,0,55954,126410
1778298587769,2582396928,52473856,754737152,232783872,943792128,1073737728,834106,36763,6,1704328,48049,0,628835,3376,854125056,37682176,511818,374883,7,2,0,0,0,55954,126410
1778298588065,2582396928,52482048,754737152,232783872,943943680,1073737728,834106,36827,6,1705952,48049,0,628835,3376,854125056,37710848,512254,375281,7,2,0,0,0,55954,126410
1778298588355,2582396928,52482048,754741248,232792064,943919104,1073737728,834106,36827,6,1708098,48050,0,629642,3376,854125056,37710848,513910,375995,7,2,0,0,0,55956,126413
1778298588650,2582396928,52482048,754741248,232792064,943919104,1073737728,834106,36827,6,1709723,48050,0,629643,3376,854125056,37710848,514952,377119,7,2,0,0,0,55956,126413
1778298588945,2582396928,52482048,754741248,232792064,943919104,1073737728,834106,36827,6,1711350,48050,0,629643,3376,854125056,37710848,517320,378595,7,2,0,0,0,55956,126413
1778298589241,2582396928,52482048,754741248,232787968,943845376,1073737728,834106,36827,6,1713486,48050,0,630451,3376,854125056,37710848,520162,379467,7,2,0,0,0,55956,126413
1778298589534,2582396928,52482048,754745344,232787968,943845376,1073737728,834106,36827,6,1715111,48050,0,630451,3376,854125056,37710848,520494,379507,7,2,0,0,0,55956,126413
1778298589827,2582396928,52482048,754749440,232787968,943845376,1073737728,834106,36827,6,1716738,48050,0,630452,3376,854125056,37710848,521582,380407,7,2,0,0,0,55956,126413
1778298590120,2582396928,52482048,754749440,232792064,943947776,1073737728,834106,36827,6,1718361,48050,0,630455,3376,854125056,37710848,521944,381583,7,2,0,0,0,55956,126413
1778298590415,2582396928,52482048,754749440,232792064,943812608,1073737728,834106,36827,6,1720497,48051,0,631265,3376,854125056,37747712,523356,382057,7,2,0,0,0,55956,126413
1778298590710,2582396928,52482048,754749440,232792064,943828992,1073737728,834106,36863,6,1722127,48051,0,631265,3376,854125056,37747712,525250,384851,7,2,0,0,0,55956,126413
1778298591002,2582396928,52482048,754749440,232792064,943828992,1073737728,834106,36863,6,1723751,48051,0,631266,3376,854125056,37747712,525612,385443,7,2,0,0,0,55956,126413
1778298591298,2582396928,52482048,754749440,232792064,943894528,1073737728,834106,36863,6,1725887,48051,0,632071,3376,854125056,37747712,526770,385563,7,2,0,0,0,55956,126415
1778298591592,2582396928,52482048,754749440,232792064,943894528,1073737728,834106,36863,6,1727510,48051,0,632071,3376,854125056,37747712,526984,385603,7,2,0,0,0,55956,126415
1778298591887,2582396928,52482048,754749440,232792064,943894528,1073737728,834106,36863,6,1729135,48051,0,632071,3376,854125056,37747712,529708,387205,7,2,0,0,0,55956,126415
1778298592182,2582396928,52482048,754753536,232792064,943968256,1073737728,834106,36863,6,1730761,48051,0,632071,3376,854125056,37747712,566726,417853,7,2,0,0,0,55956,126415
1778298592474,2582396928,52482048,754753536,232792064,943984640,1073737728,834106,36863,6,1732890,48051,0,632877,3376,854125056,37747712,586738,434079,7,2,0,0,0,55956,126416
1778298592770,2582396928,52482048,754753536,232792064,943984640,1073737728,834106,36863,6,1734517,48051,0,632877,3376,854125056,37747712,588166,435253,7,2,0,0,0,55956,126416
1778298593065,2582396928,52490240,754757632,232792064,942280704,1073737728,834106,36915,6,1736579,48051,0,632880,3376,854125056,37800960,589314,437237,7,2,0,0,0,55956,126416
1778298593361,2581880832,52490240,754757632,232804352,942333952,1073737728,834106,36915,6,1738713,48051,0,633684,3376,854125056,37800960,590806,438073,7,2,0,0,0,55958,126417
1778298593654,2581880832,52490240,754757632,232804352,942333952,1073737728,834106,36915,6,1740336,48051,0,633684,3376,854125056,37800960,591020,439157,7,2,0,0,0,55958,126417
1778298593950,2581880832,52490240,754761728,232800256,942260224,1073737728,834106,36915,6,1741962,48051,0,633684,3376,854125056,37800960,591900,439829,7,2,0,0,0,55958,126417
1778298594246,2581880832,52490240,754761728,232800256,942260224,1073737728,834106,36915,6,1743601,48051,0,633684,3376,854125056,37800960,592098,439869,7,2,0,0,0,55958,126417
1778298594540,2581880832,52490240,754761728,232804352,942350336,1073737728,834106,36915,6,1745728,48051,0,634489,3376,854125056,37800960,593272,439949,7,2,0,0,0,55958,126418
1778298594834,2581880832,52490240,754761728,232804352,942350336,1073737728,834106,36915,6,1747354,48051,0,634489,3376,854125056,37800960,594144,440665,7,2,0,0,0,55958,126418
1778298595125,2581880832,52490240,754761728,232800256,942317568,1073737728,834106,36915,6,1748977,48051,0,634489,3376,854125056,37800960,595940,441321,7,2,0,0,0,55958,126418
1778298595420,2581880832,52490240,754761728,232796160,942215168,1073737728,834106,36915,6,1751110,48051,0,635296,3376,854125056,37800960,598916,442273,7,2,0,0,0,55958,126418
1778298595714,2581880832,52490240,754765824,232796160,942215168,1073737728,834106,36915,6,1752736,48051,0,635296,3376,854125056,37800960,599808,442933,7,2,0,0,0,55958,126418
1778298596007,2581880832,52490240,754765824,232796160,942215168,1073737728,834106,36943,6,1754366,48051,0,635296,3376,854125056,37829632,600438,443309,7,2,0,0,0,55958,126418
1778298596302,2581880832,52490240,754769920,232800256,942297088,1073737728,834106,36943,6,1755990,48051,0,635296,3376,854125056,37829632,600636,444273,7,2,0,0,0,55958,126419
1778298596598,2581880832,52490240,754769920,232796160,942198784,1073737728,834106,36943,6,1758118,48051,0,636101,3376,854125056,37829632,601810,444393,7,2,0,0,0,55958,126419
1778298596894,2581880832,52490240,754769920,232796160,942198784,1073737728,834106,36943,6,1759745,48051,0,636101,3376,854125056,37829632,602674,445989,7,2,0,0,0,55958,126419
1778298597189,2581880832,52490240,754769920,232800256,942325760,1073737728,834106,36943,6,1761369,48051,0,636101,3376,854125056,37829632,602888,446029,7,2,0,0,0,55958,126420
1778298597482,2581880832,52490240,754774016,232796160,942252032,1073737728,834106,36943,6,1763521,48051,0,636912,3376,854125056,37829632,604148,446285,7,2,0,0,0,55958,126421
1778298597777,2581880832,52490240,754774016,232796160,942252032,1073737728,834106,36943,6,1765146,48051,0,636912,3376,854125056,37829632,604934,446905,7,2,0,0,0,55958,126421
1778298598073,2581880832,52490240,754774016,232796160,942252032,1073737728,834106,36943,6,1766769,48051,0,636912,3376,854125056,37846016,606714,447561,7,2,0,0,0,55958,126421
1778298598368,2581880832,52498432,754774016,232800256,942309376,1073737728,834106,36995,6,1768394,48051,0,636912,3376,854125056,37882880,608612,448217,7,2,0,0,0,55958,126421
1778298598664,2581880832,52498432,754774016,232808448,942333952,1073737728,834106,36995,6,1770530,48051,0,637720,3376,854125056,37882880,609892,448497,7,2,0,0,0,55960,126421
1778298598960,2581880832,52498432,754774016,232808448,942333952,1073737728,834106,36995,6,1772160,48051,0,637721,3376,854125056,37882880,611078,449413,7,2,0,0,0,55960,126421
1778298599254,2581880832,52498432,754774016,232808448,942333952,1073737728,834106,36995,6,1773784,48051,0,637721,3376,854125056,37882880,611276,450337,7,2,0,0,0,55960,126421
1778298599543,2581622784,52498432,754774016,232808448,942182400,1073737728,834106,36995,6,1775921,48051,0,638524,3376,854125056,37882880,612536,450673,7,2,0,0,0,55960,126421
1778298599838,2581622784,52498432,754774016,232808448,942182400,1073737728,834106,36995,6,1777547,48051,0,638524,3376,854125056,37882880,613416,452269,7,2,0,0,0,55960,126421
1778298600132,2581622784,52498432,754786304,232808448,942350336,1073737728,834106,36995,6,1779189,48051,0,638524,3376,854125056,37882880,613774,452513,7,2,0,0,0,55960,126424
1778298600427,2581622784,52498432,754786304,232808448,942350336,1073737728,834106,36995,6,1780814,48051,0,638524,3376,854125056,37882880,613972,452553,7,2,0,0,0,55960,126424
1778298600718,2581622784,52498432,754786304,232808448,942346240,1073737728,834106,36995,6,1782953,48051,0,639342,3376,854125056,37882880,615734,453133,7,2,0,0,0,55960,126424
1778298601011,2581622784,52498432,754786304,232808448,942346240,1073737728,834106,37023,6,1784587,48051,0,639342,3376,854125056,37911552,617530,453829,7,2,0,0,0,55960,126424
1778298601306,2581622784,52498432,754790400,232808448,942346240,1073737728,834106,37023,6,1786211,48051,0,639344,3376,854125056,37911552,619492,454525,7,2,0,0,0,55960,126424
1778298601601,2581364736,52498432,754790400,232804352,942305280,1073737728,834106,37023,6,1788339,48051,0,640147,3376,854125056,37911552,620886,454821,7,2,0,0,0,55960,126425
1778298601897,2581364736,52498432,754790400,232804352,942305280,1073737728,834106,37023,6,1789964,48051,0,640147,3376,854125056,37911552,621990,455641,7,2,0,0,0,55960,126425
1778298602193,2581364736,52498432,754790400,232808448,942342144,1073737728,834106,37023,6,1791587,48051,0,640147,3376,854125056,37911552,622188,456605,7,2,0,0,0,55960,126425
1778298602489,2581364736,52498432,754790400,232808448,942342144,1073737728,834106,37023,6,1793210,48051,0,640147,3376,854125056,37911552,622386,456645,7,2,0,0,0,55960,126425
1778298602784,2581364736,52498432,754790400,232808448,942395392,1073737728,834106,37023,6,1795356,48051,0,640956,3376,854125056,37911552,624328,458497,7,2,0,0,0,55960,126425
1778298603079,2581364736,52498432,754790400,232808448,942358528,1073737728,834106,37023,6,1796980,48051,0,640956,3376,854125056,37911552,624542,458577,7,2,0,0,0,55960,126425
1778298603367,2581364736,52498432,754794496,232808448,942358528,1073737728,834106,37023,6,1798604,48051,0,640956,3376,854125056,37952512,624740,458617,7,2,0,0,0,55960,126425
1778298603659,2580590592,52506624,754794496,232820736,942227456,1073737728,834106,37103,6,1800746,48051,0,641767,3376,854125056,37993472,626000,458873,7,2,0,0,0,55962,126425
1778298603956,2580590592,52506624,754794496,232820736,942227456,1073737728,834106,37103,6,1802372,48051,0,641767,3376,854125056,37993472,628368,460109,7,2,0,0,0,55962,126425
1778298604250,2580590592,52506624,754794496,232816640,942325760,1073737728,834106,37103,6,1803996,48051,0,641767,3376,854125056,37993472,630148,460765,7,2,0,0,0,55962,126425
1778298604545,2580590592,52506624,754794496,232816640,942325760,1073737728,834106,37103,6,1805622,48051,0,641767,3376,854125056,37993472,630566,460981,7,2,0,0,0,55962,126425
1778298604843,2580590592,52506624,754794496,232816640,942309376,1073737728,834106,37103,6,1807758,48051,0,642577,3376,854125056,37993472,632662,461961,7,2,0,0,0,55962,126425
1778298605137,2580590592,52506624,754802688,232816640,942366720,1073737728,834106,37103,6,1809391,48051,0,642582,3376,854125056,37993472,632876,462925,7,2,0,0,0,55962,126427
1778298605433,2580590592,52506624,754802688,232816640,942366720,1073737728,834106,37103,6,1811014,48051,0,642582,3376,854125056,37993472,633074,462965,7,2,0,0,0,55962,126427
1778298605724,2580332544,52506624,754802688,232816640,942411776,1073737728,834106,37103,6,1813152,48051,0,643382,3376,854125056,37993472,634906,464725,7,2,0,0,0,55962,126428
1778298606019,2580332544,52506624,754802688,232816640,942411776,1073737728,834106,37103,6,1814776,48051,0,643382,3376,854125056,38018048,635214,464897,7,2,0,0,0,55962,126428
1778298606314,2580332544,52506624,754802688,232816640,942415872,1073737728,834106,37127,6,1816416,48051,0,643382,3376,854125056,38018048,635412,464937,7,2,0,0,0,55962,126428
1778298606610,2580332544,52506624,754802688,232816640,942415872,1073737728,834106,37127,6,1818039,48051,0,643382,3376,854125056,38018048,635610,464977,7,2,0,0,0,55962,126428
1778298606907,2580332544,52506624,754802688,232816640,942403584,1073737728,834106,37127,6,1820176,48051,0,644186,3376,854125056,38018048,639196,466565,7,2,0,0,0,55962,126428
1778298607203,2580332544,52506624,754802688,232816640,942403584,1073737728,834106,37127,6,1821803,48051,0,644186,3376,854125056,38018048,640976,467221,7,2,0,0,0,55962,126428
1778298607498,2580332544,52506624,754802688,232816640,942403584,1073737728,834106,37127,6,1823426,48051,0,644186,3376,854125056,38018048,641174,467261,7,2,0,0,0,55962,126428
1778298607793,2579816448,52506624,754802688,232816640,942100480,1073737728,834106,37127,6,1825574,48051,0,644993,3376,854125056,38018048,643356,468241,7,2,0,0,0,55962,126428
1778298608088,2579816448,52506624,754806784,232816640,942354432,1073737728,834106,37127,6,1827198,48051,0,644993,3376,854125056,38018048,643570,469205,7,2,0,0,0,55962,126428
1778298608383,2579816448,52506624,754806784,232816640,942354432,1073737728,834106,37127,6,1828823,48051,0,644993,3376,854125056,38018048,643768,469205,7,2,0,0,0,55962,126428
1778298608678,2579816448,52514816,754810880,232816640,942354432,1073737728,834106,37159,6,1830447,48051,0,644993,3376,854125056,38050816,644266,470357,7,2,0,0,0,55962,126428
1778298608975,2579816448,52514816,754810880,232824832,942358528,1073737728,834106,37159,6,1832586,48051,0,645800,3376,854125056,38050816,646068,471149,7,2,0,0,0,55964,126429
1778298609270,2579816448,52514816,754810880,232824832,942358528,1073737728,834106,37159,6,1834210,48051,0,645800,3376,854125056,38050816,646266,471189,7,2,0,0,0,55964,126429
1778298609565,2579816448,52514816,754810880,232824832,942358528,1073737728,834106,37159,6,1835833,48051,0,645800,3376,854125056,38050816,646464,471229,7,2,0,0,0,55964,126429
1778298609859,2579816448,52514816,754810880,232824832,942358528,1073737728,834106,37159,6,1837959,48051,0,646601,3376,854125056,38050816,649878,472641,7,2,0,0,0,55964,126429
1778298610153,2579816448,52514816,754814976,232824832,942391296,1073737728,834106,37159,6,1839584,48051,0,646601,3376,854125056,38050816,651674,473297,7,2,0,0,0,55964,126430
1778298610448,2579816448,52514816,754814976,232824832,942391296,1073737728,834106,37159,6,1841212,48051,0,646601,3376,854125056,38050816,651974,473377,7,2,0,0,0,55964,126430
1778298610741,2579816448,52514816,754814976,232824832,942391296,1073737728,834106,37159,6,1842839,48051,0,646601,3376,854125056,38050816,652968,474077,7,2,0,0,0,55964,126430
1778298611037,2579816448,52514816,754819072,232824832,942403584,1073737728,834106,37159,6,1844969,48051,0,647409,3376,854125056,38050816,654574,474629,7,2,0,0,0,55964,126430
1778298611328,2579816448,52514816,754819072,232824832,942403584,1073737728,834106,37159,6,1846592,48051,0,647409,3376,854125056,38050816,654772,475593,7,2,0,0,0,55964,126430
1778298611623,2579816448,52514816,754819072,232824832,942403584,1073737728,834106,37179,6,1848219,48051,0,647409,3376,854125056,38071296,654970,476557,7,2,0,0,0,55964,126430
1778298611916,2579300352,52514816,754819072,232824832,942555136,1073737728,834106,37179,6,1850363,48051,0,648213,3376,854125056,38071296,656794,477349,7,2,0,0,0,55964,126430
1778298612210,2579300352,52514816,754819072,232824832,942555136,1073737728,834106,37179,6,1852002,48051,0,648213,3376,854125056,38071296,657008,477389,7,2,0,0,0,55964,126430
1778298612506,2579300352,52514816,754819072,232824832,942555136,1073737728,834106,37179,6,1853627,48051,0,648213,3376,854125056,38071296,657308,477605,7,2,0,0,0,55964,126430
1778298612801,2579300352,52514816,754819072,232824832,942555136,1073737728,834106,37179,6,1855254,48051,0,648213,3376,854125056,38071296,658078,478225,7,2,0,0,0,55964,126430
1778298613098,2579300352,52514816,754819072,232824832,942403584,1073737728,834106,37179,6,1857381,48051,0,649020,3376,854125056,38071296,660818,478961,7,2,0,0,0,55964,126430
1778298613394,2579300352,52514816,754831360,232824832,942415872,1073737728,834106,37179,6,1859011,48051,0,649020,3376,854125056,38071296,662716,479657,7,2,0,0,0,55964,126432
1778298613690,2579300352,52514816,754831360,232824832,942415872,1073737728,834106,37179,6,1860635,48051,0,649020,3376,854125056,38075392,663036,479777,7,2,0,0,0,55964,126432
1778298613988,2579042304,52523008,754835456,232833024,942419968,1073737728,834106,37211,6,1862765,48051,0,649829,3376,854125056,38104064,665214,480813,7,2,0,0,0,55966,126435
1778298614283,2579042304,52523008,754835456,232833024,942419968,1073737728,834106,37211,6,1864390,48051,0,649829,3376,854125056,38104064,665428,481777,7,2,0,0,0,55966,126435
1778298614578,2579042304,52523008,754835456,232833024,942419968,1073737728,834106,37211,6,1866013,48051,0,649829,3376,854125056,38104064,665626,481817,7,2,0,0,0,55966,126435
1778298614874,2579042304,52523008,754835456,232833024,942419968,1073737728,834106,37211,6,1867639,48051,0,649829,3376,854125056,38104064,666490,483413,7,2,0,0,0,55966,126435
1778298615171,2579042304,52523008,754839552,232833024,942411776,1073737728,834106,37211,6,1869777,48051,0,650635,3376,854125056,38104064,667868,483805,7,2,0,0,0,55966,126436
1778298615466,2579042304,52523008,754839552,232833024,942411776,1073737728,834106,37211,6,1871402,48051,0,650635,3376,854125056,38104064,668066,483845,7,2,0,0,0,55966,126436
1778298615762,2579042304,52523008,754839552,232833024,942411776,1073737728,834106,37211,6,1873027,48051,0,650635,3376,854125056,38104064,668836,484465,7,2,0,0,0,55966,126436
1778298616058,2579042304,52523008,754839552,232833024,942432256,1073737728,834106,37211,6,1875160,48051,0,651449,3376,854125056,38104064,671608,485241,7,2,0,0,0,55966,126436
1778298616352,2579042304,52523008,754839552,232833024,942432256,1073737728,834106,37211,6,1876785,48051,0,651450,3376,854125056,38104064,673404,486086,7,2,0,0,0,55966,126436
1778298616646,2579042304,52523008,754843648,232833024,942432256,1073737728,834106,37211,6,1878411,48051,0,651451,3376,854125056,38104064,673928,486382,7,2,0,0,0,55966,126436
1778298616942,2579042304,52523008,754843648,232833024,942440448,1073737728,834106,37247,6,1880037,48051,0,651451,3376,854125056,38140928,674926,487122,7,2,0,0,0,55966,126436
1778298617239,2579042304,52523008,754843648,232833024,942448640,1073737728,834106,37247,6,1882198,48051,0,652257,3376,854125056,38140928,676132,488166,7,2,0,0,0,55966,126437
1778298617532,2579042304,52523008,754843648,232833024,942448640,1073737728,834106,37247,6,1883823,48051,0,652257,3376,854125056,38140928,676330,488206,7,2,0,0,0,55966,126437
1778298617827,2579042304,52523008,754843648,232833024,942448640,1073737728,834106,37247,6,1885449,48051,0,652257,3376,854125056,38140928,677296,489978,7,2,0,0,0,55966,126437
1778298618119,2579042304,52523008,754843648,232833024,942419968,1073737728,834106,37247,6,1887594,48051,0,653067,3376,854125056,38140928,678572,490274,7,2,0,0,0,55966,126437
1778298618414,2579042304,52523008,754843648,232833024,942419968,1073737728,834106,37247,6,1889227,48051,0,653067,3376,854125056,38140928,678786,490483,7,2,0,0,0,55966,126437
1778298618709,2579042304,52523008,754847744,232833024,942419968,1073737728,834106,37247,6,1890852,48051,0,653067,3376,854125056,38140928,679556,491063,7,2,0,0,0,55966,126437
1778298618998,2579042304,52523008,754847744,232833024,942419968,1073737728,834106,37247,6,1892478,48051,0,653067,3376,854125056,38185984,681352,491759,7,2,0,0,0,55966,126437
1778298619296,2579042304,52531200,754839552,232833024,942333952,1073737728,834106,37291,6,1894601,48052,0,653874,3376,854125056,38185984,684226,492631,7,2,0,0,0,55966,126438
1778298619591,2579042304,52531200,754839552,232833024,942333952,1073737728,834106,37291,6,1896228,48052,0,653874,3376,854125056,38185984,684542,492711,7,2,0,0,0,55966,126438
1778298619886,2579042304,52531200,754839552,232833024,942333952,1073737728,834106,37291,6,1897853,48052,0,653874,3376,854125056,38185984,685630,493531,7,2,0,0,0,55966,126438
1778298620181,2579042304,52531200,754847744,232841216,942436352,1073737728,834106,37291,6,1899994,48052,0,654679,3376,854125056,38185984,686836,494575,7,2,0,0,0,55968,126438
1778298620477,2579042304,52531200,754847744,232841216,942436352,1073737728,834106,37291,6,1901619,48052,0,654679,3376,854125056,38185984,687050,494615,7,2,0,0,0,55968,126438
1778298620778,2579042304,52531200,754847744,232841216,942436352,1073737728,834106,37291,6,1903245,48052,0,654679,3376,854125056,38185984,726036,528777,7,2,0,0,0,55968,126438
1778298621071,2579042304,52531200,754847744,232841216,942436352,1073737728,834106,37291,6,1904898,48052,0,654687,3376,854125056,38185984,742308,542579,7,2,0,0,0,55968,126438
1778298621368,2579042304,52531200,754851840,232841216,942456832,1073737728,834106,37291,6,1906999,48052,0,655489,3376,854125056,38185984,743688,543053,7,2,0,0,0,55968,126439
1778298621664,2579042304,52531200,754851840,232841216,942456832,1073737728,834106,37291,6,1908623,48052,0,655489,3376,854125056,38185984,744820,544053,7,2,0,0,0,55968,126439
1778298621960,2579042304,52531200,754851840,232841216,942473216,1073737728,834106,37307,6,1910247,48052,0,655489,3376,854125056,38202368,746816,545557,7,2,0,0,0,55968,126439
1778298622255,2579042304,52531200,754851840,232841216,942473216,1073737728,834106,37307,6,1912378,48052,0,656298,3376,854125056,38202368,749958,547069,7,2,0,0,0,55968,126439
1778298622543,2579042304,52531200,754851840,232841216,942473216,1073737728,834106,37307,6,1914002,48052,0,656298,3376,854125056,38202368,750172,547109,7,2,0,0,0,55968,126439
1778298622839,2579042304,52531200,754851840,232841216,942473216,1073737728,834106,37307,6,1915632,48052,0,656298,3376,854125056,38202368,751942,548241,7,2,0,0,0,55968,126439
1778298623133,2579042304,52531200,754860032,232841216,942432256,1073737728,834106,37307,6,1917255,48052,0,656298,3376,854125056,38202368,768522,563189,7,2,0,0,0,55968,126439
1778298623429,2579042304,52531200,754860032,232841216,942456832,1073737728,834106,37307,6,1919398,48052,0,657106,3376,854125056,38202368,771720,565015,7,2,0,0,0,55968,126441
1778298623719,2579042304,52531200,754860032,232841216,942456832,1073737728,834106,37307,6,1921024,48052,0,657106,3376,854125056,38202368,772658,566707,7,2,0,0,0,55968,126441
1778298624011,2579042304,52531200,754860032,232841216,942456832,1073737728,834106,37307,6,1922653,48052,0,657106,3376,854125056,38202368,772966,566879,7,2,0,0,0,55968,126441
1778298624306,2579042304,52539392,754851840,232841216,942305280,1073737728,834106,37351,6,1924800,48052,0,657913,3376,854125056,38247424,786744,577895,7,2,0,0,0,55968,126441
1778298624610,2579042304,52539392,754851840,232841216,942305280,1073737728,834106,37351,6,1926424,48052,0,657913,3376,854125056,38247424,810394,597899,7,2,0,0,0,55968,126441
1778298624907,2579042304,52539392,754851840,232841216,942305280,1073737728,834106,37351,6,1928052,48052,0,657913,3376,854125056,38247424,813140,599589,7,2,0,0,0,55968,126441
1778298625202,2579042304,52539392,754864128,232841216,942465024,1073737728,834106,37351,6,1929679,48052,0,657913,3376,854125056,38247424,815626,600881,7,2,0,0,0,55968,126441
1778298625500,2579042304,52539392,754864128,232849408,942473216,1073737728,834106,37351,6,1931803,48052,0,658720,3376,854125056,38247424,817484,601947,7,2,0,0,0,55970,126442
1778298625795,2579042304,52539392,754864128,232849408,942473216,1073737728,834106,37351,6,1933432,48052,0,658720,3376,854125056,38247424,818732,603093,7,2,0,0,0,55970,126442
1778298626090,2579042304,52539392,754864128,232849408,942473216,1073737728,834106,37351,6,1935058,48052,0,658720,3376,854125056,38247424,819123,604279,7,2,0,0,0,55970,126442
1778298626385,2579042304,52539392,754864128,232849408,942321664,1073737728,834106,37351,6,1937195,48052,0,659529,3376,854125056,38247424,820383,604535,7,2,0,0,0,55970,126442
1778298626681,2579042304,52539392,754864128,232849408,942321664,1073737728,834106,37351,6,1938820,48052,0,659529,3376,854125056,38247424,820597,605499,7,2,0,0,0,55970,126442
1778298626979,2579042304,52539392,754864128,232849408,942321664,1073737728,834106,37351,6,1940453,48052,0,659537,3376,854125056,38276096,834329,617205,7,2,0,0,0,55970,126442
1778298627274,2579042304,52539392,754876416,232849408,942518272,1073737728,834106,37387,6,1942131,48052,0,659646,3376,854125056,38284288,834527,617245,7,2,0,0,0,55970,126445
1778298627570,2579042304,52539392,754876416,232849408,942481408,1073737728,834106,37387,6,1944204,48052,0,660343,3376,854125056,38284288,835803,617581,7,2,0,0,0,55970,126445
1778298627866,2579042304,52539392,754876416,232849408,942481408,1073737728,834106,37387,6,1945829,48052,0,660343,3376,854125056,38284288,838155,618777,7,2,0,0,0,55970,126445
1778298628168,2579042304,52539392,754876416,232849408,942481408,1073737728,834106,37387,6,1947453,48052,0,660343,3376,854125056,38284288,880991,654439,7,2,0,0,0,55970,126445
1778298628462,2579042304,52539392,754876416,232849408,942481408,1073737728,834106,37387,6,1949600,48052,0,661147,3376,854125056,38284288,882353,654645,7,2,1,0,0,55970,126445
1778298628751,2579042304,52539392,754876416,232849408,942329856,1073737728,834106,37387,6,1951704,48053,0,661790,3376,854125056,38284288,883493,655521,7,2,0,0,0,55970,126445
1778298629041,2579042304,52539392,754876416,232849408,942329856,1073737728,834106,37387,6,1953351,48053,0,661832,3376,854125056,38284288,884123,655949,7,2,0,0,0,55970,126445
1778298629337,2579042304,52547584,754884608,232849408,942481408,1073737728,834106,37471,6,1954974,48053,0,661832,3376,854125056,38448128,887291,659443,7,2,0,0,0,55971,126444
1778298629650,2579042304,52547584,754884608,232857600,942526464,1073737728,834106,37547,6,1957093,48053,0,662638,3376,854125056,38448128,939597,704093,7,2,0,0,0,55973,126446
1778298629945,2579042304,52547584,754884608,232857600,942526464,1073737728,834106,37547,6,1958721,48053,0,662638,3376,854125056,38448128,940477,704765,7,2,0,0,0,55973,126446
1778298630240,2579042304,52547584,754884608,232857600,942526464,1073737728,834106,37547,6,1960360,48053,0,662638,3376,854125056,38448128,940777,704941,7,2,0,0,0,55973,126446
1778298630533,2579042304,52547584,754884608,232857600,942374912,1073737728,834106,37547,6,1962496,48053,0,663445,3376,854125056,38448128,942371,706073,7,2,0,0,0,55973,126446
1778298630829,2579042304,52547584,754884608,232857600,942374912,1073737728,834106,37547,6,1964121,48053,0,663446,3376,854125056,38448128,943157,706693,7,2,0,0,0,55973,126446
1778298631119,2579042304,52547584,754884608,232857600,942374912,1073737728,834106,37547,6,1965747,48053,0,663446,3376,854125056,38448128,944953,707349,7,2,0,0,0,55973,126446
1778298631415,2579042304,52547584,754888704,232857600,942510080,1073737728,834106,37547,6,1967457,48053,0,663631,3376,854125056,38448128,946969,708005,7,2,0,0,0,55973,126446
1778298631706,2579042304,52547584,754892800,232857600,942538752,1073737728,834106,37547,6,1969495,48054,0,664251,3376,854125056,38448128,948645,709657,7,2,0,0,0,55973,126447
1778298631998,2579042304,52547584,754892800,232857600,942538752,1073737728,834106,37547,6,1971121,48054,0,664251,3376,854125056,38448128,949359,709925,7,2,0,0,0,55973,126447
1778298632293,2579042304,52547584,754892800,232857600,942538752,1073737728,834106,37547,6,1972744,48054,0,664251,3376,854125056,38448128,949557,710889,7,2,0,0,0,55973,126447
1778298632583,2579042304,52547584,754892800,232857600,942538752,1073737728,834106,37547,6,1974881,48054,0,665059,3376,854125056,38448128,950715,711009,7,2,0,0,0,55973,126447
1778298632878,2579042304,52547584,754892800,232857600,942538752,1073737728,834106,37547,6,1976507,48054,0,665059,3376,854125056,38448128,951767,712965,7,2,0,0,0,55973,126447
1778298633173,2579042304,52547584,754896896,232857600,942501888,1073737728,834106,37547,6,1978130,48054,0,665059,3376,854125056,38448128,951981,713005,7,2,0,0,0,55973,126449
1778298633468,2579042304,52547584,754896896,232857600,942501888,1073737728,834106,37547,6,1979753,48054,0,665059,3376,854125056,38448128,952179,713045,7,2,0,0,0,55973,126449
1778298633763,2579042304,52547584,754896896,232857600,942542848,1073737728,834106,37547,6,1981885,48054,0,665861,3376,854125056,38448128,954011,713881,7,2,0,0,0,55973,126449
1778298634058,2579042304,52547584,754896896,232857600,942542848,1073737728,834106,37555,6,1983516,48054,0,665861,3376,854125056,38456320,955877,714715,7,2,0,0,0,55973,126449
1778298634354,2579042304,52547584,754896896,232857600,942542848,1073737728,834106,37555,6,1985139,48054,0,665861,3376,854125056,38489088,957759,715547,7,2,0,0,0,55973,126449
1778298634650,2579042304,52555776,754888704,232857600,942473216,1073737728,834106,37587,6,1987267,48054,0,666669,3376,854125056,38489088,959173,715787,7,2,0,0,0,55973,126449
1778298634946,2579042304,52555776,754888704,232857600,942473216,1073737728,834106,37587,6,1988893,48054,0,666669,3376,854125056,38489088,960241,716619,7,2,0,0,0,55973,126449
1778298635241,2579042304,52555776,754900992,232865792,942526464,1073737728,834106,37587,6,1990516,48054,0,666669,3376,854125056,38489088,960439,717629,7,2,0,0,0,55975,126450
1778298635536,2579042304,52555776,754900992,232865792,942526464,1073737728,834106,37587,6,1992139,48054,0,666670,3376,854125056,38489088,960637,717669,7,2,0,0,0,55975,126450
1778298635832,2578526208,52555776,754900992,232865792,942587904,1073737728,834106,37587,6,1994276,48054,0,667478,3376,854125056,38489088,962579,719481,7,2,0,0,0,55975,126450
1778298636121,2578526208,52555776,754900992,232865792,942559232,1073737728,834106,37587,6,1995917,48054,0,667478,3376,854125056,38489088,962863,719613,7,2,0,0,0,55975,126450
1778298636414,2578526208,52555776,754900992,232865792,942559232,1073737728,834106,37587,6,1997540,48054,0,667478,3376,854125056,38489088,963131,719929,7,2,0,0,0,55975,126450
1778298636708,2578526208,52555776,754900992,232869888,942673920,1073737728,834106,37587,6,1999680,48054,0,668283,3376,854125056,38489088,964845,720859,7,2,0,0,0,55975,126450
1778298636998,2578526208,52555776,754900992,232869888,942673920,1073737728,834106,37587,6,2001305,48054,0,668283,3376,854125056,38489088,966743,721967,7,2,0,0,0,55975,126450
1778298637294,2578526208,52555776,754905088,232865792,942530560,1073737728,834106,37587,6,2002928,48054,0,668283,3376,854125056,38489088,968523,722899,7,2,0,0,0,55975,126451
1778298637589,2578526208,52555776,754905088,232865792,942530560,1073737728,834106,37587,6,2004555,48054,0,668283,3376,854125056,38489088,968893,723169,7,2,0,0,0,55975,126451
1778298637886,2578526208,52555776,754905088,232865792,942518272,1073737728,834106,37587,6,2006690,48054,0,669094,3376,854125056,38489088,971121,724561,7,2,0,0,0,55975,126451
1778298638181,2578526208,52555776,754909184,232865792,942551040,1073737728,834106,37587,6,2008314,48054,0,669094,3376,854125056,38489088,971335,725801,7,2,0,0,0,55975,126451
1778298638477,2578526208,52555776,754909184,232865792,942551040,1073737728,834106,37587,6,2009939,48054,0,669095,3376,854125056,38489088,971705,726207,7,2,0,0,0,55975,126451
1778298638772,2578010112,52555776,754909184,232861696,942542848,1073737728,834106,37587,6,2012071,48054,0,669896,3376,854125056,38489088,973513,728199,7,2,0,0,0,55975,126452
1778298639066,2578010112,52555776,754909184,232865792,942555136,1073737728,834106,37587,6,2013696,48054,0,669896,3376,854125056,38489088,973727,728509,7,2,0,0,0,55975,126452
1778298639360,2578010112,52555776,754909184,232865792,942555136,1073737728,834106,37587,6,2015320,48054,0,669896,3376,854125056,38489088,973925,728825,7,2,0,0,0,55975,126452
1778298639655,2578010112,52563968,754909184,232865792,942559232,1073737728,834106,37619,6,2016952,48054,0,669896,3376,854125056,38521856,974193,729095,7,2,0,0,0,55975,126452
1778298639948,2577752064,52563968,754909184,232865792,942485504,1073737728,834106,37619,6,2019096,48054,0,670703,3376,854125056,38521856,977639,730863,7,2,0,0,0,55975,126452
1778298640243,2577752064,52563968,754929664,232865792,942567424,1073737728,834106,37619,6,2020725,48054,0,670703,3376,854125056,38521856,979537,731789,7,2,0,0,0,55975,126452
1778298640538,2577752064,52563968,754929664,232865792,942567424,1073737728,834106,37619,6,2022348,48054,0,670703,3376,854125056,38521856,979821,732059,7,2,0,0,0,55975,126452
1778298640834,2577752064,52563968,754929664,232873984,942698496,1073737728,834106,37619,6,2024477,48055,0,671506,3376,854125056,38521856,982051,733371,7,2,0,0,0,55977,126457
1778298641124,2577752064,52563968,754929664,232873984,942563328,1073737728,834106,37619,6,2026103,48055,0,671506,3376,854125056,38521856,982367,734827,7,2,0,0,0,55977,126457
1778298641418,2577752064,52563968,754929664,232873984,942563328,1073737728,834106,37619,6,2027727,48055,0,671506,3376,854125056,38521856,982635,735097,7,2,0,0,0,55977,126457
1778298641712,2577752064,52563968,754929664,232873984,942563328,1073737728,834106,37619,6,2029353,48055,0,671507,3376,854125056,38521856,983405,736877,7,2,0,0,0,55977,126457
1778298642007,2577752064,52563968,754929664,232873984,942579712,1073737728,834106,37619,6,2031474,48055,0,672315,3376,854125056,38521856,984673,737405,7,2,0,0,0,55977,126457
1778298642303,2577752064,52563968,754929664,232873984,942579712,1073737728,834106,37619,6,2033115,48055,0,672315,3376,854125056,38521856,984871,737675,7,2,0,0,0,55977,126457
1778298642598,2577752064,52563968,754929664,232873984,942579712,1073737728,834106,37619,6,2034738,48055,0,672315,3376,854125056,38521856,985241,738127,7,2,0,0,0,55977,126457
1778298642894,2577752064,52563968,754929664,232878080,942559232,1073737728,834106,37619,6,2036869,48055,0,673119,3376,854125056,38521856,988553,739719,7,2,0,0,0,55977,126457
1778298643190,2577752064,52563968,754933760,232873984,942575616,1073737728,834106,37619,6,2038493,48055,0,673119,3376,854125056,38521856,990467,740605,7,2,0,0,0,55977,126458
1778298643484,2577752064,52563968,754933760,232873984,942575616,1073737728,834106,37619,6,2040117,48055,0,673119,3376,854125056,38521856,990751,740961,7,2,0,0,0,55977,126458
1778298643779,2577752064,52563968,754933760,232873984,942575616,1073737728,834106,37619,6,2041746,48055,0,673122,3376,854125056,38521856,992059,742187,7,2,0,0,0,55977,126458
1778298644075,2577752064,52563968,754937856,232873984,942624768,1073737728,834106,37619,6,2043890,48055,0,673938,3376,854125056,38521856,993249,743547,7,2,0,0,0,55977,126459
1778298644369,2577752064,52563968,754937856,232873984,942624768,1073737728,834106,37619,6,2045513,48055,0,673938,3376,854125056,38521856,993533,743863,7,2,0,0,0,55977,126459
1778298644662,2577752064,52563968,754937856,232873984,942624768,1073737728,834106,37619,6,2047318,48055,0,674381,3376,854125056,38521856,993731,745057,7,2,0,0,0,55977,126459
1778298644960,2577752064,52572160,754946048,232906752,942743552,1073737728,834106,37671,6,2049460,48060,0,675194,3376,854125056,38575104,995721,746261,7,2,0,0,0,55984,126454
1778298645255,2577752064,52572160,754950144,232906752,942804992,1073737728,834106,37671,6,2051091,48060,0,675194,3376,854125056,38575104,996037,746753,7,2,0,0,0,55984,126454
1778298645549,2577752064,52572160,754950144,232906752,942804992,1073737728,834106,37671,6,2052721,48060,0,675194,3376,854125056,38575104,996305,747023,7,2,0,0,0,55984,126454
1778298645846,2577752064,52572160,754950144,232906752,942804992,1073737728,834106,37671,6,2054354,48060,0,675194,3376,854125056,38575104,997091,747923,7,2,0,0,0,55984,126454
1778298646141,2577752064,52572160,754954240,232906752,942788608,1073737728,834106,37671,6,2056492,48060,0,676000,3376,854125056,38575104,1001461,749591,7,2,0,0,0,55984,126454
1778298646437,2577752064,52572160,754954240,232906752,942788608,1073737728,834106,37671,6,2058125,48060,0,676000,3376,854125056,38575104,1001847,749861,7,2,0,0,0,55984,126454
1778298646729,2577752064,52572160,754954240,232906752,942788608,1073737728,834106,37671,6,2059757,48060,0,676000,3376,854125056,38575104,1002825,750937,7,2,0,0,0,55984,126454
1778298647026,2577752064,52572160,754954240,232906752,942800896,1073737728,834106,37671,6,2061893,48060,0,676805,3376,854125056,38575104,1004329,751493,7,2,0,0,0,55984,126454
1778298647318,2577752064,52572160,754954240,232906752,942800896,1073737728,834106,37671,6,2063523,48060,0,676805,3376,854125056,38575104,1004543,752733,7,2,0,0,0,55984,126454
1778298647614,2577752064,52572160,754954240,232906752,942800896,1073737728,834106,37671,6,2065154,48060,0,676805,3376,854125056,38575104,1004811,753311,7,2,0,0,0,55984,126454
1778298647907,2577752064,52572160,754958336,232906752,942800896,1073737728,834106,37671,6,2066787,48060,0,676805,3376,854125056,38575104,1005793,755055,7,2,0,0,0,55984,126454
1778298648203,2577752064,52572160,754958336,232906752,942813184,1073737728,834106,37671,6,2068957,48060,0,677615,3376,854125056,38575104,1006967,755451,7,2,0,0,0,55984,126455
1778298648498,2577752064,52572160,754958336,232906752,942813184,1073737728,834106,37671,6,2070590,48060,0,677615,3376,854125056,38575104,1007235,755721,7,2,0,0,0,55984,126455
1778298648794,2577752064,52572160,754958336,232906752,942813184,1073737728,834106,37671,6,2072224,48060,0,677616,3376,854125056,38575104,1008005,756621,7,2,0,0,0,55984,126455
1778298649090,2577752064,52572160,754958336,232906752,942800896,1073737728,834106,37671,6,2074357,48060,0,678424,3376,854125056,38575104,1010879,757809,7,2,0,0,0,55984,126456
1778298649385,2577752064,52572160,754962432,232906752,942800896,1073737728,834106,37671,6,2075990,48060,0,678424,3376,854125056,38575104,1012879,758831,7,2,0,0,0,55984,126456
1778298649679,2577752064,52572160,754966528,232906752,942800896,1073737728,834106,37671,6,2077622,48060,0,678424,3376,854125056,38575104,1013253,759267,7,2,0,0,0,55984,126456
1778298649975,2577752064,52572160,754966528,232906752,942817280,1073737728,834106,37675,6,2079258,48060,0,678424,3376,854125056,38603776,1014369,760327,7,2,0,0,0,55984,126456
1778298650273,2577752064,52580352,754958336,232906752,942657536,1073737728,834106,37747,6,2081403,48060,0,679227,3376,854125056,38652928,1015559,761641,7,2,0,0,0,55984,126456
1778298650569,2577752064,52580352,754958336,232906752,942657536,1073737728,834106,37747,6,2083034,48060,0,679227,3376,854125056,38652928,1015827,761957,7,2,0,0,0,55984,126456
1778298650863,2577752064,52580352,754958336,232906752,942657536,1073737728,834106,37747,6,2084668,48060,0,679227,3376,854125056,38652928,1016793,764049,7,2,0,0,0,55984,126456
1778298651158,2577752064,52580352,754966528,232914944,942764032,1073737728,834106,37747,6,2086813,48060,0,680033,3376,854125056,38652928,1017983,764399,7,2,0,0,0,55986,126458
1778298651453,2577752064,52580352,754966528,232914944,942764032,1073737728,834106,37747,6,2088443,48060,0,680033,3376,854125056,38652928,1018267,764715,7,2,0,0,0,55986,126458
1778298651749,2577752064,52580352,754966528,232914944,942825472,1073737728,834106,37747,6,2090075,48060,0,680034,3376,854125056,38652928,1019037,765575,7,2,0,0,0,55986,126458
1778298652046,2577752064,52580352,754970624,232914944,942837760,1073737728,834106,37747,6,2091705,48060,0,680034,3376,854125056,38652928,1020935,766637,7,2,0,0,0,55986,126458
1778298652342,2577752064,52580352,754970624,232914944,942784512,1073737728,834106,37747,6,2093846,48060,0,680838,3376,854125056,38652928,1023825,767825,7,2,0,0,0,55986,126459
1778298652637,2577752064,52580352,754970624,232914944,942784512,1073737728,834106,37747,6,2095481,48060,0,680838,3376,854125056,38652928,1024195,768221,7,2,0,0,0,55986,126459
1778298652934,2577752064,52580352,754970624,232914944,942784512,1073737728,834106,37747,6,2097115,48060,0,680838,3376,854125056,38652928,1025299,769195,7,2,0,0,0,55986,126459
1778298653230,2577752064,52580352,754970624,232910848,942825472,1073737728,834106,37747,6,2099260,48060,0,681649,3376,854125056,38652928,1026489,770475,7,2,0,0,0,55986,126459
1778298653520,2577752064,52580352,754970624,232910848,942825472,1073737728,834106,37747,6,2100891,48060,0,681649,3376,854125056,38652928,1026875,770881,7,2,0,0,0,55986,126459
1778298653814,2577752064,52580352,754974720,232910848,942825472,1073737728,834106,37747,6,2102526,48060,0,681649,3376,854125056,38652928,1027739,772797,7,2,0,0,0,55986,126459
1778298654110,2577752064,52580352,754982912,232914944,942825472,1073737728,834106,37747,6,2104157,48060,0,681651,3376,854125056,38652928,1027953,773113,7,2,0,0,0,55986,126459
1778298654406,2577752064,52580352,754982912,232910848,942804992,1073737728,834106,37747,6,2106306,48060,0,682458,3376,854125056,38652928,1029197,773463,7,2,0,0,0,55986,126459
1778298654701,2577752064,52580352,754982912,232910848,942804992,1073737728,834106,37747,6,2107938,48060,0,682462,3376,854125056,38652928,1029395,773779,7,2,0,0,0,55986,126459
1778298654996,2577752064,52580352,754982912,232910848,942804992,1073737728,834106,37747,6,2109571,48060,0,682462,3376,854125056,38652928,1031865,775385,7,2,0,0,0,55986,126459
1778298655291,2577752064,52588544,754982912,232914944,942755840,1073737728,834106,37763,6,2111713,48060,0,683267,3376,854125056,38669312,1034621,776437,7,2,0,0,0,55986,126460
1778298655586,2577752064,52588544,754982912,232914944,942755840,1073737728,834106,37763,6,2113347,48060,0,683267,3376,854125056,38669312,1035023,776793,7,2,0,0,0,55986,126460
1778298655882,2577752064,52588544,754987008,232914944,942755840,1073737728,834106,37763,6,2114981,48060,0,683268,3376,854125056,38669312,1036111,777847,7,2,0,0,0,55986,126460
1778298656178,2577752064,52588544,754987008,232914944,942821376,1073737728,834106,37763,6,2116612,48060,0,683268,3376,854125056,38669312,1036427,779223,7,2,0,0,0,55986,126460
1778298656474,2577752064,52588544,754987008,232914944,942977024,1073737728,834106,37763,6,2118757,48060,0,684077,3376,854125056,38669312,1037773,779835,7,2,0,0,0,55986,126460
1778298656770,2577752064,52588544,754987008,232914944,942977024,1073737728,834106,37763,6,2120393,48060,0,684077,3376,854125056,38669312,1038637,781665,7,2,0,0,0,55986,126460
1778298657065,2577752064,52588544,754987008,232923136,942845952,1073737728,834106,37763,6,2122024,48060,0,684077,3376,854125056,38669312,1038835,782021,7,2,0,0,0,55988,126461
1778298657360,2577494016,52588544,754987008,232923136,942678016,1073737728,834106,37763,6,2124168,48060,0,684882,3376,854125056,38669312,1040009,782371,7,2,0,0,0,55988,126461
1778298657655,2577494016,52588544,754991104,232923136,942678016,1073737728,834106,37763,6,2125800,48060,0,684882,3376,854125056,38669312,1040395,782863,7,2,0,0,0,55988,126461
1778298657951,2577494016,52588544,754991104,232923136,942678016,1073737728,834106,37763,6,2127435,48060,0,684882,3376,854125056,38738944,1042747,784339,7,2,0,0,0,55988,126461
1778298658247,2577494016,52588544,754991104,232923136,942833664,1073737728,834106,37831,6,2129068,48060,0,684882,3376,854125056,38738944,1044527,785225,7,2,0,0,0,55988,126463
1778298658542,2577494016,52588544,754991104,232923136,942927872,1073737728,834106,37831,6,2131217,48060,0,685687,3376,854125056,38738944,1045803,785615,7,2,0,0,0,55988,126463
1778298658838,2577494016,52588544,754991104,232923136,942927872,1073737728,834106,37831,6,2132853,48060,0,685687,3376,854125056,38738944,1047111,786701,7,2,0,0,0,55988,126463
1778298659131,2577494016,52588544,754995200,232923136,942862336,1073737728,834106,37831,6,2134485,48060,0,685687,3376,854125056,38738944,1047325,787665,7,2,0,0,0,55988,126464
1778298659427,2577494016,52588544,754995200,232923136,942919680,1073737728,834106,37831,6,2136627,48060,0,686492,3376,854125056,38738944,1056837,794921,7,2,0,0,0,55988,126465
1778298659717,2577494016,52588544,754999296,232923136,942919680,1073737728,834106,38071,6,2138268,48060,0,686492,3376,854125056,38984704,1060323,798729,7,2,0,0,0,55988,126465
1778298660006,2577494016,52588544,754999296,232923136,942850048,1073737728,834106,38071,6,2139902,48060,0,686492,3376,854125056,38984704,1060631,798901,7,2,0,0,0,55988,126465
1778298660301,2577494016,52588544,754999296,232923136,942850048,1073737728,834106,38071,6,2141549,48060,0,686492,3376,854125056,38984704,1060931,799077,7,2,0,0,0,55988,126465
1778298660599,2577494016,52596736,754991104,232927232,942751744,1073737728,834106,38107,6,2143684,48060,0,687301,3376,854125056,39021568,1074723,810051,7,2,0,0,0,55988,126465
1778298660892,2577494016,52596736,754991104,232927232,942751744,1073737728,834106,38107,6,2145318,48060,0,687301,3376,854125056,39021568,1107493,837149,7,2,0,0,0,55988,126465
1778298661188,2576203776,52596736,754999296,232927232,944447488,1073737728,834106,38107,6,2147007,48061,0,687917,3376,854125056,39021568,1109739,838049,7,2,0,0,0,55989,126466
1778298661483,2576203776,52596736,755003392,232927232,942903296,1073737728,834106,38107,6,2149580,48061,0,688782,3376,854125056,39021568,1111027,838273,7,2,0,0,0,55989,126466
1778298661778,2576203776,52596736,755003392,232927232,942903296,1073737728,834106,38107,6,2151218,48061,0,688782,3376,854125056,39021568,1118349,844449,7,2,0,0,0,55989,126466
1778298662073,2576203776,52596736,755003392,232927232,942882816,1073737728,834106,38107,6,2152848,48061,0,688782,3376,854125056,39021568,1163919,883983,7,2,0,0,0,55989,126466
1778298662365,2576203776,52596736,755003392,232927232,942882816,1073737728,834106,38107,6,2154478,48061,0,688782,3376,854125056,39021568,1166853,886277,7,2,0,0,0,55989,126466
1778298662661,2576203776,52596736,755003392,232923136,942780416,1073737728,834106,38107,6,2156615,48061,0,689589,3376,854125056,39021568,1168027,887397,7,2,0,0,0,55989,126466
1778298662958,2576203776,52596736,755003392,232931328,942886912,1073737728,834106,38107,6,2158248,48061,0,689589,3376,854125056,39021568,1169289,889077,7,2,0,0,0,55990,126467
1778298663253,2576203776,52596736,755003392,232931328,942886912,1073737728,834106,38127,6,2159878,48061,0,689589,3376,854125056,39042048,1169487,889117,7,2,0,0,0,55990,126467
1778298663549,2576203776,52596736,755003392,232931328,942899200,1073737728,834106,38127,6,2162038,48061,0,690406,3376,854125056,39042048,1170747,889373,7,2,0,0,0,55990,126467
1778298663844,2576203776,52596736,755003392,232931328,942899200,1073737728,834106,38127,6,2163673,48061,0,690406,3376,854125056,39042048,1171800,890110,7,2,0,0,0,55990,126467
1778298664138,2576203776,52596736,755007488,232931328,942886912,1073737728,834106,38127,6,2165304,48061,0,690406,3376,854125056,39042048,1173596,890766,7,2,0,0,0,55990,126468
1778298664434,2576203776,52596736,755007488,232931328,942886912,1073737728,834106,38127,6,2166938,48061,0,690406,3376,854125056,39042048,1175666,892242,7,2,0,0,0,55990,126468
1778298664725,2576203776,52596736,755007488,232931328,942837760,1073737728,834106,38127,6,2169078,48061,0,691211,3376,854125056,39042048,1177652,892906,7,2,0,0,0,55990,126468
1778298665016,2576203776,52596736,755011584,232931328,942882816,1073737728,834106,38127,6,2170712,48061,0,691211,3376,854125056,39042048,1178120,893174,7,2,0,0,0,55990,126468
1778298665311,2576203776,52596736,755011584,232931328,942882816,1073737728,834106,38127,6,2172343,48061,0,691211,3376,854125056,39042048,1178334,894138,7,2,0,0,0,55990,126468
1778298665606,2576203776,52604928,755011584,232939520,942960640,1073737728,834106,38183,6,2174480,48061,0,692019,3376,854125056,39099392,1179632,894540,7,2,0,0,0,55992,126469
1778298665902,2576203776,52604928,755011584,232939520,942960640,1073737728,834106,38183,6,2176113,48061,0,692020,3376,854125056,39099392,1180614,896316,7,2,0,0,0,55992,126469
1778298666197,2576203776,52604928,755015680,232939520,942899200,1073737728,834106,38183,6,2177759,48061,0,692020,3376,854125056,39099392,1180828,896356,7,2,0,0,0,55992,126470
1778298666493,2576203776,52604928,755015680,232939520,942903296,1073737728,834106,38303,6,2179389,48061,0,692020,3376,854125056,39222272,1181042,896396,7,2,0,0,0,55992,126470
1778298666790,2576203776,52604928,755015680,232943616,942936064,1073737728,834106,38303,6,2181526,48061,0,692830,3376,854125056,39222272,1182874,897250,7,2,0,0,0,55992,126470
1778298667086,2576203776,52604928,755015680,232943616,942936064,1073737728,834106,38303,6,2183157,48061,0,692830,3376,854125056,39222272,1184772,898122,7,2,0,0,0,55992,126470
1778298667381,2576203776,52604928,755015680,232939520,942911488,1073737728,834106,38303,6,2184797,48061,0,692831,3376,854125056,39222272,1186670,898778,7,2,0,0,0,55992,126470
1778298667678,2576203776,52604928,755015680,232939520,942841856,1073737728,834106,38303,6,2186928,48061,0,693642,3376,854125056,39222272,1188052,899114,7,2,0,0,0,55992,126470
1778298667974,2576203776,52604928,755015680,232939520,942841856,1073737728,834106,38303,6,2188563,48061,0,693642,3376,854125056,39222272,1189238,900036,7,2,0,0,0,55992,126470
1778298668270,2576203776,52604928,755027968,232939520,942899200,1073737728,834106,38303,6,2190193,48061,0,693642,3376,854125056,39222272,1189436,901000,7,2,0,0,0,55992,126473
1778298668566,2576203776,52604928,755027968,232939520,942899200,1073737728,834106,38303,6,2191824,48061,0,693642,3376,854125056,39222272,1189736,901136,7,2,0,0,0,55992,126473
1778298668862,2576203776,52604928,755027968,232935424,942907392,1073737728,834106,38303,6,2193961,48061,0,694444,3376,854125056,39222272,1191560,902936,7,2,0,0,0,55992,126473
1778298669161,2576203776,52604928,755027968,232939520,942919680,1073737728,834106,38303,6,2195613,48061,0,694444,3376,854125056,39222272,1191844,903068,7,2,0,0,0,55992,126473
1778298669458,2576203776,52604928,755032064,232939520,942919680,1073737728,834106,38303,6,2197244,48061,0,694444,3376,854125056,39222272,1192042,903154,7,2,0,0,0,55992,126473
1778298669753,2576203776,52604928,755032064,232935424,943022080,1073737728,834106,38303,6,2199386,48061,0,695253,3376,854125056,39222272,1193772,903818,7,2,0,0,0,55992,126474
1778298670049,2576203776,52604928,755032064,232935424,943022080,1073737728,834106,38303,6,2201016,48061,0,695253,3376,854125056,39222272,1195670,904650,7,2,0,0,0,55992,126474
1778298670346,2576203776,52604928,755032064,232939520,942899200,1073737728,834106,38303,6,2202648,48061,0,695253,3376,854125056,39222272,1197450,905306,7,2,0,0,0,55992,126474
1778298670642,2576203776,52613120,755023872,232939520,942899200,1073737728,834106,38319,6,2204335,48061,0,695390,3376,854125056,39238656,1198130,905518,7,2,0,0,0,55992,126474
1778298670935,2576203776,52613120,755023872,232935424,942833664,1073737728,834106,38319,6,2206420,48061,0,696058,3376,854125056,39238656,1199986,906474,7,2,0,0,0,55992,126474
1778298671230,2576203776,52613120,755032064,232947712,942923776,1073737728,834106,38319,6,2208051,48061,0,696058,3376,854125056,39238656,1200302,907660,7,2,0,0,0,55994,126474
1778298671524,2576203776,52613120,755032064,232947712,942923776,1073737728,834106,38319,6,2209682,48061,0,696058,3376,854125056,39238656,1200570,907792,7,2,0,0,0,55994,126474
1778298671819,2576203776,52613120,755032064,232943616,942882816,1073737728,834106,38319,6,2211816,48061,0,696870,3376,854125056,39238656,1202598,909782,7,2,0,0,0,55994,126474
1778298672115,2576203776,52613120,755036160,232947712,942931968,1073737728,834106,38319,6,2213448,48061,0,696870,3376,854125056,39238656,1202812,909908,7,2,0,0,0,55994,126475
1778298672410,2576203776,52613120,755036160,232947712,942931968,1073737728,834106,38319,6,2215094,48061,0,696870,3376,854125056,39238656,1203010,910040,7,2,0,0,0,55994,126475
1778298672705,2576203776,52613120,755036160,232947712,942931968,1073737728,834106,38319,6,2216724,48061,0,696870,3376,854125056,39238656,1203310,910494,7,2,0,0,0,55994,126475
1778298673004,2576203776,52613120,755052544,232947712,942911488,1073737728,834106,38319,6,2218877,48061,0,697676,3376,854125056,39238656,1208544,913474,7,2,0,0,0,55994,126475
1778298673299,2576203776,52613120,755056640,232947712,942940160,1073737728,834106,38319,6,2220510,48061,0,697676,3376,854125056,39271424,1210324,914130,7,2,0,0,0,55994,126475
1778298673594,2576203776,52613120,755060736,232947712,942940160,1073737728,834106,38351,6,2222142,48061,0,697676,3376,854125056,39271424,1210640,914210,7,2,0,0,0,55994,126475
1778298673890,2576203776,52613120,755060736,232947712,942940160,1073737728,834106,38351,6,2224277,48062,0,698485,3376,854125056,39271424,1212806,915336,7,2,0,0,0,55994,126477
1778298674185,2576203776,52613120,755060736,232947712,942940160,1073737728,834106,38351,6,2225907,48062,0,698492,3376,854125056,39271424,1213160,916392,7,2,0,0,0,55994,126477
1778298674482,2576203776,52613120,755060736,232947712,942940160,1073737728,834106,38351,6,2227537,48062,0,698492,3376,854125056,39271424,1213358,916478,7,2,0,0,0,55994,126477
1778298674771,2576203776,52613120,755060736,232947712,942940160,1073737728,834106,38351,6,2229171,48062,0,698492,3376,854125056,39271424,1214292,918170,7,2,0,0,0,55994,126477
1778298675067,2576203776,52613120,755064832,232947712,942981120,1073737728,834106,38351,6,2231321,48062,0,699309,3376,854125056,39271424,1215584,918512,7,2,0,0,0,55994,126477
1778298675362,2576203776,52613120,755064832,232947712,942981120,1073737728,834106,38351,6,2232952,48062,0,699309,3376,854125056,39271424,1215900,918820,7,2,0,0,0,55994,126477
1778298675658,2576203776,52613120,755064832,232947712,942981120,1073737728,834106,38351,6,2234582,48062,0,699309,3376,854125056,39271424,1216168,918906,7,2,0,0,0,55994,126477
1778298675951,2576203776,52621312,755056640,232947712,942886912,1073737728,834106,38391,6,2236721,48062,0,700116,3376,854125056,39312384,1219480,920318,7,2,0,0,0,55994,126478
1778298676246,2576203776,52621312,755068928,232955904,942968832,1073737728,834106,38391,6,2238357,48062,0,700117,3376,854125056,39312384,1221394,921060,7,2,0,0,0,55996,126478
1778298676542,2576203776,52621312,755068928,232955904,942968832,1073737728,834106,38391,6,2239987,48062,0,700117,3376,854125056,39312384,1221592,921146,7,2,0,0,0,55996,126478
1778298676837,2576203776,52621312,755068928,232955904,942968832,1073737728,834106,38391,6,2241622,48062,0,700117,3376,854125056,39312384,1222970,922238,7,2,0,0,0,55996,126478
1778298677133,2576203776,52621312,755073024,232955904,942997504,1073737728,834106,38391,6,2243766,48062,0,700924,3376,854125056,39312384,1224176,923328,7,2,0,0,0,55996,126478
1778298677430,2576203776,52621312,755073024,232955904,942997504,1073737728,834106,38391,6,2245396,48062,0,700924,3376,854125056,39312384,1224444,923460,7,2,0,0,0,55996,126478
1778298677719,2576203776,52621312,755073024,232955904,942997504,1073737728,834106,38391,6,2247027,48062,0,700924,3376,854125056,39312384,1224642,924470,7,2,0,0,0,55996,126478
1778298678015,2575945728,52621312,755073024,232955904,942960640,1073737728,834106,38391,6,2249193,48062,0,701730,3376,854125056,39312384,1226610,925522,7,2,0,0,0,55996,126478
1778298678310,2575945728,52621312,755073024,232955904,942960640,1073737728,834106,38391,6,2250839,48062,0,701730,3376,854125056,39312384,1226824,925608,7,2,0,0,0,55996,126478
1778298678605,2575945728,52621312,755073024,232955904,942960640,1073737728,834106,38391,6,2252469,48062,0,701730,3376,854125056,39312384,1227092,925740,7,2,0,0,0,55996,126478
1778298678900,2575945728,52621312,755073024,232955904,942960640,1073737728,834106,38391,6,2254102,48062,0,701730,3376,854125056,39312384,1229444,926986,7,2,0,0,0,55996,126478
1778298679195,2575687680,52621312,755077120,232955904,942989312,1073737728,834106,38391,6,2256247,48063,0,702536,3376,854125056,39312384,1232318,927950,7,2,0,0,0,55996,126478
1778298679491,2575687680,52621312,755081216,232955904,942989312,1073737728,834106,38391,6,2257880,48063,0,702536,3376,854125056,39312384,1232806,928212,7,2,0,0,0,55996,126478
1778298679786,2575687680,52621312,755081216,232955904,942989312,1073737728,834106,38391,6,2259515,48063,0,702536,3376,854125056,39312384,1234012,929122,7,2,0,0,0,55996,126478
1778298680081,2575687680,52621312,755081216,232955904,943099904,1073737728,834106,38391,6,2261661,48063,0,703341,3376,854125056,39312384,1235202,930258,7,2,0,0,0,55996,126478
1778298680377,2575687680,52621312,755081216,232955904,943099904,1073737728,834106,38391,6,2263291,48063,0,703341,3376,854125056,39312384,1235416,930344,7,2,0,0,0,55996,126478
1778298680672,2575687680,52621312,755081216,232955904,943099904,1073737728,834106,38391,6,2264921,48063,0,703341,3376,854125056,39312384,1235684,931400,7,2,0,0,0,55996,126478
1778298680968,2575687680,52621312,755085312,232955904,943099904,1073737728,834106,38391,6,2266554,48063,0,703341,3376,854125056,39328768,1236896,932350,7,2,0,0,0,55996,126478
1778298681265,2575687680,52629504,755093504,232955904,942936064,1073737728,834106,38407,6,2268699,48063,0,704143,3376,854125056,39328768,1238054,932562,7,2,0,0,0,55996,126480
1778298681561,2575687680,52629504,755093504,232955904,942936064,1073737728,834106,38407,6,2270329,48063,0,704143,3376,854125056,39328768,1238322,932648,7,2,0,0,0,55996,126480
1778298681857,2575687680,52629504,755093504,232955904,942936064,1073737728,834106,38407,6,2271962,48063,0,704143,3376,854125056,39328768,1240674,933980,7,2,0,0,0,55996,126480
1778298682152,2575687680,52629504,755093504,232964096,942850048,1073737728,834106,38407,6,2274107,48063,0,704952,3376,854125056,39328768,1243548,934938,7,2,0,0,0,55998,126480
1778298682447,2575687680,52629504,755093504,232964096,942850048,1073737728,834106,38407,6,2275740,48063,0,704952,3376,854125056,39328768,1243950,935070,7,2,0,0,0,55998,126480
1778298682742,2575687680,52629504,755097600,232964096,942911488,1073737728,834106,38407,6,2277373,48063,0,704952,3376,854125056,39328768,1244826,935774,7,2,0,0,0,55998,126481
1778298683035,2575687680,52629504,755097600,232964096,943022080,1073737728,834106,38407,6,2279004,48063,0,704952,3376,854125056,39328768,1245252,936060,7,2,0,0,0,55998,126485
1778298683327,2575687680,52629504,755097600,232964096,942870528,1073737728,834106,38407,6,2281163,48063,0,705760,3376,854125056,39328768,1246528,937326,7,2,0,0,0,55998,126485
1778298683623,2575687680,52629504,755097600,232964096,942870528,1073737728,834106,38407,6,2282794,48063,0,705760,3376,854125056,39328768,1246726,938426,7,2,0,0,0,55998,126485
1778298683916,2575687680,52629504,755097600,232964096,942870528,1073737728,834106,38407,6,2284427,48063,0,705760,3376,854125056,39328768,1247762,939188,7,2,0,0,0,55998,126485
1778298684209,2575687680,52629504,755097600,232964096,942993408,1073737728,834106,38407,6,2286579,48063,0,706561,3376,854125056,39328768,1249038,939510,7,2,0,0,0,55998,126485
1778298684506,2575687680,52629504,755097600,232964096,942993408,1073737728,834106,38407,6,2288209,48063,0,706561,3376,854125056,39328768,1249322,939596,7,2,0,0,0,55998,126485
1778298684802,2575687680,52629504,755101696,232964096,942993408,1073737728,834106,38407,6,2289841,48063,0,706561,3376,854125056,39328768,1250194,940356,7,2,0,0,0,55998,126485
1778298685097,2575687680,52629504,755101696,232964096,942993408,1073737728,834106,38407,6,2291471,48063,0,706561,3376,854125056,39328768,1251990,941098,7,2,0,0,0,55998,126485
1778298685393,2575687680,52629504,755101696,232964096,943022080,1073737728,834106,38407,6,2293615,48063,0,707367,3376,854125056,39328768,1254766,941996,7,2,0,0,0,55998,126486
1778298685690,2575687680,52629504,755101696,232964096,943022080,1073737728,834106,38407,6,2295247,48063,0,707367,3376,854125056,39328768,1255242,942162,7,2,0,0,0,55998,126486
1778298685987,2575687680,52629504,755105792,232964096,943022080,1073737728,834106,38407,6,2296880,48063,0,707367,3376,854125056,39349248,1256224,942946,7,2,0,0,0,55998,126486
1778298686282,2575687680,52637696,755097600,232964096,942870528,1073737728,834106,38427,6,2299029,48063,0,708172,3376,854125056,39349248,1257494,944388,7,2,0,0,0,55998,126486
1778298686578,2575687680,52637696,755097600,232964096,942870528,1073737728,834106,38427,6,2300659,48063,0,708172,3376,854125056,39349248,1257762,944474,7,2,0,0,0,55998,126486
1778298686874,2575687680,52637696,755097600,232964096,942870528,1073737728,834106,38427,6,2302291,48063,0,708172,3376,854125056,39349248,1258626,946074,7,2,0,0,0,55998,126486
1778298687169,2575687680,52637696,755109888,232972288,942993408,1073737728,834106,38427,6,2303921,48063,0,708172,3376,854125056,39349248,1258840,946160,7,2,0,0,0,56000,126487
1778298687463,2576216064,52637696,755109888,232972288,942977024,1073737728,834106,38427,6,2306067,48063,0,708980,3376,854125056,39349248,1259744,946286,7,2,0,0,0,56000,126487
1778298687758,2576216064,52637696,755109888,232972288,942977024,1073737728,834106,38427,6,2307702,48063,0,708980,3376,854125056,39349248,1260686,947092,7,2,0,0,0,56000,126487
1778298688051,2576216064,52637696,755109888,232972288,942977024,1073737728,834106,38427,6,2309333,48063,0,708980,3376,854125056,39349248,1262482,947788,7,2,0,0,0,56000,126487
1778298688345,2576379904,52637696,755109888,232972288,942977024,1073737728,834106,38427,6,2311475,48063,0,709783,3376,854125056,39349248,1265372,948570,7,2,0,0,0,56000,126487
1778298688642,2576379904,52637696,755109888,232972288,942977024,1073737728,834106,38427,6,2313106,48063,0,709783,3376,854125056,39418880,1265762,948736,7,2,0,0,0,56000,126487
1778298688938,2576379904,52637696,755109888,232972288,942977024,1073737728,834106,38495,6,2314744,48063,0,709783,3376,854125056,39418880,1266980,949742,7,2,0,0,0,56000,126487
1778298689234,2576474112,52637696,755118080,232972288,943042560,1073737728,834106,38495,6,2316375,48063,0,709783,3376,854125056,39418880,1267178,950706,7,2,0,0,0,56000,126489
1778298689525,2576474112,52637696,755118080,232972288,943038464,1073737728,834106,38495,6,2318506,48063,0,710588,3376,854125056,39418880,1268352,950872,7,2,0,0,0,56000,126490
1778298689822,2576474112,52637696,755118080,232972288,943038464,1073737728,834106,38495,6,2320139,48063,0,710588,3376,854125056,39418880,1269286,952518,7,2,0,0,0,56000,126490
1778298690117,2576474112,52637696,755118080,232972288,943038464,1073737728,834106,38495,6,2321770,48063,0,710588,3376,854125056,39418880,1269500,952604,7,2,0,0,0,56000,126490
1778298690411,2576474112,52637696,755118080,232972288,943026176,1073737728,834106,38495,6,2323931,48063,0,711399,3376,854125056,39418880,1270770,952996,7,2,0,0,0,56000,126490
1778298690706,2576474112,52637696,755122176,232972288,943026176,1073737728,834106,38495,6,2325563,48063,0,711399,3376,854125056,39418880,1271054,953082,7,2,0,0,0,56000,126490
1778298691003,2576474112,52637696,755122176,232972288,943026176,1073737728,834106,38495,6,2327197,48063,0,711399,3376,854125056,39418880,1273422,954368,7,2,0,0,0,56000,126490
1778298691298,2576474112,52645888,755113984,232972288,943038464,1073737728,834106,38523,6,2328835,48063,0,711399,3376,854125056,39447552,1275320,955024,7,2,0,0,0,56000,126490
1778298691595,2576474112,52645888,755113984,232972288,943038464,1073737728,834106,38523,6,2330978,48063,0,712207,3376,854125056,39447552,1276386,955396,7,2,0,0,0,56000,126490
1778298691891,2576474112,52645888,755113984,232972288,943038464,1073737728,834106,38523,6,2332614,48063,0,712208,3376,854125056,39447552,1277748,956442,7,2,0,0,0,56000,126490
1778298692186,2576474112,52645888,755122176,232980480,943034368,1073737728,834106,38523,6,2334244,48063,0,712208,3376,854125056,39447552,1277962,957452,7,2,0,0,0,56002,126491
1778298692482,2576474112,52645888,755126272,232980480,942977024,1073737728,834106,38523,6,2336404,48063,0,713011,3376,854125056,39447552,1278958,957532,7,2,0,0,0,56002,126491
1778298692778,2576474112,52645888,755126272,232980480,942977024,1073737728,834106,38523,6,2338037,48063,0,713011,3376,854125056,39447552,1279908,959178,7,2,0,0,0,56002,126491
1778298693073,2576474112,52645888,755126272,232980480,943026176,1073737728,834106,38523,6,2339667,48063,0,713011,3376,854125056,39447552,1280224,959480,7,2,0,0,0,56002,126491
1778298693368,2576474112,52645888,755126272,232980480,943026176,1073737728,834106,38523,6,2341298,48063,0,713011,3376,854125056,39447552,1280422,959566,7,2,0,0,0,56002,126491
1778298693663,2576474112,52645888,755126272,232980480,943026176,1073737728,834106,38523,6,2343442,48063,0,713820,3376,854125056,39447552,1281606,959772,7,2,0,0,0,56002,126491
1778298693958,2576474112,52645888,755126272,232980480,943026176,1073737728,834106,38523,6,2345079,48063,0,713821,3376,854125056,39447552,1284044,961018,7,2,0,0,0,56002,126491
1778298694254,2576474112,52645888,755126272,232980480,943046656,1073737728,834106,38523,6,2346709,48063,0,713821,3376,854125056,39447552,1285824,961674,7,2,0,0,0,56002,126492
1778298694543,2576474112,52645888,755130368,232980480,943026176,1073737728,834106,38523,6,2348857,48063,0,714623,3376,854125056,39447552,1287282,962072,7,2,0,0,0,56002,126493
1778298694838,2576474112,52645888,755134464,232980480,943026176,1073737728,834106,38523,6,2350492,48063,0,714623,3376,854125056,39447552,1288488,962976,7,2,0,0,0,56002,126493
1778298695131,2576474112,52645888,755142656,232980480,943050752,1073737728,834106,38523,6,2352124,48063,0,714623,3376,854125056,39447552,1288702,963980,7,2,0,0,0,56002,126495
1778298695426,2576474112,52645888,755142656,232980480,943050752,1073737728,834106,38523,6,2353755,48063,0,714623,3376,854125056,39447552,1288970,964066,7,2,0,0,0,56002,126495
1778298695718,2576228352,52645888,755142656,232980480,943050752,1073737728,834106,38523,6,2355897,48063,0,715429,3376,854125056,39447552,1290144,965110,7,2,0,0,0,56002,126495
1778298696015,2576228352,52645888,755142656,232980480,943050752,1073737728,834106,38523,6,2357533,48063,0,715429,3376,854125056,39447552,1291126,965962,7,2,0,0,0,56002,126495
1778298696310,2576228352,52645888,755146752,232980480,943075328,1073737728,834106,38567,6,2359179,48063,0,715429,3376,854125056,39492608,1291324,966048,7,2,0,0,0,56002,126496
1778298696605,2576228352,52654080,755146752,232988672,943046656,1073737728,834106,38583,6,2361320,48063,0,716233,3376,854125056,39508992,1292530,966180,7,2,0,0,0,56004,126497
1778298696901,2576228352,52654080,755146752,232988672,943046656,1073737728,834106,38583,6,2362952,48063,0,716233,3376,854125056,39508992,1294898,967380,7,2,0,0,0,56004,126497
1778298697197,2576228352,52654080,755146752,232988672,943046656,1073737728,834106,38583,6,2364582,48063,0,716233,3376,854125056,39508992,1296866,968306,7,2,0,0,0,56004,126497
1778298697494,2576228352,52654080,755146752,232988672,943046656,1073737728,834106,38583,6,2366215,48063,0,716233,3376,854125056,39508992,1297198,968386,7,2,0,0,0,56004,126497
1778298697790,2576228352,52654080,755146752,232988672,942743552,1073737728,834106,38583,6,2368358,48063,0,717039,3376,854125056,39508992,1299342,969472,7,2,0,0,0,56004,126497
1778298698086,2576228352,52654080,755146752,232988672,943034368,1073737728,834106,38583,6,2369991,48063,0,717039,3376,854125056,39508992,1299598,970504,7,2,0,0,0,56004,126497
1778298698383,2576228352,52654080,755150848,232988672,943034368,1073737728,834106,38583,6,2371622,48063,0,717039,3376,854125056,39508992,1299796,970544,7,2,0,0,0,56004,126497
1778298698678,2576228352,52654080,755150848,232988672,943075328,1073737728,834106,38583,6,2373752,48063,0,717844,3376,854125056,39508992,1301110,971810,7,2,0,0,0,56004,126498
1778298698974,2576228352,52654080,755150848,232988672,943087616,1073737728,834106,38607,6,2375386,48063,0,717844,3376,854125056,39533568,1301990,972486,7,2,0,0,0,56004,126498
1778298699270,2576228352,52654080,755150848,232988672,943087616,1073737728,834106,38607,6,2377016,48063,0,717844,3376,854125056,39533568,1302188,972526,7,2,0,0,0,56004,126498
1778298699559,2576228352,52654080,755150848,232988672,943087616,1073737728,834106,38607,6,2378647,48063,0,717844,3376,854125056,39533568,1302386,972612,7,2,0,0,0,56004,126498
1778298699854,2576228352,52654080,755150848,232988672,943087616,1073737728,834106,38607,6,2380775,48063,0,718650,3376,854125056,39533568,1305816,974068,7,2,0,0,0,56004,126498
1778298700150,2576228352,52654080,755150848,232988672,943079424,1073737728,834106,38607,6,2382408,48063,0,718650,3376,854125056,39533568,1307612,974764,7,2,0,0,0,56004,126498
1778298700444,2576228352,52654080,755154944,232988672,943079424,1073737728,834106,38607,6,2384038,48063,0,718650,3376,854125056,39533568,1307810,974850,7,2,0,0,0,56004,126498
1778298700738,2576228352,52654080,755154944,232988672,943046656,1073737728,834106,38607,6,2386197,48063,0,719458,3376,854125056,39533568,1309764,975634,7,2,0,0,0,56004,126499
1778298701033,2576228352,52654080,755154944,232988672,943046656,1073737728,834106,38607,6,2387827,48063,0,719458,3376,854125056,39533568,1310190,975920,7,2,0,0,0,56004,126499
1778298701325,2576228352,52654080,755154944,232988672,943046656,1073737728,834106,38607,6,2389457,48063,0,719458,3376,854125056,39533568,1310490,977060,7,2,0,0,0,56004,126499
1778298701622,2576228352,52658176,755150848,232988672,943046656,1073737728,834106,38643,6,2391101,48063,0,719466,3376,854125056,39574528,1310688,978024,7,2,0,0,0,56004,126499
1778298701915,2576392192,52662272,755146752,232988672,943198208,1073737728,834106,38647,6,2393246,48063,0,720272,3376,854125056,39574528,1312538,978922,7,2,0,0,0,56004,126499
1778298702209,2576494592,52662272,755154944,232996864,943104000,1073737728,834106,38647,6,2394892,48063,0,720272,3376,854125056,39574528,1312752,978962,7,2,0,0,0,56006,126499
1778298702505,2576494592,52662272,755159040,232996864,943104000,1073737728,834106,38647,6,2396522,48063,0,720272,3376,854125056,39574528,1312950,978962,7,2,0,0,0,56006,126499
1778298702801,2576494592,52662272,755159040,232996864,943083520,1073737728,834106,38647,6,2398678,48063,0,721075,3376,854125056,39574528,1314872,979848,7,2,0,0,0,56006,126500
1778298703098,2576494592,52662272,755159040,232996864,943083520,1073737728,834106,38647,6,2400308,48063,0,721075,3376,854125056,39574528,1316668,980504,7,2,0,0,0,56006,126500
1778298703394,2576494592,52662272,755159040,232996864,943083520,1073737728,834106,38647,6,2401938,48063,0,721075,3376,854125056,39574528,1318464,981206,7,2,0,0,0,56006,126500
1778298703690,2576494592,52662272,755159040,232996864,943083520,1073737728,834106,38647,6,2403598,48063,0,721083,3376,854125056,39574528,1318886,981366,7,2,0,0,0,56006,126500
1778298703985,2576494592,52662272,755159040,232996864,943083520,1073737728,834106,38647,6,2405717,48063,0,721884,3376,854125056,39574528,1320854,982326,7,2,0,0,0,56006,126500
1778298704282,2576494592,52662272,755167232,232996864,943099904,1073737728,834106,38647,6,2407349,48063,0,721884,3376,854125056,39574528,1321052,983336,7,2,0,0,0,56006,126501
1778298704571,2576494592,52662272,755167232,232996864,943099904,1073737728,834106,38647,6,2408980,48063,0,721884,3376,854125056,39574528,1321250,983376,7,2,0,0,0,56006,126501
1778298704866,2576494592,52662272,755167232,232996864,943075328,1073737728,834106,38647,6,2411129,48063,0,722691,3376,854125056,39574528,1323020,985056,7,2,0,0,0,56006,126502
1778298705158,2576494592,52662272,755167232,232996864,943075328,1073737728,834106,38647,6,2412760,48063,0,722691,3376,854125056,39574528,1323234,985142,7,2,0,0,0,56006,126502
1778298705454,2576494592,52662272,755167232,232996864,943075328,1073737728,834106,38647,6,2414390,48063,0,722691,3376,854125056,39574528,1323534,985318,7,2,0,0,0,56006,126502
1778298705750,2576494592,52662272,755167232,232996864,943075328,1073737728,834106,38647,6,2416021,48063,0,722691,3376,854125056,39574528,1324304,985902,7,2,0,0,0,56006,126502
1778298706039,2576494592,52662272,755171328,232996864,943071232,1073737728,834106,38647,6,2418170,48063,0,723496,3376,854125056,39574528,1327232,986860,7,2,0,0,0,56006,126502
1778298706333,2576494592,52662272,755171328,232996864,943071232,1073737728,834106,38647,6,2419804,48063,0,723496,3376,854125056,39574528,1329130,987516,7,2,0,0,0,56006,126502
1778298706629,2576494592,52670464,755163136,232996864,943071232,1073737728,834106,38663,6,2421435,48063,0,723496,3376,854125056,39590912,1329398,987562,7,2,0,0,0,56006,126502
1778298706919,2576494592,52670464,755171328,233005056,943099904,1073737728,834106,38663,6,2423586,48063,0,724303,3376,854125056,39590912,1331666,988762,7,2,0,0,0,56008,126503
1778298707214,2576494592,52670464,755171328,233005056,943099904,1073737728,834106,38663,6,2425216,48063,0,724303,3376,854125056,39590912,1331880,989726,7,2,0,0,0,56008,126503
1778298707510,2576494592,52670464,755171328,233005056,943099904,1073737728,834106,38663,6,2426846,48063,0,724303,3376,854125056,39590912,1332148,989812,7,2,0,0,0,56008,126503
1778298707806,2576494592,52670464,755171328,233005056,943099904,1073737728,834106,38663,6,2428478,48063,0,724303,3376,854125056,39590912,1333012,991452,7,2,0,0,0,56008,126503
1778298708102,2576494592,52670464,755171328,233005056,942948352,1073737728,834106,38663,6,2430616,48063,0,725110,3376,854125056,39590912,1334272,991748,7,2,0,0,0,56008,126503
1778298708398,2576494592,52670464,755183616,233005056,943108096,1073737728,834106,38663,6,2432265,48063,0,725110,3376,854125056,39590912,1334540,991834,7,2,0,0,0,56008,126503
1778298708694,2576494592,52670464,755183616,233005056,943108096,1073737728,834106,38663,6,2433895,48063,0,725110,3376,854125056,39590912,1334738,991874,7,2,0,0,0,56008,126503
1778298708990,2576494592,52670464,755183616,233005056,943132672,1073737728,834106,38663,6,2436048,48063,0,725932,3376,854125056,39590912,1338022,993250,7,2,0,0,0,56008,126506
1778298709285,2576494592,52686848,755167232,233005056,943132672,1073737728,834106,38751,6,2437682,48063,0,725932,3376,854125056,39681024,1339990,993992,7,2,0,0,0,56008,126506
1778298709582,2576494592,52686848,755167232,233005056,943132672,1073737728,834106,38751,6,2439312,48063,0,725932,3376,854125056,39681024,1340290,994248,7,2,0,0,0,56008,126506
1778298709877,2576494592,52686848,755167232,233005056,943132672,1073737728,834106,38751,6,2440946,48063,0,725932,3376,854125056,39681024,1341566,995158,7,2,0,0,0,56008,126506
1778298710173,2576494592,52686848,755187712,233021440,943161344,1073737728,834106,38751,6,2443094,48063,0,726745,3376,854125056,39681024,1343024,996306,7,2,0,0,0,56012,126507
1778298710469,2576494592,52686848,755187712,233021440,943161344,1073737728,834106,38751,6,2444724,48063,0,726745,3376,854125056,39681024,1343222,996346,7,2,0,0,0,56012,126507
1778298710765,2576494592,52686848,755187712,233021440,943161344,1073737728,834106,38751,6,2446388,48063,0,726746,3376,854125056,39681024,1344156,997992,7,2,0,0,0,56012,126507
1778298711058,2576494592,52686848,755187712,233017344,943149056,1073737728,834106,38751,6,2448529,48063,0,727551,3376,854125056,39681024,1345458,998496,7,2,0,0,0,56012,126507
1778298711347,2576494592,52686848,755187712,233017344,943149056,1073737728,834106,38751,6,2450160,48063,0,727551,3376,854125056,39681024,1345672,998536,7,2,0,0,0,56012,126507
1778298711641,2576494592,52686848,755187712,233021440,943190016,1073737728,834106,38751,6,2451790,48063,0,727551,3376,854125056,39681024,1345940,998622,7,2,0,0,0,56012,126507
1778298711934,2576494592,52686848,755187712,233021440,943190016,1073737728,834106,38751,6,2453422,48063,0,727551,3376,854125056,39681024,1348292,999822,7,2,0,0,0,56012,126507
1778298712230,2576658432,52686848,755187712,233021440,943140864,1073737728,834106,38751,6,2455571,48063,0,728364,3376,854125056,39681024,1351112,1000740,7,2,0,0,0,56012,126507
1778298712519,2576658432,52686848,755187712,233021440,943140864,1073737728,834106,38751,6,2457206,48063,0,728364,3376,854125056,39681024,1351428,1000780,7,2,0,0,0,56012,126507
1778298712813,2576658432,52686848,755187712,233021440,943140864,1073737728,834106,38751,6,2458838,48063,0,728364,3376,854125056,39681024,1352516,1001332,7,2,0,0,0,56012,126507
1778298713107,2576760832,52686848,755195904,233021440,943206400,1073737728,834106,38751,6,2460977,48063,0,729165,3376,854125056,39681024,1353926,1002598,7,2,0,0,0,56012,126509
1778298713401,2576760832,52686848,755195904,233021440,943206400,1073737728,834106,38751,6,2462607,48063,0,729165,3376,854125056,39681024,1354140,1002678,7,2,0,0,0,56012,126509
1778298713695,2576760832,52686848,755195904,233021440,943206400,1073737728,834106,38751,6,2464238,48063,0,729165,3376,854125056,39681024,1354440,1003778,7,2,0,0,0,56012,126509
1778298713990,2576760832,52686848,755200000,233021440,943206400,1073737728,834106,38751,6,2465870,48063,0,729165,3376,854125056,39681024,1355390,1004580,7,2,0,0,0,56012,126509
1778298714286,2577018880,52695040,755200000,233021440,943214592,1073737728,834106,38767,6,2468027,48064,0,729975,3376,854125056,39726080,1356548,1004660,7,2,0,0,0,56012,126510
1778298714580,2577018880,52695040,755200000,233021440,943214592,1073737728,834106,38795,6,2469657,48064,0,729975,3376,854137344,39767040,1356960,1004700,7,2,0,0,0,56012,126510
1778298714878,2571857920,52719616,755671040,233041920,952205312,1073737728,834702,38835,6,2471483,48066,0,732598,3376,854911488,39767040,1359484,1006122,7,2,0,0,0,56016,126622
1778298715173,2572414976,52731904,756080640,233463808,943493120,1073737728,834878,38835,6,2476323,48164,0,734112,3376,854915584,39767040,1362250,1006858,7,2,0,0,0,56120,126596
1778298715468,2572414976,52731904,756080640,233463808,943493120,1073737728,834878,38835,6,2477957,48164,0,734112,3376,854915584,39767040,1362652,1006944,7,2,0,0,0,56120,126596
1778298715762,2572414976,52731904,756080640,233463808,943493120,1073737728,834878,38835,6,2479590,48164,0,734112,3376,854915584,39767040,1363532,1007664,7,2,0,0,0,56120,126596
1778298716055,2572414976,52731904,756084736,233467904,943546368,1073737728,834878,38835,6,2481221,48164,0,734112,3376,854915584,39767040,1363958,1008788,7,2,0,0,0,56121,126596
1778298716350,2572169216,52731904,756084736,233480192,943669248,1073737728,834878,38835,6,2483367,48164,0,734924,3376,854915584,39767040,1365330,1009234,7,2,0,0,0,56123,126597
1778298716644,2572169216,52731904,756084736,233480192,943669248,1073737728,834878,38835,6,2484998,48164,0,734924,3376,854915584,39767040,1365528,1010198,7,2,0,0,0,56123,126597
1778298716938,2572169216,52731904,756084736,233480192,943681536,1073737728,834878,38991,6,2486630,48164,0,734924,3376,854915584,39926784,1366392,1010874,7,2,0,0,0,56123,126597
1778298717232,2572357632,52731904,756101120,233480192,943652864,1073737728,834878,38991,6,2488771,48164,0,735730,3376,854915584,39926784,1367484,1011176,7,2,0,0,0,56123,126597
1778298717521,2572357632,52731904,756101120,233480192,943652864,1073737728,834878,38991,6,2490401,48164,0,735730,3376,854915584,39926784,1367698,1011216,7,2,0,0,0,56123,126597
1778298717816,2572357632,52731904,756101120,233480192,943652864,1073737728,834878,38991,6,2492034,48164,0,735730,3376,854915584,39926784,1368468,1011800,7,2,0,0,0,56123,126597
1778298718112,2572468224,52731904,756105216,233476096,943562752,1073737728,834878,38991,6,2493665,48164,0,735730,3376,854915584,39926784,1370436,1012638,7,2,0,0,0,56123,126597
1778298718407,2573443072,52731904,756105216,233476096,943624192,1073737728,834878,38991,6,2495821,48164,0,736533,3376,854915584,39926784,1373206,1013530,7,2,0,0,0,56123,126598
1778298718702,2573443072,52731904,756105216,233476096,943624192,1073737728,834878,38991,6,2497453,48164,0,736533,3376,854915584,39926784,1373820,1014024,7,2,0,0,0,56123,126598
1778298719000,2573443072,52731904,756105216,233476096,943624192,1073737728,834878,38991,6,2499088,48164,0,736533,3376,854915584,39926784,1374920,1014984,7,2,0,0,0,56123,126598
1778298719294,2573512704,52731904,756105216,233472000,943501312,1073737728,834878,38991,6,2501233,48165,0,737343,3376,854915584,39926784,1375878,1016028,7,2,0,0,0,56123,126598
1778298719589,2573512704,52731904,756105216,233472000,943501312,1073737728,834878,39059,6,2502863,48165,0,737343,3376,854915584,39996416,1376162,1016114,7,2,0,0,0,56123,126598
1778298719885,2573512704,52740096,756097024,233472000,943501312,1073737728,834878,39187,6,2504493,48165,0,737343,3376,854915584,40127488,1376454,1017558,7,2,0,0,0,56123,126598
1778298720180,2573451264,52740096,756113408,233476096,943616000,1073737728,834878,39187,6,2506140,48165,0,737343,3376,854915584,40127488,1376652,1017638,7,2,0,0,0,56123,126599
1778298720477,2574213120,52740096,756113408,233476096,943587328,1073737728,834878,39187,6,2508278,48165,0,738151,3376,854915584,40127488,1377760,1017940,7,2,0,0,0,56124,126599
1778298720767,2574213120,52740096,756113408,233476096,943587328,1073737728,834878,39187,6,2509913,48165,0,738151,3376,854915584,40127488,1377958,1018524,7,2,0,0,0,56124,126599
1778298721062,2574327808,52740096,756113408,233480192,943583232,1073737728,834878,39187,6,2511544,48165,0,738151,3376,854915584,40127488,1380006,1019316,7,2,0,0,0,56124,126599
1778298721356,2575122432,52740096,756113408,233480192,943497216,1073737728,834878,39187,6,2513687,48165,0,738955,3376,854915584,40127488,1382810,1020138,7,2,0,0,0,56124,126599
1778298721651,2574864384,52740096,756117504,233480192,943497216,1073737728,834922,39187,6,2515360,48165,0,739170,3377,854960640,40127488,1383248,1020258,7,2,0,0,0,56124,126599
1778298721946,2574864384,52740096,756174848,233480192,943620096,1073737728,834922,39187,6,2516994,48165,0,739170,3377,854960640,40127488,1385534,1021396,7,2,0,0,0,56124,126599
1778298722241,2574864384,52740096,756174848,233480192,943620096,1073737728,834922,39187,6,2518625,48165,0,739170,3377,854960640,40127488,1385748,1022360,7,2,0,0,0,56124,126609
1778298722537,2574606336,52740096,756174848,233484288,943620096,1073737728,834922,39187,6,2520769,48165,0,739979,3377,854960640,40127488,1386922,1022520,7,2,0,0,0,56124,126611
1778298722833,2574606336,52740096,756174848,233484288,943620096,1073737728,834922,39187,6,2522404,48165,0,739979,3377,854960640,40127488,1387786,1024206,7,2,0,0,0,56124,126611
1778298723124,2574606336,52740096,756174848,233480192,943669248,1073737728,834922,39187,6,2524034,48165,0,739979,3377,854960640,40127488,1388000,1024246,7,2,0,0,0,56124,126612
1778298723418,2574606336,52740096,756174848,233480192,943583232,1073737728,834922,39187,6,2526176,48165,0,740788,3377,854960640,40127488,1388942,1024286,7,2,0,0,0,56124,126612
1778298723712,2574606336,52740096,756174848,233480192,943583232,1073737728,834922,39187,6,2527807,48165,0,740788,3377,854960640,40127488,1389328,1024548,7,2,0,0,0,56124,126612
1778298724008,2574606336,52740096,756174848,233480192,943583232,1073737728,834922,39187,6,2529441,48165,0,740788,3377,854960640,40127488,1391696,1025788,7,2,0,0,0,56124,126612
1778298724302,2574606336,52740096,756178944,233484288,943661056,1073737728,834922,39187,6,2531074,48165,0,740788,3377,854960640,40127488,1393594,1026530,7,2,0,0,0,56125,126614
1778298724597,2574348288,52740096,756178944,233484288,943648768,1073737728,834922,39231,6,2533234,48165,0,741595,3377,854960640,40172544,1395094,1026994,7,2,0,0,0,56125,126615
1778298724893,2574348288,52740096,756178944,233484288,943648768,1073737728,834922,39231,6,2534870,48165,0,741595,3377,854960640,40172544,1396402,1027994,7,2,0,0,0,56125,126615
1778298725188,2574348288,52748288,756170752,233484288,943648768,1073737728,834922,39287,6,2536500,48165,0,741595,3377,854960640,40229888,1396616,1029004,7,2,0,0,0,56125,126615
1778298725483,2573852672,52748288,756170752,233488384,943652864,1073737728,834922,39287,6,2538643,48165,0,742399,3377,854960640,40229888,1397820,1029200,7,2,0,0,0,56125,126615
1778298725777,2573852672,52748288,756170752,233488384,943652864,1073737728,834922,39287,6,2540275,48165,0,742399,3377,854960640,40229888,1398684,1030840,7,2,0,0,0,56125,126615
1778298726072,2573852672,52748288,756183040,233492480,943656960,1073737728,834922,39287,6,2541905,48165,0,742399,3377,854960640,40229888,1399000,1031102,7,2,0,0,0,56127,126615
1778298726367,2573791232,52748288,756183040,233492480,943656960,1073737728,834922,39287,6,2543553,48165,0,742399,3377,854960640,40229888,1399240,1031188,7,2,0,0,0,56127,126615
1778298726664,2574106624,52748288,756183040,233496576,943767552,1073737728,834922,39415,6,2545696,48165,0,743206,3377,854960640,40360960,1400376,1031348,7,2,0,0,0,56127,126616
1778298726959,2574106624,52748288,756183040,233496576,943767552,1073737728,834922,39415,6,2547334,48165,0,743206,3377,854960640,40360960,1402744,1032594,7,2,0,0,0,56127,126616
1778298727254,2574143488,52748288,756183040,233492480,943685632,1073737728,834922,39571,6,2548964,48165,0,743206,3377,854960640,40520704,1404524,1033250,7,2,0,0,0,56127,126616
1778298727548,2573885440,52748288,756187136,233492480,943562752,1073737728,834922,39571,6,2551114,48165,0,744015,3377,854960640,40520704,1405810,1033592,7,2,0,0,0,56127,126617
1778298727842,2573885440,52748288,756187136,233492480,943562752,1073737728,834922,39571,6,2552748,48165,0,744015,3377,854960640,40520704,1406906,1034416,7,2,0,0,0,56127,126617
1778298728137,2573885440,52748288,756187136,233492480,943652864,1073737728,834922,39571,6,2554380,48165,0,744015,3377,854960640,40520704,1407222,1035460,7,2,0,0,0,56127,126617
1778298728432,2573885440,52748288,756187136,233492480,943652864,1073737728,834922,39571,6,2556010,48165,0,744015,3377,854960640,40520704,1407420,1035546,7,2,0,0,0,56127,126617
1778298728723,2574413824,52748288,756187136,233488384,943636480,1073737728,834922,39571,6,2558146,48165,0,744822,3377,854960640,40520704,1408426,1036686,7,2,0,0,0,56127,126617
1778298729019,2574413824,52748288,756187136,233488384,943636480,1073737728,834922,39571,6,2559780,48165,0,744822,3377,854960640,40520704,1409392,1037538,7,2,0,0,0,56127,126617
1778298729313,2574422016,52748288,756187136,233492480,943677440,1073737728,834922,39571,6,2561410,48165,0,744822,3377,854960640,40520704,1409590,1037624,7,2,0,0,0,56127,126617
1778298729605,2575216640,52748288,756187136,233492480,943722496,1073737728,834922,39571,6,2563560,48165,0,745632,3377,854960640,40537088,1410742,1037808,7,2,0,0,0,56127,126617
1778298729901,2575216640,52748288,756187136,233492480,943722496,1073737728,834922,39591,6,2565193,48165,0,745632,3377,854960640,40541184,1413324,1039060,7,2,0,0,0,56127,126617
1778298730196,2575216640,52748288,756191232,233492480,943648768,1073737728,834922,39591,6,2566824,48165,0,745640,3377,854960640,40569856,1415276,1039938,7,2,0,0,0,56127,126618
1778298730490,2575216640,52756480,756195328,233492480,943648768,1073737728,834922,39619,6,2568457,48165,0,745640,3377,854960640,40569856,1415608,1039978,7,2,0,0,0,56127,126618
1778298730786,2575372288,52756480,756195328,233500672,943611904,1073737728,834922,39619,6,2570619,48165,0,746447,3377,854960640,40569856,1417450,1040928,7,2,0,0,0,56129,126619
1778298731080,2575495168,52756480,756195328,233500672,943673344,1073737728,834922,39619,6,2572250,48165,0,746447,3377,854960640,40569856,1417706,1041960,7,2,0,0,0,56129,126619
1778298731375,2575495168,52756480,756195328,233500672,943673344,1073737728,834922,39619,6,2573882,48165,0,746447,3377,854960640,40569856,1417904,1042000,7,2,0,0,0,56129,126619
1778298731669,2576031744,52756480,756195328,233500672,943628288,1073737728,834922,39619,6,2576037,48165,0,747257,3377,854960640,40569856,1419336,1043362,7,2,0,0,0,56129,126619
1778298731964,2576031744,52756480,756199424,233500672,943710208,1073737728,834922,39619,6,2577667,48165,0,747257,3377,854960640,40569856,1419644,1043650,7,2,0,0,0,56129,126619
1778298732258,2575712256,52756480,756199424,233500672,943710208,1073737728,834922,39619,6,2579313,48165,0,747257,3377,854960640,40569856,1419842,1043690,7,2,0,0,0,56129,126619
1778298732550,2575712256,52756480,756199424,233500672,943710208,1073737728,834922,39619,6,2580943,48165,0,747257,3377,854960640,40569856,1420126,1043776,7,2,0,0,0,56129,126619
1778298732848,2575544320,52756480,756199424,233504768,943607808,1073737728,834922,39619,6,2583089,48165,0,748067,3377,854960640,40569856,1421154,1044400,7,2,0,0,0,56129,126620
1778298733142,2575544320,52756480,756199424,233500672,943685632,1073737728,834922,39619,6,2584720,48165,0,748067,3377,854960640,40569856,1423956,1045410,7,2,0,0,0,56129,126620
1778298733436,2575544320,52756480,756199424,233500672,943685632,1073737728,834922,39619,6,2586350,48165,0,748067,3377,854960640,40569856,1424784,1045758,7,2,0,0,0,56129,126620
1778298733727,2575286272,52756480,756199424,233504768,943853568,1073737728,834922,39619,6,2588494,48165,0,748875,3377,854960640,40569856,1426200,1046498,7,2,0,0,0,56129,126620
1778298734023,2575286272,52756480,756207616,233500672,943714304,1073737728,834922,39619,6,2590129,48165,0,748875,3377,854960640,40569856,1428400,1047500,7,2,0,0,0,56129,126621
1778298734315,2575286272,52756480,756207616,233500672,943714304,1073737728,834922,39619,6,2591760,48165,0,748875,3377,854960640,40569856,1428598,1048464,7,2,0,0,0,56129,126621
1778298734609,2575286272,52756480,756207616,233500672,943714304,1073737728,834922,39619,6,2593390,48165,0,748875,3377,854960640,40569856,1428898,1048680,7,2,0,0,0,56129,126621
1778298734904,2575028224,52756480,756207616,233500672,943730688,1073737728,834922,39619,6,2595533,48165,0,749682,3377,854960640,40569856,1431000,1050498,7,2,0,0,0,56129,126621
1778298735198,2575028224,52756480,756215808,233500672,943710208,1073737728,834922,39655,6,2597164,48165,0,749682,3377,854960640,40606720,1431214,1050538,7,2,0,0,0,56129,126622
1778298735493,2575028224,52764672,756211712,233500672,943710208,1073737728,834922,39707,6,2598795,48165,0,749682,3377,854960640,40659968,1431428,1050578,7,2,0,0,0,56129,126622
1778298735788,2574770176,52764672,756211712,233500672,943702016,1073737728,834922,39707,6,2600931,48165,0,750485,3377,854960640,40659968,1433168,1051464,7,2,0,0,0,56129,126623
1778298736083,2574770176,52764672,756219904,233508864,943706112,1073737728,834922,39707,6,2602564,48165,0,750485,3377,854960640,40659968,1435066,1052296,7,2,0,0,0,56131,126623
1778298736378,2574770176,52764672,756219904,233508864,943706112,1073737728,834922,39707,6,2604196,48165,0,750485,3377,854960640,40659968,1437248,1053090,7,2,0,0,0,56131,126623
1778298736672,2574770176,52764672,756219904,233508864,943706112,1073737728,834922,39707,6,2605828,48165,0,750486,3377,854960640,40659968,1437654,1053210,7,2,0,0,0,56131,126623
1778298736969,2574266368,52764672,756219904,233508864,943861760,1073737728,834922,39707,6,2607965,48165,0,751291,3377,854960640,40659968,1439620,1054046,7,2,0,0,0,56131,126623
1778298737265,2574266368,52764672,756219904,233508864,943714304,1073737728,834922,39707,6,2609595,48165,0,751291,3377,854960640,40659968,1439990,1055232,7,2,0,0,0,56131,126623
1778298737560,2574266368,52764672,756219904,233508864,943714304,1073737728,834922,39707,6,2611225,48165,0,751291,3377,854960640,40659968,1440188,1055272,7,2,0,0,0,56131,126623
1778298737855,2574266368,52764672,756219904,233504768,943644672,1073737728,834922,39707,6,2613377,48165,0,752103,3377,854960640,40659968,1441930,1057056,7,2,0,0,0,56131,126623
1778298738149,2574188544,52764672,756224000,233508864,943722496,1073737728,834922,39707,6,2615023,48165,0,752103,3377,854960640,40659968,1442214,1057142,7,2,0,0,0,56131,126624
1778298738444,2574188544,52764672,756224000,233508864,943722496,1073737728,834922,39707,6,2616653,48165,0,752103,3377,854960640,40659968,1442412,1057182,7,2,0,0,0,56131,126624
1778298738737,2574188544,52764672,756224000,233508864,943722496,1073737728,834922,39707,6,2618283,48165,0,752103,3377,854960640,40659968,1442712,1057902,7,2,0,0,0,56131,126624
1778298739032,2574299136,52764672,756224000,233508864,943747072,1073737728,834922,39707,6,2620416,48165,0,752928,3377,854960640,40659968,1446072,1058724,7,2,0,0,0,56131,126624
1778298739321,2574299136,52764672,756232192,233508864,943808512,1073737728,834922,39707,6,2622048,48165,0,752928,3377,854960640,40659968,1447954,1059380,7,2,0,0,0,56131,126625
1778298739615,2574299136,52764672,756232192,233508864,943808512,1073737728,834922,39707,6,2623679,48165,0,752928,3377,854960640,40659968,1448222,1059466,7,2,0,0,0,56131,126625
1778298739909,2574299136,52764672,756232192,233512960,943845376,1073737728,834922,39707,6,2625832,48166,0,753733,3377,854960640,40659968,1450526,1060850,7,2,0,0,0,56131,126626
1778298740205,2574299136,52764672,756232192,233508864,943788032,1073737728,834922,39707,6,2627462,48166,0,753733,3377,854960640,40659968,1450740,1061814,7,2,0,0,0,56131,126626
1778298740501,2574299136,52772864,756224000,233508864,943788032,1073737728,834922,39791,6,2629092,48166,0,753733,3377,854960640,40745984,1451008,1061900,7,2,0,0,0,56131,126626
1778298740796,2574299136,52772864,756224000,233508864,943788032,1073737728,834922,39791,6,2630725,48166,0,753733,3377,854960640,40745984,1451872,1063500,7,2,0,0,0,56131,126626
1778298741093,2574041088,52772864,756236288,233517056,943824896,1073737728,834922,39791,6,2632871,48166,0,754544,3377,854960640,40745984,1452954,1063620,7,2,0,0,0,56133,126629
1778298741386,2574041088,52772864,756236288,233517056,943824896,1073737728,834922,39791,6,2634501,48166,0,754544,3377,854960640,40745984,1453538,1063882,7,2,0,0,0,56133,126629
1778298741681,2574041088,52772864,756236288,233517056,943824896,1073737728,834922,39791,6,2636131,48166,0,754544,3377,854960640,40745984,1453736,1063882,7,2,0,0,0,56133,126629
1778298741977,2573783040,52772864,756236288,233517056,943796224,1073737728,834922,39791,6,2638270,48166,0,755353,3377,854960640,40745984,1457278,1065340,7,2,0,0,0,56133,126629
1778298742273,2573783040,52772864,756236288,233517056,943796224,1073737728,834922,39791,6,2639900,48166,0,755353,3377,854960640,40745984,1459074,1065996,7,2,0,0,0,56133,126629
1778298742567,2573783040,52772864,756236288,233517056,943796224,1073737728,834922,39791,6,2641530,48166,0,755353,3377,854960640,40745984,1459390,1066036,7,2,0,0,0,56133,126629
1778298742862,2573783040,52772864,756240384,233517056,941989888,1073737728,834922,39791,6,2643652,48166,0,755355,3377,854960640,40745984,1460650,1067042,7,2,0,0,0,56133,126629
1778298743152,2573783040,52772864,756240384,233517056,941899776,1073737728,834922,39791,6,2645796,48166,0,756163,3377,854960640,40745984,1462218,1068234,7,2,0,0,0,56133,126629
1778298743446,2573783040,52772864,756240384,233517056,941899776,1073737728,834922,39791,6,2647426,48166,0,756163,3377,854960640,40745984,1462416,1068314,7,2,0,0,0,56133,126629
1778298743741,2573783040,52772864,756240384,233517056,941899776,1073737728,834922,39791,6,2649056,48166,0,756163,3377,854960640,40745984,1462614,1069752,7,2,0,0,0,56133,126629
1778298744034,2573783040,52772864,756240384,233517056,941920256,1073737728,834922,39791,6,2651207,48166,0,756969,3377,854960640,40745984,1463752,1070068,7,2,0,0,0,56133,126629
1778298744325,2573783040,52772864,756240384,233517056,941920256,1073737728,834922,39791,6,2652854,48166,0,756969,3377,854960640,40745984,1464068,1070284,7,2,0,0,0,56133,126629
1778298744621,2573783040,52772864,756240384,233517056,941920256,1073737728,834922,39791,6,2654484,48166,0,756969,3377,854960640,40745984,1464336,1070370,7,2,0,0,0,56133,126629
1778298744913,2573783040,52772864,756244480,233517056,941920256,1073737728,834922,39791,6,2656114,48166,0,756969,3377,854960640,40745984,1466116,1071530,7,2,0,0,0,56133,126629
1778298745210,2573524992,52772864,756244480,233517056,941895680,1073737728,834922,39791,6,2658273,48166,0,757776,3377,854960640,40745984,1468762,1072364,7,2,0,0,0,56133,126630
1778298745504,2573524992,52781056,756244480,233517056,941895680,1073737728,834922,39831,6,2659905,48166,0,757776,3377,854960640,40786944,1469078,1072404,7,2,0,0,0,56133,126630
1778298745796,2573524992,52781056,756244480,233517056,941895680,1073737728,834922,39831,6,2661537,48166,0,757776,3377,854960640,40807424,1470026,1073412,7,2,0,0,0,56133,126630
1778298746088,2573991936,52781056,756244480,233521152,941916160,1073737728,834922,39851,6,2663701,48166,0,758587,3377,854960640,40807424,1472744,1074822,7,2,0,0,0,56135,126631
1778298746382,2573991936,52781056,756244480,233521152,941916160,1073737728,834922,39851,6,2665331,48166,0,758587,3377,854960640,40807424,1472942,1074862,7,2,0,0,0,56135,126631
1778298746676,2573991936,52781056,756244480,233521152,941916160,1073737728,834922,39851,6,2666962,48166,0,758587,3377,854960640,40807424,1473140,1075826,7,2,0,0,0,56135,126631
1778298746970,2573991936,52781056,756248576,233521152,941916160,1073737728,834922,39851,6,2668592,48166,0,758587,3377,854960640,40807424,1473534,1076452,7,2,0,0,0,56135,126631
1778298747267,2573803520,52781056,756248576,233525248,941981696,1073737728,834922,39851,6,2670727,48166,0,759398,3377,854960640,40807424,1474702,1076788,7,2,0,0,0,56135,126631
1778298747561,2573803520,52781056,756248576,233525248,941981696,1073737728,834922,39851,6,2672361,48166,0,759398,3377,854960640,40807424,1474900,1076828,7,2,0,0,0,56135,126631
1778298747857,2573803520,52781056,756248576,233525248,941981696,1073737728,834922,39851,6,2673991,48166,0,759398,3377,854960640,40807424,1476680,1077958,7,2,0,0,0,56135,126631
1778298748149,2573803520,52781056,756248576,233525248,941772800,1073737728,834922,39851,6,2676138,48166,0,760205,3377,854960640,40807424,1479430,1078694,7,2,0,0,0,56135,126632
1778298748444,2573803520,52781056,756248576,233525248,941772800,1073737728,834922,39851,6,2677768,48166,0,760205,3377,854960640,40807424,1479762,1078832,7,2,0,0,0,56135,126632
1778298748738,2573803520,52781056,756248576,233525248,941772800,1073737728,834922,39851,6,2679400,48166,0,760205,3377,854960640,40807424,1480184,1079380,7,2,0,0,0,56135,126632
1778298749034,2573803520,52781056,756264960,233525248,941899776,1073737728,834922,39851,6,2681037,48166,0,760205,3377,854960640,40807424,1482420,1080228,7,2,0,0,0,56135,126632
1778298749325,2573803520,52781056,756264960,233525248,941862912,1073737728,834922,39851,6,2683185,48166,0,761013,3377,854960640,40807424,1483502,1081318,7,2,0,0,0,56135,126633
1778298749619,2573803520,52781056,756264960,233525248,941862912,1073737728,834922,39851,6,2684816,48166,0,761013,3377,854960640,40807424,1483700,1082282,7,2,0,0,0,56135,126633
1778298749913,2573803520,52781056,756264960,233525248,941862912,1073737728,834922,39851,6,2686446,48166,0,761013,3377,854960640,40807424,1483992,1082686,7,2,0,0,0,56135,126633
1778298750208,2573803520,52781056,756264960,233525248,941891584,1073737728,834922,39851,6,2688623,48166,0,761818,3377,854960640,40807424,1485228,1083092,7,2,0,0,0,56135,126634
1778298750502,2573803520,52781056,756264960,233525248,941891584,1073737728,834922,39851,6,2690255,48166,0,761818,3377,854960640,40807424,1485442,1083092,7,2,0,0,0,56135,126634
1778298750790,2573803520,52789248,756269056,233525248,941891584,1073737728,834922,39907,6,2691892,48166,0,761818,3377,854960640,40864768,1485854,1083676,7,2,0,0,0,56135,126634
1778298751085,2573803520,52789248,756273152,233525248,941961216,1073737728,834922,39943,6,2693524,48166,0,761818,3377,854960640,40901632,1487634,1084378,7,2,0,0,0,56135,126637
1778298751382,2573803520,52789248,756273152,233533440,941953024,1073737728,834922,39943,6,2695664,48166,0,762630,3377,854960640,40901632,1490372,1085250,7,2,0,0,0,56137,126637
1778298751677,2573803520,52789248,756273152,233533440,941953024,1073737728,834922,39943,6,2697294,48166,0,762630,3377,854960640,40901632,1490676,1085416,7,2,0,0,0,56137,126637
1778298751972,2573803520,52789248,756273152,233533440,941953024,1073737728,834922,39943,6,2698932,48166,0,762630,3377,854960640,40901632,1493132,1086660,7,2,0,0,0,56137,126637
1778298752267,2574258176,52789248,756273152,233533440,941801472,1073737728,834922,39943,6,2701073,48166,0,763438,3377,854960640,40901632,1494284,1087784,7,2,0,0,0,56137,126637
1778298752561,2574258176,52789248,756273152,233533440,941801472,1073737728,834922,39943,6,2702703,48166,0,763438,3377,854960640,40901632,1494498,1087870,7,2,0,0,0,56137,126637
1778298752857,2574258176,52789248,756273152,233533440,941801472,1073737728,834922,39943,6,2704333,48166,0,763438,3377,854960640,40901632,1494892,1089414,7,2,0,0,0,56137,126637
1778298753150,2574360576,52789248,756277248,233533440,941940736,1073737728,834922,39943,6,2705964,48166,0,763438,3377,854960640,40901632,1495090,1089454,7,2,0,0,0,56137,126637
1778298753447,2574876672,52789248,756277248,233533440,941916160,1073737728,834922,39943,6,2708105,48166,0,764245,3377,854960640,40901632,1496242,1089620,7,2,0,0,0,56137,126638
1778298753741,2574876672,52789248,756277248,233533440,941916160,1073737728,834922,39943,6,2709735,48166,0,764246,3377,854960640,40901632,1496440,1089972,7,2,0,0,0,56137,126638
1778298754035,2574876672,52789248,756277248,233533440,941916160,1073737728,834922,39943,6,2711366,48166,0,764246,3377,854960640,40901632,1498236,1090674,7,2,0,0,0,56137,126638
1778298754325,2574630912,52789248,756277248,233533440,941916160,1073737728,834922,39943,6,2713500,48166,0,765050,3377,854960640,40901632,1501130,1091578,7,2,0,0,0,56137,126638
1778298754621,2574630912,52789248,756277248,233533440,941916160,1073737728,834922,39943,6,2715131,48166,0,765050,3377,854960640,40901632,1501446,1091794,7,2,0,0,0,56137,126638
1778298754915,2574630912,52789248,756277248,233533440,941916160,1073737728,834922,39943,6,2716770,48166,0,765050,3377,854960640,40901632,1503970,1093092,7,2,0,0,0,56137,126638
1778298755210,2574630912,52789248,756281344,233533440,941961216,1073737728,834922,39943,6,2718400,48166,0,765050,3377,854960640,40901632,1504286,1094232,7,2,0,0,0,56137,126638
1778298755508,2575167488,52789248,756281344,233533440,941957120,1073737728,834922,39943,6,2720547,48166,0,765857,3377,854960640,40901632,1505422,1094352,7,2,0,0,0,56137,126639
1778298755801,2575167488,52797440,756281344,233533440,941957120,1073737728,834922,39987,6,2722179,48166,0,765857,3377,854960640,40946688,1506030,1095994,7,2,0,0,0,56137,126639
1778298756096,2575167488,52797440,756281344,233533440,941957120,1073737728,834922,40003,6,2723815,48166,0,765857,3377,854960640,40963072,1506228,1095994,7,2,0,0,0,56137,126639
1778298756391,2575466496,52797440,756281344,233533440,941957120,1073737728,834922,40003,6,2725980,48166,0,766669,3377,854960640,40963072,1506940,1096034,7,2,0,0,0,56137,126639
1778298756683,2575466496,52797440,756281344,233533440,941957120,1073737728,834922,40003,6,2727611,48166,0,766669,3377,854960640,40963072,1507806,1096172,7,2,0,0,0,56137,126639
1778298756978,2575474688,52797440,756285440,233541632,941928448,1073737728,834922,40003,6,2729241,48166,0,766669,3377,854960640,40963072,1509816,1097140,7,2,0,0,0,56137,126639
1778298757272,2575474688,52797440,756285440,233541632,941928448,1073737728,834922,40003,6,2730871,48166,0,766669,3377,854960640,40963072,1511596,1097802,7,2,0,0,0,56139,126639
1778298757569,2574442496,52797440,756289536,233541632,941965312,1073737728,834922,40003,6,2733010,48166,0,767476,3377,854960640,40963072,1512768,1098014,7,2,0,0,0,56139,126640
1778298757864,2574442496,52797440,756289536,233541632,941965312,1073737728,834922,40003,6,2734654,48166,0,767476,3377,854960640,40963072,1515094,1099286,7,2,0,0,0,56139,126640
1778298758157,2574442496,52797440,756289536,233541632,941965312,1073737728,834922,40003,6,2736286,48166,0,767476,3377,854960640,40963072,1515496,1100336,7,2,0,0,0,56139,126640
1778298758450,2574909440,52797440,756289536,233541632,941965312,1073737728,834922,40003,6,2738423,48166,0,768280,3377,854960640,40963072,1516788,1100632,7,2,0,0,0,56139,126640
1778298758745,2574909440,52797440,756289536,233541632,941965312,1073737728,834922,40003,6,2740053,48166,0,768280,3377,854960640,40963072,1517104,1102084,7,2,0,0,0,56139,126640
1778298759037,2574909440,52797440,756289536,233541632,941965312,1073737728,834922,40003,6,2741685,48166,0,768280,3377,854960640,40963072,1517466,1102262,7,2,0,0,0,56139,126640
1778298759328,2574979072,52797440,756293632,233541632,941985792,1073737728,834922,40003,6,2743316,48166,0,768280,3377,854960640,40963072,1517664,1102262,7,2,0,0,0,56139,126641
1778298759621,2574741504,52797440,756293632,233541632,941973504,1073737728,834922,40003,6,2745472,48166,0,769090,3377,854960640,40963072,1518874,1102486,7,2,0,0,0,56139,126641
1778298759915,2574741504,52797440,756293632,233541632,941973504,1073737728,834922,40003,6,2747103,48166,0,769090,3377,854960640,40963072,1520724,1103460,7,2,0,0,0,56139,126641
1778298760209,2574741504,52797440,756293632,233541632,941973504,1073737728,834922,40003,6,2748733,48166,0,769090,3377,854960640,40963072,1522702,1104116,7,2,0,0,0,56139,126641
1778298760505,2574725120,52797440,756293632,233541632,941821952,1073737728,834922,40003,6,2750896,48166,0,769902,3377,854960640,40963072,1524078,1104294,7,2,0,0,0,56139,126641
1778298760799,2574725120,52805632,756285440,233541632,941821952,1073737728,834922,40067,6,2752530,48166,0,769902,3377,854960640,41028608,1525426,1105570,7,2,0,0,0,56139,126641
1778298761090,2574761984,52805632,756297728,233541632,941977600,1073737728,834922,40067,6,2754166,48166,0,769902,3377,854960640,41028608,1526752,1106758,7,2,0,0,0,56139,126641
1778298761384,2574761984,52805632,756297728,233541632,941977600,1073737728,834922,40067,6,2755796,48166,0,769902,3377,854960640,41053184,1527234,1106844,7,2,0,0,0,56139,126641
1778298761679,2575556608,52805632,756297728,233549824,941985792,1073737728,834922,40091,6,2757930,48166,0,770707,3377,854960640,41053184,1528348,1108024,7,2,0,0,0,56141,126643
1778298761974,2575556608,52805632,756297728,233549824,941985792,1073737728,834922,40091,6,2759560,48166,0,770707,3377,854960640,41053184,1528640,1108584,7,2,0,0,0,56141,126643
1778298762269,2575495168,52805632,756297728,233549824,941985792,1073737728,834922,40091,6,2761206,48166,0,770707,3377,854960640,41053184,1528908,1108670,7,2,0,0,0,56141,126643
1778298762564,2575798272,52805632,756297728,233549824,941985792,1073737728,834922,40091,6,2763351,48166,0,771515,3377,854960640,41053184,1529952,1108966,7,2,0,0,0,56141,126643
1778298762858,2575798272,52805632,756297728,233549824,941985792,1073737728,834922,40091,6,2764983,48166,0,771515,3377,854960640,41053184,1531790,1110194,7,2,0,0,0,56141,126643
1778298763150,2575843328,52805632,756310016,233549824,941940736,1073737728,834922,40091,6,2766616,48166,0,771515,3377,854960640,41053184,1533774,1110896,7,2,0,0,0,56141,126644
1778298763444,2575843328,52805632,756310016,233549824,941940736,1073737728,834922,40091,6,2768248,48166,0,771515,3377,854960640,41053184,1534132,1111034,7,2,0,0,0,56141,126644
1778298763738,2576379904,52805632,756314112,233549824,941973504,1073737728,834922,40091,6,2770397,48166,0,772317,3377,854960640,41053184,1535522,1111564,7,2,0,0,0,56141,126644
1778298764034,2576379904,52805632,756314112,233549824,941973504,1073737728,834922,40091,6,2772032,48166,0,772317,3377,854960640,41053184,1537704,1112304,7,2,0,0,0,56141,126644
1778298764323,2576379904,52805632,756314112,233549824,941973504,1073737728,834922,40091,6,2773664,48166,0,772317,3377,854960640,41053184,1537902,1113228,7,2,0,0,0,56141,126644
1778298764618,2577309696,52805632,756314112,233549824,941821952,1073737728,834922,40091,6,2775807,48166,0,773128,3377,854960640,41053184,1539310,1113890,7,2,0,0,0,56141,126644
1778298764910,2577309696,52805632,756314112,233549824,941821952,1073737728,834922,40091,6,2777439,48166,0,773128,3377,854960640,41053184,1540404,1115274,7,2,0,0,0,56141,126644
1778298765205,2577309696,52805632,756314112,233549824,941821952,1073737728,834922,40091,6,2779069,48166,0,773128,3377,854960640,41053184,1540618,1115314,7,2,0,0,0,56141,126644
1778298765500,2577432576,52805632,756318208,233549824,941957120,1073737728,834922,40091,6,2780699,48166,0,773128,3377,854960640,41053184,1540886,1115360,7,2,0,0,0,56141,126644
1778298765795,2577174528,52805632,756318208,233549824,941985792,1073737728,834922,40091,6,2782834,48166,0,773931,3377,854960640,41094144,1541982,1115980,7,2,0,0,0,56141,126646
1778298766090,2577174528,52813824,756318208,233549824,941989888,1073737728,834922,40131,6,2784479,48166,0,773931,3377,854960640,41094144,1543762,1116596,7,2,0,0,0,56141,126647
1778298766384,2577174528,52813824,756322304,233549824,941989888,1073737728,834922,40131,6,2786112,48166,0,773931,3377,854960640,41094144,1546014,1117474,7,2,0,0,0,56141,126647
1778298766678,2576916480,52813824,756322304,233558016,941940736,1073737728,834922,40131,6,2788252,48167,0,774733,3377,854960640,41094144,1547148,1117714,7,2,0,0,0,56143,126647
1778298766973,2576916480,52813824,756322304,233558016,941940736,1073737728,834922,40167,6,2789889,48167,0,774733,3377,854960640,41131008,1548962,1118828,7,2,0,0,0,56143,126647
1778298767269,2576916480,52813824,756322304,233558016,941977600,1073737728,834922,40167,6,2791519,48167,0,774733,3377,854960640,41131008,1549278,1119928,7,2,0,0,0,56143,126649
1778298767561,2576916480,52813824,756322304,233558016,941977600,1073737728,834922,40167,6,2793149,48167,0,774733,3377,854960640,41131008,1549476,1119968,7,2,0,0,0,56143,126649
1778298767856,2576916480,52813824,756322304,233558016,941977600,1073737728,834922,40167,6,2795299,48167,0,775542,3377,854960640,41131008,1550668,1121462,7,2,0,0,0,56143,126649
1778298768144,2576916480,52813824,756322304,233558016,942010368,1073737728,834922,40167,6,2796946,48167,0,775542,3377,854960640,41131008,1550866,1121502,7,2,0,0,0,56143,126649
1778298768438,2576916480,52813824,756326400,233558016,942010368,1073737728,834922,40167,6,2798578,48167,0,775542,3377,854960640,41131008,1551064,1121542,7,2,0,0,0,56143,126649
1778298768730,2576142336,52813824,756326400,233558016,941846528,1073737728,834922,40167,6,2800723,48167,0,776345,3377,854960640,41131008,1552168,1121708,7,2,0,0,0,56143,126649
1778298769024,2576142336,52813824,756326400,233558016,941846528,1073737728,834922,40167,6,2802354,48167,0,776345,3377,854960640,41131008,1553964,1122908,7,2,0,0,0,56143,126649
1778298769317,2576142336,52813824,756326400,233558016,941969408,1073737728,834922,40167,6,2803986,48167,0,776345,3377,854960640,41131008,1555862,1123524,7,2,0,0,0,56143,126649
1778298769610,2576142336,52813824,756326400,233558016,941969408,1073737728,834922,40167,6,2805617,48167,0,776345,3377,854960640,41131008,1556548,1123890,7,2,0,0,0,56143,126649
1778298769907,2575884288,52813824,756326400,233558016,942120960,1073737728,834922,40167,6,2807762,48167,0,777151,3377,854960640,41131008,1559676,1125122,7,2,0,0,0,56143,126649
1778298770201,2575884288,52813824,756330496,233558016,941989888,1073737728,834922,40167,6,2809392,48167,0,777151,3377,854960640,41131008,1560062,1126348,7,2,0,0,0,56143,126650
1778298770497,2575884288,52813824,756330496,233558016,941989888,1073737728,834922,40167,6,2811022,48167,0,777151,3377,854960640,41131008,1560260,1126348,7,2,0,0,0,56143,126650
1778298770792,2575626240,52813824,756330496,233558016,942022656,1073737728,834922,40167,6,2813174,48167,0,777956,3377,854960640,41131008,1561034,1127716,7,2,0,0,0,56143,126651
1778298771087,2575626240,52822016,756322304,233558016,942022656,1073737728,834922,40211,6,2814806,48167,0,777956,3377,854960640,41176064,1561954,1127894,7,2,0,0,0,56143,126651
1778298771381,2575626240,52822016,756330496,233558016,942022656,1073737728,834922,40211,6,2816436,48167,0,777956,3377,854960640,41176064,1562152,1127934,7,2,0,0,0,56143,126651
1778298771675,2575626240,52822016,756330496,233558016,942022656,1073737728,834922,40211,6,2818067,48167,0,777956,3377,854960640,41176064,1562350,1127974,7,2,0,0,0,56143,126651
1778298771971,2575368192,52822016,756330496,233566208,942026752,1073737728,834922,40227,6,2820207,48167,0,778768,3377,854960640,41192448,1565138,1129340,7,2,0,0,0,56145,126651
1778298772265,2575368192,52822016,756334592,233566208,942026752,1073737728,834922,40227,6,2821837,48167,0,778768,3377,854960640,41192448,1567020,1130172,7,2,0,0,0,56145,126651
1778298772559,2575368192,52822016,756338688,233566208,942026752,1073737728,834922,40227,6,2823470,48167,0,778769,3377,854960640,41192448,1567406,1130298,7,2,0,0,0,56145,126651
1778298772854,2575110144,52822016,756338688,233562112,942055424,1073737728,834922,40227,6,2825618,48167,0,779572,3377,854960640,41192448,1570606,1131474,7,2,0,0,0,56145,126653
1778298773148,2575110144,52822016,756338688,233566208,942022656,1073737728,834922,40227,6,2827250,48167,0,779572,3377,854960640,41192448,1570922,1132574,7,2,0,0,0,56145,126653
1778298773442,2575110144,52822016,756338688,233566208,942022656,1073737728,834922,40227,6,2828882,48167,0,779572,3377,854960640,41192448,1571190,1132660,7,2,0,0,0,56145,126653
1778298773736,2575110144,52822016,756338688,233566208,942022656,1073737728,834922,40227,6,2830512,48167,0,779572,3377,854960640,41192448,1571388,1133936,7,2,0,0,0,56145,126653
1778298774032,2575110144,52822016,756338688,233566208,942006272,1073737728,834922,40227,6,2832648,48167,0,780375,3377,854960640,41192448,1572526,1134244,7,2,0,0,0,56145,126653
1778298774321,2575110144,52822016,756342784,233566208,942006272,1073737728,834922,40227,6,2834294,48167,0,780375,3377,854960640,41192448,1572869,1134336,7,2,0,0,0,56145,126653
1778298774616,2575110144,52822016,756342784,233566208,942006272,1073737728,834922,40227,6,2835925,48167,0,780378,3377,854960640,41192448,1573265,1134688,7,2,0,0,0,56145,126653
1778298774910,2575110144,52822016,756342784,233566208,941912064,1073737728,834922,40227,6,2838074,48167,0,781185,3377,854960640,41192448,1576041,1136032,7,2,0,0,0,56145,126653
1778298775205,2575110144,52822016,756342784,233566208,942030848,1073737728,834922,40227,6,2839706,48167,0,781185,3377,854960640,41192448,1577939,1136904,7,2,0,0,0,56145,126653
1778298775501,2575110144,52822016,756342784,233566208,942030848,1073737728,834922,40227,6,2841340,48167,0,781185,3377,854960640,41192448,1578255,1136944,7,2,0,0,0,56145,126653
1778298775796,2575110144,52822016,756350976,233566208,942043136,1073737728,834922,40227,6,2842983,48167,0,781185,3377,854960640,41192448,1578779,1138000,7,2,0,0,0,56145,126655
1778298776090,2575110144,52830208,756355072,233566208,942034944,1073737728,834922,40255,6,2845132,48167,0,781993,3377,854960640,41221120,1581717,1139300,7,2,0,0,0,56145,126655
1778298776384,2575110144,52830208,756355072,233566208,942043136,1073737728,834922,40287,6,2846769,48167,0,781993,3377,854960640,41253888,1581915,1139340,7,2,0,0,0,56145,126657
1778298776678,2575110144,52830208,756355072,233566208,942043136,1073737728,834922,40287,6,2848400,48167,0,781993,3377,854960640,41253888,1582113,1140264,7,2,0,0,0,56145,126657
1778298776974,2574852096,52830208,756355072,233574400,942039040,1073737728,834922,40287,6,2850535,48167,0,782795,3377,854960640,41290752,1583615,1140980,7,2,0,0,0,56147,126657
1778298777269,2574852096,52830208,756355072,233574400,942055424,1073737728,834922,40323,6,2852165,48167,0,782795,3377,854960640,41290752,1584411,1141072,7,2,0,0,0,56147,126657
1778298777564,2574852096,52830208,756355072,233574400,942055424,1073737728,834922,40323,6,2853795,48167,0,782795,3377,854960640,41290752,1584813,1141424,7,2,0,0,0,56147,126657
1778298777860,2574852096,52830208,756359168,233574400,942055424,1073737728,834922,40323,6,2855427,48167,0,782795,3377,854960640,41290752,1586593,1142392,7,2,0,0,0,56147,126657
1778298778154,2575376384,52830208,756359168,233574400,942010368,1073737728,834922,40323,6,2857573,48167,0,783604,3377,854960640,41290752,1589325,1143140,7,2,0,0,0,56147,126657
1778298778448,2575376384,52830208,756359168,233574400,942010368,1073737728,834922,40323,6,2859205,48167,0,783604,3377,854960640,41290752,1589523,1143140,7,2,0,0,0,56147,126657
1778298778741,2575376384,52830208,756359168,233574400,942010368,1073737728,834922,40323,6,2860838,48167,0,783604,3377,854960640,41290752,1589945,1143612,7,2,0,0,0,56147,126657
1778298779038,2575118336,52830208,756363264,233574400,942174208,1073737728,834922,40323,6,2862988,48167,0,784412,3377,854960640,41290752,1592493,1144436,7,2,0,0,0,56147,126658
1778298779331,2575118336,52830208,756363264,233574400,942174208,1073737728,834922,40323,6,2864619,48167,0,784412,3377,854960640,41290752,1592707,1145400,7,2,0,0,0,56147,126658
1778298779626,2575118336,52830208,756363264,233574400,942174208,1073737728,834922,40323,6,2866249,48167,0,784412,3377,854960640,41290752,1592905,1146364,7,2,0,0,0,56147,126658
1778298779917,2575118336,52830208,756367360,233574400,942174208,1073737728,834922,40323,6,2867879,48167,0,784412,3377,854960640,41290752,1593197,1146884,7,2,0,0,0,56147,126658
1778298780213,2575118336,52830208,756367360,233574400,942059520,1073737728,834922,40323,6,2870033,48167,0,785219,3377,854960640,41290752,1594423,1147108,7,2,0,0,0,56147,126660
1778298780508,2575118336,52830208,756367360,233574400,942059520,1073737728,834922,40323,6,2871663,48167,0,785219,3377,854960640,41290752,1594621,1147108,7,2,0,0,0,56147,126660
1778298780796,2575118336,52830208,756367360,233574400,942059520,1073737728,834922,40323,6,2873293,48167,0,785219,3377,854960640,41290752,1595135,1147880,7,2,0,0,0,56147,126660
1778298781091,2574872576,52830208,756367360,233574400,942186496,1073737728,834922,40323,6,2875447,48168,0,786027,3377,854960640,41290752,1597947,1148668,7,2,0,0,0,56147,126660
1778298781385,2574872576,52838400,756367360,233574400,942186496,1073737728,834922,40371,6,2877079,48168,0,786027,3377,854960640,41339904,1599947,1149500,7,2,0,0,0,56147,126660
1778298781681,2574872576,52838400,756367360,233574400,942186496,1073737728,834922,40371,6,2878711,48168,0,786027,3377,854960640,41339904,1600369,1149580,7,2,0,0,0,56147,126660
1778298781975,2574872576,52838400,756371456,233574400,942186496,1073737728,834922,40371,6,2880347,48168,0,786027,3377,854960640,41339904,1602765,1150724,7,2,0,0,0,56147,126660
1778298782272,2575024128,52838400,756375552,233578496,942178304,1073737728,834922,40371,6,2882491,48168,0,786833,3377,854960640,41339904,1603863,1151768,7,2,0,0,0,56147,126661
1778298782565,2575024128,52838400,756375552,233578496,942178304,1073737728,834922,40399,6,2884121,48168,0,786833,3377,854960640,41368576,1604077,1151808,7,2,0,0,0,56147,126661
1778298782861,2575024128,52838400,756375552,233578496,942178304,1073737728,834922,40399,6,2885751,48168,0,786833,3377,854960640,41368576,1604369,1153176,7,2,0,0,0,56147,126661
1778298783154,2575667200,52838400,756375552,233586688,941977600,1073737728,834922,40399,6,2887894,48168,0,787641,3377,854960640,41368576,1605445,1153348,7,2,0,0,0,56149,126661
1778298783448,2575667200,52838400,756375552,233586688,941977600,1073737728,834922,40399,6,2889525,48168,0,787641,3377,854960640,41368576,1605761,1153524,7,2,0,0,0,56149,126661
1778298783742,2575667200,52838400,756375552,233586688,941977600,1073737728,834922,40399,6,2891155,48168,0,787641,3377,854960640,41368576,1605959,1154108,7,2,0,0,0,56149,126661
1778298784036,2575667200,52838400,756379648,233582592,942051328,1073737728,834922,40399,6,2892786,48168,0,787641,3377,854960640,41368576,1607739,1154764,7,2,0,0,0,56149,126661
1778298784328,2575409152,52838400,756379648,233582592,942108672,1073737728,834922,40399,6,2894943,48168,0,788445,3377,854960640,41368576,1610235,1155380,7,2,0,0,0,56149,126662
1778298784622,2575409152,52838400,756379648,233582592,942108672,1073737728,834922,40399,6,2896573,48168,0,788445,3377,854960640,41368576,1610679,1155872,7,2,0,0,0,56149,126662
1778298784913,2575409152,52838400,756379648,233582592,942108672,1073737728,834922,40399,6,2898211,48168,0,788445,3377,854960640,41368576,1613127,1156884,7,2,0,0,0,56149,126662
1778298785207,2574893056,52838400,756379648,233582592,942059520,1073737728,834922,40399,6,2900360,48168,0,789253,3377,854960640,41368576,1614321,1158240,7,2,0,0,0,56149,126662
1778298785501,2574893056,52838400,756379648,233582592,942059520,1073737728,834922,40399,6,2901990,48168,0,789253,3377,854960640,41368576,1614535,1158280,7,2,0,0,0,56149,126662
1778298785796,2574893056,52838400,756383744,233582592,942059520,1073737728,834922,40399,6,2903621,48168,0,789253,3377,854960640,41368576,1615025,1159836,7,2,0,0,0,56149,126662
1778298786090,2574893056,52838400,756383744,233582592,942059520,1073737728,834922,40399,6,2905252,48168,0,789253,3377,854960640,41368576,1615437,1159836,7,2,0,0,0,56149,126662
1778298786386,2574635008,52838400,756383744,233582592,941989888,1073737728,834922,40403,6,2907412,48168,0,790066,3377,854960640,41417728,1615437,1159836,7,2,0,0,0,56149,126662
1778298786681,2574635008,52846592,756383744,233582592,941989888,1073737728,834922,40447,6,2909042,48168,0,790066,3377,854960640,41417728,1616869,1160144,7,2,0,0,0,56149,126662
1778298786977,2574635008,52846592,756383744,233582592,942051328,1073737728,834922,40447,6,2910672,48168,0,790066,3377,854960640,41417728,1618649,1161344,7,2,0,0,0,56149,126663
1778298787271,2574913536,52846592,756383744,233590784,942059520,1073737728,834922,40447,6,2912817,48168,0,790867,3377,854960640,41417728,1621081,1162040,7,2,0,0,0,56151,126663
1778298787565,2574913536,52846592,756383744,233590784,942059520,1073737728,834922,40447,6,2914449,48168,0,790867,3377,854960640,41417728,1621531,1162132,7,2,0,0,0,56151,126663
1778298787861,2574913536,52846592,756387840,233590784,942059520,1073737728,834922,40467,6,2916088,48168,0,790867,3377,854960640,41438208,1623873,1163168,7,2,0,0,0,56151,126663
1778298788153,2574913536,52846592,756387840,233590784,942063616,1073737728,834922,40467,6,2917719,48168,0,790867,3377,854960640,41438208,1624189,1164308,7,2,0,0,0,56151,126664
1778298788450,2574655488,52846592,756387840,233590784,942063616,1073737728,834922,40467,6,2919867,48168,0,791674,3377,854960640,41438208,1625195,1164564,7,2,0,0,0,56151,126664
1778298788744,2574655488,52846592,756387840,233590784,942063616,1073737728,834922,40467,6,2921498,48168,0,791674,3377,854960640,41438208,1625965,1166072,7,2,0,0,0,56151,126664
1778298789033,2574655488,52846592,756387840,233590784,942088192,1073737728,834922,40467,6,2923131,48168,0,791674,3377,854960640,41438208,1626375,1166380,7,2,0,0,0,56151,126665
1778298789324,2574675968,52846592,756396032,233590784,942055424,1073737728,834922,40467,6,2925295,48168,0,792483,3377,854960640,41438208,1627531,1166512,7,2,0,0,0,56151,126667
1778298789619,2574675968,52846592,756400128,233590784,942055424,1073737728,834922,40467,6,2926927,48168,0,792483,3377,854960640,41438208,1627729,1166592,7,2,0,0,0,56151,126667
1778298789913,2574675968,52846592,756400128,233590784,942055424,1073737728,834922,40467,6,2928557,48168,0,792483,3377,854960640,41438208,1629509,1167520,7,2,0,0,0,56151,126667
1778298790208,2574675968,52846592,756400128,233590784,942055424,1073737728,834922,40467,6,2930193,48168,0,792483,3377,854960640,41438208,1631487,1168176,7,2,0,0,0,56151,126667
1778298790505,2575187968,52846592,756400128,233590784,941903872,1073737728,834922,40467,6,2932337,48168,0,793293,3377,854960640,41438208,1632621,1168348,7,2,0,0,0,56151,126667
1778298790799,2575187968,52846592,756400128,233590784,941903872,1073737728,834922,40467,6,2933968,48168,0,793293,3377,854960640,41438208,1633573,1169300,7,2,0,0,0,56151,126667
1778298791091,2575212544,52846592,756404224,233590784,942116864,1073737728,834922,40467,6,2935604,48168,0,793314,3377,854960640,41438208,1635039,1170540,7,2,0,0,0,56151,126668
1778298791386,2575937536,52846592,756404224,233590784,942022656,1073737728,834922,40467,6,2937749,48168,0,794117,3377,854960640,41438208,1635537,1170580,7,2,0,0,0,56151,126668
1778298791679,2576007168,52854784,756408320,233590784,942141440,1073737728,834922,40527,6,2939381,48168,0,794117,3377,854960640,41499648,1636387,1171596,7,2,0,0,0,56151,126669
1778298791974,2576007168,52854784,756408320,233590784,942141440,1073737728,834922,40527,6,2941014,48168,0,794117,3377,854960640,41499648,1637353,1172448,7,2,0,0,0,56151,126669
1778298792269,2576007168,52854784,756408320,233590784,942141440,1073737728,834922,40527,6,2942661,48168,0,794117,3377,854960640,41499648,1637551,1172488,7,2,0,0,0,56151,126669
1778298792566,2576019456,52854784,756408320,233590784,941989888,1073737728,834922,40527,6,2944798,48168,0,794920,3377,854960640,41499648,1638503,1172704,7,2,0,0,0,56151,126669
1778298792861,2576019456,52854784,756408320,233590784,941989888,1073737728,834922,40527,6,2946430,48168,0,794920,3377,854960640,41532416,1640283,1173712,7,2,0,0,0,56151,126669
1778298793150,2576027648,52854784,756408320,233594880,942137344,1073737728,834922,40559,6,2948062,48168,0,794920,3377,854960640,41532416,1642063,1174368,7,2,0,0,0,56152,126669
1778298793444,2576306176,52854784,756412416,233594880,942088192,1073737728,834922,40559,6,2950212,48168,0,795732,3377,854960640,41532416,1643199,1174488,7,2,0,0,0,56152,126669
1778298793738,2576306176,52854784,756412416,233594880,942088192,1073737728,834922,40559,6,2951847,48168,0,795732,3377,854960640,41532416,1643857,1175420,7,2,0,0,0,56152,126669
1778298794033,2576306176,52854784,756412416,233594880,942088192,1073737728,834922,40559,6,2953481,48168,0,795732,3377,854960640,41532416,1645419,1175892,7,2,0,0,0,56152,126669
1778298794324,2576306176,52854784,756412416,233594880,942088192,1073737728,834922,40559,6,2955111,48168,0,795732,3377,854960640,41532416,1645617,1176816,7,2,0,0,0,56152,126669
1778298794619,2576457728,52854784,756412416,233594880,941936640,1073737728,834922,40559,6,2957257,48168,0,796539,3377,854960640,41532416,1646961,1177376,7,2,0,0,0,56152,126669
1778298794912,2576457728,52854784,756412416,233594880,941936640,1073737728,834922,40559,6,2958890,48168,0,796539,3377,854960640,41532416,1648125,1178856,7,2,0,0,0,56152,126669
1778298795206,2576584704,52854784,756412416,233598976,942170112,1073737728,834922,40559,6,2960521,48168,0,796539,3377,854960640,41532416,1648441,1178948,7,2,0,0,0,56153,126671
1778298795501,2576068608,52854784,756416512,233594880,942030848,1073737728,834922,40559,6,2962640,48168,0,797347,3377,854960640,41532416,1649629,1179080,7,2,0,0,0,56153,126671
1778298795796,2576068608,52854784,756416512,233598976,942157824,1073737728,834922,40559,6,2964271,48168,0,797347,3377,854960640,41532416,1649885,1179500,7,2,0,0,0,56153,126671
1778298796090,2576068608,52854784,756416512,233598976,942157824,1073737728,834922,40559,6,2965906,48168,0,797347,3377,854960640,41532416,1651665,1180116,7,2,0,0,0,56153,126671
1778298796385,2576068608,52854784,756416512,233598976,942157824,1073737728,834922,40559,6,2967536,48168,0,797347,3377,854960640,41532416,1653745,1180948,7,2,0,0,0,56153,126671
1778298796681,2576068608,52862976,756408320,233598976,942006272,1073737728,834922,40603,6,2969676,48168,0,798160,3377,854960640,41577472,1655083,1181284,7,2,0,0,0,56153,126671
1778298796976,2576068608,52862976,756408320,233598976,942006272,1073737728,834922,40603,6,2971310,48168,0,798160,3377,854960640,41577472,1656629,1182260,7,2,0,0,0,56153,126671
1778298797270,2576068608,52862976,756420608,233598976,942174208,1073737728,834922,40603,6,2972941,48168,0,798160,3377,854960640,41577472,1656843,1183224,7,2,0,0,0,56153,126672
1778298797565,2576068608,52862976,756420608,233607168,942153728,1073737728,834922,40603,6,2975087,48168,0,798968,3377,854960640,41577472,1658197,1183452,7,2,0,0,0,56155,126673
1778298797861,2576068608,52862976,756420608,233607168,942153728,1073737728,834922,40603,6,2976717,48168,0,798968,3377,854960640,41577472,1658505,1184860,7,2,0,0,0,56155,126673
1778298798154,2576068608,52862976,756420608,233607168,942153728,1073737728,834922,40623,6,2978363,48168,0,798968,3377,854960640,41597952,1658703,1184900,7,2,0,0,0,56155,126673
1778298798448,2576068608,52862976,756420608,233607168,942153728,1073737728,834922,40623,6,2979994,48168,0,798968,3377,854960640,41597952,1658901,1184940,7,2,0,0,0,56155,126673
1778298798742,2576068608,52862976,756420608,233607168,942305280,1073737728,834922,40623,6,2982136,48168,0,799776,3377,854960640,41597952,1659869,1185396,7,2,0,0,0,56155,126673
1778298799035,2576068608,52862976,756420608,233607168,942190592,1073737728,834922,40623,6,2983768,48168,0,799776,3377,854960640,41597952,1661649,1186052,7,2,0,0,0,56155,126673
1778298799324,2576068608,52862976,756428800,233607168,942190592,1073737728,834922,40623,6,2985400,48168,0,799776,3377,854960640,41597952,1663745,1186760,7,2,0,0,0,56155,126673
1778298799618,2575810560,52862976,756428800,233603072,942026752,1073737728,834922,40623,6,2987549,48168,0,800583,3377,854960640,41597952,1664611,1186800,7,2,0,0,0,56155,126675
1778298799910,2575810560,52862976,756428800,233607168,942161920,1073737728,834922,40623,6,2989188,48168,0,800584,3377,854960640,41597952,1667429,1188586,7,2,0,0,0,56155,126675
1778298800205,2575810560,52862976,756428800,233607168,942161920,1073737728,834922,40623,6,2990818,48168,0,800584,3377,854960640,41597952,1667643,1189550,7,2,0,0,0,56155,126675
1778298800500,2575810560,52862976,756428800,233607168,942161920,1073737728,834922,40623,6,2992448,48168,0,800584,3377,854960640,41597952,1667857,1189550,7,2,0,0,0,56155,126675
1778298800794,2575810560,52862976,756428800,233607168,942161920,1073737728,834922,40623,6,2994592,48168,0,801390,3377,854960640,41597952,1669651,1191418,7,2,0,0,0,56155,126675
1778298801088,2575810560,52862976,756428800,233607168,942157824,1073737728,834922,40623,6,2996222,48168,0,801390,3377,854960640,41597952,1669865,1191458,7,2,0,0,0,56155,126675
1778298801382,2575810560,52862976,756432896,233607168,942157824,1073737728,834922,40623,6,2997854,48168,0,801390,3377,854960640,41597952,1670293,1191498,7,2,0,0,0,56155,126675
1778298801677,2575810560,52862976,756432896,233603072,942211072,1073737728,834922,40623,6,3000022,48168,0,802205,3377,854960640,41597952,1671381,1191618,7,2,0,0,0,56155,126675
1778298801972,2575810560,52871168,756432896,233607168,942272512,1073737728,834922,40687,6,3001653,48168,0,802205,3377,854960640,41663488,1673279,1192762,7,2,0,0,0,56155,126676
1778298802266,2575810560,52871168,756432896,233607168,942211072,1073737728,834922,40687,6,3003283,48168,0,802205,3377,854960640,41663488,1675059,1193418,7,2,0,0,0,56155,126676
1778298802554,2575810560,52871168,756432896,233607168,942211072,1073737728,834922,40687,6,3004915,48168,0,802205,3377,854960640,41663488,1675493,1193510,7,2,0,0,0,56155,126676
1778298802850,2575294464,52871168,756432896,233607168,942116864,1073737728,834922,40687,6,3007074,48168,0,803015,3377,854960640,41663488,1677931,1194646,7,2,0,0,0,56155,126676
1778298803145,2575294464,52871168,756441088,233607168,942174208,1073737728,834922,40687,6,3008704,48168,0,803015,3377,854960640,41663488,1678247,1195786,7,2,0,0,0,56155,126676
1778298803439,2575294464,52871168,756441088,233607168,942174208,1073737728,834922,40723,6,3010339,48168,0,803015,3377,854960640,41700352,1678445,1195826,7,2,0,0,0,56155,126676
1778298803730,2575253504,52871168,756441088,233603072,942096384,1073737728,834922,40723,6,3012432,48168,0,803820,3377,854960640,41700352,1679061,1196790,7,2,0,0,0,56155,126676
1778298804026,2575319040,52871168,756445184,233615360,942157824,1073737728,834922,40723,6,3014115,48168,0,803820,3377,854960640,41700352,1680027,1197618,7,2,0,0,0,56157,126677
1778298804319,2575089664,52871168,756445184,233615360,942157824,1073737728,834922,40723,6,3015762,48168,0,803820,3377,854960640,41700352,1680225,1197618,7,2,0,0,0,56157,126677
1778298804613,2575089664,52871168,756445184,233615360,942157824,1073737728,834922,40723,6,3017392,48168,0,803820,3377,854960640,41700352,1680621,1197618,7,2,0,0,0,56157,126677
1778298804908,2575056896,52871168,756445184,233615360,942280704,1073737728,834922,40723,6,3019530,48168,0,804626,3377,854960640,41700352,1683363,1198910,7,2,0,0,0,56157,126677
1778298805202,2575118336,52871168,756445184,233615360,942190592,1073737728,834922,40723,6,3021160,48168,0,804626,3377,854960640,41700352,1685261,1199742,7,2,0,0,0,56157,126679
1778298805496,2575118336,52871168,756445184,233615360,942190592,1073737728,834922,40723,6,3022793,48168,0,804626,3377,854960640,41700352,1685775,1199834,7,2,0,0,0,56157,126679
1778298805790,2574344192,52871168,756445184,233611264,942116864,1073737728,834922,40723,6,3024937,48168,0,805429,3377,854960640,41700352,1687147,1200778,7,2,0,0,0,56157,126679
1778298806085,2574344192,52871168,756449280,233615360,942219264,1073737728,834922,40723,6,3026571,48168,0,805429,3377,854960640,41700352,1689061,1201914,7,2,0,0,0,56157,126680
1778298806380,2574344192,52871168,756449280,233615360,942219264,1073737728,834922,40723,6,3028201,48168,0,805429,3377,854960640,41700352,1689575,1202130,7,2,0,0,0,56157,126680
1778298806674,2574344192,52871168,756449280,233615360,942219264,1073737728,834922,40723,6,3029831,48168,0,805429,3377,854960640,41700352,1689773,1203094,7,2,0,0,0,56157,126680
1778298806971,2573828096,52871168,756449280,233615360,942186496,1073737728,834922,40723,6,3031984,48168,0,806240,3377,854960640,41745408,1691381,1203850,7,2,0,0,0,56157,126680
1778298807266,2573828096,52879360,756441088,233615360,942186496,1073737728,834922,40767,6,3033614,48168,0,806240,3377,854960640,41745408,1691595,1203890,7,2,0,0,0,56157,126680
1778298807557,2573828096,52879360,756441088,233615360,942186496,1073737728,834922,40767,6,3035244,48168,0,806240,3377,854960640,41745408,1691793,1203890,7,2,0,0,0,56157,126680
1778298807850,2573053952,52879360,756441088,233615360,942034944,1073737728,834922,40767,6,3037364,48168,0,807047,3377,854960640,41745408,1693047,1204634,7,2,0,0,0,56157,126680
1778298808145,2573053952,52879360,756453376,233615360,942215168,1073737728,834922,40767,6,3039022,48168,0,807047,3377,854960640,41745408,1696087,1205906,7,2,0,0,0,56157,126681
1778298808438,2573053952,52879360,756453376,233615360,942215168,1073737728,834922,40767,6,3040653,48168,0,807047,3377,854960640,41745408,1696607,1205906,7,2,0,0,0,56157,126681
1778298808730,2573053952,52879360,756453376,233615360,942215168,1073737728,834922,40787,6,3042284,48168,0,807047,3377,854960640,41765888,1697029,1206066,7,2,0,0,0,56157,126681
1778298809027,2572537856,52879360,756461568,233615360,942223360,1073737728,834922,40787,6,3044432,48168,0,807856,3377,854960640,41765888,1699615,1207242,7,2,0,0,0,56157,126683
1778298809316,2572537856,52879360,756461568,233615360,942223360,1073737728,834922,40787,6,3046063,48168,0,807856,3377,854960640,41765888,1699829,1208166,7,2,0,0,0,56157,126683
1778298809610,2572537856,52879360,756461568,233615360,942223360,1073737728,834922,40787,6,3047693,48168,0,807856,3377,854960640,41765888,1700241,1208258,7,2,0,0,0,56157,126683
1778298809905,2572488704,52879360,756461568,233615360,942223360,1073737728,834922,40787,6,3049790,48168,0,808661,3377,854960640,41765888,1701603,1209910,7,2,0,0,0,56157,126683
1778298810200,2572849152,52879360,756461568,233623552,942202880,1073737728,834922,40787,6,3051491,48168,0,808661,3377,854960640,41765888,1702325,1210166,7,2,0,0,0,56159,126683
1778298810494,2572849152,52879360,756461568,233623552,942202880,1073737728,834922,40787,6,3053121,48168,0,808661,3377,854960640,41765888,1702523,1210166,7,2,0,0,0,56159,126683
1778298810782,2572849152,52879360,756461568,233623552,942202880,1073737728,834922,40787,6,3054754,48168,0,808661,3377,854960640,41765888,1703491,1210802,7,2,0,0,0,56159,126683
1778298811077,2573123584,52879360,756465664,233623552,942178304,1073737728,834922,40787,6,3056898,48168,0,809465,3377,854960640,41765888,1706041,1211726,7,2,0,0,0,56159,126683
1778298811371,2573123584,52879360,756465664,233623552,942178304,1073737728,834922,40787,6,3058529,48168,0,809465,3377,854960640,41765888,1707939,1212422,7,2,0,0,0,56159,126683
1778298811664,2573123584,52879360,756465664,233623552,942178304,1073737728,834922,40787,6,3060161,48168,0,809465,3377,854960640,41765888,1708463,1212718,7,2,0,0,0,56159,126683
1778298811959,2573352960,52879360,756465664,233619456,942071808,1073737728,834922,40787,6,3062212,48168,0,810270,3377,854960640,41806848,1710383,1213542,7,2,0,0,0,56159,126684
1778298812249,2573664256,52887552,756465664,233623552,942239744,1073737728,834922,40863,6,3063939,48168,0,810270,3377,854960640,41843712,1710597,1214546,7,2,0,0,0,56159,126684
1778298812544,2573664256,52887552,756465664,233623552,942239744,1073737728,834922,40863,6,3065570,48168,0,810270,3377,854960640,41843712,1710795,1214586,7,2,0,0,0,56159,126684
1778298812838,2573664256,52887552,756469760,233623552,942239744,1073737728,834922,40863,6,3067203,48168,0,810270,3377,854960640,41843712,1711761,1216362,7,2,0,0,0,56159,126684
1778298813130,2573684736,52887552,756469760,233631744,942215168,1073737728,834922,40863,6,3069350,48168,0,811077,3377,854960640,41843712,1712935,1216482,7,2,0,0,0,56161,126685
1778298813425,2573684736,52887552,756469760,233631744,942215168,1073737728,834922,40863,6,3070980,48168,0,811077,3377,854960640,41843712,1713149,1216482,7,2,0,0,0,56161,126685
1778298813717,2573684736,52887552,756469760,233631744,942243840,1073737728,834922,40883,6,3072610,48168,0,811077,3377,854960640,41864192,1713561,1216574,7,2,0,0,0,56161,126685
1778298814013,2573340672,52887552,756469760,233627648,942075904,1073737728,834922,40883,6,3074489,48168,0,811567,3377,854960640,41864192,1716021,1217582,7,2,0,0,0,56161,126685
1778298814302,2573963264,52887552,756469760,233631744,942243840,1073737728,834922,40883,6,3076391,48168,0,811882,3377,854960640,41864192,1718519,1218370,7,2,0,0,0,56161,126685
1778298814597,2573963264,52887552,756469760,233631744,942243840,1073737728,834922,40883,6,3078021,48168,0,811882,3377,854960640,41864192,1718717,1218410,7,2,0,0,0,56161,126685
1778298814893,2573963264,52887552,756473856,233631744,942243840,1073737728,834922,40883,6,3079659,48168,0,811882,3377,854960640,41864192,1720573,1219698,7,2,0,0,0,56161,126685
1778298815188,2574688256,52887552,756473856,233631744,942288896,1073737728,834922,40883,6,3081803,48168,0,812690,3377,854960640,41864192,1721881,1220918,7,2,0,0,0,56161,126685
1778298815482,2574688256,52887552,756473856,233631744,942288896,1073737728,834922,40883,6,3083435,48168,0,812690,3377,854960640,41864192,1722095,1220958,7,2,0,0,0,56161,126685
1778298815772,2574688256,52887552,756473856,233631744,942288896,1073737728,834922,40883,6,3085069,48168,0,812690,3377,854960640,41864192,1723173,1222558,7,2,0,0,0,56161,126685
1778298816066,2574499840,52887552,756473856,233627648,942206976,1073737728,834922,40883,6,3086819,48168,0,812960,3377,854960640,41864192,1723773,1222774,7,2,0,0,0,56161,126685
1778298816359,2574012416,52887552,756482048,233631744,942231552,1073737728,834922,40883,6,3088854,48168,0,813494,3377,854960640,41864192,1724555,1222934,7,2,0,0,0,56161,126686
1778298816653,2574012416,52887552,756482048,233631744,942231552,1073737728,834922,40883,6,3090485,48168,0,813494,3377,854960640,41864192,1724753,1222974,7,2,0,0,0,56161,126686
1778298816950,2574012416,52887552,756486144,233631744,942231552,1073737728,834922,40883,6,3092117,48168,0,813494,3377,854960640,41864192,1727121,1224174,7,2,0,0,0,56161,126686
1778298817245,2574565376,52895744,756486144,233635840,942149632,1073737728,834922,40911,6,3094266,48168,0,814299,3377,854960640,41892864,1729987,1225058,7,2,0,0,0,56161,126687
1778298817541,2574565376,52895744,756486144,233635840,942149632,1073737728,834922,40911,6,3095898,48168,0,814299,3377,854960640,41892864,1730319,1225138,7,2,0,0,0,56161,126687
1778298817836,2574565376,52895744,756486144,233635840,942149632,1073737728,834922,40911,6,3097532,48168,0,814299,3377,854960640,41892864,1731517,1226002,7,2,0,0,0,56161,126687
1778298818130,2574307328,52895744,756490240,233631744,942362624,1073737728,834922,40911,6,3099272,48168,0,814508,3377,854960640,41892864,1731865,1226966,7,2,0,0,0,56161,126689
1778298818420,2574307328,52895744,756490240,233635840,942321664,1073737728,834922,40911,6,3101310,48168,0,815107,3377,854960640,41892864,1732613,1227046,7,2,0,0,0,56161,126690
1778298818714,2574307328,52895744,756494336,233635840,942321664,1073737728,834922,40911,6,3102943,48168,0,815107,3377,854960640,41892864,1732811,1227970,7,2,0,0,0,56161,126690
1778298819010,2574307328,52895744,756494336,233639936,942243840,1073737728,834922,40911,6,3104573,48168,0,815107,3377,854960640,41929728,1733403,1228642,7,2,0,0,0,56161,126690
1778298819304,2574565376,52895744,756494336,233644032,942223360,1073737728,834922,40947,6,3106718,48168,0,815914,3377,854960640,41929728,1734645,1228910,7,2,0,0,0,56163,126690
1778298819598,2574565376,52895744,756494336,233644032,942223360,1073737728,834922,40947,6,3108349,48168,0,815914,3377,854960640,41929728,1734859,1228990,7,2,0,0,0,56163,126690
1778298819895,2574565376,52895744,756494336,233644032,942223360,1073737728,834922,40947,6,3109980,48168,0,815914,3377,854960640,41929728,1736639,1229918,7,2,0,0,0,56163,126690
1778298820189,2574307328,52895744,756494336,233639936,942264320,1073737728,834922,40947,6,3111639,48168,0,815921,3377,854960640,41929728,1738617,1230574,7,2,0,0,0,56163,126691
1778298820485,2573791232,52895744,756494336,233644032,942317568,1073737728,834922,40947,6,3113766,48168,0,816722,3377,854960640,41929728,1740231,1230706,7,2,0,0,0,56163,126691
1778298820780,2573791232,52895744,756494336,233644032,942317568,1073737728,834922,40947,6,3115400,48168,0,816722,3377,854960640,41929728,1740637,1231430,7,2,0,0,0,56163,126691
1778298821076,2573791232,52895744,756498432,233639936,942239744,1073737728,834922,40947,6,3117037,48168,0,816722,3377,854960640,41929728,1742873,1233094,7,2,0,0,0,56163,126691
1778298821370,2573533184,52895744,756498432,233639936,942292992,1073737728,834922,40947,6,3119176,48168,0,817527,3377,854960640,41929728,1743993,1233214,7,2,0,0,0,56163,126692
1778298821665,2573533184,52895744,756498432,233639936,942292992,1073737728,834922,40947,6,3120806,48168,0,817527,3377,854960640,41929728,1744309,1234274,7,2,0,0,0,56163,126692
1778298821960,2573533184,52895744,756498432,233639936,942292992,1073737728,834922,40947,6,3122437,48168,0,817527,3377,854960640,41929728,1744601,1234758,7,2,0,0,0,56163,126692
1778298822254,2573303808,52895744,756498432,233639936,942239744,1073737728,834922,40947,6,3124082,48168,0,817527,3377,854960640,41929728,1744799,1234798,7,2,0,0,0,56163,126692
1778298822542,2573045760,52903936,756494336,233639936,942264320,1073737728,834922,40991,6,3126221,48168,0,818331,3377,854960640,41974784,1745789,1235054,7,2,0,0,0,56163,126692
1778298822837,2573045760,52903936,756494336,233639936,942264320,1073737728,834922,40991,6,3127853,48168,0,818331,3377,854960640,41974784,1745987,1235638,7,2,0,0,0,56163,126692
1778298823129,2573045760,52903936,756506624,233639936,942264320,1073737728,834922,40991,6,3129483,48168,0,818331,3377,854960640,41974784,1747783,1236294,7,2,0,0,0,56163,126692
1778298823424,2572787712,52903936,756506624,233639936,942264320,1073737728,834922,40991,6,3131623,48168,0,819139,3377,854960640,41974784,1750783,1237042,7,2,0,0,0,56163,126692
1778298823717,2572787712,52903936,756506624,233639936,942264320,1073737728,834922,40991,6,3133254,48168,0,819139,3377,854960640,41974784,1751553,1237174,7,2,0,0,0,56163,126692
1778298824015,2572787712,52903936,756506624,233639936,942264320,1073737728,834922,40991,6,3134888,48168,0,819139,3377,854960640,41974784,1753789,1238310,7,2,0,0,0,56163,126692
1778298824309,2572787712,52903936,756506624,233639936,942231552,1073737728,834922,40991,6,3136518,48168,0,819139,3377,854960640,41974784,1753987,1239234,7,2,0,0,0,56163,126693
1778298824606,2572271616,52903936,756510720,233639936,942264320,1073737728,834922,41007,6,3138660,48168,0,819941,3377,854960640,41991168,1755121,1239554,7,2,0,0,0,56163,126693
1778298824901,2572271616,52903936,756510720,233639936,942264320,1073737728,834922,41007,6,3140296,48168,0,819941,3377,854960640,41991168,1756183,1241206,7,2,0,0,0,56163,126693
1778298825196,2572271616,52903936,756510720,233639936,942264320,1073737728,834922,41007,6,3141926,48168,0,819941,3377,854960640,41991168,1756381,1241246,7,2,0,0,0,56163,126693
1778298825490,2572013568,52903936,756510720,233639936,942112768,1073737728,834922,41007,6,3144081,48168,0,820746,3377,854960640,41991168,1757429,1241338,7,2,0,0,0,56163,126693
1778298825785,2572013568,52903936,756510720,233639936,942112768,1073737728,834922,41007,6,3145714,48168,0,820746,3377,854960640,41991168,1758199,1241962,7,2,0,0,0,56163,126693
1778298826081,2572013568,52903936,756514816,233639936,942227456,1073737728,834922,41007,6,3147345,48168,0,820746,3377,854960640,41991168,1760097,1242794,7,2,0,0,0,56163,126693
1778298826374,2572013568,52903936,756514816,233639936,942227456,1073737728,834922,41007,6,3148975,48168,0,820746,3377,854960640,41991168,1762091,1243450,7,2,0,0,0,56163,126693
1778298826668,2571497472,52903936,756518912,233639936,942280704,1073737728,834922,41007,6,3151123,48168,0,821553,3377,854960640,41991168,1763585,1243866,7,2,0,0,0,56163,126694
1778298826964,2571497472,52903936,756518912,233639936,942280704,1073737728,834922,41007,6,3152756,48168,0,821553,3377,854960640,41991168,1764583,1244610,7,2,0,0,0,56163,126694
1778298827258,2571497472,52903936,756523008,233639936,942280704,1073737728,834922,41007,6,3154386,48168,0,821553,3377,854960640,41991168,1764883,1245710,7,2,0,0,0,56163,126694
1778298827546,2571497472,52912128,756514816,233639936,942288896,1073737728,834922,41075,6,3156551,48168,0,822360,3377,854960640,42060800,1765825,1245790,7,2,0,0,0,56163,126696
1778298827841,2571497472,52912128,756514816,233639936,942288896,1073737728,834922,41075,6,3158183,48168,0,822360,3377,854960640,42060800,1766705,1247430,7,2,0,0,0,56163,126696
1778298828133,2571497472,52912128,756523008,233652224,942297088,1073737728,834922,41075,6,3159828,48168,0,822360,3377,854960640,42060800,1766919,1247470,7,2,0,0,0,56166,126698
1778298828426,2571497472,52912128,756527104,233652224,942297088,1073737728,834922,41075,6,3161460,48168,0,822360,3377,854960640,42060800,1767159,1247538,7,2,0,0,0,56166,126698
1778298828720,2571497472,52912128,756527104,233648128,942276608,1073737728,834922,41075,6,3163609,48168,0,823166,3377,854960640,42060800,1768295,1247658,7,2,0,0,0,56166,126699
1778298829014,2571497472,52912128,756527104,233652224,942280704,1073737728,834922,41075,6,3165240,48168,0,823166,3377,854960640,42060800,1770391,1248854,7,2,0,0,0,56166,126699
1778298829308,2571497472,52912128,756527104,233652224,942280704,1073737728,834922,41075,6,3166873,48168,0,823166,3377,854960640,42060800,1772471,1249562,7,2,0,0,0,56166,126699
1778298829601,2572021760,52916224,756523008,233652224,942260224,1073737728,834922,41103,6,3169030,48170,0,823971,3377,854960640,42089472,1773493,1249694,7,2,0,0,0,56166,126699
1778298829894,2572021760,52916224,756523008,233652224,942260224,1073737728,834922,41103,6,3170667,48170,0,823971,3377,854960640,42089472,1775579,1250954,7,2,0,0,0,56166,126699
1778298830188,2572021760,52916224,756535296,233664512,942297088,1073737728,834922,41103,6,3172298,48170,0,823972,3377,854960640,42089472,1775895,1252054,7,2,0,0,0,56169,126697
1778298830481,2572021760,52916224,756539392,233664512,942297088,1073737728,834922,41103,6,3173928,48170,0,823972,3377,854960640,42089472,1776109,1252054,7,2,0,0,0,56169,126697
1778298830777,2572746752,52916224,756539392,233664512,942202880,1073737728,834922,41103,6,3176078,48170,0,824781,3377,854960640,42089472,1778021,1253882,7,2,0,0,0,56169,126698
1778298831071,2572816384,52916224,756539392,233664512,942280704,1073737728,834922,41103,6,3177710,48170,0,824781,3377,854960640,42089472,1778235,1253962,7,2,0,0,0,56169,126698
1778298831360,2572816384,52916224,756539392,233664512,942280704,1073737728,834922,41103,6,3179341,48170,0,824781,3377,854960640,42089472,1778535,1254098,7,2,0,0,0,56169,126698
1778298831654,2572558336,52916224,756539392,233660416,942202880,1073737728,834922,41103,6,3181484,48170,0,825592,3377,854960640,42089472,1779547,1254298,7,2,0,0,0,56169,126698
1778298831949,2572558336,52916224,756539392,233664512,942256128,1073737728,834922,41103,6,3183114,48170,0,825592,3377,854960640,42089472,1781343,1255266,7,2,0,0,0,56169,126698
1778298832244,2572558336,52916224,756543488,233664512,942256128,1073737728,834922,41103,6,3184745,48170,0,825592,3377,854960640,42089472,1783139,1255922,7,2,0,0,0,56169,126698
1778298832537,2572558336,52924416,756535296,233664512,942256128,1073737728,834922,41155,6,3186379,48170,0,825592,3377,854960640,42142720,1783455,1256002,7,2,0,0,0,56169,126698
1778298832834,2572783616,52924416,756535296,233660416,942239744,1073737728,834922,41155,6,3188522,48170,0,826394,3377,854960640,42142720,1786039,1257178,7,2,0,0,0,56169,126699
1778298833127,2572836864,52924416,756547584,233664512,942292992,1073737728,834922,41155,6,3190153,48170,0,826394,3377,854960640,42142720,1786355,1258318,7,2,0,0,0,56169,126699
1778298833420,2572836864,52924416,756547584,233664512,942292992,1073737728,834922,41155,6,3191783,48170,0,826394,3377,854960640,42142720,1786553,1258318,7,2,0,0,0,56169,126699
1778298833713,2573115392,52924416,756547584,233676800,942338048,1073737728,834922,41155,6,3193932,48171,0,827205,3377,854960640,42142720,1787795,1259550,7,2,0,0,0,56172,126701
1778298834008,2573115392,52924416,756547584,233676800,942338048,1073737728,834922,41155,6,3195562,48171,0,827205,3377,854960640,42142720,1788103,1260034,7,2,0,0,0,56172,126701
1778298834303,2573115392,52924416,756551680,233676800,942260224,1073737728,834922,41155,6,3197208,48171,0,827205,3377,854960640,42142720,1788301,1260034,7,2,0,0,0,56172,126701
1778298834598,2573115392,52924416,756551680,233676800,942260224,1073737728,834922,41155,6,3198838,48171,0,827205,3377,854960640,42179584,1788799,1260250,7,2,0,0,0,56172,126701
1778298834894,2574098432,52924416,756551680,233676800,942247936,1073737728,834922,41191,6,3200985,48171,0,828013,3377,854960640,42179584,1791409,1261530,7,2,0,0,0,56172,126701
1778298835189,2574168064,52924416,756551680,233676800,942309376,1073737728,834922,41191,6,3202615,48171,0,828013,3377,854960640,42179584,1793403,1262238,7,2,0,0,0,56172,126701
1778298835485,2574168064,52924416,756551680,233676800,942309376,1073737728,834922,41191,6,3204247,48171,0,828013,3377,854960640,42179584,1793949,1262330,7,2,0,0,0,56172,126701
1778298835773,2574446592,52924416,756551680,233676800,942231552,1073737728,834922,41191,6,3206388,48171,0,828815,3377,854960640,42179584,1794905,1262802,7,2,0,0,0,56172,126701
1778298836070,2574962688,52924416,756551680,233676800,942292992,1073737728,834922,41191,6,3208026,48171,0,828815,3377,854960640,42179584,1797227,1264550,7,2,0,0,0,56172,126701
1778298836364,2574962688,52924416,756551680,233676800,942292992,1073737728,834922,41191,6,3209656,48171,0,828815,3377,854960640,42179584,1797425,1264590,7,2,0,0,0,56172,126701
1778298836658,2574962688,52924416,756551680,233676800,942292992,1073737728,834922,41191,6,3211287,48171,0,828815,3377,854960640,42179584,1797623,1265554,7,2,0,0,0,56172,126701
1778298836955,2574716928,52924416,756551680,233676800,942407680,1073737728,834922,41191,6,3213441,48171,0,829623,3377,854960640,42179584,1799551,1266282,7,2,0,0,0,56172,126701
1778298837249,2574725120,52924416,756555776,233676800,942321664,1073737728,834922,41191,6,3215071,48171,0,829623,3377,854960640,42179584,1799851,1266498,7,2,0,0,0,56172,126703
1778298837544,2574725120,52924416,756555776,233676800,942321664,1073737728,834922,41203,6,3216702,48171,0,829623,3377,854960640,42236928,1800049,1266538,7,2,0,0,0,56172,126703
1778298837838,2573963264,52932608,756547584,233672704,942239744,1073737728,834922,41247,6,3218853,48171,0,830431,3377,854960640,42236928,1801417,1267122,7,2,0,0,0,56172,126703
1778298838129,2573963264,52932608,756555776,233684992,942305280,1073737728,834922,41247,6,3220483,48171,0,830431,3377,854960640,42236928,1803417,1268130,7,2,0,0,0,56174,126703
1778298838424,2573963264,52932608,756555776,233684992,942305280,1073737728,834922,41247,6,3222114,48171,0,830431,3377,854960640,42236928,1805197,1268746,7,2,0,0,0,56174,126703
1778298838717,2573963264,52932608,756555776,233684992,942305280,1073737728,834922,41247,6,3223746,48171,0,830431,3377,854960640,42236928,1805619,1268866,7,2,0,0,0,56174,126703
1778298839014,2573963264,52932608,756555776,233680896,942264320,1073737728,834922,41247,6,3225878,48171,0,831243,3377,854960640,42236928,1807437,1269754,7,2,0,0,0,56174,126703
1778298839309,2573963264,52932608,756559872,233684992,942309376,1073737728,834922,41247,6,3227509,48171,0,831243,3377,854960640,42236928,1807635,1270678,7,2,0,0,0,56174,126704
1778298839604,2573963264,52932608,756559872,233684992,942309376,1073737728,834922,41247,6,3229140,48171,0,831243,3377,854960640,42236928,1808031,1270790,7,2,0,0,0,56174,126704
1778298839897,2573963264,52932608,756559872,233680896,942288896,1073737728,834922,41247,6,3231287,48171,0,832053,3377,854960640,42236928,1809371,1272438,7,2,0,0,0,56174,126704
1778298840191,2573963264,52932608,756559872,233684992,942280704,1073737728,834922,41267,6,3232936,48171,0,832053,3377,854960640,42257408,1809687,1272614,7,2,0,0,0,56174,126704
1778298840485,2573963264,52932608,756559872,233684992,942280704,1073737728,834922,41267,6,3234566,48171,0,832053,3377,854960640,42257408,1809901,1272614,7,2,0,0,0,56174,126704
1778298840780,2573963264,52932608,756559872,233684992,942280704,1073737728,834922,41267,6,3236196,48171,0,832053,3377,854960640,42257408,1810511,1273310,7,2,0,0,0,56174,126704
1778298841077,2573705216,52932608,756563968,233684992,942333952,1073737728,834922,41267,6,3238340,48171,0,832861,3377,854960640,42257408,1813325,1274086,7,2,0,0,0,56174,126705
1778298841366,2573705216,52932608,756563968,233684992,942333952,1073737728,834922,41267,6,3239971,48171,0,832861,3377,854960640,42257408,1815335,1274742,7,2,0,0,0,56174,126705
1778298841660,2573705216,52932608,756568064,233684992,942333952,1073737728,834922,41267,6,3241604,48171,0,832861,3377,854960640,42257408,1815843,1275038,7,2,0,0,0,56174,126705
1778298841954,2573201408,52932608,756572160,233684992,942301184,1073737728,834922,41267,6,3243749,48171,0,833672,3377,854960640,42257408,1819051,1276290,7,2,0,0,0,56174,126707
1778298842249,2573201408,52932608,756572160,233684992,942301184,1073737728,834922,41267,6,3245379,48171,0,833672,3377,854960640,42257408,1819265,1277254,7,2,0,0,0,56174,126707
1778298842544,2573201408,52932608,756572160,233684992,942301184,1073737728,834922,41267,6,3247010,48171,0,833672,3377,854960640,42257408,1819565,1277430,7,2,0,0,0,56174,126707
1778298842838,2573201408,52940800,756572160,233684992,942301184,1073737728,834922,41295,6,3248641,48171,0,833672,3377,854960640,42322944,1819857,1278838,7,2,0,0,0,56174,126707
1778298843131,2573201408,52940800,756572160,233693184,942329856,1073737728,834922,41331,6,3250781,48171,0,834474,3377,854960640,42322944,1821265,1279010,7,2,0,0,0,56176,126707
1778298843426,2573201408,52940800,756572160,233693184,942329856,1073737728,834922,41331,6,3252412,48171,0,834474,3377,854960640,42322944,1821463,1279050,7,2,0,0,0,56176,126707
1778298843718,2573201408,52940800,756572160,233693184,942329856,1073737728,834922,41331,6,3254043,48171,0,834474,3377,854960640,42322944,1821661,1279090,7,2,0,0,0,56176,126707
1778298844013,2573201408,52940800,756584448,233693184,942329856,1073737728,834922,41331,6,3256183,48171,0,835282,3377,854960640,42322944,1823891,1280290,7,2,0,0,0,56176,126710
1778298844309,2573201408,52940800,756584448,233693184,942329856,1073737728,834922,41331,6,3257816,48171,0,835282,3377,854960640,42322944,1826441,1281038,7,2,0,0,0,56176,126710
1778298844604,2573201408,52940800,756584448,233693184,942329856,1073737728,834922,41331,6,3259446,48171,0,835282,3377,854960640,42322944,1826741,1281294,7,2,0,0,0,56176,126710
1778298844899,2573201408,52940800,756584448,233693184,942329856,1073737728,834922,41331,6,3261085,48171,0,835282,3377,854960640,42322944,1829265,1282346,7,2,0,0,0,56176,126710
1778298845194,2573201408,52940800,756584448,233693184,942280704,1073737728,834922,41331,6,3263233,48171,0,836088,3377,854960640,42322944,1830503,1283606,7,2,0,0,0,56176,126710
1778298845489,2573201408,52940800,756584448,233693184,942280704,1073737728,834922,41363,6,3264863,48171,0,836088,3377,854960640,42355712,1830701,1283606,7,2,0,0,0,56176,126710
1778298845778,2573201408,52940800,756584448,233693184,942280704,1073737728,834922,41363,6,3266496,48171,0,836088,3377,854960640,42355712,1831865,1285382,7,2,0,0,0,56176,126710
1778298846074,2573201408,52940800,756588544,233689088,942329856,1073737728,834922,41363,6,3268632,48171,0,836896,3377,854960640,42355712,1833023,1285582,7,2,0,0,0,56176,126710
1778298846369,2572972032,52940800,756588544,233693184,942391296,1073737728,834922,41363,6,3270277,48171,0,836896,3377,854960640,42355712,1833237,1285622,7,2,0,0,0,56176,126710
1778298846663,2572972032,52940800,756588544,233693184,942391296,1073737728,834922,41363,6,3271908,48171,0,836896,3377,854960640,42355712,1833435,1285662,7,2,0,0,0,56176,126710
1778298846958,2572972032,52940800,756588544,233693184,942391296,1073737728,834922,41363,6,3273540,48171,0,836896,3377,854960640,42355712,1835905,1287038,7,2,0,0,0,56176,126710
1778298847254,2572976128,52940800,756588544,233693184,942366720,1073737728,834922,41363,6,3275684,48171,0,837704,3377,854960640,42355712,1838569,1287814,7,2,0,0,0,56176,126711
1778298847542,2572976128,52940800,756588544,233693184,942366720,1073737728,834922,41363,6,3277317,48171,0,837704,3377,854960640,42355712,1839003,1287906,7,2,0,0,0,56176,126711
1778298847837,2572976128,52940800,756588544,233693184,942366720,1073737728,834922,41363,6,3278952,48171,0,837704,3377,854960640,42355712,1840193,1288770,7,2,0,0,0,56176,126711
1778298848128,2573234176,52948992,756596736,233693184,942186496,1073737728,834922,41407,6,3281092,48171,0,838515,3377,854960640,42400768,1841377,1290070,7,2,0,0,0,56176,126711
1778298848421,2573234176,52948992,756596736,233701376,942329856,1073737728,834922,41407,6,3282722,48171,0,838515,3377,854960640,42400768,1841591,1290110,7,2,0,0,0,56178,126711
1778298848716,2573234176,52948992,756596736,233701376,942329856,1073737728,834922,41407,6,3284353,48171,0,838515,3377,854960640,42400768,1841789,1291034,7,2,0,0,0,56178,126711
1778298849010,2573234176,52948992,756596736,233701376,942329856,1073737728,834922,41407,6,3285989,48171,0,838515,3377,854960640,42400768,1842867,1291802,7,2,0,0,0,56178,126711
1778298849306,2573127680,52948992,756596736,233701376,942178304,1073737728,834922,41407,6,3288131,48171,0,839327,3377,854960640,42400768,1843819,1292018,7,2,0,0,0,56178,126711
1778298849601,2573127680,52948992,756596736,233701376,942178304,1073737728,834922,41407,6,3289761,48171,0,839327,3377,854960640,42400768,1844119,1292234,7,2,0,0,0,56178,126711
1778298849897,2573127680,52948992,756596736,233701376,942178304,1073737728,834922,41407,6,3291394,48171,0,839327,3377,854960640,42400768,1846669,1293486,7,2,0,0,0,56178,126711
1778298850191,2572988416,52948992,756600832,233701376,942350336,1073737728,834922,41407,6,3293547,48171,0,840134,3377,854960640,42400768,1849353,1294234,7,2,0,0,0,56178,126713
1778298850486,2572988416,52948992,756604928,233701376,942350336,1073737728,834922,41407,6,3295180,48171,0,840134,3377,854960640,42425344,1849685,1294314,7,2,0,0,0,56178,126713
1778298850781,2572988416,52948992,756604928,233701376,942350336,1073737728,834922,41431,6,3296821,48171,0,840134,3377,854960640,42425344,1850561,1294978,7,2,0,0,0,56178,126713
1778298851077,2572988416,52948992,756604928,233701376,942350336,1073737728,834922,41431,6,3298451,48171,0,840134,3377,854960640,42425344,1851089,1296278,7,2,0,0,0,56178,126713
1778298851373,2572988416,52948992,756604928,233701376,942350336,1073737728,834922,41431,6,3300591,48171,0,840943,3377,854960640,42425344,1852105,1296410,7,2,0,0,0,56178,126713
1778298851666,2572988416,52948992,756604928,233701376,942350336,1073737728,834922,41431,6,3302221,48171,0,840943,3377,854960640,42425344,1852303,1297374,7,2,0,0,0,56178,126713
1778298851960,2572988416,52948992,756604928,233701376,942350336,1073737728,834922,41431,6,3303852,48171,0,840943,3377,854960640,42425344,1852595,1297818,7,2,0,0,0,56178,126713
1778298852254,2572988416,52948992,756609024,233701376,942325760,1073737728,834922,41431,6,3306028,48171,0,841752,3377,854960640,42425344,1853575,1297978,7,2,0,0,0,56178,126715
1778298852549,2572988416,52948992,756609024,233701376,942325760,1073737728,834922,41431,6,3307658,48171,0,841752,3377,854960640,42425344,1853789,1298018,7,2,0,0,0,56178,126715
1778298852843,2572988416,52948992,756609024,233701376,942325760,1073737728,834922,41431,6,3309289,48171,0,841752,3377,854960640,42425344,1854089,1298738,7,2,0,0,0,56178,126715
1778298853137,2572988416,52948992,756609024,233701376,942325760,1073737728,834922,41435,6,3310919,48171,0,841752,3377,854960640,42470400,1855869,1299434,7,2,0,0,0,56178,126715
1778298853433,2572730368,52957184,756600832,233701376,942174208,1073737728,834922,41475,6,3313063,48171,0,842559,3377,854960640,42470400,1858403,1300266,7,2,0,0,0,56178,126715
1778298853722,2572730368,52957184,756600832,233701376,942174208,1073737728,834922,41475,6,3314696,48171,0,842559,3377,854960640,42470400,1859023,1300438,7,2,0,0,0,56178,126715
1778298854017,2572730368,52957184,756613120,233701376,942358528,1073737728,834922,41475,6,3316330,48171,0,842559,3377,854960640,42470400,1861205,1301590,7,2,0,0,0,56178,126715
1778298854313,2572472320,52957184,756613120,233709568,942264320,1073737728,834922,41475,6,3318488,48171,0,843362,3377,854960640,42470400,1862415,1302698,7,2,0,0,0,56180,126716
1778298854606,2572472320,52957184,756613120,233709568,942264320,1073737728,834922,41475,6,3320119,48171,0,843362,3377,854960640,42470400,1862613,1302738,7,2,0,0,0,56180,126716
1778298854901,2572472320,52957184,756613120,233709568,942264320,1073737728,834922,41475,6,3321751,48171,0,843362,3377,854960640,42470400,1863675,1304430,7,2,0,0,0,56180,126716
1778298855197,2572472320,52957184,756613120,233709568,942321664,1073737728,834922,41475,6,3323381,48171,0,843362,3377,854960640,42470400,1863991,1304646,7,2,0,0,0,56180,126716
1778298855492,2572472320,52957184,756613120,233709568,942170112,1073737728,834922,41475,6,3325527,48171,0,844176,3377,854960640,42470400,1865003,1304766,7,2,0,0,0,56180,126716
1778298855786,2572472320,52957184,756613120,233709568,942170112,1073737728,834922,41495,6,3327159,48171,0,844176,3377,854960640,42490880,1865987,1305402,7,2,0,0,0,56180,126716
1778298856081,2572472320,52957184,756617216,233709568,942383104,1073737728,834922,41495,6,3328793,48171,0,844176,3377,854960640,42490880,1867783,1306058,7,2,0,0,0,56180,126717
1778298856375,2572472320,52957184,756617216,233709568,942354432,1073737728,834922,41495,6,3330946,48171,0,844978,3377,854960640,42490880,1870767,1306982,7,2,0,0,0,56180,126717
1778298856669,2572472320,52957184,756617216,233709568,942354432,1073737728,834922,41495,6,3332579,48171,0,844978,3377,854960640,42490880,1871189,1307102,7,2,0,0,0,56180,126717
1778298856965,2572472320,52957184,756617216,233709568,942354432,1073737728,834922,41495,6,3334226,48171,0,844978,3377,854960640,42490880,1872383,1308114,7,2,0,0,0,56180,126717
1778298857258,2572472320,52957184,756625408,233709568,942362624,1073737728,834922,41495,6,3335856,48171,0,844978,3377,854960640,42490880,1872597,1309078,7,2,0,0,0,56180,126719
1778298857547,2571956224,52957184,756625408,233709568,942514176,1073737728,834922,41495,6,3338009,48171,0,845786,3377,854960640,42490880,1873839,1309250,7,2,0,0,0,56180,126719
1778298857841,2571956224,52957184,756625408,233709568,942514176,1073737728,834922,41495,6,3339639,48171,0,845786,3377,854960640,42490880,1874131,1310618,7,2,0,0,0,56180,126719
1778298858136,2571956224,52957184,756629504,233709568,942387200,1073737728,834922,41495,6,3341285,48171,0,845786,3377,854960640,42490880,1874431,1310794,7,2,0,0,0,56180,126719
1778298858430,2571956224,52965376,756621312,233709568,942366720,1073737728,834922,41523,6,3343433,48171,0,846591,3377,854960640,42552320,1875481,1310954,7,2,0,0,0,56180,126720
1778298858719,2571956224,52965376,756625408,233709568,942395392,1073737728,834922,41555,6,3345064,48171,0,846591,3377,854960640,42552320,1875695,1310954,7,2,0,0,0,56180,126720
1778298859013,2571956224,52965376,756625408,233709568,942395392,1073737728,834922,41555,6,3346694,48171,0,846591,3377,854960640,42552320,1877689,1312154,7,2,0,0,0,56180,126720
1778298859308,2571956224,52965376,756629504,233709568,942395392,1073737728,834922,41555,6,3348328,48171,0,846591,3377,854960640,42552320,1879587,1312770,7,2,0,0,0,56180,126720
1778298859604,2571698176,52965376,756629504,233709568,942243840,1073737728,834922,41555,6,3350471,48171,0,847396,3377,854960640,42552320,1880645,1312902,7,2,0,0,0,56180,126720
1778298859898,2571698176,52965376,756629504,233709568,942243840,1073737728,834922,41555,6,3352107,48171,0,847396,3377,854960640,42552320,1883051,1314150,7,2,0,0,0,56180,126720
1778298860193,2571698176,52965376,756637696,233709568,942370816,1073737728,834922,41555,6,3353737,48171,0,847396,3377,854960640,42552320,1883265,1315154,7,2,0,0,0,56180,126720
1778298860487,2571452416,52965376,756637696,233709568,942227456,1073737728,834922,41555,6,3355881,48171,0,848203,3377,854960640,42552320,1884329,1315246,7,2,0,0,0,56180,126721
1778298860782,2571452416,52965376,756637696,233709568,942227456,1073737728,834922,41555,6,3357514,48171,0,848203,3377,854960640,42552320,1885311,1316982,7,2,0,0,0,56180,126721
1778298861075,2571452416,52965376,756654080,233717760,942374912,1073737728,834922,41587,6,3359150,48171,0,848203,3377,854960640,42585088,1885611,1317238,7,2,0,0,0,56182,126722
1778298861363,2571452416,52965376,756654080,233717760,942374912,1073737728,834922,41587,6,3360782,48171,0,848203,3377,854960640,42585088,1885851,1317306,7,2,0,0,0,56182,126722
1778298861658,2571194368,52965376,756654080,233717760,942313472,1073737728,834922,41587,6,3362919,48171,0,849007,3377,854960640,42585088,1886825,1317426,7,2,0,0,0,56182,126722
1778298861954,2571194368,52965376,756654080,233717760,942313472,1073737728,834922,41587,6,3364551,48171,0,849007,3377,854960640,42585088,1889193,1318626,7,2,0,0,0,56182,126722
1778298862249,2571194368,52965376,756658176,233717760,942399488,1073737728,834922,41587,6,3366182,48171,0,849007,3377,854960640,42585088,1891075,1319418,7,2,0,0,0,56182,126722
1778298862544,2570936320,52965376,756658176,233721856,942510080,1073737728,834922,41587,6,3368339,48171,0,849813,3377,854960640,42585088,1892259,1319538,7,2,0,0,0,56182,126723
1778298862838,2570936320,52965376,756658176,233721856,942510080,1073737728,834922,41587,6,3369971,48171,0,849813,3377,854960640,42585088,1893363,1320442,7,2,0,0,0,56182,126723
1778298863130,2570936320,52965376,756658176,233717760,942362624,1073737728,834922,41587,6,3371601,48171,0,849813,3377,854960640,42585088,1893577,1321406,7,2,0,0,0,56182,126723
1778298863422,2570936320,52965376,756658176,233717760,942362624,1073737728,834922,41587,6,3373232,48171,0,849813,3377,854960640,42585088,1893775,1321446,7,2,0,0,0,56182,126723
1778298863717,2570678272,52973568,756658176,233721856,942247936,1073737728,834922,41631,6,3375375,48171,0,850625,3377,854960640,42630144,1895193,1322598,7,2,0,0,0,56182,126723
1778298864012,2570678272,52973568,756658176,233721856,942247936,1073737728,834922,41631,6,3377009,48171,0,850625,3377,854960640,42630144,1896175,1323366,7,2,0,0,0,56182,126723
1778298864305,2570448896,52973568,756662272,233717760,942387200,1073737728,834922,41631,6,3378654,48171,0,850625,3377,854960640,42630144,1896373,1323406,7,2,0,0,0,56182,126724
1778298864601,2570448896,52973568,756662272,233717760,942354432,1073737728,834922,41631,6,3380801,48171,0,851430,3377,854960640,42630144,1897433,1323662,7,2,0,0,0,56182,126724
1778298864897,2570448896,52973568,756662272,233717760,942354432,1073737728,834922,41631,6,3382433,48171,0,851430,3377,854960640,42630144,1899903,1325038,7,2,0,0,0,56182,126724
1778298865192,2570448896,52973568,756662272,233725952,942407680,1073737728,834922,41631,6,3384064,48171,0,851430,3377,854960640,42630144,1901761,1325734,7,2,0,0,0,56184,126724
1778298865486,2570448896,52973568,756662272,233725952,942407680,1073737728,834922,41631,6,3385695,48171,0,851430,3377,854960640,42630144,1901959,1325734,7,2,0,0,0,56184,126724
1778298865776,2570448896,52973568,756662272,233725952,942329856,1073737728,834922,41631,6,3387853,48171,0,852233,3377,854960640,42630144,1903927,1326634,7,2,0,0,0,56184,126724
1778298866070,2570448896,52973568,756666368,233725952,942387200,1073737728,834922,41631,6,3389483,48171,0,852233,3377,854960640,42650624,1904337,1327798,7,2,0,0,0,56184,126724
1778298866364,2570448896,52973568,756666368,233725952,942411776,1073737728,834922,41651,6,3391113,48171,0,852233,3377,854960640,42650624,1904637,1327974,7,2,0,0,0,56184,126724
1778298866658,2570448896,52973568,756666368,233725952,942411776,1073737728,834922,41651,6,3393263,48171,0,853037,3377,854960640,42650624,1905795,1329098,7,2,0,0,0,56184,126725
1778298866952,2570448896,52973568,756666368,233725952,942411776,1073737728,834922,41651,6,3394894,48171,0,853037,3377,854960640,42650624,1906087,1329542,7,2,0,0,0,56184,126725
1778298867246,2570448896,52973568,756666368,233725952,942391296,1073737728,834922,41651,6,3396524,48171,0,853037,3377,854960640,42650624,1906285,1329582,7,2,0,0,0,56184,126725
1778298867540,2570448896,52973568,756666368,233725952,942391296,1073737728,834922,41651,6,3398155,48171,0,853037,3377,854960640,42650624,1906499,1329622,7,2,0,0,0,56184,126725
1778298867830,2570448896,52973568,756666368,233725952,942387200,1073737728,834922,41651,6,3400289,48171,0,853849,3377,854960640,42650624,1907613,1330462,7,2,0,0,0,56184,126725
1778298868122,2570448896,52973568,756670464,233725952,942407680,1073737728,834922,41651,6,3401920,48171,0,853849,3377,854960640,42650624,1909393,1331118,7,2,0,0,0,56184,126726
1778298868415,2570448896,52973568,756674560,233725952,942407680,1073737728,834922,41651,6,3403553,48171,0,853849,3377,854960640,42650624,1911393,1331950,7,2,0,0,0,56184,126726
1778298868709,2570448896,52981760,756666368,233725952,942256128,1073737728,834922,41711,6,3405697,48171,0,854657,3377,854960640,42712064,1912827,1332214,7,2,0,0,0,56184,126726
1778298869004,2570448896,52981760,756666368,233730048,942190592,1073737728,834922,41711,6,3407331,48171,0,854657,3377,854960640,42712064,1915079,1333270,7,2,0,0,0,56184,126727
1778298869298,2570190848,52981760,756682752,233734144,942424064,1073737728,834922,41711,6,3408962,48171,0,854657,3377,854960640,42712064,1915293,1334194,7,2,0,0,0,56186,126727
1778298869593,2570190848,52981760,756682752,233734144,942424064,1073737728,834922,41711,6,3410592,48171,0,854657,3377,854960640,42712064,1915807,1334370,7,2,0,0,0,56186,126727
1778298869890,2569932800,52981760,756682752,233730048,942387200,1073737728,834922,41711,6,3412739,48171,0,855461,3377,854960640,42712064,1917339,1336010,7,2,0,0,0,56186,126728
1778298870184,2569932800,52981760,756682752,233734144,942387200,1073737728,834922,41711,6,3414385,48171,0,855461,3377,854960640,42712064,1917553,1336050,7,2,0,0,0,56186,126728
1778298870478,2569932800,52981760,756682752,233734144,942387200,1073737728,834922,41711,6,3416015,48171,0,855461,3377,854960640,42712064,1917751,1336090,7,2,0,0,0,56186,126728
1778298870765,2569932800,52981760,756682752,233730048,942157824,1073737728,834922,41711,6,3418156,48171,0,856265,3377,854960640,42712064,1919425,1336914,7,2,0,0,0,56186,126728
1778298871061,2569932800,52981760,756695040,233734144,942395392,1073737728,834922,41711,6,3419786,48171,0,856265,3377,854960640,42712064,1921221,1337610,7,2,0,0,0,56186,126730
1778298871354,2569932800,52981760,756695040,233734144,942395392,1073737728,834922,41747,6,3421422,48171,0,856265,3377,854960640,42748928,1923119,1338266,7,2,0,0,0,56186,126730
1778298871649,2569932800,52981760,756695040,233734144,942395392,1073737728,834922,41747,6,3423053,48171,0,856265,3377,854960640,42748928,1923317,1338346,7,2,0,0,0,56186,126730
1778298871948,2569932800,52981760,756695040,233734144,942305280,1073737728,834922,41747,6,3425206,48171,0,857073,3377,854960640,42748928,1925341,1339482,7,2,0,0,0,56186,126731
1778298872242,2569932800,52981760,756695040,233734144,942387200,1073737728,834922,41747,6,3426838,48171,0,857073,3377,854960640,42748928,1925555,1340635,7,2,0,0,0,56186,126731
1778298872535,2569932800,52981760,756695040,233734144,942387200,1073737728,834922,41747,6,3428470,48171,0,857073,3377,854960640,42748928,1925753,1340675,7,2,0,0,0,56186,126731
1778298872829,2569932800,52981760,756695040,233734144,942235648,1073737728,834922,41747,6,3430622,48171,0,857881,3377,854960640,42748928,1927523,1342395,7,2,0,0,0,56186,126731
1778298873122,2569932800,52981760,756699136,233734144,942428160,1073737728,834922,41747,6,3432252,48171,0,857881,3377,854960640,42748928,1927737,1342435,7,2,0,0,0,56186,126732
1778298873416,2569932800,52981760,756699136,233734144,942428160,1073737728,834922,41747,6,3433882,48171,0,857881,3377,854960640,42748928,1928037,1342611,7,2,0,0,0,56186,126732
1778298873710,2569932800,52981760,756699136,233734144,942428160,1073737728,834922,41747,6,3435512,48171,0,857881,3377,854960640,42748928,1928235,1342611,7,2,0,0,0,56186,126732
1778298874006,2570203136,52989952,756690944,233734144,942440448,1073737728,834922,41795,6,3437664,48171,0,858688,3377,854960640,42798080,1931599,1343983,7,2,0,0,0,56186,126732
1778298874301,2570203136,52989952,756703232,233734144,942432256,1073737728,834922,41795,6,3439294,48171,0,858688,3377,854960640,42798080,1933379,1344599,7,2,0,0,0,56186,126733
1778298874589,2570203136,52989952,756703232,233734144,942432256,1073737728,834922,41795,6,3440927,48171,0,858688,3377,854960640,42798080,1933893,1344808,7,2,0,0,0,56186,126733
1778298874885,2570203136,52989952,756703232,233734144,942432256,1073737728,834922,41795,6,3443063,48171,0,859496,3377,854960640,42798080,1935967,1345848,7,2,0,0,0,56186,126733
1778298875179,2570203136,52989952,756707328,233734144,942440448,1073737728,834922,41795,6,3444697,48171,0,859496,3377,854960640,42798080,1936299,1346852,7,2,0,0,0,56186,126734
1778298875473,2570203136,52989952,756707328,233734144,942440448,1073737728,834922,41795,6,3446327,48171,0,859496,3377,854960640,42798080,1936497,1346892,7,2,0,0,0,56186,126734
1778298875768,2570203136,52989952,756707328,233734144,942440448,1073737728,834922,41795,6,3447957,48171,0,859496,3377,854960640,42798080,1936789,1348260,7,2,0,0,0,56186,126734
1778298876064,2570203136,52989952,756707328,233742336,942403584,1073737728,834922,41795,6,3450111,48171,0,860307,3377,854960640,42798080,1937887,1348516,7,2,0,0,0,56188,126734
1778298876354,2570203136,52989952,756707328,233742336,942403584,1073737728,834922,41795,6,3451758,48171,0,860307,3377,854960640,42818560,1938187,1348692,7,2,0,0,0,56188,126734
1778298876649,2570203136,52989952,756707328,233742336,942403584,1073737728,834922,41815,6,3453391,48171,0,860307,3377,854960640,42818560,1938385,1348732,7,2,0,0,0,56188,126734
1778298876944,2569957376,52989952,756711424,233742336,942530560,1073737728,834922,41815,6,3455542,48171,0,861115,3377,854960640,42818560,1940701,1349932,7,2,0,0,0,56188,126734
1778298877238,2569957376,52989952,756711424,233742336,942432256,1073737728,834922,41815,6,3457173,48171,0,861115,3377,854960640,42818560,1943149,1350640,7,2,0,0,0,56188,126734
1778298877531,2569957376,52989952,756711424,233742336,942432256,1073737728,834922,41815,6,3458805,48171,0,861115,3377,854960640,42818560,1943481,1350720,7,2,0,0,0,56188,126734
1778298877825,2569957376,52989952,756711424,233742336,942432256,1073737728,834922,41815,6,3460443,48171,0,861115,3377,854960640,42818560,1945705,1351776,7,2,0,0,0,56188,126734
1778298878115,2569957376,52989952,756715520,233742336,942436352,1073737728,834922,41815,6,3462580,48171,0,861927,3377,854960640,42818560,1946845,1353100,7,2,0,0,0,56188,126734
1778298878409,2569957376,52989952,756715520,233742336,942436352,1073737728,834922,41815,6,3464210,48171,0,861927,3377,854960640,42818560,1947059,1353140,7,2,0,0,0,56188,126734
1778298878704,2569957376,52989952,756715520,233742336,942436352,1073737728,834922,41815,6,3465840,48171,0,861927,3377,854960640,42818560,1947257,1354064,7,2,0,0,0,56188,126734
1778298878999,2570215424,52989952,756719616,233738240,942301184,1073737728,834922,41827,6,3467997,48171,0,862740,3377,854960640,42830848,1949445,1355224,7,2,0,0,0,56188,126735
1778298879292,2570215424,52998144,756719616,233746432,942469120,1073737728,834922,41871,6,3469628,48171,0,862740,3377,854960640,42875904,1949643,1355304,7,2,0,0,0,56189,126736
1778298879586,2570215424,52998144,756719616,233746432,942469120,1073737728,834922,41871,6,3471258,48171,0,862740,3377,854960640,42875904,1949841,1355344,7,2,0,0,0,56189,126736
1778298879880,2570215424,52998144,756719616,233746432,942469120,1073737728,834922,41871,6,3472891,48171,0,862740,3377,854960640,42875904,1952193,1356544,7,2,0,0,0,56189,126736
1778298880174,2570715136,52998144,756719616,233742336,942391296,1073737728,834922,41871,6,3475049,48171,0,863541,3377,854960640,42875904,1955083,1357456,7,2,0,0,0,56189,126736
1778298880469,2570715136,52998144,756719616,233742336,942391296,1073737728,834922,41871,6,3476679,48171,0,863541,3377,854960640,42875904,1955297,1357496,7,2,0,0,0,56189,126736
1778298880761,2570715136,52998144,756719616,233742336,942391296,1073737728,834922,41871,6,3478315,48171,0,863541,3377,854960640,42875904,1956275,1358160,7,2,0,0,0,56189,126736
1778298881056,2570883072,52998144,756723712,233742336,942272512,1073737728,834922,41871,6,3480457,48171,0,864349,3377,854960640,42875904,1957693,1358520,7,2,0,0,0,56189,126737
1778298881349,2570989568,52998144,756723712,233746432,942292992,1073737728,834922,41871,6,3482088,48171,0,864349,3377,854960640,42875904,1957907,1359484,7,2,0,0,0,56189,126737
1778298881643,2570989568,52998144,756723712,233746432,942309376,1073737728,834922,41895,6,3483719,48171,0,864349,3377,854960640,42900480,1958105,1360408,7,2,0,0,0,56189,126737
1778298881937,2570989568,52998144,756723712,233746432,942309376,1073737728,834922,41895,6,3485350,48171,0,864349,3377,854960640,42900480,1959087,1361260,7,2,0,0,0,56189,126737
1778298882233,2570366976,52998144,756723712,233746432,942571520,1073737728,834922,41895,6,3487521,48173,0,865160,3377,854960640,42900480,1960261,1361380,7,2,0,0,0,56189,126739
1778298882522,2570366976,52998144,756723712,233746432,942571520,1073737728,834922,41895,6,3489151,48173,0,865160,3377,854960640,42900480,1960475,1361420,7,2,0,0,0,56189,126739
1778298882809,2570366976,52998144,756723712,233746432,942571520,1073737728,834922,41895,6,3490783,48173,0,865160,3377,854960640,42900480,1961347,1362140,7,2,0,0,0,56189,126739
1778298883102,2570379264,52998144,756727808,233746432,942448640,1073737728,834922,41895,6,3492782,48173,0,865968,3377,854960640,42900480,1963797,1362836,7,2,0,0,0,56190,126738
1778298883390,2571264000,52998144,756727808,233750528,942452736,1073737728,834922,41895,6,3494552,48173,0,865968,3377,854960640,42900480,1966113,1363864,7,2,0,0,0,56190,126738
1778298883685,2571264000,52998144,756727808,233750528,942452736,1073737728,834922,41895,6,3496184,48173,0,865968,3377,854960640,42900480,1966535,1363984,7,2,0,0,0,56190,126738
1778298883981,2571264000,52998144,756736000,233750528,942452736,1073737728,834922,41895,6,3497816,48173,0,865968,3377,854960640,42900480,1967533,1364808,7,2,0,0,0,56190,126738
1778298884277,2571005952,52998144,756736000,233754624,942383104,1073737728,834922,41895,6,3499968,48173,0,866772,3377,854960640,42912768,1968743,1366000,7,2,0,0,0,56190,126739
1778298884572,2571005952,53006336,756736000,233754624,942383104,1073737728,834922,41947,6,3501598,48173,0,866772,3377,854960640,42953728,1968957,1366080,7,2,0,0,0,56190,126739
1778298884866,2570493952,53006336,756736000,233754624,942534656,1073737728,834922,41947,6,3503346,48173,0,866937,3377,854960640,42953728,1971320,1377080,7,2,0,0,0,56190,126739
1778298885157,2570010624,53006336,756752384,233758720,943808512,1073737728,834922,41947,6,3505257,48173,0,867848,3377,854960640,42953728,1977180,1403339,7,2,0,0,0,56192,126743
1778298885445,2570010624,53006336,756752384,233758720,944082944,1073737728,834922,41947,6,3507185,48173,0,868121,3377,854960640,42953728,1980243,1403339,7,2,0,0,0,56192,126743
1778298885738,2570010624,53006336,756752384,233758720,944082944,1073737728,834922,41947,6,3508830,48173,0,868121,3377,854960640,42953728,1983683,1403339,7,2,0,0,0,56192,126743
1778298886032,2570010624,53006336,756752384,233758720,944558080,1073737728,834922,41947,6,3510498,48173,0,868299,3377,854960640,42953728,1988592,1409787,7,2,0,0,0,56192,126743
1778298886321,2569752576,53006336,756756480,233762816,945164288,1073737728,834922,41947,6,3512715,48173,0,869308,3377,854960640,42953728,1993931,1410403,7,2,0,0,0,56192,126743
1778298886612,2569752576,53006336,756756480,233762816,945246208,1073737728,834922,41947,6,3514407,48173,0,869352,3377,854960640,42953728,1998593,1410403,7,2,0,0,0,56192,126743
1778298886902,2569752576,53006336,756756480,233762816,945246208,1073737728,834922,41983,6,3516139,48173,0,869401,3377,854960640,42990592,2005033,1411351,7,2,0,0,0,56192,126743
1778298887191,2569752576,53006336,756908032,233758720,945369088,1073737728,834922,41983,6,3517810,48173,0,869415,3377,854960640,42990592,2015059,1411351,7,2,0,0,0,56192,126775
1778298887493,2569244672,53006336,756912128,233758720,945434624,1073737728,834922,41983,6,3519999,48173,0,870268,3377,854960640,42990592,2019034,1432611,7,2,0,0,0,56192,126775
1778298887783,2569244672,53006336,756912128,233758720,946044928,1073737728,834922,41983,6,3521686,48173,0,870457,3377,854960640,42990592,2021987,1432611,7,2,0,0,0,56192,126775
1778298888078,2569244672,53006336,756912128,233758720,946188288,1073737728,834922,41983,6,3523321,48173,0,870457,3377,854960640,42990592,2022617,1432611,7,2,0,0,0,56192,126775
1778298888374,2568986624,53006336,756912128,233758720,946098176,1073737728,834922,41983,6,3525493,48173,0,871263,3377,854960640,42990592,2026719,1432611,7,2,0,0,0,56192,126776
1778298888669,2568986624,53006336,756912128,233758720,946098176,1073737728,834922,41983,6,3527130,48173,0,871263,3377,854960640,42990592,2029445,1432611,7,2,0,0,0,56192,126776
1778298888963,2568986624,53006336,756912128,233758720,946098176,1073737728,834922,41983,6,3528768,48173,0,871263,3377,854960640,42990592,2032820,1433227,7,2,0,0,0,56192,126776
1778298889258,2568986624,53006336,756916224,233758720,946225152,1073737728,834922,41983,6,3530436,48173,0,871296,3377,854960640,42990592,2035131,1435754,7,2,0,0,0,56192,126776
1778298889553,2568470528,53006336,756916224,233758720,946339840,1073737728,834922,41983,6,3532572,48173,0,872097,3377,854960640,43052032,2040607,1435754,7,2,0,0,0,56192,126776
1778298889849,2568470528,53014528,756908032,233758720,946339840,1073737728,834922,42043,6,3534208,48173,0,872097,3377,854960640,43052032,2040607,1461650,7,2,0,0,0,56192,126776
1778298890139,2568212480,53014528,756940800,233766912,947580928,1073737728,834922,42531,6,3535860,48173,0,872430,3377,854960640,43551744,2041357,1461841,7,2,0,0,0,56194,126777
1778298890434,2567696384,53014528,756940800,233762816,948170752,1073737728,834922,42531,6,3538089,48173,0,873471,3377,854960640,43551744,2044727,1461841,7,2,0,0,0,56194,126778
1778298890730,2567696384,53014528,756973568,233762816,948895744,1073737728,834922,42531,6,3539840,48173,0,873670,3377,854960640,43551744,2048677,1467171,7,2,0,0,0,56194,126779
1778298891026,2567696384,53014528,756973568,233766912,948854784,1073737728,834922,42531,6,3541484,48173,0,873670,3377,854960640,43551744,2051598,1467171,7,2,0,0,0,56194,126779
1778298891318,2567696384,53014528,756973568,233766912,948854784,1073737728,834922,42531,6,3543128,48173,0,873670,3377,854960640,43551744,2052298,1467171,7,2,0,0,0,56194,126779
1778298891614,2567438336,53014528,756973568,233762816,948764672,1073737728,834922,42531,6,3545275,48173,0,874477,3377,854960640,43551744,2053048,1467171,7,2,0,0,0,56194,126779
1778298891909,2567438336,53014528,756973568,233762816,948764672,1073737728,834922,42531,6,3547083,48173,0,874477,3377,854960640,43551744,2054630,1469974,7,2,0,0,0,56194,126779
1778298892202,2567438336,53014528,756973568,233766912,948908032,1073737728,834922,42531,6,3548966,48173,0,874491,3377,854960640,43568128,2056212,1470590,7,2,0,0,0,56194,126779
1778298892495,2567184384,53014528,756977664,233762816,948879360,1073737728,834922,42547,6,3551389,48173,0,875299,3377,854960640,43568128,2056212,1496662,7,2,0,0,0,56194,126779
1778298892786,2567184384,53014528,756977664,233762816,949334016,1073737728,834922,42547,6,3553315,48173,0,875420,3377,854960640,43568128,2056962,1496662,7,2,0,0,0,56194,126779
1778298893075,2567184384,53014528,756977664,233766912,950575104,1073737728,834922,42547,6,3555344,48173,0,875832,3377,854960640,43568128,2057712,1497294,7,2,0,0,0,56194,126779
1778298893362,2567184384,53014528,756977664,233766912,950575104,1073737728,834922,42547,6,3557223,48173,0,875832,3377,854960640,43568128,2057712,1497294,7,2,0,0,0,56194,126779
1778298893657,2567184384,53014528,756977664,233766912,950530048,1073737728,834922,42547,6,3559628,48173,0,876638,3377,854960640,43568128,2057712,1497616,7,2,0,0,0,56194,126779
1778298893949,2567184384,53014528,756977664,233766912,950530048,1073737728,834922,42547,6,3561513,48173,0,876638,3377,854960640,43568128,2059252,1497616,7,2,0,0,0,56194,126779
1778298894244,2567184384,53014528,756977664,233766912,950530048,1073737728,834922,42547,6,3563423,48173,0,876652,3377,854960640,43568128,2059294,1497616,7,2,0,0,0,56194,126779
1778298894537,2567184384,53014528,756977664,233766912,950530048,1073737728,834922,42547,6,3565824,48173,0,877462,3377,854960640,43568128,2059294,1497616,7,2,0,0,0,56194,126779
1778298894830,2567184384,53014528,756977664,233766912,950530048,1073737728,834922,42567,6,3567710,48173,0,877462,3377,854960640,43588608,2059294,1524456,7,2,0,0,0,56194,126779
1778298895121,2567184384,53022720,756981760,233766912,950636544,1073737728,834922,42619,6,3569612,48173,0,877462,3377,854960640,43641856,2060918,1525072,7,2,0,0,0,56194,126781
1778298895410,2567184384,53022720,756981760,233775104,952012800,1073737728,834922,42619,6,3571596,48173,0,877865,3377,854960640,43641856,2063250,1525792,7,2,0,0,0,56196,126781
1778298895707,2566668288,53022720,756985856,233775104,952000512,1073737728,834922,42619,6,3573990,48173,0,878671,3377,854960640,43641856,2064000,1525792,7,2,0,0,0,56196,126781
1778298895999,2566668288,53022720,756985856,233775104,952000512,1073737728,834922,42619,6,3575874,48173,0,878671,3377,854960640,43641856,2064000,1525792,7,2,0,0,0,56196,126781
1778298896292,2566668288,53022720,756985856,233775104,952000512,1073737728,834922,42619,6,3577760,48173,0,878687,3377,854960640,43641856,2064042,1525792,7,2,0,0,0,56196,126781
1778298896585,2566410240,53022720,756985856,233775104,952152064,1073737728,834922,42619,6,3580174,48173,0,879493,3377,854960640,43641856,2064042,1525792,7,2,0,0,0,56196,126781
1778298896879,2566410240,53022720,756985856,233775104,952152064,1073737728,834922,42619,6,3582059,48173,0,879493,3377,854960640,43641856,2064042,1525792,7,2,0,0,0,56196,126781
1778298897172,2566410240,53022720,756989952,233775104,952098816,1073737728,834922,42619,6,3583943,48173,0,879493,3377,854960640,43641856,2064042,1525792,7,2,0,0,0,56196,126783
1778298897467,2566156288,53022720,756998144,233775104,952098816,1073737728,834922,42619,6,3585850,48173,0,879493,3377,854960640,43641856,2064042,1553264,7,2,0,0,0,56196,126783
1778298897761,2565910528,53022720,757014528,233775104,952094720,1073737728,834922,42655,6,3588245,48173,0,880303,3377,854960640,43678720,2064042,1553264,7,2,0,0,0,56196,126783
1778298898053,2565910528,53022720,757014528,233775104,952094720,1073737728,834922,42655,6,3590134,48173,0,880303,3377,854960640,43678720,2065022,1553984,7,2,0,0,0,56196,126783
1778298898346,2565910528,53022720,757014528,233775104,952094720,1073737728,834922,42655,6,3592018,48173,0,880303,3377,854960640,43678720,2065960,1554600,7,2,0,0,0,56196,126783
1778298898640,2565910528,53022720,757014528,233779200,951934976,1073737728,834922,42655,6,3594415,48173,0,881105,3377,854960640,43678720,2065960,1554600,7,2,0,0,0,56196,126783
1778298898931,2565910528,53022720,757014528,233779200,951934976,1073737728,834922,42655,6,3596298,48173,0,881105,3377,854960640,43678720,2066002,1554600,7,2,0,0,0,56196,126783
1778298899224,2565910528,53022720,757035008,233775104,952107008,1073737728,834922,42655,6,3598181,48173,0,881105,3377,854960640,43678720,2066002,1554600,7,2,0,0,0,56196,126784
1778298899517,2565910528,53022720,757035008,233775104,952107008,1073737728,834922,42655,6,3600065,48173,0,881105,3377,854960640,43678720,2066002,1554600,7,2,0,0,0,56196,126784
1778298899811,2565910528,53022720,757035008,233779200,952147968,1073737728,834922,42655,6,3602460,48173,0,881913,3377,854960640,43678720,2066002,1554600,7,2,0,0,0,56196,126784
1778298900105,2565910528,53022720,757035008,233775104,952074240,1073737728,834922,42655,6,3604367,48173,0,881913,3377,854960640,43699200,2066044,1581648,7,2,0,0,0,56196,126784
1778298900397,2565910528,53030912,757026816,233775104,952074240,1073737728,834922,42719,6,3606268,48173,0,881913,3377,854960640,43744256,2066044,1581648,7,2,0,0,0,56196,126784
1778298900690,2565910528,53030912,757026816,233775104,951922688,1073737728,834922,42719,6,3608675,48173,0,882720,3377,854960640,43744256,2066044,1581752,7,2,0,0,0,56196,126784
1778298900983,2565910528,53030912,757026816,233775104,951922688,1073737728,834922,42719,6,3610559,48173,0,882720,3377,854960640,43744256,2068998,1584384,7,2,0,0,0,56196,126784
1778298901276,2565910528,53030912,757039104,233783296,952098816,1073737728,834922,42719,6,3612442,48173,0,882720,3377,854960640,43744256,2069978,1585000,7,2,0,0,0,56198,126785
1778298901568,2565910528,53030912,757039104,233783296,952098816,1073737728,834922,42719,6,3614325,48173,0,882720,3377,854960640,43744256,2069978,1585000,7,2,0,0,0,56198,126785
1778298901863,2565652480,53030912,757039104,233783296,952225792,1073737728,834922,42719,6,3616717,48174,0,883529,3377,854960640,43744256,2069978,1585000,7,2,0,0,0,56198,126785
1778298902155,2565652480,53030912,757043200,233783296,952131584,1073737728,834922,42719,6,3618600,48174,0,883529,3377,854960640,43744256,2069978,1585000,7,2,0,0,0,56198,126788
1778298902448,2565652480,53030912,757043200,233783296,952131584,1073737728,834922,42719,6,3620486,48174,0,883529,3377,854960640,43744256,2070020,1611416,7,2,0,0,0,56198,126788
1778298902738,2565394432,53030912,757043200,233783296,952188928,1073737728,834922,42719,6,3622886,48174,0,884333,3377,854960640,43744256,2070810,1611416,7,2,0,0,0,56198,126788
1778298903031,2565394432,53030912,757047296,233783296,952127488,1073737728,834922,42743,6,3624772,48174,0,884333,3377,854960640,43768832,2070810,1611416,7,2,0,0,0,56198,126789
1778298903322,2565394432,53030912,757047296,233783296,952127488,1073737728,834922,42743,6,3626655,48174,0,884333,3377,854960640,43768832,2070852,1611520,7,2,0,0,0,56198,126789
1778298903614,2565394432,53030912,757047296,233783296,952127488,1073737728,834922,42743,6,3628538,48174,0,884333,3377,854960640,43768832,2070852,1611520,7,2,0,0,0,56198,126789
1778298903907,2565136384,53030912,757047296,233783296,952045568,1073737728,834922,42743,6,3630944,48174,0,885139,3377,854960640,43768832,2071790,1612136,7,2,0,0,0,56198,126789
1778298904200,2565136384,53030912,757047296,233783296,952111104,1073737728,834922,42743,6,3632828,48174,0,885139,3377,854960640,43768832,2072728,1612752,7,2,0,0,0,56198,126789
1778298904493,2565136384,53030912,757047296,233783296,952111104,1073737728,834922,42743,6,3634711,48174,0,885139,3377,854960640,43768832,2074744,1614768,7,2,0,0,0,56198,126789
1778298904786,2564620288,53030912,757047296,233783296,952328192,1073737728,834922,42743,6,3637118,48174,0,885953,3377,854960640,43768832,2074744,1614768,7,2,0,0,0,56198,126789
1778298905079,2564366336,53030912,757055488,233783296,952156160,1073737728,834922,42743,6,3639012,48174,0,885953,3377,854960640,43768832,2076662,1643028,7,2,0,0,0,56198,126790
1778298905371,2564366336,53039104,757047296,233783296,952172544,1073737728,834922,42815,6,3640918,48174,0,885953,3377,854960640,43842560,2076662,1643028,7,2,0,0,0,56198,126790
1778298905663,2564366336,53039104,757047296,233783296,952172544,1073737728,834922,42815,6,3642804,48174,0,885953,3377,854960640,43842560,2076662,1643028,7,2,0,0,0,56198,126790
1778298905956,2564366336,53039104,757047296,233783296,952082432,1073737728,834922,42815,6,3645194,48174,0,886760,3377,854960640,43842560,2076662,1643132,7,2,0,0,0,56198,126790
1778298906250,2564366336,53039104,757055488,233791488,952135680,1073737728,834922,42815,6,3647093,48174,0,886760,3377,854960640,43842560,2077392,1643820,7,2,0,0,0,56200,126790
1778298906543,2564366336,53039104,757055488,233791488,952135680,1073737728,834922,42815,6,3648977,48174,0,886760,3377,854960640,43842560,2077392,1643820,7,2,0,0,0,56200,126790
1778298906836,2564366336,53039104,757055488,233791488,952135680,1073737728,834922,42815,6,3651376,48174,0,887564,3377,854960640,43842560,2077392,1643820,7,2,0,0,0,56200,126790
1778298907128,2564366336,53039104,757063680,233791488,952127488,1073737728,834922,42815,6,3653259,48174,0,887564,3377,854960640,43842560,2079060,1645124,7,2,0,0,0,56200,126793
1778298907422,2564366336,53039104,757063680,233791488,952127488,1073737728,834922,42815,6,3655144,48174,0,887564,3377,854960640,43842560,2079998,1645740,7,2,0,0,0,56200,126793
1778298907714,2564366336,53039104,757063680,233791488,952127488,1073737728,834922,42815,6,3657041,48174,0,887564,3377,854960640,43842560,2079998,1673024,7,2,0,0,0,56200,126793
1778298908007,2564108288,53039104,757063680,233791488,952094720,1073737728,834922,42815,6,3659435,48174,0,888371,3377,854960640,43842560,2079998,1673024,7,2,0,0,0,56200,126793
1778298908300,2564108288,53039104,757063680,233791488,952139776,1073737728,834922,42839,6,3661337,48174,0,888372,3377,854960640,43867136,2087454,1680584,7,2,0,0,0,56200,126793
1778298908592,2564108288,53039104,757063680,233791488,952139776,1073737728,834922,42839,6,3663220,48174,0,888372,3377,854960640,43867136,2087454,1680584,7,2,0,0,0,56200,126793
1778298908885,2563592192,53039104,757067776,233791488,951988224,1073737728,834922,42839,6,3665578,48174,0,889181,3377,854960640,43867136,2087454,1680584,7,2,0,0,0,56200,126793
1778298909178,2563878912,53039104,757080064,233791488,952176640,1073737728,834922,42839,6,3667518,48174,0,889181,3377,854960640,43867136,2088184,1681272,7,2,0,0,0,56200,126793
1778298909471,2563878912,53039104,757080064,233791488,952176640,1073737728,834922,42839,6,3669401,48174,0,889181,3377,854960640,43867136,2088184,1681272,7,2,0,0,0,56200,126793
1778298909763,2563878912,53039104,757080064,233791488,952176640,1073737728,834922,42839,6,3671284,48174,0,889181,3377,854960640,43867136,2088184,1681272,7,2,0,0,0,56200,126793
1778298910056,2563878912,53039104,757080064,233791488,952176640,1073737728,834922,42839,6,3673667,48174,0,889981,3377,854960640,43867136,2089810,1682576,7,2,0,0,0,56200,126794
1778298910350,2563878912,53039104,757080064,233791488,952176640,1073737728,834922,42839,6,3675585,48174,0,889981,3377,854960640,43908096,2090790,1709560,7,2,0,0,0,56200,126794
1778298910644,2563878912,53047296,757084160,233791488,952176640,1073737728,834922,42879,6,3677469,48174,0,889981,3377,854960640,43908096,2090790,1709560,7,2,0,0,0,56200,126794
1778298910936,2563878912,53047296,757084160,233795584,952102912,1073737728,834922,42879,6,3679772,48174,0,890789,3377,854960640,43908096,2090790,1709664,7,2,0,0,0,56202,126795
1778298911229,2563878912,53047296,757096448,233799680,952164352,1073737728,834922,42879,6,3681752,48174,0,890789,3377,854960640,43908096,2091520,1710352,7,2,0,0,0,56202,126800
1778298911520,2563878912,53047296,757096448,233799680,952164352,1073737728,834922,42879,6,3683633,48174,0,890789,3377,854960640,43908096,2091520,1710352,7,2,0,0,0,56202,126800
1778298911813,2563878912,53047296,757096448,233799680,952164352,1073737728,834922,42879,6,3685517,48174,0,890789,3377,854960640,43908096,2091520,1710352,7,2,0,0,0,56202,126800
1778298912105,2563878912,53047296,757096448,233799680,952332288,1073737728,834922,42879,6,3687919,48174,0,891592,3377,854960640,43908096,2092208,1711040,7,2,0,0,0,56202,126801
1778298912399,2563878912,53047296,757096448,233799680,952332288,1073737728,834922,42879,6,3689820,48174,0,891592,3377,854960640,43908096,2095328,1714160,7,2,0,0,0,56202,126801
1778298912692,2563878912,53047296,757096448,233799680,952332288,1073737728,834922,42879,6,3691704,48174,0,891592,3377,854960640,43908096,2095328,1714160,7,2,0,0,0,56202,126801
1778298912990,2563878912,53047296,757100544,233795584,952115200,1073737728,834922,42879,6,3693997,48174,0,892372,3377,854960640,43908096,2096588,1741320,7,2,0,0,0,56202,126801
1778298913279,2563878912,53047296,757084160,233799680,952176640,1073737728,834922,42927,6,3695990,48174,0,892399,3377,854960640,43957248,2098912,1742624,7,2,0,0,0,56202,126801
1778298913572,2563878912,53047296,757084160,233799680,952176640,1073737728,834922,42927,6,3697874,48174,0,892399,3377,854960640,43957248,2098912,1742728,7,2,0,0,0,56202,126801
1778298913865,2563878912,53047296,757088256,233799680,952176640,1073737728,834922,42927,6,3699758,48174,0,892399,3377,854960640,43957248,2098912,1742728,7,2,0,0,0,56202,126801
1778298914157,2563878912,53047296,757092352,233799680,952176640,1073737728,834922,42927,6,3702160,48174,0,893206,3377,854960640,43957248,2100612,1743416,7,2,0,0,0,56202,126801
1778298914450,2563878912,53047296,757092352,233799680,952176640,1073737728,834922,42927,6,3704044,48174,0,893206,3377,854960640,43957248,2100612,1743416,7,2,0,0,0,56202,126801
1778298914743,2563878912,53047296,757092352,233799680,952176640,1073737728,834922,42927,6,3705927,48174,0,893206,3377,854960640,43957248,2100612,1743416,7,2,0,0,0,56202,126801
1778298915036,2563878912,53047296,757092352,233795584,952201216,1073737728,834922,42927,6,3707911,48174,0,893449,3377,854960640,43957248,2100612,1743416,7,2,0,0,0,56202,126803
1778298915326,2563878912,53047296,757092352,233795584,952160256,1073737728,834922,42927,6,3710195,48174,0,894008,3377,854960640,43957248,2101676,1744104,7,2,0,0,0,56202,126803
1778298915627,2563878912,53051392,757092352,233795584,952160256,1073737728,834922,42967,6,3712109,48174,0,894008,3377,854960640,44002304,2101676,1770444,7,2,0,0,0,56202,126803
1778298915918,2563878912,53055488,757088256,233795584,952160256,1073737728,834922,42971,6,3713992,48174,0,894008,3377,854960640,44002304,2102936,1771060,7,2,0,0,0,56202,126803
1778298916210,2563878912,53055488,757096448,233803776,952123392,1073737728,834922,42971,6,3716398,48174,0,894821,3377,854960640,44002304,2105260,1772468,7,2,0,0,0,56203,126805
1778298916503,2563878912,53055488,757096448,233803776,952123392,1073737728,834922,42971,6,3718282,48174,0,894821,3377,854960640,44002304,2105260,1772468,7,2,0,0,0,56203,126805
1778298916796,2563878912,53055488,757096448,233803776,952123392,1073737728,834922,42971,6,3720165,48174,0,894821,3377,854960640,44002304,2105260,1772468,7,2,0,0,0,56203,126805
1778298917090,2563878912,53055488,757100544,233807872,952242176,1073737728,834922,42971,6,3722049,48174,0,894823,3377,854960640,44002304,2106324,1773156,7,2,0,0,0,56204,126806
1778298917384,2563878912,53055488,757100544,233807872,952295424,1073737728,834922,42971,6,3724455,48174,0,895622,3377,854960640,44002304,2106324,1773156,7,2,0,0,0,56204,126806
1778298917677,2563878912,53055488,757100544,233807872,952295424,1073737728,834922,42971,6,3726343,48174,0,895622,3377,854960640,44002304,2106324,1773156,7,2,0,0,0,56204,126806
1778298917969,2563878912,53055488,757100544,233807872,952209408,1073737728,834922,42971,6,3728229,48174,0,895622,3377,854960640,44002304,2110800,1795644,7,2,0,0,0,56204,126806
1778298918258,2563620864,53055488,757104640,233803776,952135680,1073737728,834922,42971,6,3730676,48174,0,896435,3377,854960640,44002304,2112876,1802260,7,2,0,0,0,56204,126806
1778298918550,2563620864,53055488,757104640,233803776,952135680,1073737728,834922,42971,6,3732559,48174,0,896435,3377,854960640,44035072,2113194,1802260,7,2,0,0,0,56204,126806
1778298918844,2563620864,53055488,757104640,233803776,952139776,1073737728,834922,43003,6,3734444,48174,0,896435,3377,854960640,44035072,2113284,1802364,7,2,0,0,0,56204,126807
1778298919136,2563620864,53055488,757108736,233807872,952242176,1073737728,834922,43003,6,3736331,48174,0,896435,3377,854960640,44035072,2116624,1803668,7,2,0,0,0,56204,126807
1778298919430,2563362816,53055488,757108736,233803776,952217600,1073737728,834922,43003,6,3738517,48174,0,896846,3377,854960640,44035072,2118206,1804284,7,2,0,0,0,56204,126808
1778298919720,2563362816,53055488,757108736,233803776,952217600,1073737728,834922,43003,6,3740398,48174,0,896847,3377,854960640,44035072,2118473,1804357,7,2,0,0,0,56204,126808
1778298920013,2563362816,53055488,757108736,233803776,952147968,1073737728,834922,43003,6,3742281,48174,0,896847,3377,854960640,44035072,2118473,1804357,7,2,0,0,0,56204,126808
1778298920306,2563362816,53055488,757108736,233803776,952147968,1073737728,834922,43003,6,3744164,48174,0,896847,3377,854960640,44035072,2120231,1805045,7,2,0,0,0,56204,126808
1778298920598,2563362816,53055488,757108736,233803776,952147968,1073737728,834922,43003,6,3746045,48174,0,896847,3377,854960640,44039168,2120231,1805045,7,2,0,0,0,56204,126808
1778298920891,2563362816,53063680,757104640,233803776,952152064,1073737728,834922,43047,6,3747929,48174,0,896847,3377,854960640,44080128,2120231,1805045,7,2,0,0,0,56204,126809
1778298921184,2563362816,53063680,757116928,233803776,952152064,1073737728,834922,43047,6,3749817,48174,0,896847,3377,854960640,44080128,2122111,1817517,7,2,0,0,0,56204,126809
1778298921473,2563362816,53063680,757116928,233803776,952152064,1073737728,834922,43047,6,3751712,48174,0,896847,3377,854960640,44080128,2123113,1833325,7,2,0,0,0,56204,126809
1778298921765,2563362816,53063680,757116928,233803776,952152064,1073737728,834922,43047,6,3753594,48174,0,896847,3377,854960640,44080128,2123113,1833325,7,2,0,0,0,56204,126809
1778298922058,2563362816,53063680,757116928,233803776,952152064,1073737728,834922,43047,6,3755476,48174,0,896847,3377,854960640,44080128,2126135,1834733,7,2,0,0,0,56204,126809
1778298922350,2563362816,53063680,757116928,233803776,952152064,1073737728,834922,43047,6,3757357,48174,0,896847,3377,854960640,44080128,2127717,1835349,7,2,0,0,0,56204,126809
1778298922643,2563362816,53063680,757116928,233803776,952152064,1073737728,834922,43047,6,3759239,48174,0,896847,3377,854960640,44080128,2127717,1835349,7,2,0,0,0,56204,126809
1778298922935,2563362816,53063680,757116928,233803776,952152064,1073737728,834922,43047,6,3761121,48174,0,896847,3377,854960640,44080128,2127717,1835349,7,2,0,0,0,56204,126809
1778298923228,2563362816,53063680,757121024,233803776,952152064,1073737728,834922,43047,6,3763002,48174,0,896847,3377,854960640,44080128,2129157,1836037,7,2,0,0,0,56204,126809
1778298923517,2563362816,53063680,757121024,233803776,952152064,1073737728,834922,43047,6,3764882,48174,0,896847,3377,854960640,44080128,2129157,1836037,7,2,0,0,0,56204,126809
1778298923809,2563362816,53063680,757121024,233803776,952152064,1073737728,834922,43047,6,3766774,48174,0,896847,3377,854960640,44080128,2129199,1862657,7,2,0,0,0,56204,126809
1778298924101,2563362816,53063680,757125120,233803776,952152064,1073737728,834922,43071,6,3768657,48174,0,896847,3377,854960640,44104704,2130639,1863345,7,2,0,0,0,56204,126809
1778298924395,2563362816,53063680,757125120,233803776,952152064,1073737728,834922,43071,6,3770556,48174,0,896847,3377,854960640,44104704,2130639,1863345,7,2,0,0,0,56204,126809
1778298924688,2563362816,53063680,757125120,233803776,952152064,1073737728,834922,43071,6,3772440,48174,0,896847,3377,854960640,44104704,2130639,1863449,7,2,0,0,0,56204,126809
1778298924981,2563362816,53063680,757133312,233811968,952160256,1073737728,834922,43071,6,3774322,48174,0,896847,3377,854960640,44104704,2132263,1864065,7,2,0,0,0,56206,126810
1778298925274,2563362816,53063680,757133312,233811968,952160256,1073737728,834922,43071,6,3776203,48174,0,896847,3377,854960640,44104704,2135285,1865369,7,2,0,0,0,56206,126810
1778298925566,2563362816,53063680,757133312,233811968,952160256,1073737728,834922,43071,6,3778085,48174,0,896847,3377,854960640,44104704,2135285,1865369,7,2,0,0,0,56206,126810
1778298925859,2563362816,53071872,757137408,233811968,952160256,1073737728,834922,43111,6,3779966,48174,0,896847,3377,854960640,44145664,2135327,1865369,7,2,0,0,0,56206,126810
1778298926152,2563362816,53071872,757141504,233811968,952160256,1073737728,834922,43139,6,3781847,48174,0,896847,3377,854960640,44174336,2136767,1866057,7,2,0,0,0,56206,126810
1778298926444,2563362816,53071872,757141504,233811968,952160256,1073737728,834922,43139,6,3783760,48174,0,896847,3377,854960640,44174336,2136767,1892473,7,2,0,0,0,56206,126810
1778298926737,2563362816,53071872,757141504,233811968,952160256,1073737728,834922,43139,6,3785641,48174,0,896847,3377,854960640,44174336,2136809,1892473,7,2,0,0,0,56206,126810
1778298927030,2563362816,53071872,757141504,233820160,952164352,1073737728,834922,43139,6,3787523,48174,0,896847,3377,854960640,44174336,2136809,1892577,7,2,0,0,0,56208,126811
1778298927320,2563362816,53071872,757141504,233820160,952164352,1073737728,834922,43139,6,3789403,48174,0,896847,3377,854960640,44174336,2138249,1893265,7,2,0,0,0,56208,126811
1778298927612,2563362816,53071872,757141504,233820160,952164352,1073737728,834922,43139,6,3791285,48174,0,896847,3377,854960640,44174336,2138291,1893265,7,2,0,0,0,56208,126811
1778298927904,2563362816,53071872,757141504,233820160,952164352,1073737728,834922,43139,6,3793167,48174,0,896847,3377,854960640,44174336,2139873,1893881,7,2,0,0,0,56208,126811
1778298928197,2563362816,53071872,757141504,233820160,952164352,1073737728,834922,43139,6,3795049,48174,0,896847,3377,854960640,44174336,2142895,1895185,7,2,0,0,0,56208,126811
1778298928490,2563362816,53071872,757141504,233820160,952164352,1073737728,834922,43139,6,3796932,48174,0,896847,3377,854960640,44174336,2142895,1895185,7,2,0,0,0,56208,126811
1778298928782,2563362816,53071872,757141504,233820160,952164352,1073737728,834922,43139,6,3798813,48174,0,896847,3377,854960640,44174336,2142937,1895185,7,2,0,0,0,56208,126811
1778298929075,2563117056,53071872,757149696,233820160,952164352,1073737728,834922,43139,6,3800703,48174,0,896847,3377,854960640,44211200,2144577,1922493,7,2,0,0,0,56208,126811
1778298929368,2563117056,53071872,757149696,233820160,952176640,1073737728,834922,43175,6,3802589,48174,0,896847,3377,854960640,44211200,2144577,1922493,7,2,0,0,0,56208,126814
1778298929661,2563117056,53071872,757149696,233820160,952176640,1073737728,834922,43175,6,3804473,48174,0,896847,3377,854960640,44211200,2144577,1922597,7,2,0,0,0,56208,126814
1778298929953,2563117056,53071872,757149696,233820160,952176640,1073737728,834922,43175,6,3806357,48174,0,896847,3377,854960640,44211200,2144577,1922597,7,2,0,0,0,56208,126814
1778298930246,2563117056,53071872,757149696,233820160,952176640,1073737728,834922,43175,6,3808256,48174,0,896847,3377,854960640,44211200,2146017,1923285,7,2,0,0,0,56208,126814
1778298930538,2563117056,53071872,757149696,233820160,952176640,1073737728,834922,43175,6,3810139,48174,0,896847,3377,854960640,44211200,2146017,1923285,7,2,0,0,0,56208,126814
1778298930831,2563117056,53071872,757149696,233820160,952176640,1073737728,834922,43175,6,3812022,48174,0,896847,3377,854960640,44211200,2146017,1923285,7,2,0,0,0,56208,126814
1778298931121,2563117056,53080064,757153792,233820160,952176640,1073737728,834922,43219,6,3813905,48174,0,896847,3377,854960640,44256256,2149039,1924589,7,2,0,0,0,56208,126814
1778298931414,2563117056,53080064,757153792,233820160,952176640,1073737728,834922,43219,6,3815790,48174,0,896847,3377,854960640,44256256,2150621,1925205,7,2,0,0,0,56208,126814
1778298931713,2563117056,53080064,757157888,233820160,952176640,1073737728,834922,43219,6,3817697,48174,0,896847,3377,854960640,44256256,2150621,1951101,7,2,0,0,0,56208,126814
1778298932005,2563117056,53080064,757157888,233820160,952176640,1073737728,834922,43219,6,3819580,48174,0,896847,3377,854960640,44256256,2150621,1951101,7,2,0,0,0,56208,126814
1778298932298,2563117056,53080064,757157888,233820160,952176640,1073737728,834922,43219,6,3821465,48174,0,896847,3377,854960640,44256256,2152061,1951893,7,2,0,0,0,56208,126814
1778298932591,2563117056,53080064,757157888,233820160,952176640,1073737728,834922,43219,6,3823371,48174,0,896850,3377,854960640,44256256,2252911,2006947,7,2,0,0,0,56208,126814
1778298932892,2563117056,53080064,757157888,233820160,952176640,1073737728,834922,43219,6,3825274,48174,0,896850,3377,854960640,44256256,2269343,2061359,7,2,0,0,0,56208,126814
1778298933184,2563117056,53080064,757174272,233828352,952229888,1073737728,834922,43219,6,3827157,48174,0,896850,3377,854960640,44256256,2269343,2061487,7,2,0,0,0,56210,126818
1778298933477,2563117056,53080064,757174272,233828352,952229888,1073737728,834922,43219,6,3829038,48174,0,896850,3377,854960640,44256256,2269343,2061871,7,2,0,0,0,56210,126818
1778298933770,2563117056,53080064,757174272,233828352,952229888,1073737728,834922,43219,6,3830919,48174,0,896850,3377,854960640,44256256,2269669,2062671,7,2,0,0,0,56210,126818
1778298934063,2563117056,53080064,757174272,233828352,952229888,1073737728,834922,43219,6,3832802,48174,0,896851,3377,854960640,44256256,2271383,2063583,7,2,0,0,0,56210,126818
1778298934356,2563117056,53080064,757174272,233828352,952229888,1073737728,834922,43251,6,3834682,48174,0,896851,3377,854960640,44289024,2272965,2064199,7,2,0,0,0,56210,126818
1778298934649,2563117056,53080064,757174272,233828352,952229888,1073737728,834922,43251,6,3836563,48174,0,896851,3377,854960640,44289024,2272965,2064199,7,2,0,0,0,56210,126818
1778298934943,2563117056,53080064,757174272,233828352,952229888,1073737728,834922,43251,6,3838444,48174,0,896851,3377,854960640,44289024,2273609,2064983,7,2,0,0,0,56210,126818
1778298935236,2563117056,53080064,757182464,233828352,952242176,1073737728,834922,43251,6,3840324,48174,0,896851,3377,854960640,44289024,2273609,2065907,7,2,0,0,0,56210,126821
1778298935528,2563117056,53080064,757182464,233828352,952242176,1073737728,834922,43251,6,3842204,48174,0,896851,3377,854960640,44289024,2273609,2065907,7,2,0,0,0,56210,126821
1778298935821,2563117056,53080064,757182464,233828352,952242176,1073737728,834922,43251,6,3844084,48174,0,896851,3377,854960640,44289024,2274029,2067467,7,2,0,0,0,56210,126821
1778298936112,2563117056,53088256,757174272,233828352,952242176,1073737728,834922,43291,6,3845965,48174,0,896851,3377,854960640,44329984,2274029,2067467,7,2,0,0,0,56210,126821
1778298936406,2563117056,53088256,757174272,233828352,952242176,1073737728,834922,43323,6,3847863,48174,0,896851,3377,854960640,44362752,2274029,2067467,7,2,0,0,0,56210,126821
1778298936699,2563117056,53088256,757174272,233828352,952242176,1073737728,834922,43323,6,3849743,48174,0,896851,3377,854960640,44362752,2274029,2067467,7,2,0,0,0,56210,126821
1778298936992,2563117056,53088256,757174272,233828352,952242176,1073737728,834922,43323,6,3851623,48174,0,896851,3377,854960640,44362752,2275937,2068627,7,2,0,0,0,56210,126821
1778298937284,2563117056,53088256,757186560,233836544,952242176,1073737728,834922,43323,6,3853503,48174,0,896851,3377,854960640,44362752,2277519,2069243,7,2,0,0,0,56212,126821
1778298937577,2563117056,53088256,757186560,233836544,952242176,1073737728,834922,43323,6,3855384,48174,0,896851,3377,854960640,44362752,2277519,2069243,7,2,0,0,0,56212,126821
1778298937870,2563117056,53088256,757194752,233836544,952242176,1073737728,834922,43323,6,3857266,48174,0,896851,3377,854960640,44362752,2278163,2070027,7,2,0,0,0,56212,126821
1778298938161,2563117056,53088256,757194752,233836544,952242176,1073737728,834922,43323,6,3859145,48174,0,896851,3377,854960640,44362752,2278163,2070951,7,2,0,0,0,56212,126821
1778298938454,2563117056,53088256,757194752,233836544,952242176,1073737728,834922,43323,6,3861026,48174,0,896851,3377,854960640,44362752,2278163,2070951,7,2,0,0,0,56212,126821
1778298938746,2563117056,53088256,757194752,233836544,952242176,1073737728,834922,43323,6,3862907,48174,0,896851,3377,854960640,44362752,2278583,2072511,7,2,0,0,0,56212,126821
1778298939039,2563117056,53088256,757194752,233836544,952242176,1073737728,834922,43323,6,3864787,48174,0,896851,3377,854960640,44362752,2278583,2072511,7,2,0,0,0,56212,126821
1778298939331,2563117056,53088256,757194752,233836544,952242176,1073737728,834922,43323,6,3866670,48174,0,896851,3377,854960640,44362752,2278583,2072511,7,2,0,0,0,56212,126821
1778298939624,2563117056,53088256,757194752,233836544,952242176,1073737728,834922,43355,6,3868551,48174,0,896851,3377,854960640,44395520,2278583,2072511,7,2,0,0,0,56212,126821
1778298939914,2563117056,53088256,757194752,233836544,952242176,1073737728,834922,43355,6,3870429,48174,0,896851,3377,854960640,44395520,2280491,2073671,7,2,0,0,0,56212,126821
1778298940207,2563117056,53088256,757198848,233836544,952266752,1073737728,834922,43355,6,3872310,48174,0,896851,3377,854960640,44395520,2282073,2074287,7,2,0,0,0,56212,126826
1778298940500,2563117056,53088256,757202944,233836544,952266752,1073737728,834922,43355,6,3874191,48174,0,896851,3377,854960640,44395520,2282073,2074287,7,2,0,0,0,56212,126826
1778298940792,2563117056,53088256,757202944,233836544,952266752,1073737728,834922,43355,6,3876072,48174,0,896851,3377,854960640,44395520,2282505,2074911,7,2,0,0,0,56212,126826
1778298941086,2563117056,53096448,757198848,233836544,952266752,1073737728,834922,43395,6,3877954,48174,0,896851,3377,854960640,44436480,2282717,2075995,7,2,0,0,0,56212,126826
1778298941378,2563117056,53096448,757198848,233836544,952266752,1073737728,834922,43395,6,3879834,48174,0,896851,3377,854960640,44436480,2282717,2075995,7,2,0,0,0,56212,126826
1778298941671,2563117056,53096448,757198848,233836544,952266752,1073737728,834922,43395,6,3881715,48174,0,896851,3377,854960640,44436480,2282811,2076919,7,2,0,0,0,56212,126826
1778298941964,2563117056,53096448,757198848,233836544,952266752,1073737728,834922,43395,6,3883595,48174,0,896851,3377,854960640,44436480,2283137,2077555,7,2,0,0,0,56212,126826
1778298942257,2563117056,53096448,757211136,233836544,952266752,1073737728,834922,43395,6,3885491,48174,0,896851,3377,854960640,44436480,2283137,2077555,7,2,0,0,0,56212,126826
1778298942550,2563117056,53096448,757211136,233836544,952266752,1073737728,834922,43395,6,3887371,48174,0,896851,3377,854960640,44436480,2283137,2077555,7,2,0,0,0,56212,126826
1778298942842,2563117056,53096448,757211136,233836544,952266752,1073737728,834922,43395,6,3889251,48174,0,896851,3377,854960640,44436480,2283463,2078099,7,2,0,0,0,56212,126826
1778298943135,2563117056,53096448,757211136,233836544,952266752,1073737728,834922,43395,6,3891133,48174,0,896851,3377,854960640,44436480,2285045,2078715,7,2,0,0,0,56212,126826
1778298943428,2563117056,53096448,757211136,233836544,952266752,1073737728,834922,43395,6,3893013,48174,0,896851,3377,854960640,44436480,2286627,2079331,7,2,0,0,0,56212,126826
1778298943718,2563117056,53096448,757211136,233836544,952266752,1073737728,834922,43395,6,3894892,48174,0,896851,3377,854960640,44436480,2286627,2079563,7,2,0,0,0,56212,126826
1778298944010,2563117056,53096448,757211136,233836544,952266752,1073737728,834922,43395,6,3896771,48174,0,896851,3377,854960640,44436480,2287271,2080115,7,2,0,0,0,56212,126826
1778298944306,2563117056,53096448,757211136,233836544,952266752,1073737728,834922,43395,6,3898654,48174,0,896851,3377,854960640,44436480,2287271,2081039,7,2,0,0,0,56212,126826
1778298944598,2563117056,53096448,757211136,233836544,952266752,1073737728,834922,43395,6,3900534,48174,0,896851,3377,855181824,44436480,2287271,2081039,7,2,0,0,0,56212,126826
1778298944896,2559533056,53112832,763863040,234139648,960450560,1073737728,841738,43419,6,3903774,48249,0,899577,3380,862480896,44461056,2287801,2082783,7,2,0,0,0,56249,128380
1778298945193,2557239296,53116928,764792832,240926720,952573952,1073737728,842278,43423,6,3908444,49901,0,902143,3381,862493184,44465152,2287801,2082783,7,2,0,0,0,57944,126943
1778298945486,2557239296,53116928,764792832,240926720,952573952,1073737728,842278,43423,6,3910318,49901,0,902143,3381,862493184,44465152,2287801,2082783,7,2,0,0,0,57944,126943
1778298945779,2557239296,53116928,764792832,240926720,952573952,1073737728,842278,43423,6,3912190,49901,0,902143,3381,862493184,44465152,2288127,2083327,7,2,0,0,0,57944,126943
1778298946071,2557239296,53125120,764796928,240926720,952573952,1073737728,842278,43563,6,3914064,49901,0,902143,3381,862493184,44608512,2289709,2083943,7,2,0,0,0,57944,126943
1778298946364,2557239296,53125120,764796928,240926720,952573952,1073737728,842278,43695,6,3915938,49901,0,902143,3381,862493184,44743680,2291291,2084559,7,2,0,0,0,57944,126943
1778298946656,2557239296,53125120,764796928,240926720,952573952,1073737728,842278,43695,6,3917811,49901,0,902143,3381,862493184,44743680,2291291,2084559,7,2,0,0,0,57944,126943
1778298946949,2557239296,53125120,764796928,240926720,952573952,1073737728,842278,43695,6,3919685,49901,0,902143,3381,862493184,44743680,2291977,2085371,7,2,0,0,0,57944,126943
1778298947242,2557239296,53125120,764796928,240926720,952573952,1073737728,842278,43695,6,3921558,49901,0,902143,3381,862493184,44743680,2291977,2086295,7,2,0,0,0,57944,126943
1778298947533,2557239296,53125120,764796928,240926720,952573952,1073737728,842278,43695,6,3923430,49901,0,902143,3381,862493184,44743680,2292087,2086479,7,2,0,0,0,57944,126943
1778298947826,2557239296,53125120,764796928,240926720,952573952,1073737728,842278,43695,6,3925305,49901,0,902143,3381,862493184,44743680,2292507,2088112,7,2,0,0,0,57944,126943
1778298948116,2557239296,53125120,764801024,240926720,952573952,1073737728,842278,43695,6,3927177,49901,0,902143,3381,862493184,44743680,2292507,2088112,7,2,0,0,0,57944,126943
1778298948406,2557239296,53125120,764801024,240926720,952573952,1073737728,842278,43695,6,3929063,49901,0,902143,3381,862493184,44743680,2292507,2088112,7,2,0,0,0,57944,126943
1778298948699,2557239296,53125120,764801024,240926720,952573952,1073737728,842278,43695,6,3930937,49901,0,902143,3381,862493184,44743680,2292507,2088112,7,2,0,0,0,57944,126943
1778298948991,2557239296,53125120,764801024,240926720,952573952,1073737728,842278,43695,6,3932810,49901,0,902143,3381,862493184,44743680,2294415,2089272,7,2,0,0,0,57944,126943
1778298949284,2557239296,53125120,764801024,240926720,952573952,1073737728,842278,43695,6,3934684,49901,0,902143,3381,862493184,44743680,2295997,2089888,7,2,0,0,0,57944,126943
1778298949576,2557239296,53125120,764801024,240926720,952573952,1073737728,842278,43695,6,3936557,49901,0,902143,3381,862493184,44743680,2295997,2089888,7,2,0,0,0,57944,126943
1778298949869,2557239296,53125120,764805120,240930816,952582144,1073737728,842278,43827,6,3938430,49901,0,902144,3381,862493184,44985344,2296641,2090672,7,2,0,0,0,57945,126944
1778298950161,2557239296,53125120,764809216,240934912,952594432,1073737728,842278,43931,6,3940304,49901,0,902144,3381,862493184,44985344,2296641,2091596,7,2,0,0,0,57946,126947
1778298950453,2557239296,53125120,764809216,240934912,952594432,1073737728,842278,43931,6,3942177,49901,0,902144,3381,862493184,44985344,2296641,2091596,7,2,0,0,0,57946,126947
1778298950745,2557239296,53125120,764809216,240934912,952594432,1073737728,842278,43931,6,3944050,49901,0,902144,3381,862493184,44985344,2297061,2093156,7,2,0,0,0,57946,126947
1778298951038,2557239296,53133312,764809216,240934912,952594432,1073737728,842278,43991,6,3945924,49901,0,902144,3381,862493184,45046784,2297061,2093156,7,2,0,0,0,57946,126947
1778298951330,2557239296,53133312,764809216,240934912,952594432,1073737728,842278,43991,6,3947797,49901,0,902144,3381,862493184,45046784,2297061,2093156,7,2,0,0,0,57946,126947
1778298951623,2557239296,53133312,764809216,240934912,952594432,1073737728,842278,43991,6,3949671,49901,0,902144,3381,862493184,45046784,2297061,2093156,7,2,0,0,0,57946,126947
1778298951913,2557239296,53133312,764809216,240934912,952594432,1073737728,842278,43991,6,3951542,49901,0,902144,3381,862493184,45046784,2298969,2094316,7,2,0,0,0,57946,126947
1778298952206,2557239296,53133312,764821504,240934912,952594432,1073737728,842278,43991,6,3953416,49901,0,902144,3381,862493184,45046784,2300551,2094932,7,2,0,0,0,57946,126947
1778298952498,2557239296,53133312,764821504,240934912,952594432,1073737728,842278,43991,6,3955289,49901,0,902144,3381,862493184,45046784,2300551,2094932,7,2,0,0,0,57946,126947
1778298952791,2557239296,53133312,764821504,240934912,952594432,1073737728,842278,43991,6,3957162,49901,0,902144,3381,862493184,45046784,2300983,2095556,7,2,0,0,0,57946,126947
1778298953084,2557239296,53133312,764821504,240934912,952594432,1073737728,842278,43991,6,3959035,49901,0,902144,3381,862493184,45046784,2301195,2096640,7,2,0,0,0,57946,126947
1778298953377,2557239296,53133312,764821504,240934912,952594432,1073737728,842278,43991,6,3960909,49901,0,902144,3381,862493184,45046784,2301195,2096640,7,2,0,0,0,57946,126947
1778298953669,2557239296,53133312,764825600,240934912,952594432,1073737728,842278,43991,6,3962782,49901,0,902144,3381,862493184,45046784,2301289,2097564,7,2,0,0,0,57946,126947
1778298953963,2557239296,53133312,764825600,240934912,952594432,1073737728,842278,43991,6,3964656,49901,0,902144,3381,862493184,45046784,2301615,2098200,7,2,0,0,0,57946,126947
1778298954255,2557239296,53133312,764825600,240934912,952594432,1073737728,842278,43991,6,3966544,49901,0,902144,3381,862493184,45046784,2301615,2098200,7,2,0,0,0,57946,126947
1778298954547,2557239296,53133312,764825600,240934912,952594432,1073737728,842278,43991,6,3968418,49901,0,902144,3381,862493184,45046784,2301615,2098200,7,2,0,0,0,57946,126947
1778298954839,2557239296,53133312,764825600,240934912,952594432,1073737728,842278,43991,6,3970291,49901,0,902144,3381,862493184,45046784,2301941,2098744,7,2,0,0,0,57946,126947
1778298955132,2557239296,53133312,764825600,240934912,952594432,1073737728,842278,43991,6,3972164,49901,0,902144,3381,862493184,45046784,2303523,2099360,7,2,0,0,0,57946,126947
1778298955424,2557239296,53133312,764825600,240934912,952594432,1073737728,842278,43991,6,3974039,49901,0,902144,3381,862493184,45046784,2305105,2099976,7,2,0,0,0,57946,126947
1778298955714,2557239296,53133312,764825600,240934912,952594432,1073737728,842278,43991,6,3975911,49901,0,902144,3381,862493184,45046784,2305105,2099976,7,2,0,0,0,57946,126947
1778298956007,2557239296,53133312,764829696,240943104,952647680,1073737728,842278,43991,6,3977784,49901,0,902168,3381,862493184,45046784,2305749,2100760,7,2,0,0,0,57948,126949
1778298956300,2557239296,53141504,764829696,240943104,952647680,1073737728,842278,44007,6,3979657,49901,0,902168,3381,862493184,45063168,2310669,2101776,7,2,0,0,0,57948,126949
1778298956592,2557239296,53141504,764829696,240943104,952647680,1073737728,842278,44007,6,3981516,49901,0,902576,3381,862493184,45063168,2315305,2102576,7,2,0,0,0,57948,126949
1778298956886,2557239296,53141504,764829696,240955392,952782848,1073737728,842278,44007,6,3983153,49901,0,902589,3381,862493184,45063168,2318513,2104352,7,2,0,0,0,57950,126951
1778298957180,2557239296,53141504,764829696,240955392,952811520,1073737728,842278,44007,6,3984780,49901,0,902597,3381,862493184,45063168,2319283,2104528,7,2,0,0,0,57950,126951
1778298957474,2557239296,53141504,764829696,240955392,952811520,1073737728,842278,44007,6,3986404,49901,0,902597,3381,862493184,45063168,2319615,2104704,7,2,0,0,0,57950,126951
1778298957768,2557239296,53141504,764829696,240955392,952770560,1073737728,842278,44007,6,3988542,49902,0,903405,3381,862493184,45063168,2321707,2105408,7,2,0,0,0,57950,126951
1778298958063,2557239296,53141504,764833792,240955392,952889344,1073737728,842278,44007,6,3990166,49902,0,903405,3381,862493184,45063168,2323503,2106104,7,2,0,0,0,57950,126953
1778298958351,2557239296,53141504,764833792,240955392,952889344,1073737728,842278,44007,6,3991790,49902,0,903405,3381,862493184,45063168,2325283,2106760,7,2,0,0,0,57950,126953
1778298958646,2557239296,53141504,764837888,240951296,952815616,1073737728,842278,44007,6,3993931,49902,0,904213,3381,862493184,45063168,2326607,2106920,7,2,0,0,0,57950,126953
1778298958941,2557239296,53141504,764837888,240955392,952819712,1073737728,842278,44007,6,3995557,49902,0,904213,3381,862493184,45063168,2327813,2107920,7,2,0,0,0,57950,126954
1778298959236,2557239296,53141504,764837888,240955392,952877056,1073737728,842278,44007,6,3997182,49902,0,904213,3381,862493184,45063168,2328011,2108884,7,2,0,0,0,57950,126954
1778298959526,2557239296,53141504,764837888,240955392,952877056,1073737728,842278,44007,6,3998806,49902,0,904213,3381,862493184,45063168,2328209,2108924,7,2,0,0,0,57950,126954
1778298959822,2557239296,53141504,764837888,240955392,952897536,1073737728,842278,44007,6,4000941,49902,0,905018,3381,862493184,45063168,2329925,2110604,7,2,0,0,0,57950,126954
1778298960114,2557239296,53141504,764841984,240955392,952909824,1073737728,842278,44007,6,4002565,49902,0,905019,3381,862493184,45063168,2330139,2110644,7,2,0,0,0,57950,126955
1778298960405,2557239296,53141504,764841984,240955392,952909824,1073737728,842278,44007,6,4004204,49902,0,905019,3381,862493184,45063168,2330337,2110684,7,2,0,0,0,57950,126955
1778298960701,2557239296,53141504,764841984,240955392,952758272,1073737728,842278,44007,6,4006337,49902,0,905831,3381,862493184,45063168,2331479,2110844,7,2,0,0,0,57950,126955
1778298960996,2557239296,53141504,764841984,240955392,952881152,1073737728,842278,44007,6,4007977,49902,0,905831,3381,862493184,45063168,2333847,2112084,7,2,0,0,0,57950,126955
1778298961290,2557239296,53141504,764841984,240955392,952881152,1073737728,842278,44007,6,4009603,49902,0,905831,3381,862493184,45063168,2335959,2112752,7,2,0,0,0,57950,126955
1778298961583,2557239296,53149696,764833792,240955392,952881152,1073737728,842278,44023,6,4011227,49902,0,905831,3381,862493184,45079552,2336275,2112928,7,2,0,0,0,57950,126955
1778298961878,2557239296,53149696,764833792,240955392,952729600,1073737728,842278,44023,6,4013369,49902,0,906642,3381,862493184,45079552,2338473,2113872,7,2,0,0,0,57950,126955
1778298962172,2557239296,53149696,764846080,240963584,952905728,1073737728,842278,44023,6,4014992,49902,0,906642,3381,862493184,45079552,2338687,2114836,7,2,0,0,0,57952,126956
1778298962466,2557239296,53149696,764846080,240963584,952905728,1073737728,842278,44023,6,4016615,49902,0,906642,3381,862493184,45079552,2338885,2114876,7,2,0,0,0,57952,126956
1778298962754,2557239296,53149696,764846080,240959488,952889344,1073737728,842278,44023,6,4018719,49902,0,907446,3381,862493184,45079552,2340671,2116596,7,2,0,0,0,57952,126956
1778298963048,2557239296,53149696,764846080,240963584,952922112,1073737728,842278,44023,6,4020371,49902,0,907446,3381,862493184,45079552,2340885,2116636,7,2,0,0,0,57952,126956
1778298963340,2557239296,53149696,764846080,240963584,952922112,1073737728,842278,44023,6,4021994,49902,0,907446,3381,862493184,45079552,2341099,2116676,7,2,0,0,0,57952,126956
1778298963634,2557239296,53149696,764846080,240963584,952922112,1073737728,842278,44023,6,4023617,49902,0,907446,3381,862493184,45079552,2341297,2116716,7,2,0,0,0,57952,126956
1778298963927,2557239296,53149696,764846080,240963584,952877056,1073737728,842278,44023,6,4025760,49902,0,908254,3381,862493184,45079552,2344625,2117996,7,2,0,0,0,57952,126956
1778298964221,2557239296,53149696,764850176,240963584,952913920,1073737728,842278,44023,6,4027385,49902,0,908254,3381,862493184,45079552,2346641,2118828,7,2,0,0,0,57952,126957
1778298964516,2557239296,53149696,764850176,240963584,952913920,1073737728,842278,44023,6,4029009,49902,0,908254,3381,862493184,45079552,2346839,2118868,7,2,0,0,0,57952,126957
1778298964809,2557239296,53149696,764850176,240963584,952762368,1073737728,842278,44023,6,4031030,49902,0,909059,3381,862493184,45079552,2349021,2119772,7,2,0,0,0,57952,126957
1778298965102,2557239296,53149696,764858368,240963584,952881152,1073737728,842278,44023,6,4032778,49902,0,909059,3381,862493184,45079552,2349235,2120776,7,2,0,0,0,57952,126957
1778298965397,2557239296,53149696,764858368,240963584,952881152,1073737728,842278,44023,6,4034403,49902,0,909059,3381,862493184,45079552,2349433,2120816,7,2,0,0,0,57952,126957
1778298965691,2557239296,53149696,764858368,240963584,952881152,1073737728,842278,44023,6,4036027,49902,0,909059,3381,862493184,45079552,2349725,2121872,7,2,0,0,0,57952,126957
1778298965986,2557239296,53149696,764858368,240963584,952729600,1073737728,842278,44023,6,4038171,49902,0,909864,3381,862493184,45079552,2351455,2122576,7,2,0,0,0,57952,126957
1778298966281,2557239296,53149696,764866560,240963584,952930304,1073737728,842278,44023,6,4039810,49902,0,909864,3381,862493184,45079552,2351669,2122616,7,2,0,0,0,57952,126959
1778298966569,2557239296,53149696,764866560,240963584,952930304,1073737728,842278,44023,6,4041433,49902,0,909864,3381,862493184,45100032,2351867,2122656,7,2,0,0,0,57952,126959
1778298966865,2557239296,53157888,764866560,240963584,952930304,1073737728,842278,44043,6,4043453,49902,0,910613,3381,862493184,45100032,2355281,2124072,7,2,0,0,0,57952,126959
1778298967154,2557239296,53157888,764870656,240971776,952922112,1073737728,842278,44043,6,4045213,49902,0,910670,3381,862493184,45100032,2357077,2124808,7,2,0,0,0,57954,126961
1778298967451,2557239296,53157888,764870656,240971776,952922112,1073737728,842278,44043,6,4046839,49902,0,910670,3381,862493184,45100032,2357393,2124888,7,2,0,0,0,57954,126961
1778298967744,2557239296,53157888,764870656,240971776,952922112,1073737728,842278,44043,6,4048465,49902,0,910670,3381,862493184,45100032,2358269,2125552,7,2,0,0,0,57954,126961
1778298968038,2558029824,53157888,764874752,240971776,952946688,1073737728,842278,44043,6,4050601,49902,0,911481,3381,862493184,45100032,2359805,2125912,7,2,0,0,0,57954,126963
1778298968328,2558029824,53157888,764874752,240971776,952946688,1073737728,842278,44043,6,4052224,49902,0,911481,3381,862493184,45100032,2360019,2126876,7,2,0,0,0,57954,126963
1778298968623,2558029824,53157888,764874752,240971776,952946688,1073737728,842278,44043,6,4053848,49902,0,911481,3381,862493184,45100032,2360217,2126916,7,2,0,0,0,57954,126963
1778298968914,2558029824,53157888,764878848,240971776,952946688,1073737728,842278,44043,6,4055606,49903,0,911689,3381,862493184,45100032,2361215,2128516,7,2,0,0,0,57954,126963
1778298969203,2558029824,53157888,764878848,240971776,952958976,1073737728,842278,44043,6,4057614,49903,0,912293,3381,862493184,45100032,2362271,2128676,7,2,0,0,0,57954,126964
1778298969497,2558029824,53157888,764878848,240971776,952958976,1073737728,842278,44043,6,4059237,49903,0,912293,3381,862493184,45100032,2362469,2128716,7,2,0,0,0,57954,126964
1778298969785,2558029824,53157888,764878848,240971776,952958976,1073737728,842278,44043,6,4060864,49903,0,912293,3381,862493184,45100032,2363341,2129516,7,2,0,0,0,57954,126964
1778298970079,2558029824,53157888,764878848,240971776,952930304,1073737728,842278,44043,6,4063002,49903,0,913102,3381,862493184,45100032,2366113,2130332,7,2,0,0,0,57954,126964
1778298970368,2558029824,53157888,764878848,240971776,952930304,1073737728,842278,44043,6,4064626,49903,0,913102,3381,862493184,45100032,2367909,2130988,7,2,0,0,0,57954,126964
1778298970661,2558029824,53157888,764878848,240971776,952930304,1073737728,842278,44043,6,4066252,49903,0,913102,3381,862493184,45100032,2368225,2131028,7,2,0,0,0,57954,126964
1778298970954,2558029824,53157888,764878848,240971776,952930304,1073737728,842278,44043,6,4067878,49903,0,913102,3381,862493184,45100032,2369329,2131852,7,2,0,0,0,57954,126964
1778298971250,2557935616,53157888,764882944,240971776,953020416,1073737728,842278,44043,6,4070009,49903,0,913904,3381,862493184,45100032,2370519,2132896,7,2,0,0,0,57954,126965
1778298971544,2557935616,53157888,764882944,240971776,953020416,1073737728,842278,44043,6,4071632,49903,0,913904,3381,862493184,45100032,2370717,2132936,7,2,0,0,0,57954,126965
1778298971838,2557935616,53166080,764874752,240971776,953020416,1073737728,842278,44059,6,4073257,49903,0,913904,3381,862493184,45116416,2371581,2134576,7,2,0,0,0,57954,126965
1778298972129,2558046208,53166080,764882944,240984064,952832000,1073737728,842278,44059,6,4075407,49903,0,914717,3381,862493184,45116416,2372857,2134872,7,2,0,0,0,57956,126965
1778298972423,2558046208,53166080,764882944,240984064,952832000,1073737728,842278,44059,6,4077031,49903,0,914717,3381,862493184,45116416,2373173,2135088,7,2,0,0,0,57956,126965
1778298972715,2558046208,53166080,764882944,240984064,952832000,1073737728,842278,44059,6,4078655,49903,0,914717,3381,862493184,45116416,2373371,2135128,7,2,0,0,0,57956,126965
1778298973009,2558046208,53166080,764882944,240984064,952832000,1073737728,842278,44059,6,4080280,49903,0,914717,3381,862493184,45116416,2375739,2136368,7,2,0,0,0,57956,126965
1778298973306,2558832640,53166080,764887040,240979968,952918016,1073737728,842278,44059,6,4082421,49903,0,915519,3381,862493184,45116416,2378511,2137064,7,2,0,0,0,57956,126966
1778298973598,2558832640,53166080,764887040,240979968,952918016,1073737728,842278,44059,6,4084047,49903,0,915519,3381,862493184,45116416,2378827,2137104,7,2,0,0,0,57956,126966
1778298973892,2558832640,53166080,764887040,240979968,952918016,1073737728,842278,44059,6,4085672,49903,0,915519,3381,862493184,45116416,2379931,2137968,7,2,0,0,0,57956,126966
1778298974185,2558574592,53166080,764887040,240979968,952918016,1073737728,842278,44059,6,4087809,49903,0,916323,3381,862493184,45116416,2381137,2139052,7,2,0,0,0,57956,126966
1778298974481,2558574592,53166080,764887040,240979968,952918016,1073737728,842278,44059,6,4089432,49903,0,916323,3381,862493184,45116416,2381351,2139092,7,2,0,0,0,57956,126966
1778298974769,2558574592,53166080,764887040,240979968,952918016,1073737728,842278,44059,6,4091057,49903,0,916323,3381,862493184,45116416,2382231,2140692,7,2,0,0,0,57956,126966
1778298975064,2558574592,53166080,764891136,240979968,952942592,1073737728,842278,44059,6,4092680,49903,0,916323,3381,862493184,45116416,2382547,2140948,7,2,0,0,0,57956,126966
1778298975358,2558316544,53166080,764891136,240979968,952954880,1073737728,842278,44059,6,4094820,49903,0,917129,3381,862493184,45116416,2383737,2141108,7,2,0,0,0,57956,126967
1778298975653,2558316544,53166080,764891136,240979968,952954880,1073737728,842278,44059,6,4096443,49903,0,917129,3381,862493184,45116416,2383935,2141148,7,2,0,0,0,57956,126967
1778298975949,2558316544,53166080,764891136,240979968,952954880,1073737728,842278,44059,6,4098069,49903,0,917129,3381,862493184,45116416,2386303,2142348,7,2,0,0,0,57956,126967
1778298976242,2558316544,53166080,764891136,240979968,952954880,1073737728,842278,44059,6,4100210,49903,0,917937,3381,862493184,45116416,2389177,2143084,7,2,0,0,0,57956,126967
1778298976536,2558316544,53166080,764891136,240979968,952954880,1073737728,842278,44059,6,4101833,49903,0,917937,3381,862493184,45116416,2389391,2143124,7,2,0,0,0,57956,126967
1778298976830,2558316544,53166080,764891136,240979968,952954880,1073737728,842278,44059,6,4103459,49903,0,917937,3381,862493184,45116416,2390597,2143988,7,2,0,0,0,57956,126967
1778298977120,2558316544,53174272,764899328,240979968,952918016,1073737728,842278,44075,6,4105084,49903,0,917937,3381,862493184,45132800,2390811,2144952,7,2,0,0,0,57956,126967
1778298977416,2558341120,53174272,764899328,240988160,952950784,1073737728,842278,44075,6,4107214,49903,0,918740,3381,862493184,45132800,2391985,2145112,7,2,0,0,0,57958,126969
1778298977709,2558341120,53174272,764899328,240988160,952950784,1073737728,842278,44075,6,4108837,49903,0,918740,3381,862493184,45132800,2392277,2146168,7,2,0,0,0,57958,126969
1778298978004,2558341120,53174272,764899328,240988160,952950784,1073737728,842278,44075,6,4110462,49903,0,918740,3381,862493184,45132800,2393165,2146928,7,2,0,0,0,57958,126969
1778298978299,2559111168,53174272,764899328,240988160,952799232,1073737728,842278,44075,6,4112632,49903,0,919544,3381,862493184,45132800,2394323,2147088,7,2,0,0,0,57958,126969
1778298978596,2559111168,53174272,764899328,240988160,952799232,1073737728,842278,44075,6,4114257,49903,0,919544,3381,862493184,45132800,2394537,2147128,7,2,0,0,0,57958,126969
1778298978890,2559111168,53174272,764899328,240988160,952799232,1073737728,842278,44075,6,4115882,49903,0,919544,3381,862493184,45132800,2396889,2148328,7,2,0,0,0,57958,126969
1778298979183,2559131648,53174272,764911616,240988160,952926208,1073737728,842278,44075,6,4117507,49903,0,919544,3381,862493184,45132800,2398685,2148984,7,2,0,0,0,57958,126969
1778298979479,2558873600,53174272,764911616,240984064,952897536,1073737728,842278,44075,6,4119647,49903,0,920350,3381,862493184,45132800,2399993,2149064,7,2,0,0,0,57958,126971
1778298979769,2558873600,53174272,764911616,240984064,952897536,1073737728,842278,44075,6,4121273,49903,0,920350,3381,862493184,45132800,2400987,2149768,7,2,0,0,0,57958,126971
1778298980064,2558873600,53174272,764911616,240988160,952975360,1073737728,842278,44075,6,4122898,49903,0,920350,3381,862493184,45132800,2401439,2149996,7,2,0,0,0,57958,126971
1778298980354,2558873600,53174272,764911616,240988160,952885248,1073737728,842278,44075,6,4125046,49903,0,921157,3381,862493184,45132800,2402597,2151040,7,2,0,0,0,57958,126971
1778298980649,2558873600,53174272,764911616,240988160,952885248,1073737728,842278,44075,6,4126669,49903,0,921157,3381,862493184,45132800,2402913,2152140,7,2,0,0,0,57958,126971
1778298980945,2558873600,53174272,764911616,240988160,952885248,1073737728,842278,44143,6,4128295,49903,0,921157,3381,862493184,45202432,2403793,2152856,7,2,0,0,0,57958,126971
1778298981240,2558873600,53174272,764915712,240988160,952950784,1073737728,842278,44143,6,4129918,49903,0,921157,3381,862493184,45202432,2404007,2152896,7,2,0,0,0,57958,126972
1778298981534,2558873600,53174272,764915712,240988160,952979456,1073737728,842278,44143,6,4132048,49903,0,921961,3381,862493184,45202432,2405181,2153016,7,2,0,0,0,57958,126972
1778298981829,2558873600,53174272,764915712,240988160,952979456,1073737728,842278,44143,6,4133673,49903,0,921961,3381,862493184,45239296,2405951,2153640,7,2,0,0,0,57958,126972
1778298982118,2558873600,53182464,764907520,240988160,952995840,1073737728,842278,44207,6,4135309,49903,0,921961,3381,862493184,45267968,2407747,2154296,7,2,0,0,0,57958,126972
1778298982412,2558873600,53182464,764907520,240988160,952692736,1073737728,842278,44207,6,4137458,49903,0,922767,3381,862493184,45267968,2410605,2155072,7,2,0,0,0,57958,126972
1778298982705,2558873600,53182464,764907520,240988160,952692736,1073737728,842278,44207,6,4139081,49903,0,922767,3381,862493184,45267968,2410819,2155112,7,2,0,0,0,57958,126972
1778298983003,2558873600,53182464,764907520,240988160,952692736,1073737728,842278,44207,6,4140709,49903,0,922767,3381,862493184,45267968,2412041,2155976,7,2,0,0,0,57958,126972
1778298983296,2558873600,53182464,764919808,240992256,952958976,1073737728,842278,44207,6,4142332,49903,0,922767,3381,862493184,45267968,2412341,2157076,7,2,0,0,0,57959,126974
1778298983592,2558873600,53182464,764919808,240992256,952995840,1073737728,842278,44207,6,4144457,49903,0,923576,3381,862493184,45267968,2413515,2157236,7,2,0,0,0,57959,126974
1778298983886,2558873600,53182464,764923904,240992256,952995840,1073737728,842278,44207,6,4146082,49903,0,923576,3381,862493184,45267968,2414379,2158836,7,2,0,0,0,57959,126974
1778298984181,2558644224,53182464,764923904,240992256,952995840,1073737728,842278,44207,6,4147721,49903,0,923576,3381,862493184,45267968,2414577,2158876,7,2,0,0,0,57959,126974
1778298984476,2558398464,53182464,764923904,240992256,952995840,1073737728,842278,44207,6,4149858,49905,0,924382,3381,862493184,45267968,2415735,2158996,7,2,0,0,0,57959,126974
1778298984770,2558398464,53182464,764923904,240992256,952995840,1073737728,842278,44207,6,4151484,49905,0,924382,3381,862493184,45267968,2416521,2159580,7,2,0,0,0,57959,126974
1778298985065,2558398464,53182464,764923904,240992256,952995840,1073737728,842278,44207,6,4153107,49905,0,924382,3381,862493184,45267968,2418317,2160276,7,2,0,0,0,57959,126974
1778298985359,2558398464,53182464,764923904,240996352,952987648,1073737728,842278,44207,6,4154732,49905,0,924382,3381,862493184,45267968,2420097,2160932,7,2,0,0,0,57960,126974
1778298985655,2558398464,53182464,764928000,240996352,952991744,1073737728,842278,44207,6,4156876,49905,0,925189,3381,862493184,45267968,2421405,2161092,7,2,0,0,0,57960,126974
1778298985950,2558398464,53182464,764932096,240996352,952999936,1073737728,842278,44255,6,4158504,49905,0,925189,3381,862493184,45317120,2422729,2162132,7,2,0,0,0,57960,126976
1778298986244,2558398464,53182464,764932096,240996352,952999936,1073737728,842278,44255,6,4160127,49905,0,925189,3381,862493184,45317120,2422927,2163096,7,2,0,0,0,57960,126976
1778298986537,2558398464,53182464,764932096,241000448,952860672,1073737728,842278,44255,6,4162260,49905,0,925992,3381,862493184,45317120,2424085,2163256,7,2,0,0,0,57960,126976
1778298986832,2558398464,53182464,764932096,241000448,952860672,1073737728,842278,44255,6,4163895,49905,0,925992,3381,862493184,45317120,2424965,2164896,7,2,0,0,0,57960,126976
1778298987124,2558398464,53190656,764932096,240996352,952995840,1073737728,842278,44287,6,4165518,49905,0,925992,3381,862493184,45349888,2425163,2164936,7,2,0,0,0,57960,126976
1778298987418,2558398464,53190656,764932096,240996352,952995840,1073737728,842278,44287,6,4167145,49905,0,925992,3381,862493184,45349888,2425361,2164976,7,2,0,0,0,57960,126976
1778298987714,2558398464,53190656,764932096,241008640,952983552,1073737728,842278,44287,6,4169280,49905,0,926802,3381,862493184,45349888,2426519,2165096,7,2,0,0,0,57962,126976
1778298988008,2558398464,53190656,764932096,241008640,952983552,1073737728,842278,44287,6,4170905,49905,0,926802,3381,862493184,45349888,2428887,2166336,7,2,0,0,0,57962,126976
1778298988302,2558398464,53190656,764936192,241004544,953004032,1073737728,842278,44287,6,4172529,49905,0,926802,3381,862493184,45349888,2430667,2166992,7,2,0,0,0,57962,126976
1778298988596,2558140416,53190656,764936192,241004544,952852480,1073737728,842278,44287,6,4174683,49905,0,927612,3381,862493184,45349888,2431943,2167152,7,2,0,0,0,57962,126976
1778298988890,2558140416,53190656,764936192,241004544,952852480,1073737728,842278,44287,6,4176326,49905,0,927612,3381,862493184,45349888,2433149,2168152,7,2,0,0,0,57962,126976
1778298989183,2558140416,53190656,764936192,241004544,952975360,1073737728,842278,44287,6,4177958,49905,0,927612,3381,862493184,45349888,2433363,2169116,7,2,0,0,0,57962,126976
1778298989476,2558140416,53190656,764936192,241004544,952975360,1073737728,842278,44287,6,4179585,49905,0,927612,3381,862493184,45349888,2433561,2169156,7,2,0,0,0,57962,126976
1778298989771,2558918656,53190656,764936192,241000448,952934400,1073737728,842278,44287,6,4181739,49906,0,928417,3381,862493184,45349888,2435369,2170836,7,2,0,0,0,57962,126976
1778298990065,2558918656,53190656,764936192,241000448,952934400,1073737728,842278,44287,6,4183363,49906,0,928417,3381,862493184,45349888,2435567,2170916,7,2,0,0,0,57962,126976
1778298990357,2558918656,53190656,764940288,241004544,952967168,1073737728,842278,44287,6,4185003,49906,0,928417,3381,862493184,45349888,2435765,2170956,7,2,0,0,0,57962,126977
1778298990653,2559143936,53190656,764940288,241000448,952897536,1073737728,842278,44287,6,4187154,49906,0,929226,3381,862493184,45349888,2437041,2171252,7,2,0,0,0,57962,126978
1778298990943,2559143936,53190656,764940288,241000448,952897536,1073737728,842278,44287,6,4188781,49906,0,929226,3381,862493184,45349888,2439409,2172452,7,2,0,0,0,57962,126978
1778298991236,2559197184,53190656,764940288,241004544,952995840,1073737728,842278,44319,6,4190407,49906,0,929226,3381,862493184,45382656,2441189,2173108,7,2,0,0,0,57962,126978
1778298991526,2559197184,53190656,764944384,241004544,952995840,1073737728,842278,44319,6,4192035,49906,0,929226,3381,862493184,45382656,2441607,2173324,7,2,0,0,0,57962,126978
1778298991820,2560249856,53190656,764944384,241000448,952893440,1073737728,842278,44319,6,4194200,49906,0,930029,3381,862493184,45382656,2443703,2174308,7,2,0,0,0,57962,126979
1778298992113,2560249856,53198848,764952576,241004544,952971264,1073737728,842278,44355,6,4195826,49906,0,930029,3381,862493184,45419520,2443917,2175272,7,2,0,0,0,57962,126981
1778298992408,2560249856,53198848,764952576,241004544,952971264,1073737728,842278,44355,6,4197449,49906,0,930029,3381,862493184,45419520,2444115,2175312,7,2,0,0,0,57962,126981
1778298992702,2559959040,53198848,764952576,241000448,952893440,1073737728,842278,44355,6,4199587,49906,0,930832,3381,862493184,45419520,2445399,2176488,7,2,0,0,0,57962,126981
1778298992997,2559959040,53198848,764952576,241000448,952893440,1073737728,842278,44355,6,4201220,49906,0,930832,3381,862493184,45419520,2446185,2177112,7,2,0,0,0,57962,126981
1778298993292,2560012288,53198848,764952576,241004544,953004032,1073737728,842278,44355,6,4202854,49906,0,930832,3381,862493184,45419520,2446383,2177152,7,2,0,0,0,57962,126981
1778298993586,2560012288,53198848,764952576,241004544,953004032,1073737728,842278,44355,6,4204482,49906,0,930832,3381,862493184,45419520,2446581,2177192,7,2,0,0,0,57962,126981
1778298993882,2560290816,53198848,764952576,241004544,952930304,1073737728,842278,44355,6,4206625,49906,0,931640,3381,862493184,45419520,2449909,2178512,7,2,0,0,0,57962,126981
1778298994176,2560290816,53198848,764960768,241004544,952999936,1073737728,842278,44355,6,4208261,49906,0,931640,3381,862493184,45419520,2451807,2179304,7,2,0,0,0,57962,126982
1778298994470,2560290816,53198848,764960768,241004544,952999936,1073737728,842278,44355,6,4209892,49906,0,931640,3381,862493184,45419520,2452005,2179344,7,2,0,0,0,57962,126982
1778298994758,2560184320,53198848,764960768,241004544,952877056,1073737728,842278,44355,6,4212025,49906,0,932451,3381,862493184,45419520,2453991,2180088,7,2,0,0,0,57962,126982
1778298995051,2560184320,53198848,764960768,241004544,952877056,1073737728,842278,44355,6,4213650,49906,0,932451,3381,862493184,45419520,2454417,2180328,7,2,0,0,0,57962,126982
1778298995345,2560290816,53198848,764968960,241012736,953032704,1073737728,842278,44355,6,4215274,49906,0,932451,3381,862493184,45419520,2454631,2181292,7,2,0,0,0,57964,126984
1778298995640,2560290816,53198848,764968960,241012736,953032704,1073737728,842278,44355,6,4216901,49906,0,932451,3381,862493184,45419520,2454829,2181332,7,2,0,0,0,57964,126984
1778298995935,2560032768,53198848,764968960,241012736,953094144,1073737728,842278,44355,6,4219028,49906,0,933254,3381,862493184,45419520,2456669,2183052,7,2,0,0,0,57964,126985
1778298996229,2560032768,53198848,764968960,241012736,953036800,1073737728,842278,44355,6,4220668,49906,0,933254,3381,862493184,45419520,2456867,2183092,7,2,0,0,0,57964,126985
1778298996517,2560032768,53198848,764968960,241012736,953040896,1073737728,842278,44391,6,4222292,49906,0,933254,3381,862493184,45456384,2457065,2183132,7,2,0,0,0,57964,126985
1778298996811,2560032768,53198848,764968960,241016832,952971264,1073737728,842278,44391,6,4224431,49906,0,934060,3381,862493184,45456384,2458881,2183972,7,2,0,0,0,57964,126985
1778298997107,2560032768,53198848,764968960,241012736,953032704,1073737728,842278,44391,6,4226055,49906,0,934060,3381,862493184,45456384,2460677,2184668,7,2,0,0,0,57964,126985
1778298997402,2560032768,53207040,764968960,241012736,953032704,1073737728,842278,44435,6,4227681,49906,0,934060,3381,862493184,45501440,2462575,2185324,7,2,0,0,0,57964,126985
1778298997697,2560032768,53207040,764968960,241012736,953032704,1073737728,842278,44435,6,4229306,49906,0,934060,3381,862493184,45501440,2462875,2185364,7,2,0,0,0,57964,126985
1778298997993,2560032768,53207040,764968960,241025024,952954880,1073737728,842278,44435,6,4231445,49906,0,934867,3381,862493184,45501440,2464955,2186348,7,2,0,0,0,57966,126985
1778298998289,2560032768,53207040,764973056,241020928,953044992,1073737728,842278,44435,6,4233068,49906,0,934867,3381,862493184,45501440,2465153,2187312,7,2,0,0,0,57966,126986
1778298998583,2560032768,53207040,764973056,241020928,953044992,1073737728,842278,44435,6,4234692,49906,0,934867,3381,862493184,45501440,2465351,2187352,7,2,0,0,0,57966,126986
1778298998878,2560032768,53207040,764973056,241020928,952954880,1073737728,842278,44435,6,4236832,49906,0,935670,3381,862493184,45501440,2467175,2189072,7,2,0,0,0,57966,126986
1778298999172,2560032768,53207040,764973056,241020928,953028608,1073737728,842278,44435,6,4238465,49906,0,935670,3381,862493184,45501440,2467389,2189112,7,2,0,0,0,57966,126986
1778298999466,2560032768,53207040,764973056,241020928,953028608,1073737728,842278,44435,6,4240095,49906,0,935670,3381,862493184,45501440,2467587,2189152,7,2,0,0,0,57966,126986
1778298999762,2560032768,53207040,764973056,241020928,953028608,1073737728,842278,44435,6,4241722,49906,0,935670,3381,862493184,45501440,2468459,2189912,7,2,0,0,0,57966,126986
1778299000058,2560032768,53207040,764977152,241020928,952991744,1073737728,842278,44435,6,4243859,49906,0,936471,3381,862493184,45501440,2471215,2190728,7,2,0,0,0,57966,126987
1778299000353,2560032768,53207040,764977152,241020928,952991744,1073737728,842278,44435,6,4245491,49906,0,936471,3381,862493184,45501440,2473129,2191384,7,2,0,0,0,57966,126987
1778299000644,2560032768,53207040,764977152,241020928,952991744,1073737728,842278,44435,6,4247115,49906,0,936471,3381,862493184,45501440,2473343,2191424,7,2,0,0,0,57966,126987
1778299000938,2559774720,53207040,764981248,241020928,953020416,1073737728,842278,44435,6,4249262,49906,0,937280,3381,862493184,45501440,2475541,2192368,7,2,0,0,0,57966,126987
1778299001233,2559774720,53207040,764985344,241020928,953020416,1073737728,842278,44435,6,4250885,49906,0,937280,3381,862493184,45501440,2475755,2193332,7,2,0,0,0,57966,126987
1778299001524,2559774720,53207040,764985344,241020928,953020416,1073737728,842278,44435,6,4252510,49906,0,937280,3381,862493184,45501440,2475969,2193372,7,2,0,0,0,57966,126987
1778299001817,2559774720,53207040,764985344,241020928,953020416,1073737728,842278,44435,6,4254135,49906,0,937280,3381,862493184,45526016,2476849,2195012,7,2,0,0,0,57966,126987
1778299002112,2559000576,53207040,764985344,241020928,953049088,1073737728,842278,44459,6,4256309,49906,0,938084,3381,862493184,45526016,2478039,2195172,7,2,0,0,0,57966,126989
1778299002406,2559000576,53215232,764985344,241020928,953049088,1073737728,842278,44499,6,4257950,49906,0,938084,3381,862493184,45566976,2478355,2195388,7,2,0,0,0,57966,126989
1778299002701,2559000576,53215232,764985344,241020928,953049088,1073737728,842278,44499,6,4259577,49906,0,938084,3381,862493184,45566976,2478569,2195428,7,2,0,0,0,57966,126989
1778299002997,2559000576,53215232,764989440,241020928,953028608,1073737728,842278,44499,6,4261707,49906,0,938892,3381,862493184,45566976,2481929,2196668,7,2,0,0,0,57966,126989
1778299003293,2559000576,53215232,764989440,241020928,953028608,1073737728,842278,44499,6,4263333,49906,0,938892,3381,862493184,45566976,2483725,2197324,7,2,0,0,0,57966,126989
1778299003586,2559000576,53215232,764989440,241020928,953028608,1073737728,842278,44499,6,4264960,49906,0,938892,3381,862493184,45566976,2484057,2197364,7,2,0,0,0,57966,126989
1778299003881,2559000576,53215232,764989440,241020928,953028608,1073737728,842278,44499,6,4266585,49906,0,938892,3381,862493184,45566976,2485145,2198188,7,2,0,0,0,57966,126989
1778299004178,2559000576,53215232,764989440,241029120,953049088,1073737728,842278,44499,6,4268709,49906,0,939697,3381,862493184,45566976,2486319,2199152,7,2,0,0,0,57968,126990
1778299004473,2559000576,53215232,764989440,241029120,953049088,1073737728,842278,44499,6,4270332,49906,0,939697,3381,862493184,45566976,2486533,2199192,7,2,0,0,0,57968,126990
1778299004768,2559000576,53215232,764989440,241029120,953049088,1073737728,842278,44499,6,4271957,49906,0,939697,3381,862493184,45566976,2487413,2200792,7,2,0,0,0,57968,126990
1778299005063,2559000576,53215232,764993536,241029120,953020416,1073737728,842278,44499,6,4274102,49906,0,940501,3381,862493184,45566976,2488721,2201128,7,2,0,0,0,57968,126991
1778299005357,2559000576,53215232,764993536,241029120,953020416,1073737728,842278,44499,6,4275729,49906,0,940501,3381,862493184,45566976,2488935,2201168,7,2,0,0,0,57968,126991
1778299005653,2559000576,53215232,764993536,241029120,953020416,1073737728,842278,44499,6,4277352,49906,0,940501,3381,862493184,45566976,2489149,2201208,7,2,0,0,0,57968,126991
1778299005948,2559000576,53215232,764993536,241029120,953020416,1073737728,842278,44499,6,4278980,49906,0,940501,3381,862493184,45566976,2491731,2208192,7,2,0,0,0,57968,126991
1778299006244,2559000576,53215232,765001728,241025024,952995840,1073737728,842278,44499,6,4281134,49906,0,941312,3381,862493184,45566976,2495207,2208808,7,2,0,0,0,57968,126991
1778299006537,2559000576,53215232,765001728,241025024,952995840,1073737728,842278,44499,6,4282775,49906,0,941312,3381,862493184,45566976,2495207,2208808,7,2,0,0,0,57968,126991
1778299006831,2559000576,53215232,765005824,241025024,952995840,1073737728,842278,44499,6,4284406,49906,0,941312,3381,862493184,45566976,2496141,2208808,7,2,0,0,0,57968,126991
1778299007120,2559000576,53215232,765005824,241029120,953044992,1073737728,842278,44531,6,4286551,49906,0,942121,3381,862493184,45599744,2496141,2224760,7,2,0,0,0,57968,126991
1778299007412,2559000576,53215232,765005824,241029120,953044992,1073737728,842278,44531,6,4288175,49906,0,942121,3381,862493184,45640704,2496141,2224760,7,2,0,0,0,57968,126991
1778299007706,2559000576,53223424,764997632,241029120,953044992,1073737728,842278,44571,6,4289800,49906,0,942121,3381,862493184,45640704,2496235,2224760,7,2,0,0,0,57968,126991
1778299007999,2559000576,53223424,765005824,241029120,953032704,1073737728,842278,44571,6,4291424,49906,0,942121,3381,862493184,45640704,2496817,2224760,7,2,0,0,0,57968,126992
1778299008295,2559000576,53223424,765005824,241037312,952995840,1073737728,842278,44571,6,4293585,49906,0,942927,3381,862493184,45640704,2496817,2224760,7,2,0,0,0,57970,126992
1778299008582,2559000576,53223424,765005824,241037312,952995840,1073737728,842278,44571,6,4295212,49906,0,942927,3381,862493184,45640704,2496817,2224760,7,2,0,0,0,57970,126992
1778299008877,2559000576,53223424,765009920,241037312,952995840,1073737728,842278,44571,6,4296836,49906,0,942927,3381,862493184,45640704,2498399,2225376,7,2,0,0,0,57970,126992
1778299009171,2559000576,53239808,764989440,241037312,952897536,1073737728,842278,44655,6,4298977,49906,0,943736,3381,862493184,45726720,2499981,2225992,7,2,0,0,0,57970,126991
1778299009465,2559000576,53239808,764989440,241037312,952897536,1073737728,842278,44655,6,4300605,49906,0,943736,3381,862493184,45726720,2499981,2225992,7,2,0,0,0,57970,126991
1778299009753,2559000576,53239808,764989440,241037312,952897536,1073737728,842278,44655,6,4302236,49906,0,943736,3381,862493184,45726720,2499981,2252408,7,2,0,0,0,57970,126991
1778299010048,2559000576,53239808,765014016,241037312,953098240,1073737728,842278,44655,6,4303859,49906,0,943736,3381,862493184,45726720,2500563,2252408,7,2,0,0,0,57970,126995
1778299010343,2559000576,53239808,765014016,241037312,953008128,1073737728,842278,44655,6,4306035,49906,0,944548,3381,862493184,45726720,2500563,2257920,7,2,0,0,0,57970,126995
1778299010633,2559000576,53239808,765018112,241037312,953008128,1073737728,842278,44655,6,4307686,49906,0,944548,3381,862493184,45726720,2500563,2261872,7,2,0,0,0,57970,126995
1778299010924,2559000576,53239808,765018112,241037312,953008128,1073737728,842278,44655,6,4309309,49906,0,944548,3381,862493184,45726720,2500657,2261872,7,2,0,0,0,57970,126995
1778299011218,2558746624,53239808,765018112,241037312,953053184,1073737728,842278,44655,6,4311556,49906,0,945356,3381,862493184,45726720,2500657,2279136,7,2,0,0,0,57970,126995
1778299011513,2558746624,53239808,765018112,241033216,952934400,1073737728,842278,44655,6,4313180,49906,0,945356,3381,862493184,45726720,2500657,2279136,7,2,0,0,0,57970,126995
1778299011801,2558746624,53239808,765018112,241033216,952934400,1073737728,842278,44655,6,4314839,49906,0,945356,3381,862493184,45726720,2500657,2288496,7,2,0,0,0,57970,126995
1778299012092,2558746624,53239808,765018112,241033216,952934400,1073737728,842278,44675,6,4316463,49906,0,945356,3381,862493184,45747200,2502239,2289112,7,2,0,0,0,57970,126995
1778299012386,2558234624,53239808,765018112,241037312,953044992,1073737728,842278,44675,6,4318630,49906,0,946163,3381,862493184,45747200,2503821,2319368,7,2,0,0,0,57970,126996
1778299012674,2558234624,53239808,765022208,241037312,953044992,1073737728,842278,44675,6,4320395,49906,0,946163,3381,862493184,45747200,2503821,2333408,7,2,0,0,0,57970,126996
1778299012968,2558234624,53239808,765022208,241037312,953044992,1073737728,842278,44715,6,4322034,49906,0,946163,3381,862493184,45788160,2503863,2333408,7,2,0,0,0,57970,126996
1778299013262,2558234624,53239808,765026304,241057792,953262080,1073737728,842278,44715,6,4324197,49906,0,947021,3381,862493184,45788160,2503863,2342872,7,2,0,0,0,57974,126997
1778299013557,2558234624,53239808,765026304,241053696,953085952,1073737728,842278,44715,6,4325851,49906,0,947021,3381,862493184,45788160,2503863,2342872,7,2,0,0,0,57974,126999
1778299013852,2558234624,53239808,765026304,241053696,953085952,1073737728,842278,44715,6,4327571,49906,0,947021,3381,862493184,45788160,2503999,2359928,7,2,0,0,0,57974,126999
1778299014145,2558005248,53239808,765026304,241053696,953085952,1073737728,842278,44715,6,4329212,49906,0,947021,3381,862493184,45845504,2503999,2359928,7,2,0,0,0,57974,126999
1778299014436,2558005248,53248000,765018112,241053696,953085952,1073737728,842278,44771,6,4331347,49906,0,947824,3381,862493184,45845504,2504581,2361696,7,2,0,0,0,57974,126999
1778299014727,2558005248,53248000,765018112,241053696,953085952,1073737728,842278,44771,6,4333017,49906,0,947824,3381,862493184,45845504,2504581,2369288,7,2,0,0,0,57974,126999
1778299015022,2558005248,53264384,765001728,241053696,953085952,1073737728,842278,44899,6,4334645,49906,0,947826,3381,862493184,45976576,2506205,2369904,7,2,0,0,0,57974,126999
1778299015316,2558005248,53264384,765030400,241078272,952963072,1073737728,842278,44899,6,4336821,49906,0,948629,3381,862493184,45976576,2507787,2414200,7,2,0,0,0,57980,126999
1778299015609,2558005248,53264384,765030400,241078272,953077760,1073737728,842278,44899,6,4338517,49906,0,948629,3381,862493184,45976576,2507787,2414200,7,2,0,0,0,57980,126999
1778299015905,2558005248,53264384,765030400,241078272,953077760,1073737728,842278,44899,6,4340362,49906,0,948629,3381,862493184,45976576,2507787,2423664,7,2,0,0,0,57980,126999
1778299016197,2558005248,53264384,765030400,241078272,953077760,1073737728,842278,44899,6,4342239,49906,0,948629,3381,862493184,45976576,2507787,2423664,7,2,0,0,0,57980,126999
1778299016489,2558005248,53264384,765030400,241078272,953077760,1073737728,842278,44899,6,4344637,49906,0,949437,3381,862493184,45976576,2507787,2423664,7,2,0,0,0,57980,126999
1778299016783,2558005248,53264384,765030400,241078272,953077760,1073737728,842278,44899,6,4346666,49906,0,949437,3381,862493184,45976576,2507787,2440928,7,2,0,0,0,57980,126999
1778299017075,2558005248,53264384,765034496,241078272,953044992,1073737728,842278,44899,6,4348542,49906,0,949437,3381,862493184,45976576,2507787,2440928,7,2,0,0,0,57980,127000
1778299017368,2558005248,53264384,765034496,241078272,952893440,1073737728,842278,44899,6,4350890,49906,0,950245,3381,862493184,45997056,2507787,2450288,7,2,0,0,0,57980,127000
1778299017659,2558005248,53264384,765034496,241078272,953102336,1073737728,842278,44919,6,4352850,49906,0,950245,3381,862493184,45997056,2507787,2450288,7,2,0,0,0,57980,127000
1778299017952,2557759488,53264384,765034496,241078272,953102336,1073737728,842278,44919,6,4354730,49906,0,950245,3381,862493184,45997056,2508767,2477344,7,2,0,0,0,57980,127000
1778299018246,2557759488,53264384,765034496,241078272,953102336,1073737728,842278,44931,6,4356759,49906,0,950245,3381,862493184,46009344,2509705,2495224,7,2,0,0,0,57980,127000
1778299018539,2557759488,53264384,765034496,241078272,953163776,1073737728,842278,44931,6,4359145,49906,0,951049,3381,862493184,46009344,2509705,2495224,7,2,0,0,0,57980,127000
1778299018833,2557759488,53272576,765038592,241078272,953163776,1073737728,842278,44987,6,4361082,49906,0,951105,3381,862493184,46066688,2509705,2504688,7,2,0,0,0,57980,127000
1778299019122,2557759488,53272576,765050880,241078272,953085952,1073737728,842278,44987,6,4362956,49906,0,951105,3381,862493184,46066688,2509747,2504688,7,2,0,0,0,57980,127002
1778299019415,2557759488,53272576,765050880,241078272,952934400,1073737728,842278,44987,6,4365134,49906,0,951645,3381,862493184,46115840,2509747,2530464,7,2,0,0,0,57980,127002
1778299019702,2557759488,53272576,765050880,241078272,953077760,1073737728,842278,45035,6,4367255,49906,0,951909,3381,862493184,46115840,2509747,2530464,7,2,0,0,0,57980,127002
1778299019994,2557759488,53272576,765050880,241086464,953126912,1073737728,842278,45035,6,4369170,49906,0,951909,3381,862493184,46115840,2509789,2541696,7,2,0,0,0,57982,127003
1778299020287,2557759488,53272576,765050880,241086464,953126912,1073737728,842278,45035,6,4371064,49906,0,951909,3381,862493184,46115840,2509789,2541696,7,2,0,0,0,57982,127003
1778299020579,2557759488,53272576,765050880,241086464,953167872,1073737728,842278,45035,6,4373457,49906,0,952716,3381,862493184,46115840,2509789,2541696,7,2,0,0,0,57982,127003
1778299020874,2557759488,53272576,765050880,241086464,953167872,1073737728,842278,45035,6,4375379,49906,0,952716,3381,862493184,46115840,2510727,2566856,7,2,0,0,0,57982,127003
1778299021167,2557759488,53272576,765054976,241086464,953085952,1073737728,842278,45035,6,4377256,49906,0,952716,3381,862493184,46115840,2513971,2569736,7,2,0,0,0,57982,127005
1778299021459,2557759488,53272576,765054976,241086464,953085952,1073737728,842278,45035,6,4379218,49906,0,952791,3381,862493184,46115840,2513971,2579096,7,2,0,0,0,57982,127005
1778299021751,2557759488,53272576,765059072,241086464,953061376,1073737728,842278,45035,6,4381554,49906,0,953524,3381,862493184,46115840,2513971,2579096,7,2,0,0,0,57982,127006
1778299022044,2557759488,53272576,765063168,241086464,953122816,1073737728,842278,45035,6,4383435,49906,0,953524,3381,862493184,46115840,2513971,2579096,7,2,0,0,0,57982,127006
1778299022338,2557759488,53272576,765063168,241086464,953122816,1073737728,842278,45035,6,4385464,49906,0,953524,3381,862493184,46115840,2514013,2597296,7,2,0,0,0,57982,127006
1778299022631,2557759488,53272576,765063168,241086464,952971264,1073737728,842278,45035,6,4387855,49906,0,954329,3381,862493184,46115840,2514013,2597296,7,2,0,0,0,57982,127006
1778299022921,2557759488,53272576,765063168,241086464,952971264,1073737728,842278,45075,6,4389790,49906,0,954329,3381,862493184,46156800,2514013,2606760,7,2,0,0,0,57982,127006
1778299023214,2557759488,53272576,765063168,241086464,953135104,1073737728,842278,45075,6,4391666,49906,0,954329,3381,862493184,46156800,2514637,2606760,7,2,0,0,0,57982,127008
1778299023506,2557759488,53272576,765063168,241086464,953151488,1073737728,842278,45183,6,4393614,49906,0,954329,3381,862493184,46267392,2514637,2629432,7,2,0,0,0,57982,127008
1778299023800,2557759488,53272576,765063168,241086464,953122816,1073737728,842278,45183,6,4396017,49906,0,955139,3381,862493184,46332928,2514637,2629432,7,2,0,0,0,57982,127008
1778299024094,2557759488,53280768,765067264,241086464,953143296,1073737728,842278,45247,6,4397896,49906,0,955139,3381,862493184,46332928,2515575,2633064,7,2,0,0,0,57982,127009
1778299024387,2557759488,53280768,765067264,241086464,953143296,1073737728,842278,45247,6,4399774,49906,0,955139,3381,862493184,46332928,2518529,2635696,7,2,0,0,0,57982,127009
1778299024680,2557759488,53280768,765067264,241090560,953049088,1073737728,842278,45247,6,4402170,49906,0,955951,3381,862493184,46332928,2518529,2635696,7,2,0,0,0,57983,127009
1778299024973,2557759488,53280768,765067264,241090560,953049088,1073737728,842278,45247,6,4404049,49906,0,955951,3381,862493184,46332928,2518529,2635800,7,2,0,0,0,57983,127009
1778299025265,2557759488,53280768,765071360,241094656,953122816,1073737728,842278,45247,6,4405925,49906,0,955951,3381,862493184,46332928,2518529,2635800,7,2,0,0,0,57984,127009
1778299025558,2557759488,53280768,765071360,241094656,953122816,1073737728,842278,45247,6,4407803,49906,0,955951,3381,862493184,46332928,2520447,2648252,7,2,0,0,0,57984,127009
1778299025852,2557759488,53280768,765071360,241094656,953180160,1073737728,842278,45247,6,4410196,49906,0,956760,3381,862493184,46332928,2520447,2648252,7,2,0,0,0,57984,127010
1778299026146,2557759488,53280768,765075456,241094656,953114624,1073737728,842278,45247,6,4412099,49906,0,956760,3381,862493184,46332928,2520447,2653244,7,2,0,0,0,57984,127010
1778299026439,2557759488,53280768,765075456,241094656,953114624,1073737728,842278,45247,6,4413974,49906,0,956760,3381,862493184,46332928,2521177,2653932,7,2,0,0,0,57984,127010
1778299026731,2557759488,53280768,765075456,241094656,952963072,1073737728,842278,45247,6,4416389,49906,0,957566,3381,862493184,46332928,2521177,2653932,7,2,0,0,0,57984,127011
1778299027023,2557759488,53280768,765075456,241094656,953102336,1073737728,842278,45247,6,4418265,49906,0,957566,3381,862493184,46332928,2522115,2654548,7,2,0,0,0,57984,127011
1778299027314,2557759488,53280768,765075456,241094656,953102336,1073737728,842278,45247,6,4420140,49906,0,957566,3381,862493184,46332928,2523053,2655164,7,2,0,0,0,57984,127011
1778299027607,2557759488,53280768,765075456,241094656,953102336,1073737728,842278,45247,6,4422019,49906,0,957566,3381,862493184,46332928,2523783,2664172,7,2,0,0,0,57984,127011
1778299027901,2557759488,53280768,765079552,241094656,953049088,1073737728,842278,45247,6,4424416,49906,0,958376,3381,862493184,46361600,2523783,2664172,7,2,0,0,0,57984,127011
1778299028193,2557759488,53280768,765083648,241094656,953151488,1073737728,842278,45275,6,4426293,49906,0,958376,3381,862493184,46361600,2523783,2664172,7,2,0,0,0,57984,127012
1778299028486,2557759488,53280768,765083648,241094656,953151488,1073737728,842278,45275,6,4428175,49906,0,958376,3381,862493184,46361600,2532403,2672896,7,2,0,0,0,57984,127012
1778299028777,2557759488,53280768,765083648,241098752,953217024,1073737728,842278,45275,6,4430561,49906,0,959178,3381,862493184,46402560,2532403,2672896,7,2,0,0,0,57984,127012
1778299029070,2557759488,53288960,765095936,241094656,953126912,1073737728,842278,45359,6,4432451,49906,0,959178,3381,862493184,46447616,2532403,2686624,7,2,0,0,0,57984,127013
1778299029363,2557759488,53288960,765095936,241094656,953126912,1073737728,842278,45359,6,4434328,49906,0,959178,3381,862493184,46447616,2532403,2686624,7,2,0,0,0,57984,127013
1778299029656,2557759488,53288960,765095936,241094656,953126912,1073737728,842278,45359,6,4436204,49906,0,959178,3381,862493184,46447616,2533133,2687312,7,2,0,0,0,57984,127013
1778299029949,2557759488,53288960,765100032,241102848,953171968,1073737728,842278,45359,6,4438589,49906,0,959987,3381,862493184,46447616,2534071,2687928,7,2,0,0,0,57986,127016
1778299030243,2557759488,53288960,765100032,241102848,953171968,1073737728,842278,45359,6,4440467,49906,0,959987,3381,862493184,46447616,2535009,2688544,7,2,0,0,0,57986,127016
1778299030535,2557759488,53288960,765100032,241102848,953171968,1073737728,842278,45359,6,4442345,49906,0,959987,3381,862493184,46447616,2535739,2689232,7,2,0,0,0,57986,127016
1778299030828,2557759488,53288960,765100032,241102848,953020416,1073737728,842278,45359,6,4444741,49906,0,960795,3381,862493184,46447616,2535739,2689232,7,2,0,0,0,57986,127016
1778299031117,2557759488,53288960,765100032,241102848,953139200,1073737728,842278,45359,6,4446621,49906,0,960795,3381,862493184,46447616,2535739,2715852,7,2,0,0,0,57986,127016
1778299031409,2557759488,53288960,765100032,241102848,953139200,1073737728,842278,45359,6,4448497,49906,0,960795,3381,862493184,46447616,2536427,2716540,7,2,0,0,0,57986,127016
1778299031701,2557759488,53288960,765100032,241102848,953139200,1073737728,842278,45359,6,4450390,49906,0,960795,3381,862493184,46447616,2536469,2720388,7,2,0,0,0,57986,127016
1778299031995,2557759488,53288960,765104128,241102848,953171968,1073737728,842278,45359,6,4452798,49906,0,961602,3381,862493184,46447616,2536469,2720388,7,2,0,0,0,57986,127016
1778299032288,2557759488,53288960,765108224,241102848,953171968,1073737728,842278,45359,6,4454692,49906,0,961602,3381,862493184,46447616,2536469,2722468,7,2,0,0,0,57986,127016
1778299032580,2557759488,53288960,765108224,241102848,953171968,1073737728,842278,45359,6,4456569,49906,0,961602,3381,862493184,46447616,2542677,2728676,7,2,0,0,0,57986,127016
1778299032872,2557759488,53288960,765108224,241098752,953036800,1073737728,842278,45359,6,4458946,49906,0,962405,3381,862493184,46447616,2543657,2729292,7,2,0,0,0,57986,127018
1778299033163,2557759488,53288960,765116416,241102848,953151488,1073737728,842278,45411,6,4460894,49906,0,962405,3381,862493184,46500864,2544595,2743012,7,2,0,0,0,57986,127019
1778299033456,2557759488,53288960,765116416,241102848,953151488,1073737728,842278,45411,6,4462771,49906,0,962405,3381,862493184,46500864,2545283,2743700,7,2,0,0,0,57986,127019
1778299033749,2557759488,53288960,765116416,241102848,953151488,1073737728,842278,45411,6,4464654,49906,0,962405,3381,862493184,46500864,2545283,2759508,7,2,0,0,0,57986,127019
1778299034042,2557501440,53297152,765124608,241102848,953176064,1073737728,842278,45455,6,4467036,49906,0,963215,3381,862493184,46545920,2545325,2759508,7,2,0,0,0,57986,127021
1778299034334,2557501440,53297152,765124608,241102848,953176064,1073737728,842278,45455,6,4468912,49906,0,963215,3381,862493184,46545920,2545325,2759508,7,2,0,0,0,57986,127021
1778299034628,2557665280,53297152,765124608,241102848,953176064,1073737728,842278,45455,6,4470814,49906,0,963215,3381,862493184,46545920,2546013,2763836,7,2,0,0,0,57986,127021
1778299034917,2557149184,53297152,765124608,241111040,953286656,1073737728,842278,45455,6,4473215,49906,0,964023,3381,862493184,46545920,2546055,2763836,7,2,0,0,0,57988,127021
1778299035210,2557247488,53297152,765128704,241111040,953188352,1073737728,842278,45455,6,4475131,49906,0,964023,3381,862493184,46545920,2546055,2781724,7,2,0,0,0,57988,127022
1778299035502,2557247488,53297152,765128704,241111040,953188352,1073737728,842278,45455,6,4477007,49906,0,964023,3381,862493184,46545920,2546743,2782412,7,2,0,0,0,57988,127022
1778299035794,2557247488,53297152,765128704,241111040,953188352,1073737728,842278,45455,6,4478883,49906,0,964023,3381,862493184,46545920,2546743,2782412,7,2,0,0,0,57988,127022
1778299036088,2557247488,53297152,765132800,241111040,953180160,1073737728,842278,45455,6,4481261,49906,0,964829,3381,862493184,46545920,2553009,2788356,7,2,0,0,0,57988,127025
1778299036380,2557247488,53297152,765136896,241111040,953180160,1073737728,842278,45455,6,4483139,49906,0,964829,3381,862493184,46545920,2553989,2796668,7,2,0,0,0,57988,127025
1778299036672,2557247488,53297152,765145088,241111040,953180160,1073737728,842278,45455,6,4485016,49906,0,964829,3381,862493184,46545920,2554677,2797356,7,2,0,0,0,57988,127025
1778299036965,2557247488,53297152,765145088,241111040,953200640,1073737728,842278,45455,6,4487370,49906,0,965635,3381,862493184,46545920,2554677,2797356,7,2,0,0,0,57988,127028
1778299037258,2557247488,53297152,765145088,241111040,953171968,1073737728,842278,45455,6,4489292,49906,0,965635,3381,862493184,46545920,2554719,2808380,7,2,0,0,0,57988,127028
1778299037550,2557247488,53297152,765145088,241111040,953171968,1073737728,842278,45455,6,4491169,49906,0,965635,3381,862493184,46545920,2555407,2809068,7,2,0,0,0,57988,127028
1778299037843,2557247488,53297152,765145088,241111040,953171968,1073737728,842278,45455,6,4493045,49906,0,965635,3381,862493184,46545920,2555407,2809068,7,2,0,0,0,57988,127028
1778299038134,2557247488,53297152,765145088,241111040,953171968,1073737728,842278,45455,6,4495455,49906,0,966444,3381,862493184,46545920,2555407,2809068,7,2,0,0,0,57988,127028
1778299038427,2557247488,53297152,765149184,241111040,953171968,1073737728,842278,45491,6,4497333,49906,0,966444,3381,862493184,46582784,2556137,2809756,7,2,0,0,0,57988,127028
1778299038718,2557247488,53297152,765149184,241111040,953171968,1073737728,842278,45491,6,4499217,49906,0,966444,3381,862493184,46582784,2556137,2812876,7,2,0,0,0,57988,127028
1778299039010,2556473344,53297152,765153280,241111040,953237504,1073737728,842278,45491,6,4501496,49906,0,967251,3381,862493184,46623744,2557075,2813492,7,2,0,0,0,57988,127029
1778299039304,2556473344,53305344,765153280,241111040,953303040,1073737728,842278,45559,6,4503492,49906,0,967251,3381,862493184,46652416,2562621,2819236,7,2,0,0,0,57988,127029
1778299039596,2556473344,53305344,765153280,241111040,953303040,1073737728,842278,45559,6,4505368,49906,0,967251,3381,862493184,46652416,2563351,2819924,7,2,0,0,0,57988,127029
1778299039889,2556473344,53305344,765161472,241111040,953303040,1073737728,842278,45559,6,4507262,49906,0,967251,3381,862493184,46652416,2563351,2837292,7,2,0,0,0,57988,127029
1778299040182,2555699200,53305344,765161472,241111040,953155584,1073737728,842278,45559,6,4509656,49906,0,968055,3381,862493184,46652416,2563351,2837292,7,2,0,0,0,57988,127030
1778299040474,2555699200,53305344,765161472,241111040,953155584,1073737728,842278,45559,6,4511532,49906,0,968055,3381,862493184,46652416,2564081,2837980,7,2,0,0,0,57988,127030
1778299040768,2555699200,53305344,765161472,241111040,953155584,1073737728,842278,45559,6,4513514,49906,0,968055,3381,862493184,46652416,2564081,2850356,7,2,0,0,0,57988,127030
1778299041060,2554925056,53305344,765165568,241119232,953049088,1073737728,842278,45559,6,4515766,49906,0,968800,3381,862493184,46652416,2564081,2850356,7,2,0,0,0,57990,127030
1778299041347,2554925056,53305344,765165568,241119232,953171968,1073737728,842278,45559,6,4517790,49906,0,968857,3381,862493184,46652416,2564081,2851916,7,2,0,0,0,57990,127030
1778299041639,2554925056,53305344,765165568,241119232,953171968,1073737728,842278,45559,6,4519666,49906,0,968857,3381,862493184,46652416,2564811,2852604,7,2,0,0,0,57990,127030
1778299041931,2554925056,53305344,765165568,241119232,953171968,1073737728,842278,45559,6,4521545,49906,0,968857,3381,862493184,46652416,2565749,2856548,7,2,0,0,0,57990,127030
1778299042224,2554150912,53305344,765165568,241119232,953126912,1073737728,842278,45559,6,4523932,49906,0,969659,3381,862493184,46652416,2566687,2857164,7,2,0,0,0,57990,127030
1778299042514,2554150912,53305344,765165568,241119232,953126912,1073737728,842278,45559,6,4525808,49906,0,969659,3381,862493184,46652416,2572757,2870244,7,2,0,0,0,57990,127030
1778299042807,2554150912,53305344,765173760,241119232,953126912,1073737728,842278,45559,6,4527685,49906,0,969659,3381,862493184,46652416,2572757,2870244,7,2,0,0,0,57990,127030
1778299043099,2553892864,53305344,765186048,241119232,953188352,1073737728,842278,45559,6,4529613,49906,0,969768,3381,862493184,46652416,2572757,2870244,7,2,0,0,0,57990,127030
1778299043390,2553376768,53305344,765186048,241119232,953155584,1073737728,842278,45559,6,4531945,49906,0,970470,3381,862493184,46652416,2572799,2870244,7,2,0,0,0,57990,127030
1778299043682,2553376768,53305344,765186048,241119232,953155584,1073737728,842278,45559,6,4533825,49906,0,970470,3381,862493184,46652416,2573487,2870932,7,2,0,0,0,57990,127030
1778299043975,2553376768,53305344,765186048,241119232,953253888,1073737728,842278,45595,6,4535704,49906,0,970470,3381,862493184,46689280,2573487,2880708,7,2,0,0,0,57990,127032
1778299044267,2552602624,53313536,765177856,241115136,953159680,1073737728,842278,45635,6,4538119,49906,0,971279,3381,862493184,46730240,2573487,2880708,7,2,0,0,0,57990,127032
1778299044560,2552602624,53313536,765177856,241115136,953159680,1073737728,842278,45635,6,4539996,49906,0,971279,3381,862493184,46730240,2574217,2881396,7,2,0,0,0,57990,127032
1778299044854,2552602624,53313536,765177856,241115136,953159680,1073737728,842278,45635,6,4541874,49906,0,971279,3381,862493184,46730240,2574217,2881500,7,2,0,0,0,57990,127032
1778299045146,2552602624,53313536,765190144,241119232,953221120,1073737728,842278,45635,6,4543750,49906,0,971279,3381,862493184,46730240,2575155,2882116,7,2,0,0,0,57990,127036
1778299045440,2552086528,53313536,765190144,241127424,953331712,1073737728,842278,45635,6,4546151,49906,0,972085,3381,862493184,46730240,2576135,2898852,7,2,0,0,0,57992,127037
1778299045732,2552086528,53313536,765190144,241127424,953331712,1073737728,842278,45635,6,4548027,49906,0,972085,3381,862493184,46730240,2576135,2898852,7,2,0,0,0,57992,127037
1778299046025,2552086528,53313536,765198336,241127424,953249792,1073737728,842278,45635,6,4549941,49906,0,972085,3381,862493184,46730240,2576135,2908732,7,2,0,0,0,57992,127037
1778299046317,2551570432,53313536,765198336,241127424,953098240,1073737728,842278,45635,6,4552334,49906,0,972893,3381,862493184,46730240,2576135,2908732,7,2,0,0,0,57992,127037
1778299046609,2551570432,53313536,765198336,241127424,953098240,1073737728,842278,45635,6,4554213,49906,0,972893,3381,862493184,46730240,2579927,2919908,7,2,0,0,0,57992,127037
1778299046901,2551570432,53313536,765202432,241127424,953098240,1073737728,842278,45635,6,4556089,49906,0,972893,3381,862493184,46730240,2579927,2924068,7,2,0,0,0,57992,127037
1778299047194,2551570432,53313536,765210624,241127424,953221120,1073737728,842278,45635,6,4557965,49906,0,972893,3381,862493184,46730240,2579927,2924068,7,2,0,0,0,57992,127037
1778299047488,2551312384,53313536,765210624,241127424,953180160,1073737728,842278,45635,6,4560348,49906,0,973696,3381,862493184,46730240,2579969,2925212,7,2,0,0,0,57992,127039
1778299047781,2551312384,53313536,765210624,241127424,953180160,1073737728,842278,45635,6,4562224,49906,0,973696,3381,862493184,46730240,2579969,2925212,7,2,0,0,0,57992,127039
1778299048074,2551312384,53313536,765210624,241127424,953241600,1073737728,842278,45635,6,4564102,49906,0,973696,3381,862493184,46730240,2580949,2929676,7,2,0,0,0,57992,127039
1778299048366,2551312384,53313536,765210624,241127424,953204736,1073737728,842278,45635,6,4566504,49906,0,974505,3381,862493184,46730240,2581887,2930292,7,2,0,0,0,57992,127042
1778299048659,2551312384,53313536,765210624,241127424,953204736,1073737728,842278,45635,6,4568384,49906,0,974505,3381,862493184,46730240,2581929,2937780,7,2,0,0,0,57992,127042
1778299048951,2551312384,53313536,765210624,241127424,953204736,1073737728,842278,45675,6,4570261,49906,0,974505,3381,862493184,46771200,2581971,2937780,7,2,0,0,0,57992,127042
1778299049244,2551312384,53313536,765214720,241127424,953274368,1073737728,842278,45675,6,4572138,49906,0,974505,3381,862493184,46771200,2581971,2937780,7,2,0,0,0,57992,127044
1778299049537,2551312384,53321728,765214720,241127424,953286656,1073737728,842278,45751,6,4574543,49906,0,975311,3381,862493184,46849024,2582013,2937884,7,2,0,0,0,57992,127044
1778299049831,2551312384,53321728,765214720,241127424,953286656,1073737728,842278,45751,6,4576420,49906,0,975311,3381,862493184,46849024,2582013,2937884,7,2,0,0,0,57992,127044
1778299050120,2551312384,53321728,765214720,241127424,953286656,1073737728,842278,45751,6,4578311,49906,0,975311,3381,862493184,46849024,2582055,2953692,7,2,0,0,0,57992,127044
1778299050410,2551312384,53321728,765214720,241127424,953135104,1073737728,842278,45751,6,4580708,49906,0,976121,3381,862493184,46849024,2582055,2953692,7,2,0,0,0,57992,127044
1778299050703,2551312384,53321728,765214720,241127424,953135104,1073737728,842278,45751,6,4582585,49906,0,976121,3381,862493184,46849024,2582055,2953692,7,2,0,0,0,57992,127044
1778299050996,2551312384,53321728,765218816,241135616,953257984,1073737728,842278,45751,6,4584461,49906,0,976121,3381,862493184,46849024,2584001,2955316,7,2,0,0,0,57994,127044
1778299051288,2551312384,53321728,765218816,241135616,953257984,1073737728,842278,45751,6,4586337,49906,0,976121,3381,862493184,46849024,2584939,2955932,7,2,0,0,0,57994,127044
1778299051582,2551312384,53321728,765222912,241131520,953303040,1073737728,842278,45751,6,4588752,49906,0,976925,3381,862493184,46849024,2584939,2969348,7,2,0,0,0,57994,127046
1778299051875,2551312384,53321728,765222912,241131520,953303040,1073737728,842278,45751,6,4590630,49906,0,976925,3381,862493184,46849024,2584939,2969348,7,2,0,0,0,57994,127046
1778299052167,2551312384,53321728,765222912,241135616,953298944,1073737728,842278,45751,6,4592508,49906,0,976925,3381,862493184,46849024,2584939,2973300,7,2,0,0,0,57994,127046
1778299052459,2551312384,53321728,765222912,241135616,953204736,1073737728,842278,45751,6,4594917,49906,0,977729,3381,862493184,46849024,2584939,2973300,7,2,0,0,0,57994,127046
1778299052752,2551312384,53321728,765222912,241135616,953204736,1073737728,842278,45751,6,4596804,49906,0,977729,3381,862493184,46849024,2584939,2982868,7,2,0,0,0,57994,127046
1778299053044,2551312384,53321728,765222912,241135616,953270272,1073737728,842278,45751,6,4598680,49906,0,977729,3381,862493184,46849024,2584939,2982868,7,2,0,0,0,57994,127046
1778299053336,2551312384,53321728,765222912,241135616,953270272,1073737728,842278,45751,6,4600556,49906,0,977729,3381,862493184,46849024,2584939,2982868,7,2,0,0,0,57994,127046
1778299053630,2551312384,53321728,765222912,241135616,953393152,1073737728,842278,45751,6,4602953,49906,0,978538,3381,862493184,46849024,2584939,2987652,7,2,0,0,0,57994,127046
1778299053920,2551312384,53321728,765222912,241135616,953393152,1073737728,842278,45751,6,4604827,49906,0,978538,3381,862493184,46849024,2585877,2988268,7,2,0,0,0,57994,127046
1778299054212,2551312384,53321728,765227008,241135616,953298944,1073737728,842278,45771,6,4606705,49906,0,978538,3381,862493184,46869504,2586815,2997100,7,2,0,0,0,57994,127047
1778299054502,2551312384,53329920,765222912,241139712,953262080,1073737728,842278,45811,6,4609095,49906,0,979344,3381,862493184,46910464,2586815,2997204,7,2,0,0,0,57995,127047
1778299054794,2551312384,53329920,765222912,241139712,953262080,1073737728,842278,45811,6,4610975,49906,0,979344,3381,862493184,46910464,2586815,2997204,7,2,0,0,0,57995,127047
1778299055087,2551312384,53329920,765227008,241143808,953270272,1073737728,842278,45811,6,4612852,49906,0,979344,3381,862493184,46910464,2586815,2997308,7,2,0,0,0,57996,127047
1778299055380,2551312384,53329920,765227008,241143808,953270272,1073737728,842278,45811,6,4614728,49906,0,979344,3381,862493184,46910464,2586815,2997308,7,2,0,0,0,57996,127047
1778299055673,2551312384,53329920,765227008,241143808,953180160,1073737728,842278,45811,6,4617125,49906,0,980146,3381,862493184,46910464,2586815,3010412,7,2,0,0,0,57996,127047
1778299055966,2551312384,53329920,765231104,241143808,953253888,1073737728,842278,45811,6,4619001,49906,0,980146,3381,862493184,46910464,2586815,3010412,7,2,0,0,0,57996,127047
1778299056258,2551312384,53329920,765231104,241143808,953253888,1073737728,842278,45811,6,4620893,49906,0,980146,3381,862493184,46910464,2588733,3011952,7,2,0,0,0,57996,127047
1778299056550,2551312384,53329920,765231104,241143808,953253888,1073737728,842278,45811,6,4623017,49906,0,980555,3381,862493184,46910464,2588733,3011952,7,2,0,0,0,57996,127047
1778299056843,2551312384,53329920,765231104,241143808,953184256,1073737728,842278,45811,6,4624893,49906,0,980555,3381,862493184,46910464,2588733,3011952,7,2,0,0,0,57996,127048
1778299057135,2551312384,53329920,765231104,241143808,953282560,1073737728,842278,45811,6,4626769,49906,0,980555,3381,862493184,46910464,2589671,3012568,7,2,0,0,0,57996,127048
1778299057428,2551312384,53329920,765235200,241143808,953282560,1073737728,842278,45811,6,4628645,49906,0,980555,3381,862493184,46910464,2591339,3013872,7,2,0,0,0,57996,127048
1778299057719,2551312384,53329920,765235200,241143808,953282560,1073737728,842278,45811,6,4630521,49906,0,980555,3381,862493184,46910464,2591339,3013872,7,2,0,0,0,57996,127048
1778299058011,2551312384,53329920,765235200,241143808,953282560,1073737728,842278,45811,6,4632397,49906,0,980555,3381,862493184,46910464,2591339,3013872,7,2,0,0,0,57996,127048
1778299058303,2551312384,53329920,765239296,241143808,953282560,1073737728,842278,45811,6,4634273,49906,0,980555,3381,862493184,46910464,2593945,3016716,7,2,0,0,0,57996,127048
1778299058596,2551312384,53329920,765239296,241143808,953282560,1073737728,842278,45811,6,4636149,49906,0,980555,3381,862493184,46910464,2593945,3016716,7,2,0,0,0,57996,127048
1778299058888,2551312384,53329920,765239296,241143808,953282560,1073737728,842278,45811,6,4638025,49906,0,980555,3381,862493184,46910464,2593945,3017332,7,2,0,0,0,57996,127048
1778299059180,2551312384,53329920,765243392,241143808,953282560,1073737728,842278,45811,6,4639901,49906,0,980555,3381,862493184,46910464,2594633,3018020,7,2,0,0,0,57996,127048
1778299059475,2551312384,53329920,765243392,241143808,953282560,1073737728,842278,45811,6,4641779,49906,0,980555,3381,862493184,46910464,2602121,3025508,7,2,0,0,0,57996,127048
1778299059766,2551312384,53338112,765251584,241143808,953282560,1073737728,842278,45855,6,4643657,49906,0,980555,3381,862493184,46955520,2602121,3025564,7,2,0,0,0,57996,127048
1778299060059,2551312384,53338112,765259776,241143808,953323520,1073737728,842278,45855,6,4645532,49906,0,980555,3381,862493184,46955520,2603703,3026180,7,2,0,0,0,57996,127049
1778299060351,2551312384,53338112,765259776,241143808,953323520,1073737728,842278,45855,6,4647410,49906,0,980555,3381,862493184,46955520,2611553,3034724,7,2,0,0,0,57996,127049
1778299060643,2551312384,53338112,765263872,241143808,953323520,1073737728,842278,45855,6,4649286,49906,0,980555,3381,862493184,46955520,2611659,3034724,7,2,0,0,0,57996,127049
1778299060935,2551312384,53338112,765263872,241143808,953323520,1073737728,842278,45855,6,4651163,49906,0,980555,3381,862493184,46955520,2612209,3035152,7,2,0,0,0,57996,127049
1778299061228,2551312384,53338112,765267968,241143808,953323520,1073737728,842278,45855,6,4653039,49906,0,980555,3381,862493184,46955520,2613649,3035840,7,2,0,0,0,57996,127049
1778299061520,2551312384,53338112,765267968,241143808,953323520,1073737728,842278,45855,6,4654914,49906,0,980555,3381,862493184,46955520,2613649,3035840,7,2,0,0,0,57996,127049
1778299061813,2551312384,53338112,765267968,241143808,953323520,1073737728,842278,45855,6,4656790,49906,0,980555,3381,862493184,46955520,2614749,3036740,7,2,0,0,0,57996,127049
1778299062105,2551312384,53338112,765267968,241143808,953323520,1073737728,842278,45855,6,4658667,49906,0,980555,3381,862493184,46955520,2614749,3036740,7,2,0,0,0,57996,127049
1778299062399,2551312384,53338112,765267968,241143808,953323520,1073737728,842278,45855,6,4660561,49906,0,980555,3381,862493184,46955520,2616279,3037428,7,2,0,0,0,57996,127049
1778299062692,2551312384,53338112,765267968,241143808,953323520,1073737728,842278,45855,6,4662439,49906,0,980555,3381,862493184,46955520,2616385,3037428,7,2,0,0,0,57996,127049
1778299062984,2551312384,53338112,765272064,241143808,953323520,1073737728,842278,45855,6,4664316,49906,0,980555,3381,862493184,46955520,2650825,3042224,7,2,0,0,0,57996,127049
1778299063276,2551312384,53338112,765272064,241143808,953323520,1073737728,842278,45855,6,4666194,49906,0,980555,3381,862493184,46955520,2653847,3043528,7,2,0,0,0,57996,127049
1778299063568,2551312384,53338112,765272064,241143808,953323520,1073737728,842278,45855,6,4668072,49906,0,980555,3381,862493184,46955520,2669437,3070852,7,2,0,0,0,57996,127049
1778299063861,2551312384,53338112,765272064,241143808,953323520,1073737728,842278,45855,6,4669951,49906,0,980555,3381,862493184,46955520,2671133,3070852,7,2,0,0,0,57996,127049
1778299064154,2551312384,53338112,765280256,241152000,953376768,1073737728,842278,45855,6,4671828,49906,0,980555,3381,862493184,46955520,2671981,3070852,7,2,0,0,0,57998,127056
1778299064446,2551312384,53338112,765280256,241152000,953376768,1073737728,842278,45855,6,4673706,49906,0,980555,3381,862493184,46955520,2673531,3071620,7,2,0,0,0,57998,127056
1778299064739,2551312384,53346304,765280256,241152000,953376768,1073737728,842278,45871,6,4675585,49906,0,980555,3381,862493184,46971904,2674379,3071620,7,2,0,0,0,57998,127056
1778299065032,2551312384,53346304,765284352,241152000,953376768,1073737728,842278,45871,6,4677465,49906,0,980555,3381,862493184,46971904,2726495,3118940,7,2,0,0,0,57998,127056
1778299065323,2551312384,53346304,765288448,241152000,953376768,1073737728,842278,45871,6,4679341,49906,0,980555,3381,862493184,46971904,2728041,3119628,7,2,0,0,0,57998,127056
1778299065615,2551312384,53346304,765296640,241152000,953376768,1073737728,842278,45871,6,4681218,49906,0,980555,3381,862493184,46971904,2728041,3119628,7,2,0,0,0,57998,127056
1778299065905,2551312384,53346304,765296640,241152000,953376768,1073737728,842278,45871,6,4683094,49906,0,980555,3381,862493184,46971904,2730577,3120244,7,2,0,0,0,57998,127056
1778299066198,2551312384,53346304,765296640,241152000,953376768,1073737728,842278,45871,6,4684971,49906,0,980555,3381,862493184,46971904,2733599,3121548,7,2,0,0,0,57998,127056
1778299066491,2551312384,53346304,765296640,241152000,953376768,1073737728,842278,45871,6,4686847,49906,0,980555,3381,862493184,46971904,2765911,3150816,7,2,0,0,0,57998,127056
1778299066783,2551312384,53346304,765296640,241152000,953376768,1073737728,842278,45871,6,4688724,49906,0,980555,3381,862493184,46971904,2766193,3150816,7,2,0,0,0,57998,127056
1778299067075,2551312384,53346304,765304832,241152000,953376768,1073737728,842278,45871,6,4690602,49906,0,980555,3381,862493184,46971904,2774553,3153688,7,2,0,0,0,57998,127056
1778299067367,2551312384,53346304,765304832,241152000,953376768,1073737728,842278,45871,6,4692479,49906,0,980555,3381,862493184,46971904,2775675,3154204,7,2,0,0,0,57998,127056
1778299067661,2551312384,53346304,765304832,241152000,953376768,1073737728,842278,45871,6,4694353,49906,0,980555,3381,862493184,46971904,2785137,3189092,7,2,0,0,0,57998,127056
1778299067953,2551312384,53346304,765308928,241152000,953376768,1073737728,842278,45871,6,4696228,49906,0,980555,3381,862493184,46971904,2785137,3189092,7,2,0,0,0,57998,127056
1778299068245,2551312384,53346304,765308928,241152000,953376768,1073737728,842278,45871,6,4698120,49906,0,980555,3381,862493184,46971904,2785137,3189092,7,2,0,0,0,57998,127056
1778299068537,2551312384,53346304,765308928,241152000,953376768,1073737728,842278,45871,6,4699996,49906,0,980555,3381,862493184,46971904,2785179,3189092,7,2,0,0,0,57998,127056
1778299068830,2551312384,53346304,765308928,241152000,953376768,1073737728,842278,45871,6,4701872,49906,0,980555,3381,862493184,46971904,2785179,3189092,7,2,0,0,0,57998,127056
1778299069124,2551312384,53346304,765313024,241152000,953376768,1073737728,842278,45871,6,4703746,49906,0,980555,3381,862493184,46971904,2788041,3201136,7,2,0,0,0,57998,127056
1778299069415,2551312384,53346304,765313024,241152000,953376768,1073737728,842278,45871,6,4705622,49906,0,980555,3381,862493184,46971904,2789665,3201752,7,2,0,0,0,57998,127056
1778299069708,2551312384,53354496,765304832,241152000,953376768,1073737728,842278,45891,6,4707499,49906,0,980555,3381,862493184,46992384,2790619,3205112,7,2,0,0,0,57998,127056
1778299070000,2551312384,53354496,765313024,241152000,953376768,1073737728,842278,45891,6,4709375,49906,0,980555,3381,862493184,46992384,2790619,3205112,7,2,0,0,0,57998,127056
1778299070292,2551312384,53354496,765313024,241152000,953376768,1073737728,842278,45891,6,4711251,49906,0,980555,3381,862493184,46992384,2791047,3207720,7,2,0,0,0,57998,127056
1778299070584,2551312384,53354496,765313024,241152000,953376768,1073737728,842278,45891,6,4713127,49906,0,980555,3381,862493184,46992384,2791047,3207720,7,2,0,0,0,57998,127056
1778299070876,2551312384,53354496,765313024,241152000,953376768,1073737728,842278,45891,6,4715003,49906,0,980555,3381,862493184,46992384,2791047,3207720,7,2,0,0,0,57998,127056
1778299071169,2551312384,53354496,765317120,241152000,953376768,1073737728,842278,45891,6,4716882,49906,0,980555,3381,862493184,46992384,2791153,3211496,7,2,0,0,0,57998,127056
1778299071462,2551312384,53354496,765317120,241152000,953376768,1073737728,842278,45891,6,4718759,49906,0,980555,3381,862493184,46992384,2791153,3211496,7,2,0,0,0,57998,127056
1778299071754,2551312384,53354496,765317120,241152000,953376768,1073737728,842278,45891,6,4720635,49906,0,980555,3381,862493184,46992384,2791471,3213204,7,2,0,0,0,57998,127056
1778299072047,2551312384,53354496,765317120,241152000,953376768,1073737728,842278,45891,6,4722512,49906,0,980555,3381,862493184,46992384,2793053,3213820,7,2,0,0,0,57998,127056
1778299072340,2551312384,53354496,765317120,241152000,953376768,1073737728,842278,45891,6,4724389,49906,0,980555,3381,862493184,46992384,2794635,3216732,7,2,0,0,0,57998,127056
1778299072632,2551312384,53354496,765317120,241152000,953376768,1073737728,842278,45891,6,4726266,49906,0,980555,3381,862493184,46992384,2794635,3216732,7,2,0,0,0,57998,127056
1778299072922,2551312384,53354496,765317120,241152000,953376768,1073737728,842278,45891,6,4728140,49906,0,980555,3381,862493184,46992384,2794635,3216732,7,2,0,0,0,57998,127056
1778299073213,2551312384,53354496,765333504,241152000,953376768,1073737728,842278,45891,6,4730016,49906,0,980555,3381,862493184,46992384,2794635,3216732,7,2,0,0,0,57998,127056
1778299073506,2551312384,53354496,765333504,241152000,953376768,1073737728,842278,45891,6,4731892,49906,0,980555,3381,862493184,46992384,2794635,3217276,7,2,0,0,0,57998,127056
1778299073799,2551312384,53354496,765337600,241152000,953376768,1073737728,842278,45891,6,4733769,49906,0,980555,3381,862493184,46992384,2794635,3217276,7,2,0,0,0,57998,127056
1778299074091,2551312384,53354496,765337600,241152000,953376768,1073737728,842278,45891,6,4735645,49906,0,980555,3381,862493184,46992384,2794635,3217276,7,2,0,0,0,57998,127056
1778299074386,2551312384,53354496,765337600,241152000,953376768,1073737728,842278,45891,6,4737537,49906,0,980555,3381,862493184,46992384,2794953,3218152,7,2,0,0,0,57998,127056
1778299074679,2551312384,53362688,765329408,241152000,953376768,1073737728,842278,45911,6,4739414,49906,0,980555,3381,862493184,47012864,2794953,3218152,7,2,0,0,0,57998,127056
1778299074971,2551312384,53362688,765341696,241152000,953376768,1073737728,842278,45911,6,4741291,49906,0,980555,3381,862493184,47012864,2796535,3219738,7,2,0,0,0,57998,127056
1778299075263,2551312384,53362688,765341696,241152000,953376768,1073737728,842278,45911,6,4743167,49906,0,980555,3381,862493184,47012864,2798117,3220354,7,2,0,0,0,57998,127056
1778299075555,2551312384,53362688,765341696,241152000,953376768,1073737728,842278,45911,6,4745043,49906,0,980555,3381,862493184,47012864,2798117,3221822,7,2,0,0,0,57998,127056
1778299075848,2551312384,53362688,765341696,241152000,953376768,1073737728,842278,45911,6,4746919,49906,0,980555,3381,862493184,47012864,2798117,3221822,7,2,0,0,0,57998,127056
1778299076140,2551312384,53362688,765341696,241152000,953376768,1073737728,842278,45911,6,4748795,49906,0,980555,3381,862493184,47012864,2798117,3222366,7,2,0,0,0,57998,127056
1778299076432,2551312384,53362688,765341696,241152000,953376768,1073737728,842278,45911,6,4750671,49906,0,980555,3381,862493184,47012864,2798117,3222366,7,2,0,0,0,57998,127056
1778299076722,2551312384,53362688,765341696,241152000,953376768,1073737728,842278,45911,6,4752545,49906,0,980555,3381,862493184,47012864,2798117,3222366,7,2,0,0,0,57998,127056
1778299077014,2551312384,53362688,765341696,241152000,953376768,1073737728,842278,45911,6,4754421,49906,0,980555,3381,862493184,47012864,2798117,3222366,7,2,0,0,0,57998,127056
1778299077306,2551312384,53362688,765345792,241152000,953376768,1073737728,842278,45911,6,4756297,49906,0,980555,3381,862493184,47012864,2798159,3222366,7,2,0,0,0,57998,127056
1778299077598,2551312384,53362688,765345792,241152000,953376768,1073737728,842278,45911,6,4758172,49906,0,980555,3381,862493184,47012864,2798477,3224074,7,2,0,0,0,57998,127056
1778299077890,2551312384,53362688,765345792,241152000,953376768,1073737728,842278,45911,6,4760048,49906,0,980555,3381,862493184,47012864,2800059,3224690,7,2,0,0,0,57998,127056
1778299078182,2551312384,53362688,765345792,241152000,953376768,1073737728,842278,45911,6,4761924,49906,0,980555,3381,862493184,47012864,2801683,3226774,7,2,0,0,0,57998,127056
1778299078475,2551312384,53362688,765345792,241152000,953376768,1073737728,842278,45911,6,4763800,49906,0,980555,3381,862493184,47012864,2801683,3226774,7,2,0,0,0,57998,127056
1778299078767,2551312384,53362688,765345792,241152000,953376768,1073737728,842278,45911,6,4765676,49906,0,980555,3381,862493184,47012864,2801683,3226774,7,2,0,0,0,57998,127056
1778299079059,2551312384,53362688,765349888,241152000,953376768,1073737728,842278,45911,6,4767552,49906,0,980555,3381,862493184,47012864,2801683,3226774,7,2,0,0,0,57998,127056
1778299079352,2551312384,53362688,765349888,241152000,953376768,1073737728,842278,45911,6,4769429,49906,0,980555,3381,862493184,47012864,2801725,3226774,7,2,0,0,0,57998,127056
1778299079645,2551054336,53370880,765341696,241152000,953376768,1073737728,842278,45935,6,4771307,49906,0,980555,3381,862493184,47037440,2801725,3227318,7,2,0,0,0,57998,127056
1778299079938,2551054336,53370880,765353984,241176576,953380864,1073737728,842278,45935,6,4773183,49906,0,980555,3381,862493184,47037440,2801725,3227318,7,2,0,0,0,57998,127056
1778299080231,2551054336,53370880,765358080,241176576,953380864,1073737728,842278,45935,6,4775077,49906,0,980555,3381,862493184,47037440,2802301,3228126,7,2,0,0,0,58004,127057
1778299080521,2551054336,53370880,765358080,241176576,953380864,1073737728,842278,45935,6,4776952,49906,0,980555,3381,862493184,47037440,2802301,3228126,7,2,0,0,0,58004,127057
1778299080813,2551054336,53370880,765362176,241176576,953380864,1073737728,842278,45935,6,4778829,49906,0,980555,3381,862493184,47037440,2802619,3229630,7,2,0,0,0,58004,127057
1778299081106,2551054336,53370880,765362176,241176576,953380864,1073737728,842278,45935,6,4780706,49906,0,980555,3381,862493184,47037440,2804201,3230246,7,2,0,0,0,58004,127057
1778299081399,2551054336,53370880,765362176,241176576,953380864,1073737728,842278,45935,6,4782582,49906,0,980555,3381,862493184,47037440,2805783,3232330,7,2,0,0,0,58004,127057
1778299081692,2551054336,53370880,765362176,241176576,953380864,1073737728,842278,45935,6,4784459,49906,0,980555,3381,862493184,47037440,2805783,3232330,7,2,0,0,0,58004,127057
1778299081984,2551054336,53370880,765362176,241176576,953380864,1073737728,842278,45935,6,4786339,49906,0,980555,3381,862493184,47037440,2806101,3233714,7,2,0,0,0,58004,127057
1778299082276,2551054336,53370880,765362176,241176576,953380864,1073737728,842278,45935,6,4788215,49906,0,980555,3381,862493184,47037440,2806101,3234638,7,2,0,0,0,58004,127057
1778299082568,2551054336,53370880,765362176,241176576,953380864,1073737728,842278,45935,6,4790091,49906,0,980555,3381,862493184,47037440,2806101,3234638,7,2,0,0,0,58004,127057
1778299082861,2551054336,53370880,765362176,241176576,953380864,1073737728,842278,45935,6,4791967,49906,0,980555,3381,862493184,47037440,2806101,3236106,7,2,0,0,0,58004,127057
1778299083154,2551054336,53370880,765366272,241176576,953380864,1073737728,842278,45935,6,4793844,49906,0,980555,3381,862493184,47037440,2806101,3236106,7,2,0,0,0,58004,127057
1778299083447,2551054336,53370880,765366272,241176576,953380864,1073737728,842278,45935,6,4795720,49906,0,980555,3381,862493184,47037440,2806101,3236106,7,2,0,0,0,58004,127057
1778299083739,2551054336,53370880,765366272,241176576,953380864,1073737728,842278,45935,6,4797596,49906,0,980555,3381,862493184,47037440,2806101,3236650,7,2,0,0,0,58004,127057
1778299084030,2551054336,53370880,765370368,241176576,953442304,1073737728,842278,45935,6,4799471,49906,0,980555,3381,862493184,47037440,2807683,3237266,7,2,0,0,0,58004,127072
1778299084321,2551054336,53370880,765370368,241176576,953442304,1073737728,842278,45935,6,4801346,49906,0,980555,3381,862493184,47037440,2809265,3237882,7,2,0,0,0,58004,127072
1778299084613,2551054336,53370880,765370368,241176576,953442304,1073737728,842278,45935,6,4803222,49906,0,980555,3381,862493184,47053824,2809265,3237882,7,2,0,0,0,58004,127072
1778299084906,2551054336,53379072,765362176,241176576,953442304,1073737728,842278,45951,6,4805098,49906,0,980555,3381,862493184,47053824,2809583,3238666,7,2,0,0,0,58004,127072
1778299085197,2551054336,53379072,765370368,241176576,953442304,1073737728,842278,46075,6,4806974,49906,0,980555,3381,862493184,47180800,2809583,3239590,7,2,0,0,0,58004,127072
1778299085490,2551054336,53379072,765370368,241176576,953442304,1073737728,842278,46075,6,4808850,49906,0,980555,3381,862493184,47180800,2809583,3239590,7,2,0,0,0,58004,127072
1778299085783,2551054336,53379072,765370368,241176576,953442304,1073737728,842278,46075,6,4810727,49906,0,980555,3381,862493184,47180800,2809583,3241058,7,2,0,0,0,58004,127072
1778299086076,2551054336,53379072,765382656,241176576,953442304,1073737728,842278,46075,6,4812603,49906,0,980555,3381,862493184,47180800,2809583,3241058,7,2,0,0,0,58004,127072
1778299086368,2551054336,53379072,765382656,241176576,953442304,1073737728,842278,46075,6,4814495,49906,0,980555,3381,862493184,47180800,2809583,3241058,7,2,0,0,0,58004,127072
1778299086660,2551054336,53379072,765382656,241176576,953442304,1073737728,842278,46075,6,4816371,49906,0,980555,3381,862493184,47180800,2809583,3241058,7,2,0,0,0,58004,127072
1778299086954,2551054336,53379072,765382656,241176576,953442304,1073737728,842278,46075,6,4818248,49906,0,980555,3381,862493184,47180800,2811165,3242218,7,2,0,0,0,58004,127072
1778299087246,2551054336,53379072,765382656,241176576,953442304,1073737728,842278,46075,6,4820124,49906,0,980555,3381,862493184,47180800,2812747,3242834,7,2,0,0,0,58004,127072
1778299087539,2551054336,53379072,765386752,241176576,953442304,1073737728,842278,46075,6,4822000,49906,0,980555,3381,862493184,47180800,2812747,3242834,7,2,0,0,0,58004,127072
1778299087831,2551054336,53379072,765386752,241176576,953442304,1073737728,842278,46075,6,4823877,49906,0,980555,3381,862493184,47180800,2813065,3243618,7,2,0,0,0,58004,127072
1778299088119,2551054336,53379072,765390848,241176576,953442304,1073737728,842278,46075,6,4825750,49906,0,980555,3381,862493184,47180800,2813065,3244542,7,2,0,0,0,58004,127072
1778299088412,2551054336,53379072,765390848,241176576,953442304,1073737728,842278,46075,6,4827626,49906,0,980555,3381,862493184,47180800,2813065,3244542,7,2,0,0,0,58004,127072
1778299088704,2551054336,53379072,765390848,241176576,953442304,1073737728,842278,46075,6,4829502,49906,0,980555,3381,862493184,47180800,2813065,3245466,7,2,0,0,0,58004,127072
1778299088997,2551054336,53379072,765390848,241176576,953442304,1073737728,842278,46075,6,4831378,49906,0,980555,3381,862493184,47180800,2813065,3246010,7,2,0,0,0,58004,127072
1778299089290,2551054336,53379072,765390848,241176576,953442304,1073737728,842278,46075,6,4833255,49906,0,980555,3381,862493184,47180800,2813065,3246010,7,2,0,0,0,58004,127072
1778299089582,2551054336,53379072,765390848,241176576,953442304,1073737728,842278,46075,6,4835131,49906,0,980555,3381,862493184,47180800,2813065,3246010,7,2,0,0,0,58004,127072
1778299089875,2551054336,53387264,765382656,241176576,953442304,1073737728,842278,46115,6,4837013,49906,0,980555,3381,862493184,47250432,2814647,3247170,7,2,0,0,0,58004,127072
1778299090167,2551054336,53387264,765394944,241192960,953479168,1073737728,842278,46171,6,4838890,49906,0,980555,3381,862493184,47279104,2816229,3247786,7,2,0,0,0,58008,127081
1778299090459,2551054336,53387264,765394944,241192960,953479168,1073737728,842278,46171,6,4840766,49906,0,980555,3381,862493184,47279104,2816229,3247786,7,2,0,0,0,58008,127081
1778299090752,2551054336,53387264,765394944,241192960,953479168,1073737728,842278,46171,6,4842641,49906,0,980555,3381,862493184,47279104,2816335,3248410,7,2,0,0,0,58008,127081
1778299091042,2551054336,53387264,765394944,241192960,953479168,1073737728,842278,46171,6,4844515,49906,0,980555,3381,862493184,47279104,2816547,3248570,7,2,0,0,0,58008,127081
1778299091335,2551054336,53387264,765394944,241192960,953479168,1073737728,842278,46171,6,4846392,49906,0,980555,3381,862493184,47279104,2816547,3249494,7,2,0,0,0,58008,127081
1778299091628,2551054336,53387264,765394944,241192960,953479168,1073737728,842278,46171,6,4848267,49906,0,980555,3381,862493184,47279104,2816547,3249494,7,2,0,0,0,58008,127081
1778299091920,2551054336,53387264,765394944,241192960,953479168,1073737728,842278,46171,6,4850143,49906,0,980555,3381,862493184,47279104,2816547,3250962,7,2,0,0,0,58008,127081
1778299092212,2551054336,53387264,765399040,241192960,953479168,1073737728,842278,46171,6,4852035,49906,0,980555,3381,862493184,47279104,2816547,3250962,7,2,0,0,0,58008,127081
1778299092504,2551054336,53387264,765399040,241192960,953479168,1073737728,842278,46171,6,4853911,49906,0,980555,3381,862493184,47279104,2816547,3250962,7,2,0,0,0,58008,127081
1778299092796,2551054336,53387264,765399040,241192960,953479168,1073737728,842278,46171,6,4855787,49906,0,980555,3381,862493184,47279104,2816547,3251506,7,2,0,0,0,58008,127081
1778299093089,2551054336,53387264,765399040,241192960,953479168,1073737728,842278,46171,6,4857665,49906,0,980555,3381,862493184,47279104,2818171,3252150,7,2,0,0,0,58008,127081
1778299093382,2551054336,53387264,765399040,241192960,953479168,1073737728,842278,46171,6,4859542,49906,0,980555,3381,862493184,47279104,2819753,3252766,7,2,0,0,0,58008,127081
1778299093674,2551054336,53387264,765399040,241192960,953479168,1073737728,842278,46171,6,4861418,49906,0,980555,3381,862493184,47279104,2819753,3252766,7,2,0,0,0,58008,127081
1778299093968,2551054336,53387264,765399040,241192960,953479168,1073737728,842278,46171,6,4863295,49906,0,980555,3381,862493184,47279104,2820071,3253550,7,2,0,0,0,58008,127081
1778299094260,2551054336,53387264,765403136,241192960,953479168,1073737728,842278,46171,6,4865171,49906,0,980555,3381,862493184,47279104,2820071,3254474,7,2,0,0,0,58008,127081
1778299094553,2551054336,53387264,765403136,241192960,953479168,1073737728,842278,46171,6,4867047,49906,0,980555,3381,862493184,47279104,2820071,3254474,7,2,0,0,0,58008,127081
1778299094845,2551054336,53395456,765394944,241192960,953479168,1073737728,842278,46199,6,4868923,49906,0,980555,3381,862493184,47307776,2820071,3255942,7,2,0,0,0,58008,127081
1778299095137,2551054336,53395456,765403136,241192960,953479168,1073737728,842278,46199,6,4870799,49906,0,980555,3381,862493184,47307776,2820071,3255942,7,2,0,0,0,58008,127081
1778299095430,2551054336,53395456,765403136,241192960,953479168,1073737728,842278,46199,6,4872675,49906,0,980555,3381,862493184,47307776,2820071,3255942,7,2,0,0,0,58008,127081
1778299095721,2551054336,53395456,765403136,241192960,953479168,1073737728,842278,46199,6,4874550,49906,0,980555,3381,862493184,47307776,2820071,3255942,7,2,0,0,0,58008,127081
1778299096014,2551054336,53395456,765407232,241192960,953479168,1073737728,842278,46199,6,4876426,49906,0,980555,3381,862493184,47307776,2821653,3257102,7,2,0,0,0,58008,127081
1778299096307,2551054336,53395456,765407232,241192960,953479168,1073737728,842278,46199,6,4878303,49906,0,980555,3381,862493184,47307776,2823235,3257718,7,2,0,0,0,58008,127081
1778299096599,2551054336,53395456,765407232,241192960,953479168,1073737728,842278,46199,6,4880179,49906,0,980555,3381,862493184,47307776,2823235,3257718,7,2,0,0,0,58008,127081
1778299096891,2551054336,53395456,765411328,241192960,953479168,1073737728,842278,46199,6,4882056,49906,0,980555,3381,862493184,47307776,2823553,3258502,7,2,0,0,0,58008,127081
1778299097183,2551054336,53395456,765411328,241192960,953479168,1073737728,842278,46199,6,4883932,49906,0,980555,3381,862493184,47307776,2823553,3259426,7,2,0,0,0,58008,127081
1778299097475,2551054336,53395456,765411328,241192960,953479168,1073737728,842278,46199,6,4885808,49906,0,980555,3381,862493184,47307776,2823553,3259426,7,2,0,0,0,58008,127081
1778299097768,2551054336,53395456,765411328,241192960,953479168,1073737728,842278,46199,6,4887684,49906,0,980555,3381,862493184,47307776,2823553,3260894,7,2,0,0,0,58008,127081
1778299098060,2551054336,53395456,765415424,241192960,953479168,1073737728,842278,46199,6,4889560,49906,0,980555,3381,862493184,47307776,2823553,3260894,7,2,0,0,0,58008,127081
1778299098352,2551054336,53395456,765415424,241192960,953479168,1073737728,842278,46199,6,4891452,49906,0,980555,3381,862493184,47307776,2823553,3260894,7,2,0,0,0,58008,127081
1778299098645,2551054336,53395456,765415424,241192960,953479168,1073737728,842278,46199,6,4893328,49906,0,980555,3381,862493184,47307776,2823553,3260894,7,2,0,0,0,58008,127081
1778299098939,2551054336,53395456,765415424,241192960,953479168,1073737728,842278,46199,6,4895205,49906,0,980555,3381,862493184,47307776,2825135,3262054,7,2,0,0,0,58008,127081
1778299099231,2551054336,53395456,765419520,241192960,953479168,1073737728,842278,46199,6,4897081,49906,0,980555,3381,862493184,47307776,2826717,3262670,7,2,0,0,0,58008,127081
1778299099522,2551054336,53395456,765419520,241192960,953479168,1073737728,842278,46199,6,4898957,49906,0,980555,3381,862493184,47307776,2826717,3262670,7,2,0,0,0,58008,127081
1778299099814,2551054336,53395456,765419520,241192960,953479168,1073737728,842278,46199,6,4900833,49906,0,980555,3381,862493184,47320064,2826823,3263294,7,2,0,0,0,58008,127081
1778299100107,2551054336,53403648,765427712,241209344,953479168,1073737728,842278,46227,6,4902711,49907,0,980555,3381,862493184,47336448,2827035,3264378,7,2,0,0,0,58012,127081
1778299100400,2551054336,53403648,765427712,241209344,953479168,1073737728,842278,46227,6,4904587,49907,0,980555,3381,862493184,47336448,2827035,3264378,7,2,0,0,0,58012,127081
1778299100692,2551054336,53403648,765427712,241209344,953479168,1073737728,842278,46227,6,4906463,49907,0,980555,3381,862493184,47336448,2827035,3265302,7,2,0,0,0,58012,127081
1778299100986,2551054336,53403648,765427712,241209344,953479168,1073737728,842278,46227,6,4908341,49907,0,980555,3381,862493184,47336448,2827035,3265846,7,2,0,0,0,58012,127081
1778299101278,2551054336,53403648,765427712,241209344,953479168,1073737728,842278,46227,6,4910217,49907,0,980555,3381,862493184,47336448,2827035,3265846,7,2,0,0,0,58012,127081
1778299101570,2551054336,53403648,765427712,241209344,953479168,1073737728,842278,46227,6,4912093,49907,0,980555,3381,862493184,47336448,2827035,3265846,7,2,0,0,0,58012,127081
1778299101862,2551054336,53403648,765427712,241209344,953479168,1073737728,842278,46227,6,4913968,49907,0,980555,3381,862493184,47336448,2827035,3266390,7,2,0,0,0,58012,127081
1778299102154,2551054336,53403648,765431808,241209344,953479168,1073737728,842278,46227,6,4915844,49907,0,980555,3381,862493184,47336448,2828617,3267006,7,2,0,0,0,58012,127081
1778299102446,2551054336,53403648,765431808,241209344,953479168,1073737728,842278,46227,6,4917720,49907,0,980555,3381,862493184,47336448,2830199,3267622,7,2,0,0,0,58012,127081
1778299102738,2551054336,53403648,765431808,241209344,953479168,1073737728,842278,46227,6,4919596,49907,0,980555,3381,862493184,47336448,2830199,3267854,7,2,0,0,0,58012,127081
1778299103029,2551054336,53403648,765435904,241209344,953479168,1073737728,842278,46227,6,4921471,49907,0,980555,3381,862493184,47336448,2830517,3268406,7,2,0,0,0,58012,127081
1778299103320,2551054336,53403648,765435904,241209344,953479168,1073737728,842278,46227,6,4923346,49907,0,980555,3381,862493184,47336448,2830517,3269330,7,2,0,0,0,58012,127081
1778299103612,2551054336,53403648,765435904,241209344,953479168,1073737728,842278,46227,6,4925222,49907,0,980555,3381,862493184,47336448,2830517,3269330,7,2,0,0,0,58012,127081
1778299103905,2551054336,53403648,765435904,241209344,953479168,1073737728,842278,46227,6,4927098,49907,0,980555,3381,862493184,47336448,2830517,3270798,7,2,0,0,0,58012,127081
1778299104196,2551054336,53403648,765435904,241209344,953479168,1073737728,842278,46227,6,4928990,49907,0,980555,3381,862493184,47336448,2830517,3270798,7,2,0,0,0,58012,127081
1778299104489,2551054336,53403648,765435904,241209344,953479168,1073737728,842278,46227,6,4930866,49907,0,980555,3381,862493184,47336448,2830517,3270798,7,2,0,0,0,58012,127081
1778299104782,2551054336,53403648,765435904,241209344,953479168,1073737728,842278,46227,6,4932742,49907,0,980555,3381,862493184,47336448,2830517,3271342,7,2,0,0,0,58012,127081
1778299105075,2551054336,53411840,765431808,241209344,953479168,1073737728,842278,46243,6,4934618,49907,0,980555,3381,862493184,47352832,2832099,3271958,7,2,0,0,0,58012,127081
1778299105367,2551054336,53411840,765431808,241217536,953487360,1073737728,842278,46247,6,4936494,49907,0,980555,3381,862493184,47356928,2833681,3272574,7,2,0,0,0,58014,127083
1778299105658,2551054336,53411840,765431808,241217536,953487360,1073737728,842278,46251,6,4938369,49907,0,980555,3381,862493184,47361024,2833681,3272574,7,2,0,0,0,58014,127083
1778299105951,2551054336,53411840,765431808,241217536,953487360,1073737728,842278,46251,6,4940247,49907,0,980555,3381,862493184,47361024,2833999,3273358,7,2,0,0,0,58014,127083
1778299106243,2551054336,53411840,765444096,241217536,953503744,1073737728,842278,46251,6,4942123,49907,0,980555,3381,862493184,47361024,2833999,3274282,7,2,0,0,0,58014,127087
1778299106534,2551054336,53411840,765444096,241217536,953503744,1073737728,842278,46251,6,4943998,49907,0,980555,3381,862493184,47361024,2833999,3274282,7,2,0,0,0,58014,127087
1778299106827,2551054336,53411840,765448192,241217536,953503744,1073737728,842278,46251,6,4945874,49907,0,980555,3381,862493184,47361024,2833999,3275750,7,2,0,0,0,58014,127087
1778299107115,2551054336,53411840,765448192,241217536,953503744,1073737728,842278,46251,6,4947747,49907,0,980555,3381,862493184,47361024,2833999,3275750,7,2,0,0,0,58014,127087
1778299107407,2551054336,53411840,765448192,241217536,953503744,1073737728,842278,46251,6,4949623,49907,0,980556,3381,862493184,47361024,2833999,3275750,7,2,0,0,0,58014,127087
1778299107700,2551054336,53411840,765448192,241217536,953503744,1073737728,842278,46251,6,4951499,49907,0,980556,3381,862493184,47361024,2833999,3275750,7,2,0,0,0,58014,127087
1778299107993,2551054336,53411840,765448192,241217536,953503744,1073737728,842278,46251,6,4953384,49907,0,980556,3381,862493184,47361024,2835581,3276910,7,2,0,0,0,58014,127087
1778299108286,2551054336,53411840,765448192,241217536,953503744,1073737728,842278,46251,6,4955260,49907,0,980556,3381,862493184,47361024,2837163,3277526,7,2,0,0,0,58014,127087
1778299108578,2551054336,53411840,765448192,241217536,953503744,1073737728,842278,46251,6,4957136,49907,0,980556,3381,862493184,47361024,2837163,3277526,7,2,0,0,0,58014,127087
1778299108870,2551054336,53411840,765448192,241217536,953503744,1073737728,842278,46251,6,4959013,49907,0,980556,3381,862493184,47361024,2837481,3278310,7,2,0,0,0,58014,127087
1778299109162,2551054336,53411840,765452288,241217536,953503744,1073737728,842278,46251,6,4960889,49907,0,980556,3381,862493184,47361024,2837481,3279234,7,2,0,0,0,58014,127087
1778299109455,2551054336,53411840,765452288,241217536,953503744,1073737728,842278,46251,6,4962766,49907,0,980556,3381,862493184,47361024,2837481,3279234,7,2,0,0,0,58014,127087
1778299109747,2551054336,53411840,765452288,241217536,953503744,1073737728,842278,46251,6,4964641,49907,0,980556,3381,862493184,47361024,2837481,3280702,7,2,0,0,0,58014,127087
1778299110035,2551054336,53411840,765452288,241217536,953503744,1073737728,842278,46251,6,4966514,49907,0,980556,3381,862493184,47361024,2837481,3280702,7,2,0,0,0,58014,127087
1778299110326,2551054336,53420032,765444096,241217536,953503744,1073737728,842278,46283,6,4968406,49907,0,980556,3381,862493184,47393792,2837481,3280702,7,2,0,0,0,58014,127087
1778299110618,2551054336,53420032,765444096,241217536,953503744,1073737728,842278,46283,6,4970282,49907,0,980556,3381,862493184,47393792,2837481,3280702,7,2,0,0,0,58014,127087
1778299110911,2551054336,53420032,765444096,241217536,953503744,1073737728,842278,46283,6,4972158,49907,0,980556,3381,862493184,47393792,2839063,3281862,7,2,0,0,0,58014,127087
1778299111203,2551054336,53420032,765456384,241217536,953503744,1073737728,842278,46283,6,4974036,49907,0,980556,3381,862493184,47393792,2840645,3282478,7,2,0,0,0,58014,127087
1778299111496,2551054336,53420032,765456384,241217536,953503744,1073737728,842278,46283,6,4975912,49907,0,980556,3381,862493184,47393792,2840645,3282478,7,2,0,0,0,58014,127087
1778299111788,2551054336,53420032,765456384,241217536,953503744,1073737728,842278,46283,6,4977788,49907,0,980556,3381,862493184,47393792,2840751,3283102,7,2,0,0,0,58014,127087
1778299112082,2551054336,53420032,765456384,241217536,953503744,1073737728,842278,46283,6,4979621,49907,0,980556,3381,862493184,47393792,2859561,3283950,7,2,0,0,0,58014,127087
1778299112377,2551054336,53420032,765456384,241217536,953352192,1073737728,842278,46283,6,4981511,49907,0,980958,3381,862493184,47393792,2862263,3285090,7,2,0,0,0,58014,127087
1778299112670,2551054336,53420032,765456384,241217536,953352192,1073737728,842278,46283,6,4983134,49907,0,980958,3381,862493184,47393792,2862653,3286054,7,2,0,0,0,58014,127087
1778299112966,2551054336,53420032,765468672,241229824,953450496,1073737728,842278,46283,6,4984767,49907,0,980958,3381,862493184,47393792,2864731,3286814,7,2,0,0,0,58017,127094
1778299113261,2551054336,53420032,765468672,241229824,953450496,1073737728,842278,46283,6,4986445,49907,0,981090,3381,862493184,47393792,2865111,3286854,7,2,0,0,0,58017,127094
1778299113552,2551054336,53420032,765468672,241229824,953491456,1073737728,842278,46283,6,4988522,49907,0,981764,3381,862493184,47393792,2866263,3286974,7,2,0,0,0,58017,127095
1778299113846,2551054336,53420032,765468672,241229824,953491456,1073737728,842278,46283,6,4990147,49907,0,981764,3381,862493184,47393792,2866969,3287734,7,2,0,0,0,58017,127095
1778299114140,2551054336,53420032,765468672,241229824,953491456,1073737728,842278,46283,6,4991771,49907,0,981764,3381,862493184,47393792,2868765,3288390,7,2,0,0,0,58017,127095
1778299114434,2551054336,53420032,765468672,241225728,953479168,1073737728,842278,46283,6,4993902,49907,0,982573,3381,862493184,47393792,2871639,3289166,7,2,0,0,0,58017,127095
1778299114728,2551054336,53420032,765468672,241225728,953479168,1073737728,842278,46283,6,4995525,49907,0,982573,3381,862493184,47393792,2871853,3289206,7,2,0,0,0,58017,127095
1778299115022,2551054336,53420032,765468672,241225728,953479168,1073737728,842278,46283,6,4997153,49907,0,982573,3381,862493184,47393792,2872733,3290070,7,2,0,0,0,58017,127095
1778299115316,2551054336,53428224,765476864,241233920,953499648,1073737728,842278,46299,6,4998776,49907,0,982573,3381,862493184,47410176,2872931,3291034,7,2,0,0,0,58018,127107
1778299115610,2551054336,53428224,765476864,241242112,953552896,1073737728,842278,46319,6,5000913,49907,0,983381,3381,862493184,47430656,2874013,3291154,7,2,0,0,0,58020,127107
1778299115904,2551054336,53428224,765476864,241242112,953552896,1073737728,842278,46387,6,5002538,49907,0,983381,3381,862493184,47500288,2874457,3292662,7,2,0,0,0,58020,127107
1778299116198,2551054336,53428224,765476864,241242112,953552896,1073737728,842278,46387,6,5004177,49907,0,983381,3381,862493184,47500288,2874671,3292702,7,2,0,0,0,58020,127107
1778299116493,2551054336,53428224,765476864,241242112,953552896,1073737728,842278,46387,6,5006309,49907,0,984187,3381,862493184,47500288,2875845,3292822,7,2,0,0,0,58020,127107
1778299116786,2551054336,53428224,765476864,241242112,953552896,1073737728,842278,46387,6,5007935,49907,0,984187,3381,862493184,47500288,2876305,3293406,7,2,0,0,0,58020,127107
1778299117081,2551054336,53428224,765480960,241242112,953528320,1073737728,842278,46387,6,5009558,49907,0,984187,3381,862493184,47500288,2878203,3294278,7,2,0,0,0,58020,127108
1778299117376,2551054336,53428224,765480960,241242112,953528320,1073737728,842278,46387,6,5011183,49907,0,984187,3381,862493184,47500288,2880101,3294974,7,2,0,0,0,58020,127108
1778299117671,2551054336,53428224,765480960,241242112,953540608,1073737728,842278,46387,6,5013322,49907,0,985004,3381,862493184,47500288,2881275,3295094,7,2,0,0,0,58020,127108
1778299117962,2551054336,53428224,765485056,241242112,953540608,1073737728,842278,46387,6,5014950,49907,0,985004,3381,862493184,47500288,2882155,3295918,7,2,0,0,0,58020,127108
1778299118256,2551054336,53428224,765489152,241242112,953540608,1073737728,842278,46387,6,5016573,49907,0,985004,3381,862493184,47500288,2882353,3296882,7,2,0,0,0,58020,127108
1778299118550,2551054336,53428224,765489152,241242112,953425920,1073737728,842278,46387,6,5018701,49907,0,985813,3381,862493184,47500288,2883527,3297042,7,2,0,0,0,58020,127110
1778299118845,2551054336,53428224,765489152,241242112,953425920,1073737728,842278,46387,6,5020328,49907,0,985813,3381,862493184,47500288,2883971,3298590,7,2,0,0,0,58020,127110
1778299119139,2551054336,53428224,765489152,241242112,953565184,1073737728,842278,46387,6,5021952,49907,0,985813,3381,862493184,47500288,2884185,3298630,7,2,0,0,0,58020,127110
1778299119433,2551054336,53428224,765489152,241242112,953565184,1073737728,842278,46387,6,5023576,49907,0,985813,3381,862493184,47500288,2884383,3298670,7,2,0,0,0,58020,127110
1778299119725,2551054336,53428224,765489152,241242112,953565184,1073737728,842278,46387,6,5025709,49907,0,986617,3381,862493184,47500288,2885541,3298790,7,2,0,0,0,58020,127110
1778299120020,2551054336,53428224,765489152,241242112,953565184,1073737728,842278,46387,6,5027334,49907,0,986617,3381,862493184,47500288,2887583,3300030,7,2,0,0,0,58020,127110
1778299120314,2551054336,53428224,765493248,241242112,953565184,1073737728,842278,46387,6,5028958,49907,0,986617,3381,862493184,47500288,2889363,3300686,7,2,0,0,0,58020,127110
1778299120609,2551054336,53436416,765485056,241242112,953475072,1073737728,842278,46419,6,5031096,49907,0,987429,3381,862493184,47533056,2890671,3300846,7,2,0,0,0,58020,127111
1778299120902,2551054336,53436416,765485056,241242112,953475072,1073737728,842278,46439,6,5032724,49907,0,987429,3381,862493184,47553536,2891567,3301670,7,2,0,0,0,58020,127111
1778299121196,2551054336,53436416,765493248,241250304,953561088,1073737728,842278,46439,6,5034347,49907,0,987429,3381,862493184,47553536,2891781,3302674,7,2,0,0,0,58022,127111
1778299121490,2551054336,53436416,765493248,241250304,953561088,1073737728,842278,46439,6,5035970,49907,0,987429,3381,862493184,47553536,2891979,3302714,7,2,0,0,0,58022,127111
1778299121786,2551054336,53436416,765493248,241246208,953417728,1073737728,842278,46439,6,5038116,49908,0,988236,3381,862493184,47553536,2893415,3304302,7,2,0,0,0,58022,127111
1778299122081,2551054336,53436416,765497344,241246208,953417728,1073737728,842278,46439,6,5039739,49908,0,988236,3381,862493184,47553536,2893613,3304382,7,2,0,0,0,58022,127111
1778299122372,2551054336,53436416,765497344,241246208,953417728,1073737728,842278,46439,6,5041379,49908,0,988236,3381,862493184,47553536,2893811,3304422,7,2,0,0,0,58022,127111
1778299122666,2551054336,53436416,765497344,241250304,953389056,1073737728,842278,46439,6,5043505,49908,0,989046,3381,862493184,47553536,2895055,3304638,7,2,0,0,0,58022,127111
1778299122960,2551054336,53436416,765497344,241250304,953389056,1073737728,842278,46439,6,5045130,49908,0,989046,3381,862493184,47553536,2897097,3305878,7,2,0,0,0,58022,127111
1778299123254,2551054336,53436416,765497344,241250304,953389056,1073737728,842278,46439,6,5046795,49908,0,989046,3381,862493184,47553536,2898877,3306534,7,2,0,0,0,58022,127111
1778299123541,2551054336,53436416,765501440,241250304,953389056,1073737728,842278,46439,6,5048420,49908,0,989046,3381,862493184,47553536,2899193,3306574,7,2,0,0,0,58022,127111
1778299123838,2551054336,53436416,765501440,241246208,953610240,1073737728,842278,46439,6,5050558,49908,0,989853,3381,862493184,47553536,2900931,3307558,7,2,0,0,0,58022,127112
1778299124129,2551054336,53436416,765501440,241246208,953610240,1073737728,842278,46439,6,5052181,49908,0,989853,3381,862493184,47553536,2901129,3308522,7,2,0,0,0,58022,127112
1778299124424,2551054336,53436416,765505536,241250304,953548800,1073737728,842278,46439,6,5053805,49908,0,989853,3381,862493184,47553536,2901327,3308562,7,2,0,0,0,58022,127113
1778299124715,2551054336,53436416,765505536,241250304,953569280,1073737728,842278,46439,6,5055935,49908,0,990661,3381,862493184,47553536,2902501,3309606,7,2,0,0,0,58022,127114
1778299125010,2551054336,53436416,765505536,241250304,953569280,1073737728,842278,46439,6,5057560,49908,0,990661,3381,862493184,47553536,2902961,3310230,7,2,0,0,0,58022,127114
1778299125305,2551054336,53436416,765505536,241250304,953569280,1073737728,842278,46439,6,5059184,49908,0,990661,3381,862493184,47553536,2903201,3310298,7,2,0,0,0,58022,127114
1778299125600,2551054336,53444608,765497344,241250304,953569280,1073737728,842278,46503,6,5060807,49908,0,990661,3381,862493184,47619072,2903399,3310338,7,2,0,0,0,58022,127114
1778299125895,2551054336,53444608,765501440,241250304,953630720,1073737728,842278,46503,6,5062951,49908,0,991467,3381,862493184,47619072,2906293,3311578,7,2,0,0,0,58022,127115
1778299126189,2551054336,53444608,765501440,241250304,953630720,1073737728,842278,46503,6,5064575,49908,0,991467,3381,862493184,47619072,2908073,3312234,7,2,0,0,0,58022,127115
1778299126484,2551054336,53444608,765509632,241258496,953544704,1073737728,842278,46503,6,5066198,49908,0,991467,3381,862493184,47619072,2908287,3312274,7,2,0,0,0,58024,127115
1778299126778,2551054336,53444608,765509632,241258496,953565184,1073737728,842278,46503,6,5068338,49908,0,992274,3381,862493184,47619072,2910038,3313392,7,2,0,0,0,58024,127115
1778299127072,2551054336,53444608,765509632,241258496,953565184,1073737728,842278,46503,6,5069962,49908,0,992274,3381,862493184,47619072,2910464,3313632,7,2,0,0,0,58024,127115
1778299127360,2551054336,53444608,765509632,241258496,953565184,1073737728,842278,46503,6,5071585,49908,0,992274,3381,862493184,47619072,2910662,3314596,7,2,0,0,0,58024,127115
1778299127654,2551054336,53444608,765509632,241258496,953565184,1073737728,842278,46503,6,5073208,49908,0,992275,3381,862493184,47619072,2910860,3314636,7,2,0,0,0,58024,127115
1778299127951,2551054336,53444608,765509632,241258496,953520128,1073737728,842278,46503,6,5075344,49908,0,993082,3381,862493184,47619072,2912468,3316576,7,2,0,0,0,58024,127115
1778299128245,2551054336,53444608,765521920,241258496,953581568,1073737728,842278,46503,6,5076983,49908,0,993082,3381,862493184,47619072,2912666,3316616,7,2,0,0,0,58024,127116
1778299128540,2551054336,53444608,765521920,241258496,953581568,1073737728,842278,46503,6,5078606,49908,0,993082,3381,862493184,47619072,2912864,3316656,7,2,0,0,0,58024,127116
1778299128833,2551054336,53444608,765521920,241258496,953606144,1073737728,842278,46503,6,5080722,49908,0,993892,3381,862493184,47619072,2914252,3317360,7,2,0,0,0,58024,127118
1778299129123,2551054336,53444608,765521920,241258496,953589760,1073737728,842278,46503,6,5082347,49908,0,993892,3381,862493184,47619072,2916048,3318016,7,2,0,0,0,58024,127118
1778299129418,2551054336,53444608,765521920,241258496,953589760,1073737728,842278,46503,6,5083971,49908,0,993892,3381,862493184,47619072,2917828,3318672,7,2,0,0,0,58024,127118
1778299129712,2551054336,53444608,765526016,241258496,953593856,1073737728,842278,46503,6,5085610,49908,0,993892,3381,862493184,47619072,2918144,3318752,7,2,0,0,0,58024,127119
1778299130008,2550808576,53444608,765526016,241258496,953634816,1073737728,842278,46503,6,5087734,49908,0,994697,3381,862493184,47619072,2919898,3319696,7,2,0,0,0,58024,127119
1778299130301,2550808576,53444608,765542400,241258496,953597952,1073737728,842278,46503,6,5089357,49908,0,994697,3381,862493184,47619072,2920096,3320660,7,2,0,0,0,58024,127119
1778299130596,2550808576,53444608,765542400,241258496,953597952,1073737728,842278,46503,6,5090981,49908,0,994697,3381,862493184,47635456,2920294,3320700,7,2,0,0,0,58024,127119
1778299130890,2550808576,53452800,765534208,241258496,953446400,1073737728,842278,46519,6,5093112,49908,0,995504,3381,862493184,47635456,2921714,3322328,7,2,0,0,0,58024,127119
1778299131184,2550808576,53452800,765542400,241266688,953593856,1073737728,842278,46547,6,5094739,49908,0,995504,3381,862493184,47664128,2921928,3322368,7,2,0,0,0,58026,127119
1778299131478,2550808576,53452800,765546496,241266688,953593856,1073737728,842278,46547,6,5096362,49908,0,995504,3381,862493184,47664128,2922126,3322408,7,2,0,0,0,58026,127119
1778299131772,2550808576,53452800,765546496,241266688,953593856,1073737728,842278,46547,6,5097987,49908,0,995504,3381,862493184,47664128,2922660,3323068,7,2,0,0,0,58026,127119
1778299132068,2550808576,53452800,765546496,241266688,953593856,1073737728,842278,46547,6,5100116,49908,0,996309,3381,862493184,47664128,2925442,3323930,7,2,0,0,0,58026,127120
1778299132360,2550808576,53452800,765550592,241266688,953593856,1073737728,842278,46547,6,5101743,49908,0,996309,3381,862493184,47664128,2927340,3324586,7,2,0,0,0,58026,127120
1778299132654,2550808576,53452800,765550592,241266688,953593856,1073737728,842278,46547,6,5103366,49908,0,996309,3381,862493184,47664128,2927538,3324626,7,2,0,0,0,58026,127120
1778299132943,2550808576,53452800,765550592,241266688,953507840,1073737728,842278,46547,6,5105510,49908,0,997114,3381,862493184,47664128,2929410,3325610,7,2,0,0,0,58026,127121
1778299133238,2550808576,53452800,765550592,241266688,953577472,1073737728,842278,46547,6,5107133,49908,0,997114,3381,862493184,47664128,2929624,3326574,7,2,0,0,0,58026,127121
1778299133529,2550808576,53452800,765550592,241266688,953577472,1073737728,842278,46547,6,5108756,49908,0,997114,3381,862493184,47664128,2929940,3326790,7,2,0,0,0,58026,127121
1778299133825,2550808576,53452800,765550592,241266688,953577472,1073737728,842278,46547,6,5110381,49908,0,997114,3381,862493184,47664128,2930400,3328338,7,2,0,0,0,58026,127121
1778299134118,2550808576,53452800,765554688,241266688,953602048,1073737728,842278,46547,6,5112530,49908,0,997920,3381,862493184,47664128,2931558,3328458,7,2,0,0,0,58026,127122
1778299134411,2550808576,53452800,765554688,241266688,953602048,1073737728,842278,46547,6,5114155,49908,0,997920,3381,862493184,47664128,2931756,3328498,7,2,0,0,0,58026,127122
1778299134706,2550808576,53452800,765554688,241266688,953602048,1073737728,842278,46547,6,5115778,49908,0,997920,3381,862493184,47664128,2931954,3328538,7,2,0,0,0,58026,127122
1778299135001,2550808576,53452800,765554688,241266688,953581568,1073737728,842278,46547,6,5117912,49908,0,998726,3381,862493184,47664128,2935004,3329898,7,2,0,0,0,58026,127122
1778299135296,2550808576,53452800,765554688,241266688,953581568,1073737728,842278,46547,6,5119538,49908,0,998726,3381,862493184,47664128,2936918,3330554,7,2,0,0,0,58026,127122
1778299135589,2550808576,53452800,765554688,241266688,953581568,1073737728,842278,46547,6,5121161,49908,0,998726,3381,862493184,47696896,2937116,3330634,7,2,0,0,0,58026,127122
1778299135885,2550808576,53460992,765554688,241266688,953581568,1073737728,842278,46603,6,5122790,49908,0,998726,3381,862493184,47721472,2937996,3331538,7,2,0,0,0,58026,127122
1778299136181,2550808576,53460992,765558784,241266688,953708544,1073737728,842278,46603,6,5124922,49908,0,999537,3381,862493184,47721472,2939202,3332582,7,2,0,0,0,58026,127123
1778299136477,2550808576,53460992,765558784,241266688,953708544,1073737728,842278,46603,6,5126545,49908,0,999537,3381,862493184,47721472,2939400,3332622,7,2,0,0,0,58026,127123
1778299136772,2550808576,53460992,765558784,241266688,953708544,1073737728,842278,46603,6,5128170,49908,0,999537,3381,862493184,47721472,2939844,3334130,7,2,0,0,0,58026,127123
1778299137065,2550808576,53460992,765558784,241274880,953520128,1073737728,842278,46603,6,5130313,49908,0,1000344,3381,862493184,47721472,2941002,3334330,7,2,0,0,0,58028,127123
1778299137360,2550808576,53460992,765558784,241274880,953520128,1073737728,842278,46603,6,5131937,49908,0,1000344,3381,862493184,47721472,2941216,3334370,7,2,0,0,0,58028,127123
1778299137654,2550808576,53460992,765558784,241274880,953520128,1073737728,842278,46603,6,5133560,49908,0,1000344,3381,862493184,47721472,2941414,3334410,7,2,0,0,0,58028,127123
1778299137949,2550808576,53460992,765562880,241274880,953606144,1073737728,842278,46603,6,5135186,49908,0,1000344,3381,862493184,47721472,2943456,3335610,7,2,0,0,0,58028,127123
1778299138242,2551066624,53460992,765562880,241270784,953569280,1073737728,842278,46603,6,5137328,49909,0,1001151,3381,862493184,47721472,2946228,3336306,7,2,0,0,0,58028,127124
1778299138536,2551066624,53460992,765562880,241270784,953569280,1073737728,842278,46603,6,5138953,49909,0,1001151,3381,862493184,47721472,2946544,3336346,7,2,0,0,0,58028,127124
1778299138830,2551066624,53460992,765562880,241270784,953569280,1073737728,842278,46603,6,5140578,49909,0,1001151,3381,862493184,47721472,2947408,3337346,7,2,0,0,0,58028,127124
1778299139118,2551066624,53460992,765566976,241274880,953593856,1073737728,842278,46603,6,5142710,49909,0,1001962,3381,862493184,47721472,2948716,3338430,7,2,0,0,0,58028,127124
1778299139412,2551066624,53460992,765566976,241274880,953593856,1073737728,842278,46603,6,5144335,49909,0,1001962,3381,862493184,47721472,2948930,3338470,7,2,0,0,0,58028,127124
1778299139705,2551066624,53460992,765566976,241274880,953593856,1073737728,842278,46603,6,5145958,49909,0,1001962,3381,862493184,47721472,2949128,3339434,7,2,0,0,0,58028,127124
1778299140000,2551066624,53460992,765566976,241274880,953593856,1073737728,842278,46603,6,5147584,49909,0,1001962,3381,862493184,47721472,2949588,3340018,7,2,0,0,0,58028,127124
1778299140295,2550837248,53460992,765575168,241274880,953577472,1073737728,842278,46603,6,5149746,49909,0,1002768,3381,862493184,47721472,2950762,3340058,7,2,0,0,0,58028,127125
1778299140590,2550837248,53460992,765575168,241274880,953577472,1073737728,842278,46603,6,5151369,49909,0,1002768,3381,862493184,47721472,2950960,3340098,7,2,0,0,0,58028,127125
1778299140884,2550837248,53469184,765579264,241274880,953577472,1073737728,842278,46619,6,5152996,49909,0,1002768,3381,862493184,47737856,2952986,3341298,7,2,0,0,0,58028,127125
1778299141178,2550837248,53469184,765579264,241274880,953425920,1073737728,842278,46619,6,5155134,49909,0,1003577,3381,862493184,47737856,2955956,3342074,7,2,0,0,0,58028,127125
1778299141472,2550837248,53469184,765579264,241274880,953425920,1073737728,842278,46619,6,5156759,49909,0,1003577,3381,862493184,47737856,2956288,3342194,7,2,0,0,0,58028,127125
1778299141765,2550837248,53469184,765579264,241274880,953425920,1073737728,842278,46619,6,5158384,49909,0,1003577,3381,862493184,47737856,2956838,3342858,7,2,0,0,0,58028,127125
1778299142060,2550837248,53469184,765579264,241274880,953425920,1073737728,842278,46619,6,5160010,49909,0,1003577,3381,862493184,47737856,2957382,3343138,7,2,0,0,0,58028,127125
1778299142355,2550837248,53469184,765583360,241274880,953626624,1073737728,842278,46619,6,5162154,49909,0,1004383,3381,862493184,47737856,2958556,3344102,7,2,0,0,0,58028,127127
1778299142649,2550837248,53469184,765587456,241274880,953626624,1073737728,842278,46619,6,5163777,49909,0,1004383,3381,862493184,47737856,2958754,3345066,7,2,0,0,0,58028,127127
1778299142945,2550837248,53469184,765587456,241274880,953626624,1073737728,842278,46619,6,5165402,49909,0,1004383,3381,862493184,47737856,2959214,3345650,7,2,0,0,0,58028,127127
1778299143239,2550837248,53469184,765587456,241274880,953626624,1073737728,842278,46619,6,5167535,49909,0,1005190,3381,862493184,47737856,2960356,3345770,7,2,0,0,0,58028,127127
1778299143532,2550837248,53469184,765587456,241274880,953626624,1073737728,842278,46619,6,5169159,49909,0,1005190,3381,862493184,47737856,2960570,3345810,7,2,0,0,0,58028,127127
1778299143825,2550837248,53469184,765587456,241274880,953626624,1073737728,842278,46619,6,5170784,49909,0,1005190,3381,862493184,47737856,2961014,3346434,7,2,0,0,0,58028,127127
1778299144117,2550837248,53469184,765587456,241274880,953597952,1073737728,842278,46619,6,5172407,49909,0,1005190,3381,862493184,47737856,2962810,3347090,7,2,0,0,0,58028,127128
1778299144413,2550837248,53469184,765587456,241274880,953638912,1073737728,842278,46619,6,5174542,49909,0,1005994,3381,862493184,47737856,2965668,3347922,7,2,0,0,0,58028,127128
1778299144707,2550837248,53469184,765591552,241274880,953638912,1073737728,842278,46619,6,5176168,49909,0,1005994,3381,862493184,47737856,2965984,3348506,7,2,0,0,0,58028,127128
1778299144997,2550837248,53469184,765591552,241274880,953638912,1073737728,842278,46619,6,5177793,49909,0,1005994,3381,862493184,47737856,2966762,3348826,7,2,0,0,0,58028,127128
1778299145292,2550837248,53469184,765591552,241274880,953638912,1073737728,842278,46619,6,5179927,49909,0,1006800,3381,862493184,47737856,2967920,3349870,7,2,0,0,0,58028,127128
1778299145586,2550837248,53469184,765591552,241274880,953638912,1073737728,842278,46619,6,5181550,49909,0,1006800,3381,862493184,47737856,2968134,3349950,7,2,0,0,0,58028,127128
1778299145881,2550837248,53477376,765583360,241274880,953638912,1073737728,842278,46635,6,5183175,49909,0,1006800,3381,862493184,47762432,2968578,3351458,7,2,0,0,0,58028,127128
1778299146176,2550837248,53477376,765591552,241287168,953647104,1073737728,842278,46643,6,5184814,49909,0,1006800,3381,862493184,47762432,2968792,3351498,7,2,0,0,0,58031,127131
1778299146473,2550837248,53477376,765595648,241291264,953626624,1073737728,842278,46715,6,5186958,49910,0,1007609,3381,862493184,47836160,2969966,3351578,7,2,0,0,0,58032,127131
1778299146766,2550837248,53477376,765595648,241291264,953626624,1073737728,842278,46715,6,5188583,49910,0,1007609,3381,862493184,47836160,2970410,3352162,7,2,0,0,0,58032,127131
1778299147061,2550837248,53477376,765595648,241291264,953626624,1073737728,842278,46715,6,5190206,49910,0,1007609,3381,862493184,47836160,2972206,3352858,7,2,0,0,0,58032,127131
1778299147348,2550837248,53477376,765595648,241291264,953475072,1073737728,842278,46715,6,5192334,49910,0,1008413,3381,862493184,47836160,2974946,3353594,7,2,0,0,0,58032,127131
1778299147642,2550837248,53477376,765595648,241291264,953475072,1073737728,842278,46715,6,5193960,49910,0,1008413,3381,862493184,47836160,2975278,3353674,7,2,0,0,0,58032,127131
1778299147937,2550837248,53477376,765599744,241291264,953634816,1073737728,842278,46715,6,5195585,49910,0,1008413,3381,862493184,47836160,2976056,3354498,7,2,0,0,0,58032,127132
1778299148231,2550837248,53477376,765599744,241291264,953634816,1073737728,842278,46715,6,5197209,49910,0,1008413,3381,862493184,47836160,2976254,3355462,7,2,0,0,0,58032,127132
1778299148521,2550837248,53477376,765603840,241291264,953638912,1073737728,842278,46715,6,5199356,49910,0,1009218,3381,862493184,47836160,2977412,3355502,7,2,0,0,0,58032,127133
1778299148816,2550837248,53477376,765603840,241291264,953638912,1073737728,842278,46715,6,5200981,49910,0,1009218,3381,862493184,47836160,2977872,3357050,7,2,0,0,0,58032,127133
1778299149110,2550837248,53477376,765603840,241291264,953638912,1073737728,842278,46715,6,5202604,49910,0,1009218,3381,862493184,47836160,2978086,3357090,7,2,0,0,0,58032,127133
1778299149404,2550837248,53477376,765603840,241291264,953487360,1073737728,842278,46715,6,5204739,49910,0,1010025,3381,862493184,47836160,2979228,3357210,7,2,0,0,0,58032,127133
1778299149699,2550837248,53477376,765603840,241291264,953487360,1073737728,842278,46715,6,5206363,49910,0,1010025,3381,862493184,47836160,2979426,3357794,7,2,0,0,0,58032,127133
1778299149989,2550837248,53477376,765603840,241291264,953487360,1073737728,842278,46715,6,5207989,49910,0,1010025,3381,862493184,47836160,2981570,3358626,7,2,0,0,0,58032,127133
1778299150287,2550837248,53477376,765607936,241291264,953634816,1073737728,842278,46715,6,5209616,49910,0,1010025,3381,862493184,47836160,2983468,3359322,7,2,0,0,0,58032,127134
1778299150582,2550837248,53477376,765607936,241287168,953585664,1073737728,842278,46715,6,5211750,49911,0,1010835,3381,862493184,47836160,2984658,3359442,7,2,0,0,0,58032,127135
1778299150877,2550837248,53477376,765607936,241287168,953585664,1073737728,842278,46715,6,5213376,49911,0,1010835,3381,862493184,47836160,2985538,3360306,7,2,0,0,0,58032,127135
1778299151171,2550837248,53485568,765599744,241291264,953659392,1073737728,842278,46743,6,5215000,49911,0,1010835,3381,862493184,47864832,2985752,3361230,7,2,0,0,0,58032,127135
1778299151463,2550837248,53485568,765599744,241291264,953585664,1073737728,842278,46743,6,5217099,49911,0,1011641,3381,862493184,47864832,2986910,3361390,7,2,0,0,0,58032,127135
1778299151758,2550837248,53485568,765599744,241291264,953581568,1073737728,842278,46767,6,5218767,49911,0,1011641,3381,862493184,47889408,2987370,3362938,7,2,0,0,0,58032,127135
1778299152053,2550837248,53485568,765607936,241299456,953630720,1073737728,842278,46767,6,5220390,49911,0,1011641,3381,862493184,47889408,2987584,3362978,7,2,0,0,0,58034,127135
1778299152340,2550837248,53485568,765612032,241299456,953630720,1073737728,842278,46767,6,5222028,49911,0,1011641,3381,862493184,47889408,2987782,3363018,7,2,0,0,0,58034,127135
1778299152634,2550837248,53485568,765612032,241299456,953667584,1073737728,842278,46767,6,5224159,49911,0,1012448,3381,862493184,47889408,2988940,3363138,7,2,0,0,0,58034,127136
1778299152926,2550837248,53485568,765612032,241299456,953667584,1073737728,842278,46767,6,5225785,49911,0,1012448,3381,862493184,47889408,2990982,3364338,7,2,0,0,0,58034,127136
1778299153221,2550837248,53485568,765612032,241299456,953663488,1073737728,842278,46767,6,5227408,49911,0,1012448,3381,862493184,47889408,2992762,3364994,7,2,0,0,0,58034,127136
1778299153515,2550837248,53485568,765612032,241299456,953511936,1073737728,842278,46767,6,5229536,49911,0,1013253,3381,862493184,47889408,2994140,3365210,7,2,0,0,0,58034,127136
1778299153806,2550837248,53485568,765612032,241295360,953368576,1073737728,842278,46767,6,5231181,49911,0,1013253,3381,862493184,47889408,2995020,3366114,7,2,0,0,0,58034,127136
1778299154100,2550837248,53485568,765624320,241299456,953626624,1073737728,842278,46767,6,5232804,49911,0,1013253,3381,862493184,47889408,2995234,3367118,7,2,0,0,0,58034,127138
1778299154393,2550837248,53485568,765624320,241299456,953626624,1073737728,842278,46767,6,5234427,49911,0,1013253,3381,862493184,47889408,2995432,3367158,7,2,0,0,0,58034,127138
1778299154689,2550837248,53485568,765624320,241295360,953671680,1073737728,842278,46767,6,5236563,49911,0,1014061,3381,862493184,47889408,2996606,3368434,7,2,0,0,0,58034,127139
1778299154982,2550837248,53485568,765624320,241295360,953671680,1073737728,842278,46767,6,5238189,49911,0,1014061,3381,862493184,47889408,2997066,3368826,7,2,0,0,0,58034,127139
1778299155276,2550837248,53485568,765624320,241299456,953671680,1073737728,842278,46767,6,5239812,49911,0,1014061,3381,862493184,47889408,2997366,3369002,7,2,0,0,0,58034,127139
1778299155570,2550063104,53485568,765624320,241295360,953593856,1073737728,842278,46767,6,5241897,49911,0,1014873,3381,862493184,47889408,2998540,3369122,7,2,0,0,0,58034,127139
1778299155862,2550063104,53485568,765624320,241295360,953593856,1073737728,842278,46767,6,5243580,49911,0,1014873,3381,862493184,47889408,2999000,3369706,7,2,0,0,0,58034,127139
1778299156155,2550063104,53485568,765628416,241299456,953651200,1073737728,842278,46767,6,5245205,49911,0,1014873,3381,862493184,47942656,3000796,3370362,7,2,0,0,0,58034,127139
1778299156448,2550063104,53493760,765632512,241299456,953655296,1073737728,842278,46819,6,5246835,49911,0,1014873,3381,862493184,47942656,3002694,3371058,7,2,0,0,0,58034,127140
1778299156743,2550091776,53493760,765632512,241303552,953630720,1073737728,842278,46819,6,5248991,49911,0,1015681,3381,862493184,47942656,3004236,3371802,7,2,0,0,0,58035,127140
1778299157038,2550091776,53493760,765632512,241303552,953630720,1073737728,842278,46819,6,5250614,49911,0,1015681,3381,862493184,47942656,3004780,3372042,7,2,0,0,0,58035,127140
1778299157330,2550091776,53493760,765636608,241303552,953630720,1073737728,842278,46819,6,5252237,49911,0,1015681,3381,862493184,47942656,3004978,3373006,7,2,0,0,0,58035,127140
1778299157624,2549985280,53493760,765636608,241303552,953630720,1073737728,842278,46819,6,5254153,49911,0,1016356,3381,862493184,47942656,3006034,3373970,7,2,0,0,0,58035,127140
1778299157914,2549727232,53493760,765640704,241303552,953663488,1073737728,842278,46819,6,5255985,49911,0,1016492,3381,862493184,47942656,3006596,3374594,7,2,0,0,0,58035,127141
1778299158209,2549846016,53493760,765640704,241307648,953675776,1073737728,842278,46819,6,5257624,49911,0,1016492,3381,862493184,47942656,3006836,3374662,7,2,0,0,0,58036,127141
1778299158502,2549846016,53493760,765640704,241307648,953675776,1073737728,842278,46819,6,5259248,49911,0,1016492,3381,862493184,47942656,3007034,3374702,7,2,0,0,0,58036,127141
1778299158791,2549846016,53493760,765640704,241303552,953675776,1073737728,842278,46819,6,5261387,49911,0,1017297,3381,862493184,47942656,3008438,3375406,7,2,0,0,0,58036,127141
1778299159085,2549846016,53493760,765640704,241303552,953675776,1073737728,842278,46819,6,5263010,49911,0,1017297,3381,862493184,47942656,3010234,3376062,7,2,0,0,0,58036,127141
1778299159373,2549846016,53493760,765640704,241307648,953688064,1073737728,842278,46819,6,5264634,49911,0,1017297,3381,862493184,47942656,3012014,3376718,7,2,0,0,0,58036,127142
1778299159665,2549846016,53493760,765640704,241307648,953688064,1073737728,842278,46819,6,5266307,49911,0,1017370,3381,862493184,47942656,3012330,3376758,7,2,0,0,0,58036,127142
1778299159959,2549846016,53493760,765644800,241303552,953708544,1073737728,842278,46819,6,5268406,49912,0,1018107,3381,862493184,47942656,3014084,3377622,7,2,0,0,0,58036,127142
1778299160254,2549846016,53493760,765644800,241307648,953688064,1073737728,842278,46819,6,5270029,49912,0,1018107,3381,862493184,47942656,3014282,3378586,7,2,0,0,0,58036,127142
1778299160542,2549846016,53493760,765644800,241307648,953688064,1073737728,842278,46819,6,5271653,49912,0,1018107,3381,862493184,47942656,3014480,3378626,7,2,0,0,0,58036,127142
1778299160837,2549846016,53493760,765644800,241307648,953581568,1073737728,842278,46819,6,5273786,49912,0,1018925,3381,862493184,47942656,3015986,3380390,7,2,0,0,0,58036,127142
1778299161128,2549846016,53493760,765644800,241307648,953790464,1073737728,842278,46819,6,5275410,49912,0,1018941,3381,862493184,47942656,3016200,3380430,7,2,0,0,0,58036,127143
1778299161422,2549846016,53493760,765644800,241307648,953790464,1073737728,842278,46843,6,5277034,49912,0,1018941,3381,862493184,47983616,3016398,3380470,7,2,0,0,0,58036,127143
1778299161715,2549846016,53501952,765640704,241307648,953790464,1073737728,842278,46859,6,5278660,49912,0,1018941,3381,862493184,47983616,3016842,3381054,7,2,0,0,0,58036,127143
1778299162010,2549846016,53501952,765648896,241315840,953774080,1073737728,842278,46859,6,5280803,49912,0,1019748,3381,862493184,47983616,3019614,3381830,7,2,0,0,0,58038,127144
1778299162305,2549846016,53501952,765648896,241315840,953774080,1073737728,842278,46859,6,5282427,49912,0,1019748,3381,862493184,47983616,3021394,3382486,7,2,0,0,0,58038,127144
1778299162600,2549846016,53501952,765648896,241315840,953774080,1073737728,842278,46859,6,5284052,49912,0,1019748,3381,862493184,47983616,3021710,3382526,7,2,0,0,0,58038,127144
1778299162896,2549846016,53501952,765648896,241311744,953618432,1073737728,842278,46859,6,5286187,49912,0,1020552,3381,862493184,47983616,3023480,3383510,7,2,0,0,0,58038,127144
1778299163189,2549846016,53501952,765648896,241315840,953794560,1073737728,842278,46859,6,5287810,49912,0,1020552,3381,862493184,47983616,3023694,3384434,7,2,0,0,0,58038,127144
1778299163485,2549846016,53501952,765648896,241315840,953794560,1073737728,842278,46859,6,5289433,49912,0,1020552,3381,862493184,47983616,3023892,3384514,7,2,0,0,0,58038,127144
1778299163777,2549846016,53501952,765648896,241315840,953794560,1073737728,842278,46859,6,5291058,49912,0,1020552,3381,862493184,47983616,3024336,3386022,7,2,0,0,0,58038,127144
1778299164072,2549846016,53501952,765648896,241311744,953868288,1073737728,842278,46859,6,5293199,49912,0,1021360,3381,862493184,47983616,3025510,3386102,7,2,0,0,0,58038,127144
1778299164362,2549846016,53501952,765652992,241315840,953815040,1073737728,842278,46859,6,5294837,49912,0,1021360,3381,862493184,47983616,3025708,3386142,7,2,0,0,0,58038,127145
1778299164656,2549846016,53501952,765652992,241315840,953815040,1073737728,842278,46859,6,5296462,49912,0,1021360,3381,862493184,47983616,3025906,3386182,7,2,0,0,0,58038,127145
1778299164952,2549846016,53501952,765657088,241315840,953856000,1073737728,842278,46859,6,5298593,49912,0,1022169,3381,862493184,47983616,3028924,3387542,7,2,0,0,0,58038,127146
1778299165246,2549846016,53501952,765657088,241315840,953815040,1073737728,842278,46859,6,5300218,49912,0,1022169,3381,862493184,47983616,3030822,3388238,7,2,0,0,0,58038,127146
1778299165540,2549846016,53501952,765661184,241315840,953815040,1073737728,842278,46859,6,5301842,49912,0,1022169,3381,862493184,47983616,3031020,3388278,7,2,0,0,0,58038,127146
1778299165833,2549846016,53501952,765661184,241315840,953815040,1073737728,842278,46859,6,5303469,49912,0,1022169,3381,862493184,47983616,3031900,3389102,7,2,0,0,0,58038,127146
1778299166126,2549846016,53501952,765665280,241315840,953815040,1073737728,842278,46859,6,5305602,49912,0,1022977,3381,862493184,47983616,3033192,3390862,7,2,0,0,0,58038,127148
1778299166420,2549846016,53501952,765665280,241315840,953815040,1073737728,842278,46859,6,5307225,49912,0,1022977,3381,862493184,47983616,3033390,3390902,7,2,0,0,0,58038,127148
1778299166714,2549846016,53510144,765669376,241315840,953815040,1073737728,842278,46887,6,5308852,49912,0,1022977,3381,862493184,48012288,3033834,3392410,7,2,0,0,0,58038,127148
1778299167009,2549846016,53510144,765681664,241324032,953798656,1073737728,842278,46887,6,5310988,49912,0,1023779,3381,862493184,48012288,3035008,3392610,7,2,0,0,0,58040,127148
1778299167302,2549846016,53510144,765681664,241324032,953798656,1073737728,842278,46887,6,5312612,49912,0,1023779,3381,862493184,48012288,3035222,3392650,7,2,0,0,0,58040,127148
1778299167597,2549846016,53510144,765685760,241324032,953798656,1073737728,842278,46887,6,5314235,49912,0,1023779,3381,862493184,48012288,3035420,3392690,7,2,0,0,0,58040,127148
1778299167893,2549846016,53510144,765685760,241324032,953798656,1073737728,842278,46887,6,5315860,49912,0,1023779,3381,862493184,48012288,3037462,3393890,7,2,0,0,0,58040,127148
1778299168189,2549846016,53510144,765685760,241324032,953827328,1073737728,842278,46887,6,5317987,49912,0,1024585,3381,862493184,48012288,3040234,3394666,7,2,0,0,0,58040,127149
1778299168485,2549846016,53510144,765685760,241324032,953827328,1073737728,842278,46887,6,5319612,49912,0,1024585,3381,862493184,48012288,3040550,3394706,7,2,0,0,0,58040,127149
1778299168776,2549846016,53510144,765685760,241324032,953827328,1073737728,842278,46887,6,5321237,49912,0,1024585,3381,862493184,48012288,3041312,3395530,7,2,0,0,0,58040,127149
1778299169069,2550104064,53510144,765685760,241324032,953802752,1073737728,842278,46887,6,5323374,49912,0,1025393,3381,862493184,48012288,3042604,3396614,7,2,0,0,0,58040,127149
1778299169364,2550104064,53510144,765685760,241324032,953802752,1073737728,842278,46887,6,5324998,49912,0,1025393,3381,862493184,48012288,3042818,3396654,7,2,0,0,0,58040,127149
1778299169658,2550104064,53510144,765685760,241324032,953802752,1073737728,842278,46887,6,5326621,49912,0,1025393,3381,862493184,48012288,3043016,3397618,7,2,0,0,0,58040,127149
1778299169954,2550104064,53510144,765689856,241324032,953802752,1073737728,842278,46887,6,5328246,49912,0,1025393,3381,862493184,48012288,3043476,3398242,7,2,0,0,0,58040,127149
1778299170250,2550104064,53510144,765689856,241328128,953843712,1073737728,842278,46887,6,5330394,49912,0,1026197,3381,862493184,48012288,3044666,3398402,7,2,0,0,0,58040,127150
1778299170544,2550104064,53510144,765689856,241328128,953843712,1073737728,842278,46887,6,5332019,49912,0,1026197,3381,862493184,48012288,3044880,3398442,7,2,0,0,0,58040,127150
1778299170837,2550104064,53510144,765689856,241328128,953843712,1073737728,842278,46887,6,5333644,49912,0,1026197,3381,862493184,48012288,3045324,3399026,7,2,0,0,0,58040,127150
1778299171129,2550104064,53510144,765689856,241328128,953815040,1073737728,842278,46887,6,5335786,49912,0,1027009,3381,862493184,48012288,3048080,3399762,7,2,0,0,0,58040,127150
1778299171424,2550104064,53510144,765693952,241328128,953815040,1073737728,842278,46887,6,5337411,49912,0,1027009,3381,862493184,48012288,3049876,3400418,7,2,0,0,0,58040,127150
1778299171715,2550104064,53518336,765693952,241328128,953815040,1073737728,842278,46903,6,5339040,49912,0,1027009,3381,862493184,48028672,3050646,3401258,7,2,0,0,0,58040,127150
1778299172010,2550104064,53518336,765693952,241324032,953806848,1073737728,842278,46903,6,5340663,49912,0,1027009,3381,862493184,48057344,3051072,3401498,7,2,0,0,0,58040,127152
1778299172306,2550018048,53518336,765693952,241324032,953765888,1073737728,842278,46931,6,5342793,49914,0,1027813,3381,862493184,48057344,3052246,3402542,7,2,0,0,0,58040,127152
1778299172601,2550018048,53518336,765693952,241324032,953765888,1073737728,842278,46931,6,5344416,49914,0,1027813,3381,862493184,48057344,3052444,3402582,7,2,0,0,0,58040,127152
1778299172896,2550018048,53518336,765693952,241324032,953765888,1073737728,842278,46931,6,5346042,49914,0,1027813,3381,862493184,48057344,3052904,3404090,7,2,0,0,0,58040,127152
1778299173190,2550382592,53518336,765693952,241332224,953753600,1073737728,842278,46931,6,5348182,49914,0,1028622,3381,862493184,48057344,3054078,3404210,7,2,0,0,0,58042,127153
1778299173485,2550382592,53518336,765693952,241332224,953753600,1073737728,842278,46931,6,5349805,49914,0,1028622,3381,862493184,48057344,3054292,3404250,7,2,0,0,0,58042,127153
1778299173780,2550382592,53518336,765693952,241332224,953753600,1073737728,842278,46931,6,5351431,49914,0,1028622,3381,862493184,48057344,3054982,3404794,7,2,0,0,0,58042,127153
1778299174074,2550382592,53518336,765698048,241332224,953819136,1073737728,842278,46931,6,5353054,49914,0,1028622,3381,862493184,48057344,3056778,3405502,7,2,0,0,0,58042,127154
1778299174367,2550382592,53518336,765698048,241332224,953753600,1073737728,842278,46931,6,5355190,49914,0,1029427,3381,862493184,48057344,3059550,3406238,7,2,0,0,0,58042,127154
1778299174661,2550382592,53518336,765702144,241332224,953753600,1073737728,842278,46931,6,5356815,49914,0,1029427,3381,862493184,48057344,3059850,3406278,7,2,0,0,0,58042,127154
1778299174954,2550382592,53518336,765702144,241332224,953753600,1073737728,842278,46931,6,5358442,49914,0,1029427,3381,862493184,48057344,3060628,3407142,7,2,0,0,0,58042,127154
1778299175249,2550382592,53518336,765706240,241332224,953905152,1073737728,842278,46931,6,5360593,49915,0,1030231,3381,862493184,48057344,3061818,3408186,7,2,0,0,0,58042,127155
1778299175543,2550382592,53518336,765706240,241332224,953905152,1073737728,842278,46931,6,5362217,49915,0,1030231,3381,862493184,48057344,3062032,3408226,7,2,0,0,0,58042,127155
1778299175837,2550382592,53518336,765706240,241332224,953905152,1073737728,842278,46931,6,5363842,49915,0,1030231,3381,862493184,48057344,3062492,3409734,7,2,0,0,0,58042,127155
1778299176128,2550382592,53518336,765706240,241332224,953823232,1073737728,842278,46931,6,5365482,49915,0,1030231,3381,862493184,48057344,3062706,3409774,7,2,0,0,0,58042,127156
1778299176421,2550382592,53518336,765706240,241332224,953798656,1073737728,842278,46931,6,5367606,49915,0,1031046,3381,862493184,48057344,3063880,3409934,7,2,0,0,0,58042,127156
1778299176715,2550382592,53526528,765706240,241332224,953798656,1073737728,842278,46975,6,5369244,49915,0,1031046,3381,862493184,48102400,3064324,3410518,7,2,0,0,0,58042,127156
1778299177009,2550382592,53526528,765710336,241332224,953798656,1073737728,842278,46975,6,5370867,49915,0,1031046,3381,862493184,48102400,3066206,3411350,7,2,0,0,0,58042,127156
1778299177303,2550382592,53526528,765710336,241332224,953765888,1073737728,842278,47043,6,5373000,49915,0,1031847,3381,862493184,48172032,3068946,3412086,7,2,0,0,0,58042,127156
1778299177597,2550382592,53526528,765710336,241332224,953765888,1073737728,842278,47043,6,5374623,49915,0,1031847,3381,862493184,48172032,3069144,3412126,7,2,0,0,0,58042,127156
1778299177893,2550382592,53526528,765710336,241332224,953765888,1073737728,842278,47043,6,5376250,49915,0,1031847,3381,862493184,48172032,3070040,3412990,7,2,0,0,0,58042,127156
1778299178186,2550382592,53526528,765710336,241340416,953835520,1073737728,842278,47043,6,5377874,49915,0,1031847,3381,862493184,48172032,3070238,3413954,7,2,0,0,0,58044,127157
1778299178482,2550382592,53526528,765710336,241340416,953933824,1073737728,842278,47043,6,5379999,49915,0,1032658,3381,862493184,48172032,3071380,3414114,7,2,0,0,0,58044,127157
1778299178776,2550382592,53526528,765714432,241340416,953933824,1073737728,842278,47043,6,5381624,49915,0,1032658,3381,862493184,48172032,3071824,3415662,7,2,0,0,0,58044,127157
1778299179070,2550382592,53526528,765714432,241340416,953933824,1073737728,842278,47043,6,5383248,49915,0,1032658,3381,862493184,48172032,3072022,3415702,7,2,0,0,0,58044,127157
1778299179363,2550382592,53526528,765714432,241340416,953921536,1073737728,842278,47043,6,5385388,49915,0,1033468,3381,862493184,48172032,3073282,3415958,7,2,0,0,0,58044,127157
1778299179654,2550382592,53526528,765714432,241340416,953921536,1073737728,842278,47043,6,5387011,49915,0,1033468,3381,862493184,48172032,3073496,3415998,7,2,0,0,0,58044,127157
1778299179949,2550382592,53526528,765714432,241340416,953921536,1073737728,842278,47043,6,5388639,49915,0,1033468,3381,862493184,48172032,3075538,3417198,7,2,0,0,0,58044,127157
1778299180244,2550382592,53526528,765714432,241340416,953839616,1073737728,842278,47043,6,5390265,49915,0,1033468,3381,862493184,48172032,3077436,3417854,7,2,0,0,0,58044,127158
1778299180539,2550382592,53526528,765722624,241340416,953720832,1073737728,842278,47043,6,5392411,49915,0,1034279,3381,862493184,48172032,3078610,3417974,7,2,0,0,0,58044,127158
1778299180833,2550382592,53526528,765722624,241340416,953720832,1073737728,842278,47043,6,5394039,49915,0,1034279,3381,862493184,48172032,3079474,3418838,7,2,0,0,0,58044,127158
1778299181122,2550382592,53526528,765726720,241340416,953819136,1073737728,842278,47043,6,5395662,49915,0,1034279,3381,862493184,48172032,3079688,3419802,7,2,0,0,0,58044,127158
1778299181415,2550136832,53526528,765726720,241340416,953720832,1073737728,842278,47043,6,5397797,49915,0,1035084,3381,862493184,48172032,3080846,3419962,7,2,0,0,0,58044,127159
1778299181709,2550136832,53534720,765722624,241340416,953720832,1073737728,842278,47071,6,5399423,49915,0,1035084,3381,862493184,48200704,3081306,3421470,7,2,0,0,0,58044,127159
1778299182003,2550136832,53534720,765722624,241340416,953720832,1073737728,842278,47071,6,5401047,49915,0,1035084,3381,862493184,48200704,3081520,3421550,7,2,0,0,0,58044,127159
1778299182297,2550136832,53534720,765726720,241340416,953856000,1073737728,842278,47071,6,5402685,49915,0,1035084,3381,862493184,48200704,3081718,3421590,7,2,0,0,0,58044,127159
1778299182593,2550136832,53534720,765730816,241344512,953815040,1073737728,842278,47071,6,5404818,49915,0,1035887,3381,862493184,48200704,3082994,3421846,7,2,0,0,0,58045,127159
1778299182890,2550136832,53534720,765730816,241344512,953815040,1073737728,842278,47071,6,5406444,49915,0,1035887,3381,862493184,48200704,3085036,3423046,7,2,0,0,0,58045,127159
1778299183183,2550136832,53534720,765730816,241348608,953843712,1073737728,842278,47071,6,5408068,49915,0,1035887,3381,862493184,48200704,3086816,3423702,7,2,0,0,0,58046,127159
1778299183477,2550136832,53534720,765730816,241352704,953827328,1073737728,842278,47071,6,5410214,49915,0,1036700,3381,862493184,48200704,3088092,3423862,7,2,0,0,0,58046,127159
1778299183771,2550136832,53534720,765730816,241352704,953827328,1073737728,842278,47071,6,5411840,49915,0,1036700,3381,862493184,48200704,3088870,3424726,7,2,0,0,0,58046,127159
1778299184066,2550136832,53534720,765734912,241348608,953876480,1073737728,842278,47071,6,5413466,49915,0,1036700,3381,862493184,48200704,3089186,3425730,7,2,0,0,0,58046,127161
1778299184360,2550136832,53534720,765734912,241348608,953876480,1073737728,842278,47071,6,5415090,49915,0,1036700,3381,862493184,48200704,3089400,3425770,7,2,0,0,0,58046,127161
1778299184655,2550136832,53534720,765739008,241352704,953950208,1073737728,842278,47071,6,5417227,49915,0,1037506,3381,862493184,48200704,3090574,3426774,7,2,0,0,0,58046,127162
1778299184950,2550136832,53534720,765739008,241352704,953950208,1073737728,842278,47071,6,5418852,49915,0,1037506,3381,862493184,48200704,3091034,3427358,7,2,0,0,0,58046,127162
1778299185243,2550136832,53534720,765739008,241348608,953864192,1073737728,842278,47071,6,5420476,49915,0,1037506,3381,862493184,48200704,3091232,3427446,7,2,0,0,0,58046,127162
1778299185537,2550136832,53534720,765739008,241348608,953929728,1073737728,842278,47071,6,5422602,49915,0,1038310,3381,862493184,48200704,3092406,3427566,7,2,0,0,0,58046,127162
1778299185833,2550136832,53534720,765739008,241348608,953929728,1073737728,842278,47071,6,5424231,49915,0,1038310,3381,862493184,48200704,3092866,3428150,7,2,0,0,0,58046,127162
1778299186122,2550136832,53534720,765739008,241348608,953864192,1073737728,842278,47071,6,5425855,49915,0,1038310,3381,862493184,48200704,3094646,3428806,7,2,0,0,0,58046,127162
1778299186417,2550136832,53534720,765739008,241348608,953864192,1073737728,842278,47071,6,5427481,49915,0,1038310,3381,862493184,48200704,3096426,3429462,7,2,0,0,0,58046,127162
1778299186714,2550136832,53542912,765739008,241348608,953917440,1073737728,842278,47103,6,5429643,49915,0,1039122,3381,862493184,48233472,3098070,3430246,7,2,0,0,0,58046,127164
1778299187008,2550136832,53542912,765739008,241348608,953917440,1073737728,842278,47103,6,5431267,49915,0,1039122,3381,862493184,48233472,3098496,3430446,7,2,0,0,0,58046,127164
1778299187302,2550136832,53542912,765743104,241348608,953892864,1073737728,842278,47103,6,5432890,49915,0,1039122,3381,862493184,48233472,3098694,3431410,7,2,0,0,0,58046,127165
1778299187596,2550136832,53542912,765743104,241348608,953724928,1073737728,842278,47123,6,5435024,49915,0,1039928,3381,862493184,48253952,3099852,3431530,7,2,0,0,0,58046,127165
1778299187892,2550136832,53542912,765743104,241348608,953724928,1073737728,842278,47123,6,5436651,49915,0,1039928,3381,862493184,48253952,3100414,3433214,7,2,0,0,0,58046,127165
1778299188186,2550136832,53542912,765743104,241356800,953892864,1073737728,842278,47123,6,5438290,49915,0,1039928,3381,862493184,48253952,3100612,3433254,7,2,0,0,0,58048,127165
1778299188481,2550136832,53542912,765747200,241356800,953892864,1073737728,842278,47123,6,5439913,49915,0,1039928,3381,862493184,48253952,3100810,3433294,7,2,0,0,0,58048,127165
1778299188777,2550136832,53542912,765747200,241356800,953991168,1073737728,842278,47123,6,5442040,49915,0,1040735,3381,862493184,48253952,3102246,3433918,7,2,0,0,0,58048,127166
1778299189072,2550136832,53542912,765747200,241356800,953880576,1073737728,842278,47123,6,5443663,49915,0,1040735,3381,862493184,48253952,3104042,3434574,7,2,0,0,0,58048,127166
1778299189361,2550136832,53542912,765747200,241356800,953880576,1073737728,842278,47123,6,5445287,49915,0,1040735,3381,862493184,48253952,3105822,3435230,7,2,0,0,0,58048,127166
1778299189655,2550136832,53542912,765747200,241360896,953737216,1073737728,842278,47123,6,5447427,49915,0,1041539,3381,862493184,48253952,3107114,3435390,7,2,0,0,0,58048,127166
1778299189950,2550136832,53542912,765747200,241360896,953737216,1073737728,842278,47123,6,5449052,49915,0,1041539,3381,862493184,48253952,3107892,3436254,7,2,0,0,0,58048,127166
1778299190245,2550136832,53542912,765751296,241356800,953868288,1073737728,842278,47123,6,5450675,49915,0,1041539,3381,862493184,48253952,3108090,3437218,7,2,0,0,0,58048,127166
1778299190537,2550136832,53542912,765751296,241356800,953868288,1073737728,842278,47123,6,5452298,49915,0,1041539,3381,862493184,48253952,3108288,3437258,7,2,0,0,0,58048,127166
1778299190834,2550136832,53542912,765751296,241360896,953876480,1073737728,842278,47123,6,5454437,49915,0,1042345,3381,862493184,48253952,3109708,3438806,7,2,0,0,0,58048,127167
1778299191124,2550136832,53542912,765751296,241356800,953901056,1073737728,842278,47123,6,5456061,49915,0,1042345,3381,862493184,48253952,3109964,3438874,7,2,0,0,0,58048,127167
1778299191415,2550136832,53542912,765751296,241356800,953901056,1073737728,842278,47123,6,5457685,49915,0,1042345,3381,862493184,48253952,3110162,3438914,7,2,0,0,0,58048,127167
1778299191709,2550136832,53551104,765747200,241360896,953753600,1073737728,842278,47151,6,5459825,49915,0,1043156,3381,862493184,48282624,3111566,3439618,7,2,0,0,0,58049,127167
1778299192003,2550136832,53551104,765751296,241360896,953892864,1073737728,842278,47151,6,5461449,49915,0,1043156,3381,862493184,48282624,3113362,3440274,7,2,0,0,0,58049,127167
1778299192296,2550136832,53551104,765755392,241360896,953892864,1073737728,842278,47151,6,5463073,49915,0,1043156,3381,862493184,48282624,3115142,3440930,7,2,0,0,0,58049,127167
1778299192589,2550136832,53551104,765759488,241360896,953892864,1073737728,842278,47151,6,5464699,49915,0,1043156,3381,862493184,48282624,3115442,3440970,7,2,0,0,0,58049,127167
1778299192886,2550136832,53551104,765759488,241364992,953753600,1073737728,842278,47151,6,5466848,49915,0,1043962,3381,862493184,48282624,3117212,3441914,7,2,0,0,0,58050,127169
1778299193181,2550136832,53551104,765759488,241364992,953876480,1073737728,842278,47151,6,5468471,49915,0,1043962,3381,862493184,48282624,3117410,3442878,7,2,0,0,0,58050,127169
1778299193473,2550136832,53551104,765759488,241364992,953876480,1073737728,842278,47151,6,5470094,49915,0,1043962,3381,862493184,48282624,3117710,3443054,7,2,0,0,0,58050,127169
1778299193768,2550136832,53551104,765759488,241369088,953917440,1073737728,842278,47151,6,5472218,49915,0,1044769,3381,862493184,48282624,3119098,3444722,7,2,0,0,0,58050,127169
1778299194061,2550136832,53551104,765771776,241364992,953917440,1073737728,842278,47151,6,5473842,49915,0,1044769,3381,862493184,48282624,3119312,3444762,7,2,0,0,0,58050,127169
1778299194353,2550136832,53551104,765771776,241364992,953917440,1073737728,842278,47151,6,5475481,49915,0,1044769,3381,862493184,48282624,3119510,3444802,7,2,0,0,0,58050,127169
1778299194648,2550136832,53551104,765771776,241364992,953917440,1073737728,842278,47151,6,5477104,49915,0,1044769,3381,862493184,48282624,3119708,3444842,7,2,0,0,0,58050,127169
1778299194944,2550136832,53551104,765771776,241369088,953892864,1073737728,842278,47151,6,5479244,49915,0,1045578,3381,862493184,48282624,3122710,3446082,7,2,0,0,0,58050,127169
1778299195237,2550136832,53551104,765771776,241364992,953909248,1073737728,842278,47151,6,5480871,49915,0,1045578,3381,862493184,48282624,3124624,3446778,7,2,0,0,0,58050,127170
1778299195529,2550136832,53551104,765771776,241364992,953909248,1073737728,842278,47151,6,5482494,49915,0,1045578,3381,862493184,48282624,3124822,3446818,7,2,0,0,0,58050,127170
1778299195824,2550136832,53551104,765771776,241364992,953970688,1073737728,842278,47151,6,5484624,49915,0,1046382,3381,862493184,48282624,3126678,3447762,7,2,0,0,0,58050,127170
1778299196117,2550136832,53551104,765775872,241364992,953905152,1073737728,842278,47151,6,5486247,49915,0,1046382,3381,862493184,48282624,3126892,3448726,7,2,0,0,0,58050,127170
1778299196411,2550136832,53551104,765775872,241364992,953905152,1073737728,842278,47151,6,5487871,49915,0,1046382,3381,862493184,48282624,3127090,3448766,7,2,0,0,0,58050,127170
1778299196705,2550136832,53551104,765775872,241364992,953917440,1073737728,842278,47163,6,5489497,49915,0,1046382,3381,862493184,48294912,3127534,3450274,7,2,0,0,0,58050,127170
1778299197000,2550136832,53559296,765775872,241364992,953933824,1073737728,842278,47179,6,5491629,49915,0,1047194,3381,862493184,48311296,3128692,3450434,7,2,0,0,0,58050,127170
1778299197293,2550136832,53559296,765775872,241364992,953917440,1073737728,842278,47179,6,5493252,49915,0,1047194,3381,862493184,48311296,3128890,3450474,7,2,0,0,0,58050,127171
1778299197587,2550136832,53559296,765775872,241364992,953917440,1073737728,842278,47179,6,5494876,49915,0,1047194,3381,862493184,48315392,3129088,3450514,7,2,0,0,0,58050,127171
1778299197882,2550136832,53559296,765779968,241364992,953843712,1073737728,842278,47183,6,5497024,49915,0,1048004,3381,862493184,48315392,3132090,3451834,7,2,0,0,0,58050,127172
1778299198175,2550136832,53559296,765779968,241373184,953884672,1073737728,842278,47183,6,5498648,49915,0,1048004,3381,862493184,48315392,3133886,3452490,7,2,0,0,0,58052,127174
1778299198470,2550136832,53559296,765779968,241373184,953884672,1073737728,842278,47183,6,5500273,49915,0,1048004,3381,862493184,48315392,3134186,3452530,7,2,0,0,0,58052,127174
1778299198764,2550136832,53559296,765779968,241373184,953884672,1073737728,842278,47183,6,5501900,49915,0,1048004,3381,862493184,48315392,3134940,3453530,7,2,0,0,0,58052,127174
1778299199060,2550136832,53559296,765779968,241373184,953933824,1073737728,842278,47183,6,5504033,49915,0,1048812,3381,862493184,48315392,3136342,3454574,7,2,0,0,0,58052,127174
1778299199354,2550136832,53559296,765779968,241373184,953933824,1073737728,842278,47183,6,5505656,49915,0,1048812,3381,862493184,48315392,3136540,3454614,7,2,0,0,0,58052,127174
1778299199648,2550136832,53559296,765779968,241373184,953933824,1073737728,842278,47183,6,5507280,49915,0,1048812,3381,862493184,48315392,3136738,3455578,7,2,0,0,0,58052,127174
1778299199942,2550136832,53559296,765784064,241373184,953917440,1073737728,842278,47183,6,5509414,49915,0,1049615,3381,862493184,48315392,3138142,3456322,7,2,0,0,0,58052,127175
1778299200237,2550136832,53559296,765784064,241373184,953917440,1073737728,842278,47183,6,5511054,49915,0,1049615,3381,862493184,48315392,3138356,3456362,7,2,0,0,0,58052,127175
1778299200527,2550136832,53559296,765784064,241373184,953917440,1073737728,842278,47183,6,5512678,49915,0,1049615,3381,862493184,48315392,3138554,3456402,7,2,0,0,0,58052,127175
1778299200821,2550136832,53559296,765784064,241373184,953917440,1073737728,842278,47183,6,5514303,49915,0,1049615,3381,862493184,48315392,3138998,3456986,7,2,0,0,0,58052,127175
1778299201117,2549878784,53559296,765784064,241373184,953892864,1073737728,842278,47183,6,5516436,49915,0,1050419,3381,862493184,48315392,3141770,3457642,7,2,0,0,0,58052,127175
1778299201411,2549878784,53559296,765788160,241373184,953892864,1073737728,842278,47183,6,5518064,49915,0,1050419,3381,862493184,48315392,3143834,3458378,7,2,0,0,0,58052,127175
1778299201705,2549878784,53559296,765792256,241373184,953892864,1073737728,842278,47183,6,5519690,49915,0,1050419,3381,862493184,48315392,3144384,3459042,7,2,0,0,0,58052,127175
1778299202000,2549878784,53559296,765792256,241373184,953929728,1073737728,842278,47183,6,5521840,49915,0,1051231,3381,862493184,48348160,3145904,3459322,7,2,0,0,0,58052,127177
1778299202293,2549878784,53567488,765792256,241373184,953929728,1073737728,842278,47215,6,5523478,49915,0,1051231,3381,862493184,48348160,3146118,3460286,7,2,0,0,0,58052,127177
1778299202586,2549878784,53567488,765792256,241373184,953929728,1073737728,842278,47215,6,5525101,49915,0,1051231,3381,862493184,48348160,3146316,3460326,7,2,0,0,0,58052,127177
1778299202882,2549878784,53567488,765792256,241373184,953929728,1073737728,842278,47215,6,5526724,49915,0,1051231,3381,862493184,48348160,3146776,3461834,7,2,0,0,0,58052,127177
1778299203177,2550145024,53567488,765792256,241381376,953937920,1073737728,842278,47215,6,5528857,49915,0,1052036,3381,862493184,48348160,3147950,3461954,7,2,0,0,0,58054,127177
1778299203472,2550145024,53567488,765792256,241381376,953937920,1073737728,842278,47215,6,5530480,49915,0,1052036,3381,862493184,48348160,3148148,3461994,7,2,0,0,0,58054,127177
1778299203759,2550145024,53567488,765792256,241381376,953937920,1073737728,842278,47215,6,5532107,49915,0,1052036,3381,862493184,48348160,3148592,3462578,7,2,0,0,0,58054,127177
1778299204053,2550145024,53567488,765796352,241377280,954003456,1073737728,842278,47215,6,5534234,49915,0,1052840,3381,862493184,48348160,3151364,3463354,7,2,0,0,0,58054,127177
1778299204348,2550145024,53567488,765796352,241381376,953942016,1073737728,842278,47215,6,5535858,49915,0,1052840,3381,862493184,48348160,3153262,3464186,7,2,0,0,0,58054,127178
1778299204642,2550145024,53567488,765796352,241381376,953942016,1073737728,842278,47215,6,5537484,49915,0,1052840,3381,862493184,48348160,3153562,3464266,7,2,0,0,0,58054,127178
1778299204937,2550145024,53567488,765796352,241381376,953942016,1073737728,842278,47215,6,5539111,49915,0,1052840,3381,862493184,48348160,3154442,3465090,7,2,0,0,0,58054,127178
1778299205234,2550145024,53567488,765796352,241381376,953872384,1073737728,842278,47215,6,5541245,49915,0,1053647,3381,862493184,48348160,3155750,3466310,7,2,0,0,0,58054,127178
1778299205523,2550145024,53567488,765800448,241381376,953872384,1073737728,842278,47215,6,5542869,49915,0,1053647,3381,862493184,48348160,3155948,3466350,7,2,0,0,0,58054,127178
1778299205816,2550145024,53567488,765800448,241381376,953872384,1073737728,842278,47215,6,5544496,49915,0,1053647,3381,862493184,48348160,3156392,3467898,7,2,0,0,0,58054,127178
1778299206109,2550145024,53567488,765800448,241381376,953876480,1073737728,842278,47215,6,5546630,49915,0,1054455,3381,862493184,48348160,3157566,3468058,7,2,0,0,0,58054,127179
1778299206403,2550145024,53567488,765800448,241381376,953925632,1073737728,842278,47215,6,5548271,49915,0,1054455,3381,862493184,48348160,3157780,3468098,7,2,0,0,0,58054,127179
1778299206697,2550145024,53567488,765800448,241381376,953925632,1073737728,842278,47215,6,5549896,49915,0,1054455,3381,862493184,48348160,3158224,3468682,7,2,0,0,0,58054,127179
1778299206991,2550145024,53567488,765800448,241381376,953925632,1073737728,842278,47215,6,5551520,49915,0,1054455,3381,862493184,48348160,3160020,3469338,7,2,0,0,0,58054,127179
1778299207287,2550145024,53575680,765796352,241377280,953917440,1073737728,842278,47247,6,5553659,49915,0,1055263,3381,862493184,48380928,3162722,3470034,7,2,0,0,0,58054,127179
1778299207579,2550145024,53575680,765796352,241377280,953917440,1073737728,842278,47247,6,5555285,49915,0,1055263,3381,862493184,48380928,3163038,3470114,7,2,0,0,0,58054,127179
1778299207873,2550145024,53575680,765796352,241377280,953917440,1073737728,842278,47247,6,5556910,49915,0,1055263,3381,862493184,48450560,3163800,3470938,7,2,0,0,0,58054,127179
1778299208167,2550145024,53575680,765812736,241381376,953909248,1073737728,842278,47315,6,5559047,49915,0,1056069,3381,862493184,48450560,3165006,3472022,7,2,0,0,0,58055,127181
1778299208462,2550145024,53575680,765812736,241389568,953966592,1073737728,842278,47315,6,5560670,49915,0,1056069,3381,862493184,48450560,3165220,3472062,7,2,0,0,0,58056,127182
1778299208756,2550145024,53575680,765812736,241389568,953966592,1073737728,842278,47315,6,5562295,49915,0,1056069,3381,862493184,48450560,3165664,3473610,7,2,0,0,0,58056,127182
1778299209050,2550145024,53575680,765816832,241389568,953966592,1073737728,842278,47315,6,5563919,49915,0,1056069,3381,862493184,48450560,3165862,3473650,7,2,0,0,0,58056,127182
1778299209345,2550919168,53575680,765816832,241385472,953896960,1073737728,842278,47315,6,5566056,49915,0,1056877,3381,862493184,48450560,3167036,3473770,7,2,0,0,0,58056,127183
1778299209640,2550919168,53575680,765816832,241385472,953896960,1073737728,842278,47315,6,5567680,49915,0,1056877,3381,862493184,48450560,3167234,3473810,7,2,0,0,0,58056,127183
1778299209933,2550919168,53575680,765816832,241385472,953896960,1073737728,842278,47315,6,5569306,49915,0,1056877,3381,862493184,48450560,3169362,3475186,7,2,0,0,0,58056,127183
1778299210228,2550702080,53575680,765816832,241385472,954023936,1073737728,842278,47315,6,5571441,49915,0,1057687,3381,862493184,48450560,3172134,3475922,7,2,0,0,0,58056,127183
1778299210518,2550702080,53575680,765820928,241389568,954081280,1073737728,842278,47315,6,5573065,49915,0,1057687,3381,862493184,48450560,3172466,3475962,7,2,0,0,0,58056,127183
1778299210810,2550702080,53575680,765825024,241389568,954081280,1073737728,842278,47315,6,5574694,49915,0,1057687,3381,862493184,48450560,3173228,3476866,7,2,0,0,0,58056,127183
1778299211104,2550702080,53575680,765825024,241389568,954081280,1073737728,842278,47315,6,5576318,49915,0,1057687,3381,862493184,48450560,3173442,3477830,7,2,0,0,0,58056,127183
1778299211397,2550702080,53575680,765829120,241389568,953950208,1073737728,842278,47315,6,5578453,49915,0,1058495,3381,862493184,48450560,3174648,3477950,7,2,0,0,0,58056,127184
1778299211692,2550702080,53575680,765829120,241389568,953950208,1073737728,842278,47315,6,5580079,49915,0,1058495,3381,862493184,48450560,3175108,3479458,7,2,0,0,0,58056,127184
1778299211981,2550702080,53575680,765829120,241389568,953954304,1073737728,842278,47315,6,5581702,49915,0,1058495,3381,862493184,48450560,3175322,3479498,7,2,0,0,0,58056,127186
1778299212276,2550702080,53583872,765820928,241389568,953884672,1073737728,842278,47371,6,5583862,49915,0,1059303,3381,862493184,48507904,3176480,3479618,7,2,0,0,0,58056,127186
1778299212570,2550702080,53583872,765820928,241389568,953896960,1073737728,842278,47371,6,5585485,49915,0,1059303,3381,862493184,48507904,3176694,3479658,7,2,0,0,0,58056,127186
1778299212865,2550702080,53583872,765825024,241389568,953896960,1073737728,842278,47371,6,5587111,49915,0,1059303,3381,862493184,48507904,3177138,3480242,7,2,0,0,0,58056,127186
1778299213158,2550702080,53583872,765833216,241389568,953958400,1073737728,842278,47399,6,5588734,49915,0,1059303,3381,862493184,48536576,3178934,3480898,7,2,0,0,0,58056,127186
1778299213453,2550456320,53583872,765833216,241397760,953978880,1073737728,842278,47399,6,5590872,49915,0,1060113,3381,862493184,48536576,3181674,3481554,7,2,0,0,0,58058,127186
1778299213740,2550456320,53583872,765833216,241397760,953978880,1073737728,842278,47399,6,5592499,49915,0,1060113,3381,862493184,48536576,3182342,3482258,7,2,0,0,0,58058,127186
1778299214036,2550456320,53583872,765833216,241397760,953987072,1073737728,842278,47399,6,5594123,49915,0,1060113,3381,862493184,48536576,3182768,3482458,7,2,0,0,0,58058,127187
1778299214328,2550456320,53583872,765833216,241397760,953987072,1073737728,842278,47399,6,5596200,49915,0,1060918,3381,862493184,48536576,3183926,3483422,7,2,0,0,0,58058,127187
1778299214622,2550456320,53583872,765833216,241397760,953888768,1073737728,842278,47399,6,5597882,49915,0,1060918,3381,862493184,48536576,3184140,3484426,7,2,0,0,0,58058,127187
1778299214914,2550456320,53583872,765837312,241397760,953888768,1073737728,842278,47399,6,5599509,49915,0,1060918,3381,862493184,48536576,3184600,3485010,7,2,0,0,0,58058,127187
1778299215208,2550456320,53583872,765837312,241397760,953954304,1073737728,842278,47399,6,5601132,49915,0,1060918,3381,862493184,48536576,3184916,3485226,7,2,0,0,0,58058,127187
1778299215502,2550456320,53583872,765837312,241397760,954077184,1073737728,842278,47399,6,5603272,49915,0,1061722,3381,862493184,48536576,3186074,3485266,7,2,0,0,0,58058,127187
1778299215796,2550456320,53583872,765837312,241397760,954077184,1073737728,842278,47399,6,5604898,49915,0,1061722,3381,862493184,48536576,3186534,3485850,7,2,0,0,0,58058,127187
1778299216090,2550456320,53583872,765837312,241397760,953982976,1073737728,842278,47399,6,5606521,49915,0,1061722,3381,862493184,48536576,3188330,3486506,7,2,0,0,0,58058,127188
1778299216385,2550456320,53583872,765837312,241397760,953831424,1073737728,842278,47399,6,5608579,49915,0,1062529,3381,862493184,48536576,3191204,3487162,7,2,0,0,0,58058,127188
1778299216677,2550456320,53583872,765837312,241397760,953892864,1073737728,842278,47399,6,5610288,49915,0,1062529,3381,862493184,48536576,3191536,3487474,7,2,0,0,0,58058,127188
1778299216970,2550456320,53583872,765837312,241397760,953892864,1073737728,842278,47399,6,5611914,49915,0,1062529,3381,862493184,48536576,3192464,3488486,7,2,0,0,0,58058,127188
1778299217265,2550456320,53583872,765841408,241397760,953954304,1073737728,842278,47399,6,5613537,49915,0,1062529,3381,862493184,48536576,3192662,3489450,7,2,0,0,0,58058,127188
1778299217552,2550927360,53592064,765837312,241397760,953921536,1073737728,842278,47427,6,5615698,49915,0,1063337,3381,862493184,48565248,3193804,3489530,7,2,0,0,0,58058,127188
1778299217846,2550927360,53592064,765837312,241397760,953921536,1073737728,842278,47427,6,5617323,49915,0,1063337,3381,862493184,48565248,3194264,3491078,7,2,0,0,0,58058,127188
1778299218139,2550927360,53592064,765837312,241397760,953921536,1073737728,842278,47427,6,5618963,49915,0,1063337,3381,862493184,48565248,3194478,3491118,7,2,0,0,0,58058,127188
1778299218432,2551132160,53592064,765841408,241397760,953806848,1073737728,842278,47427,6,5620811,49915,0,1063744,3381,862493184,48565248,3195212,3491158,7,2,0,0,0,58059,127188
1778299218718,2551517184,53592064,765845504,241405952,953991168,1073737728,842278,47427,6,5622720,49915,0,1064144,3381,862493184,48565248,3196096,3491862,7,2,0,0,0,58060,127189
1778299219012,2551517184,53592064,765845504,241405952,953991168,1073737728,842278,47427,6,5624343,49915,0,1064144,3381,862493184,48565248,3197892,3492558,7,2,0,0,0,58060,127189
1778299219307,2551517184,53592064,765849600,241405952,953991168,1073737728,842278,47427,6,5625969,49915,0,1064144,3381,862493184,48565248,3199790,3493254,7,2,0,0,0,58060,127189
1778299219600,2552311808,53592064,765849600,241405952,953999360,1073737728,842278,47427,6,5628117,49915,0,1064951,3381,862493184,48565248,3200980,3493294,7,2,0,0,0,58060,127191
1778299219895,2552311808,53592064,765849600,241405952,953999360,1073737728,842278,47427,6,5629745,49915,0,1064951,3381,862493184,48565248,3201860,3494158,7,2,0,0,0,58060,127191
1778299220189,2552311808,53592064,765849600,241405952,953999360,1073737728,842278,47427,6,5631369,49915,0,1064951,3381,862493184,48565248,3202058,3495122,7,2,0,0,0,58060,127191
1778299220484,2552311808,53592064,765849600,241405952,953999360,1073737728,842278,47427,6,5633049,49915,0,1065044,3381,862493184,48565248,3202256,3495162,7,2,0,0,0,58060,127191
1778299220777,2552311808,53592064,765849600,241405952,953999360,1073737728,842278,47427,6,5635128,49915,0,1065763,3381,862493184,48565248,3203778,3497006,7,2,0,0,0,58060,127191
1778299221072,2552311808,53592064,765861888,241405952,954011648,1073737728,842278,47427,6,5636751,49915,0,1065763,3381,862493184,48565248,3203992,3497046,7,2,0,0,0,58060,127192
1778299221365,2552311808,53592064,765861888,241405952,954011648,1073737728,842278,47427,6,5638374,49915,0,1065763,3381,862493184,48565248,3204190,3497086,7,2,0,0,0,58060,127192
1778299221659,2552053760,53592064,765861888,241405952,953991168,1073737728,842278,47427,6,5640504,49915,0,1066568,3381,862493184,48565248,3205348,3497206,7,2,0,0,0,58060,127194
1778299221950,2552053760,53592064,765861888,241405952,953991168,1073737728,842278,47427,6,5642130,49915,0,1066568,3381,862493184,48565248,3207390,3498446,7,2,0,0,0,58060,127194
1778299222245,2552053760,53592064,765861888,241405952,953991168,1073737728,842278,47427,6,5643754,49915,0,1066568,3381,862493184,48565248,3209212,3499148,7,2,0,0,0,58060,127194
1778299222538,2552053760,53600256,765853696,241405952,953991168,1073737728,842278,47459,6,5645380,49915,0,1066568,3381,862493184,48598016,3209528,3499188,7,2,0,0,0,58060,127194
1778299222833,2552811520,53600256,765853696,241405952,953991168,1073737728,842278,47459,6,5647515,49915,0,1067373,3381,862493184,48598016,3211282,3500132,7,2,0,0,0,58060,127194
1778299223122,2552832000,53600256,765865984,241414144,953987072,1073737728,842278,47459,6,5649143,49915,0,1067373,3381,862493184,48598016,3211614,3501096,7,2,0,0,0,58062,127195
1778299223415,2552832000,53600256,765865984,241414144,954019840,1073737728,842278,47479,6,5650767,49915,0,1067373,3381,862493184,48618496,3211812,3501136,7,2,0,0,0,58062,127195
1778299223709,2552848384,53600256,765865984,241414144,953843712,1073737728,842278,47479,6,5652923,49915,0,1068177,3381,862493184,48618496,3213216,3502724,7,2,0,0,0,58062,127195
1778299224002,2552848384,53600256,765865984,241414144,953843712,1073737728,842278,47479,6,5654546,49915,0,1068177,3381,862493184,48618496,3213430,3502804,7,2,0,0,0,58062,127195
1778299224297,2552786944,53600256,765865984,241414144,953962496,1073737728,842278,47479,6,5656186,49915,0,1068177,3381,862493184,48618496,3213670,3502872,7,2,0,0,0,58062,127195
1778299224586,2552786944,53600256,765865984,241414144,953962496,1073737728,842278,47479,6,5657809,49915,0,1068177,3381,862493184,48618496,3213868,3502912,7,2,0,0,0,58062,127195
1778299224883,2553311232,53600256,765865984,241414144,953810944,1073737728,842278,47479,6,5659933,49915,0,1068987,3381,862493184,48618496,3216870,3504232,7,2,0,0,0,58062,127195
1778299225177,2553405440,53600256,765870080,241414144,954019840,1073737728,842278,47479,6,5661556,49915,0,1068987,3381,862493184,48618496,3218650,3504888,7,2,0,0,0,58062,127196
1778299225471,2553405440,53600256,765874176,241414144,954019840,1073737728,842278,47479,6,5663182,49915,0,1068987,3381,862493184,48618496,3218966,3504928,7,2,0,0,0,58062,127196
1778299225764,2553937920,53600256,765874176,241414144,954015744,1073737728,842278,47479,6,5665324,49915,0,1069796,3381,862493184,48618496,3220508,3505752,7,2,0,0,0,58062,127197
1778299226058,2553937920,53600256,765874176,241414144,954015744,1073737728,842278,47479,6,5666947,49915,0,1069796,3381,862493184,48618496,3221036,3507052,7,2,0,0,0,58062,127197
1778299226350,2553937920,53600256,765874176,241414144,954015744,1073737728,842278,47479,6,5668570,49915,0,1069796,3381,862493184,48618496,3221250,3507092,7,2,0,0,0,58062,127197
1778299226643,2553937920,53600256,765874176,241414144,954015744,1073737728,842278,47479,6,5670194,49915,0,1069796,3381,862493184,48618496,3221448,3508056,7,2,0,0,0,58062,127197
1778299226938,2553176064,53600256,765874176,241414144,954015744,1073737728,842278,47479,6,5672336,49915,0,1070607,3381,862493184,48618496,3222852,3508680,7,2,0,0,0,58062,127197
1778299227232,2553176064,53600256,765878272,241414144,954019840,1073737728,842278,47479,6,5673960,49915,0,1070607,3381,862493184,48618496,3223050,3508680,7,2,0,0,0,58062,127198
1778299227520,2553176064,53608448,765878272,241414144,954019840,1073737728,842278,47507,6,5675583,49915,0,1070607,3381,862493184,48647168,3223248,3508760,7,2,0,0,0,58062,127198
1778299227809,2552918016,53608448,765878272,241422336,953905152,1073737728,842278,47507,6,5677722,49915,0,1071410,3381,862493184,48647168,3224652,3509464,7,2,0,0,0,58064,127198
1778299228103,2552918016,53608448,765882368,241422336,953905152,1073737728,842278,47507,6,5679347,49915,0,1071410,3381,862493184,48647168,3226448,3510120,7,2,0,0,0,58064,127198
1778299228397,2552918016,53608448,765882368,241422336,954032128,1073737728,842278,47507,6,5680971,49915,0,1071410,3381,862493184,48647168,3228228,3510776,7,2,0,0,0,58064,127198
1778299228692,2552918016,53608448,765882368,241422336,954032128,1073737728,842278,47507,6,5682598,49915,0,1071410,3381,862493184,48647168,3228790,3511480,7,2,0,0,0,58064,127198
1778299228984,2552832000,53608448,765882368,241418240,954073088,1073737728,842278,47507,6,5684745,49915,0,1072220,3381,862493184,48647168,3232274,3513732,7,2,0,0,0,58064,127199
1778299229278,2552832000,53608448,765882368,241418240,954073088,1073737728,842278,47507,6,5686368,49915,0,1072220,3381,862493184,48647168,3232472,3514696,7,2,0,0,0,58064,127199
1778299229569,2552832000,53608448,765882368,241418240,954073088,1073737728,842278,47507,6,5687994,49915,0,1072220,3381,862493184,48647168,3232788,3514736,7,2,0,0,0,58064,127199
1778299229863,2553901056,53608448,765882368,241418240,953769984,1073737728,842278,47507,6,5690152,49915,0,1073027,3381,862493184,48647168,3234208,3516364,7,2,0,0,0,58064,127199
1778299230156,2553741312,53608448,765886464,241422336,953999360,1073737728,842278,47507,6,5691792,49915,0,1073027,3381,862493184,48647168,3234422,3516404,7,2,0,0,0,58064,127199
1778299230450,2553741312,53608448,765886464,241422336,953999360,1073737728,842278,47507,6,5693415,49915,0,1073027,3381,862493184,48647168,3234636,3516444,7,2,0,0,0,58064,127199
1778299230744,2553741312,53608448,765886464,241422336,953999360,1073737728,842278,47507,6,5695041,49915,0,1073027,3381,862493184,48647168,3235080,3517068,7,2,0,0,0,58064,127199
1778299231039,2553741312,53608448,765886464,241422336,953982976,1073737728,842278,47507,6,5697173,49915,0,1073829,3381,862493184,48647168,3237954,3517980,7,2,0,0,0,58064,127200
1778299231333,2553741312,53608448,765886464,241422336,953982976,1073737728,842278,47507,6,5698798,49915,0,1073829,3381,862493184,48647168,3239734,3518636,7,2,0,0,0,58064,127200
1778299231629,2553741312,53608448,765886464,241422336,953982976,1073737728,842278,47507,6,5700424,49915,0,1073829,3381,862493184,48647168,3240152,3518812,7,2,0,0,0,58064,127200
1778299231918,2553991168,53608448,765886464,241422336,953982976,1073737728,842278,47507,6,5702566,49915,0,1074639,3381,862493184,48647168,3241906,3519716,7,2,0,0,0,58064,127200
1778299232212,2553999360,53608448,765894656,241422336,954019840,1073737728,842278,47507,6,5704189,49915,0,1074639,3381,862493184,48647168,3242120,3520680,7,2,0,0,0,58064,127202
1778299232505,2553999360,53608448,765894656,241422336,954036224,1073737728,842278,47519,6,5705812,49915,0,1074639,3381,862493184,48659456,3242318,3520720,7,2,0,0,0,58064,127202
1778299232800,2553999360,53616640,765894656,241422336,954036224,1073737728,842278,47535,6,5707439,49915,0,1074639,3381,862493184,48675840,3242762,3522268,7,2,0,0,0,58064,127202
1778299233095,2553741312,53616640,765894656,241430528,954032128,1073737728,842278,47535,6,5709570,49915,0,1075449,3381,862493184,48675840,3243952,3522388,7,2,0,0,0,58066,127202
1778299233389,2553741312,53616640,765894656,241430528,954032128,1073737728,842278,47535,6,5711193,49915,0,1075449,3381,862493184,48675840,3244150,3522428,7,2,0,0,0,58066,127202
1778299233683,2553741312,53616640,765894656,241430528,954032128,1073737728,842278,47535,6,5712819,49915,0,1075449,3381,862493184,48675840,3244610,3523012,7,2,0,0,0,58066,127202
1778299233971,2553483264,53616640,765894656,241426432,953954304,1073737728,842278,47535,6,5714956,49915,0,1076257,3381,862493184,48675840,3247398,3523788,7,2,0,0,0,58066,127202
1778299234266,2553483264,53616640,765898752,241430528,954023936,1073737728,842278,47535,6,5716583,49915,0,1076257,3381,862493184,48675840,3249354,3524512,7,2,0,0,0,58066,127203
1778299234560,2553483264,53616640,765906944,241430528,954032128,1073737728,842278,47535,6,5718220,49915,0,1076257,3381,862493184,48675840,3249568,3524552,7,2,0,0,0,58066,127205
1778299234854,2553483264,53616640,765906944,241430528,954032128,1073737728,842278,47535,6,5719846,49915,0,1076257,3381,862493184,48675840,3250448,3525376,7,2,0,0,0,58066,127205
1778299235143,2553483264,53616640,765906944,241430528,954056704,1073737728,842278,47535,6,5721982,49915,0,1077068,3381,862493184,48675840,3251670,3526380,7,2,0,0,0,58066,127205
1778299235437,2553483264,53616640,765906944,241430528,954056704,1073737728,842278,47535,6,5723605,49915,0,1077068,3381,862493184,48675840,3251868,3526420,7,2,0,0,0,58066,127205
1778299235728,2553483264,53616640,765911040,241430528,954056704,1073737728,842278,47535,6,5725231,49915,0,1077068,3381,862493184,48675840,3252312,3527928,7,2,0,0,0,58066,127205
1778299236021,2553237504,53616640,765911040,241430528,953974784,1073737728,842278,47535,6,5727371,49915,0,1077878,3381,862493184,48675840,3253470,3528088,7,2,0,0,0,58066,127205
1778299236316,2553008128,53616640,765911040,241430528,953974784,1073737728,842278,47535,6,5729011,49915,0,1077878,3381,862493184,48675840,3253684,3528128,7,2,0,0,0,58066,127205
1778299236609,2553008128,53616640,765911040,241430528,953974784,1073737728,842278,47535,6,5730634,49915,0,1077878,3381,862493184,48675840,3253882,3528168,7,2,0,0,0,58066,127205
1778299236904,2553008128,53616640,765911040,241430528,953974784,1073737728,842278,47535,6,5732260,49915,0,1077878,3381,862493184,48675840,3256026,3529544,7,2,0,0,0,58066,127205
1778299237200,2554064896,53616640,765911040,241430528,954007552,1073737728,842278,47535,6,5734399,49915,0,1078679,3381,862493184,48675840,3258782,3530200,7,2,0,0,0,58066,127205
1778299237494,2554064896,53616640,765911040,241430528,954007552,1073737728,842278,47535,6,5736024,49915,0,1078679,3381,862493184,48675840,3259098,3530280,7,2,0,0,0,58066,127205
1778299237782,2554064896,53624832,765911040,241430528,954007552,1073737728,842278,47551,6,5737654,49915,0,1078679,3381,862493184,48692224,3259962,3531144,7,2,0,0,0,58066,127205
1778299238077,2553462784,53624832,765915136,241426432,954060800,1073737728,842278,47551,6,5739786,49916,0,1079481,3381,862493184,48692224,3261152,3532228,7,2,0,0,0,58066,127207
1778299238372,2553569280,53624832,765915136,241430528,954109952,1073737728,842278,47551,6,5741410,49916,0,1079481,3381,862493184,48692224,3261366,3532268,7,2,0,0,0,58066,127207
1778299238666,2553569280,53624832,765915136,241430528,954134528,1073737728,842278,47619,6,5743034,49916,0,1079481,3381,862493184,48761856,3261564,3533232,7,2,0,0,0,58066,127207
1778299238961,2553569280,53624832,765915136,241438720,954073088,1073737728,842278,47619,6,5744660,49916,0,1079481,3381,862493184,48761856,3262008,3533856,7,2,0,0,0,58068,127207
1778299239256,2554232832,53624832,765915136,241438720,954073088,1073737728,842278,47619,6,5746814,49916,0,1080292,3381,862493184,48761856,3263182,3533896,7,2,0,0,0,58068,127207
1778299239549,2554232832,53624832,765915136,241438720,954073088,1073737728,842278,47619,6,5748438,49916,0,1080292,3381,862493184,48761856,3263380,3533936,7,2,0,0,0,58068,127207
1778299239844,2554232832,53624832,765915136,241438720,954073088,1073737728,842278,47619,6,5750064,49916,0,1080292,3381,862493184,48761856,3263824,3534520,7,2,0,0,0,58068,127207
1778299240137,2554384384,53624832,765919232,241438720,954056704,1073737728,842278,47619,6,5752193,49916,0,1081100,3381,862493184,48761856,3266612,3535256,7,2,0,0,0,58068,127208
1778299240432,2554384384,53624832,765923328,241438720,954056704,1073737728,842278,47619,6,5753819,49916,0,1081100,3381,862493184,48761856,3268526,3535952,7,2,0,0,0,58068,127208
1778299240722,2554384384,53624832,765923328,241438720,954056704,1073737728,842278,47619,6,5755444,49916,0,1081100,3381,862493184,48761856,3269076,3536616,7,2,0,0,0,58068,127208
1778299241015,2554384384,53624832,765923328,241438720,954056704,1073737728,842278,47619,6,5757070,49916,0,1081100,3381,862493184,48761856,3269620,3536856,7,2,0,0,0,58068,127208
1778299241311,2554920960,53624832,765923328,241438720,953950208,1073737728,842278,47619,6,5759203,49916,0,1081903,3381,862493184,48761856,3270826,3537820,7,2,0,0,0,58068,127209
1778299241605,2554920960,53624832,765923328,241438720,953950208,1073737728,842278,47619,6,5760826,49916,0,1081903,3381,862493184,48761856,3271040,3537860,7,2,0,0,0,58068,127209
1778299241900,2554920960,53624832,765923328,241438720,953950208,1073737728,842278,47619,6,5762451,49916,0,1081903,3381,862493184,48761856,3271500,3539368,7,2,0,0,0,58068,127209
1778299242192,2554384384,53624832,765927424,241438720,954171392,1073737728,842278,47619,6,5764621,49916,0,1082716,3381,862493184,48761856,3272658,3539488,7,2,0,0,0,58068,127210
1778299242486,2554384384,53624832,765927424,241438720,954171392,1073737728,842278,47619,6,5766245,49916,0,1082716,3381,862493184,48761856,3272974,3539664,7,2,0,0,0,58068,127210
1778299242780,2554384384,53633024,765919232,241438720,954171392,1073737728,842278,47647,6,5767871,49916,0,1082716,3381,862493184,48790528,3273418,3540328,7,2,0,0,0,58068,127210
1778299243074,2554454016,53633024,765927424,241438720,954085376,1073737728,842278,47647,6,5769495,49916,0,1082716,3381,862493184,48790528,3275198,3540984,7,2,0,0,0,58068,127210
1778299243368,2554990592,53633024,765931520,241446912,954077184,1073737728,842278,47647,6,5771622,49916,0,1083524,3381,862493184,48790528,3277986,3541640,7,2,0,0,0,58070,127210
1778299243662,2554990592,53633024,765931520,241446912,954077184,1073737728,842278,47647,6,5773247,49916,0,1083524,3381,862493184,48794624,3278318,3541680,7,2,0,0,0,58070,127210
1778299243957,2554990592,53633024,765931520,241446912,954085376,1073737728,842278,47651,6,5774873,49916,0,1083524,3381,862493184,48794624,3279096,3542544,7,2,0,0,0,58070,127211
1778299244252,2554626048,53633024,765931520,241451008,954077184,1073737728,842278,47651,6,5777007,49916,0,1084332,3381,862493184,48794624,3280254,3543628,7,2,0,0,0,58070,127211
1778299244546,2554626048,53633024,765931520,241451008,954077184,1073737728,842278,47651,6,5778630,49916,0,1084332,3381,862493184,48794624,3280468,3543668,7,2,0,0,0,58070,127211
1778299244840,2554626048,53633024,765931520,241451008,954077184,1073737728,842278,47651,6,5780256,49916,0,1084332,3381,862493184,48794624,3280912,3545176,7,2,0,0,0,58070,127211
1778299245132,2554732544,53633024,765935616,241446912,954068992,1073737728,842278,47651,6,5781880,49916,0,1084332,3381,862493184,48794624,3281126,3545216,7,2,0,0,0,58070,127211
1778299245425,2554216448,53633024,765935616,241446912,954032128,1073737728,842278,47651,6,5784022,49916,0,1085143,3381,862493184,48794624,3282316,3545256,7,2,0,0,0,58070,127212
1778299245717,2554216448,53633024,765935616,241446912,954032128,1073737728,842278,47651,6,5785647,49916,0,1085143,3381,862493184,48794624,3282760,3545840,7,2,0,0,0,58070,127212
1778299246011,2554216448,53633024,765935616,241446912,954032128,1073737728,842278,47651,6,5787271,49916,0,1085143,3381,862493184,48794624,3284556,3546536,7,2,0,0,0,58070,127212
1778299246305,2553700352,53633024,765935616,241446912,953937920,1073737728,842278,47651,6,5789352,49916,0,1085948,3381,862493184,48794624,3287312,3547312,7,2,0,0,0,58070,127212
1778299246599,2553700352,53633024,765935616,241446912,953995264,1073737728,842278,47651,6,5791035,49916,0,1085948,3381,862493184,48794624,3287644,3547352,7,2,0,0,0,58070,127212
1778299246893,2553700352,53633024,765935616,241446912,953995264,1073737728,842278,47651,6,5792660,49916,0,1085948,3381,862493184,48794624,3288422,3548216,7,2,0,0,0,58070,127212
1778299247187,2553700352,53633024,765935616,241446912,954060800,1073737728,842278,47651,6,5794284,49916,0,1085948,3381,862493184,48794624,3288620,3549180,7,2,0,0,0,58070,127212
1778299247480,2553896960,53633024,765935616,241446912,953909248,1073737728,842278,47651,6,5796418,49916,0,1086751,3381,862493184,48794624,3289810,3549220,7,2,0,0,0,58070,127212
1778299247773,2553896960,53633024,765935616,241446912,953909248,1073737728,842278,47651,6,5798043,49916,0,1086751,3381,862493184,48864256,3290372,3550904,7,2,0,0,0,58070,127212
1778299248068,2553958400,53641216,765947904,241446912,954089472,1073737728,842278,47719,6,5799667,49916,0,1086751,3381,862493184,48864256,3290570,3550944,7,2,0,0,0,58070,127213
1778299248361,2553999360,53641216,765947904,241455104,954261504,1073737728,842278,47719,6,5801817,49917,0,1087558,3381,862493184,48864256,3291744,3551104,7,2,0,0,0,58072,127213
1778299248655,2553999360,53641216,765947904,241455104,954101760,1073737728,842278,47719,6,5803441,49917,0,1087558,3381,862493184,48864256,3291958,3551144,7,2,0,0,0,58072,127215
1778299248950,2553999360,53641216,765952000,241455104,954101760,1073737728,842278,47719,6,5805066,49917,0,1087558,3381,862493184,48864256,3294000,3552384,7,2,0,0,0,58072,127215
1778299249243,2553999360,53641216,765952000,241455104,954101760,1073737728,842278,47719,6,5806692,49917,0,1087558,3381,862493184,48864256,3295898,3553040,7,2,0,0,0,58072,127215
1778299249537,2553999360,53641216,765952000,241455104,954101760,1073737728,842278,47719,6,5808828,49917,0,1088360,3381,862493184,48864256,3297088,3553120,7,2,0,0,0,58072,127215
1778299249832,2553999360,53641216,765952000,241455104,954101760,1073737728,842278,47719,6,5810456,49917,0,1088374,3381,862493184,48864256,3297984,3553984,7,2,0,0,0,58072,127215
1778299250121,2553999360,53641216,765956096,241455104,954138624,1073737728,842278,47719,6,5812079,49917,0,1088390,3381,862493184,48864256,3298198,3554948,7,2,0,0,0,58072,127217
1778299250413,2553999360,53641216,765956096,241455104,954351616,1073737728,842278,47719,6,5814120,49917,0,1089201,3381,862493184,48864256,3299356,3555068,7,2,0,0,0,58072,127217
1778299250703,2553999360,53641216,765956096,241455104,954208256,1073737728,842278,47719,6,5815832,49917,0,1089201,3381,862493184,48864256,3299816,3556616,7,2,0,0,0,58072,127217
1778299250996,2553999360,53641216,765960192,241455104,954208256,1073737728,842278,47719,6,5817456,49917,0,1089201,3381,862493184,48864256,3300014,3556696,7,2,0,0,0,58072,127217
1778299251289,2553999360,53641216,765960192,241455104,954208256,1073737728,842278,47719,6,5819083,49917,0,1089201,3381,862493184,48864256,3300212,3556736,7,2,0,0,0,58072,127217
1778299251584,2553999360,53641216,765960192,241455104,954056704,1073737728,842278,47719,6,5821240,49917,0,1090009,3381,862493184,48864256,3301370,3556856,7,2,0,0,0,58072,127217
1778299251878,2553999360,53641216,765960192,241455104,954056704,1073737728,842278,47719,6,5822863,49917,0,1090009,3381,862493184,48864256,3303412,3558056,7,2,0,0,0,58072,127217
1778299252170,2553999360,53641216,765960192,241455104,954228736,1073737728,842278,47719,6,5824487,49917,0,1090009,3381,862493184,48864256,3305192,3558712,7,2,0,0,0,58072,127218
1778299252463,2553999360,53641216,765960192,241455104,954228736,1073737728,842278,47719,6,5826353,49917,0,1090425,3381,862493184,48864256,3306044,3558752,7,2,0,0,0,58072,127218
1778299252750,2553999360,53641216,765964288,241455104,954195968,1073737728,842278,47719,6,5828268,49917,0,1090816,3381,862493184,48864256,3307034,3559496,7,2,0,0,0,58072,127218
1778299253045,2553999360,53649408,765956096,241455104,954195968,1073737728,842278,47735,6,5829894,49917,0,1090816,3381,862493184,48880640,3307578,3560044,7,2,0,0,0,58072,127218
1778299253339,2553999360,53649408,765956096,241455104,954195968,1073737728,842278,47735,6,5831518,49917,0,1090816,3381,862493184,48880640,3307894,3560876,7,2,0,0,0,58072,127218
1778299253632,2553753600,53649408,765956096,241455104,954044416,1073737728,842278,47735,6,5833643,49917,0,1091623,3381,862493184,48880640,3309052,3561960,7,2,0,0,0,58072,127218
1778299253924,2553753600,53649408,765956096,241455104,954044416,1073737728,842278,47735,6,5835269,49917,0,1091623,3381,862493184,48909312,3309512,3562544,7,2,0,0,0,58072,127218
1778299254218,2553753600,53649408,765964288,241455104,954228736,1073737728,842278,47763,6,5836908,49917,0,1091623,3381,862493184,48909312,3309710,3562584,7,2,0,0,0,58072,127218
1778299254510,2553753600,53649408,765964288,241455104,954228736,1073737728,842278,47763,6,5838532,49917,0,1091623,3381,862493184,48909312,3309924,3562624,7,2,0,0,0,58072,127218
1778299254804,2553507840,53649408,765968384,241455104,954232832,1073737728,842278,47763,6,5840677,49917,0,1092435,3381,862493184,48909312,3311344,3563288,7,2,0,0,0,58072,127218
1778299255097,2553507840,53649408,765968384,241455104,954232832,1073737728,842278,47763,6,5842300,49917,0,1092435,3381,862493184,48909312,3313140,3563944,7,2,0,0,0,58072,127218
1778299255391,2553507840,53649408,765968384,241455104,954232832,1073737728,842278,47763,6,5843926,49917,0,1092435,3381,862493184,48909312,3315038,3564600,7,2,0,0,0,58072,127218
1778299255686,2553507840,53649408,765968384,241455104,954081280,1073737728,842278,47763,6,5846066,49917,0,1093235,3381,862493184,48909312,3316506,3565344,7,2,0,0,0,58072,127218
1778299255974,2553507840,53649408,765968384,241455104,954081280,1073737728,842278,47763,6,5847693,49917,0,1093235,3381,862493184,48909312,3317140,3565704,7,2,0,0,0,58072,127218
1778299256268,2553507840,53649408,765972480,241455104,954220544,1073737728,842278,47763,6,5849316,49917,0,1093235,3381,862493184,48909312,3317338,3566668,7,2,0,0,0,58072,127219
1778299256555,2553507840,53649408,765976576,241455104,954220544,1073737728,842278,47763,6,5850940,49917,0,1093235,3381,862493184,48909312,3317552,3566708,7,2,0,0,0,58072,127219
1778299256850,2553507840,53649408,765976576,241455104,954241024,1073737728,842278,47763,6,5853076,49917,0,1094040,3381,862493184,48909312,3319074,3568432,7,2,0,0,0,58072,127221
1778299257142,2553507840,53649408,765976576,241455104,954241024,1073737728,842278,47763,6,5854701,49917,0,1094040,3381,862493184,48909312,3319330,3568500,7,2,0,0,0,58072,127221
1778299257436,2553507840,53649408,765976576,241455104,954241024,1073737728,842278,47763,6,5856324,49917,0,1094040,3381,862493184,48909312,3319528,3568540,7,2,0,0,0,58072,127221
1778299257727,2553507840,53649408,765976576,241455104,954089472,1073737728,842278,47763,6,5858456,49917,0,1094849,3381,862493184,48909312,3320916,3569244,7,2,0,0,0,58072,127221
1778299258021,2553507840,53649408,765976576,241455104,954089472,1073737728,842278,47763,6,5860079,49917,0,1094849,3381,862493184,48966656,3322712,3569940,7,2,0,0,0,58072,127221
1778299258314,2553507840,53657600,765980672,241463296,954257408,1073737728,842278,47819,6,5861705,49917,0,1094849,3381,862493184,48966656,3324492,3570596,7,2,0,0,0,58074,127222
1778299258608,2553507840,53657600,765984768,241463296,954257408,1073737728,842278,47819,6,5863330,49917,0,1094849,3381,862493184,48966656,3324808,3570636,7,2,0,0,0,58074,127222
1778299258905,2553507840,53657600,765984768,241471488,954236928,1073737728,842278,47819,6,5865475,49917,0,1095656,3381,862493184,48966656,3326664,3571676,7,2,0,0,0,58076,127224
1778299259200,2553507840,53657600,765984768,241471488,954236928,1073737728,842278,47843,6,5867099,49917,0,1095656,3381,862493184,48991232,3326862,3572640,7,2,0,0,0,58076,127224
1778299259493,2553507840,53657600,765984768,241471488,954236928,1073737728,842278,47843,6,5868723,49917,0,1095656,3381,862493184,48991232,3327060,3572680,7,2,0,0,0,58076,127224
1778299259788,2553507840,53657600,765984768,241471488,954085376,1073737728,842278,47843,6,5870867,49917,0,1096463,3381,862493184,48991232,3328480,3574308,7,2,0,0,0,58076,127224
1778299260081,2553507840,53657600,765984768,241471488,954253312,1073737728,842278,47843,6,5872491,49917,0,1096464,3381,862493184,48991232,3328784,3574424,7,2,0,0,0,58076,127224
1778299260377,2553507840,53657600,765988864,241471488,954253312,1073737728,842278,47843,6,5874130,49917,0,1096464,3381,862493184,48991232,3328982,3574464,7,2,0,0,0,58076,127224
1778299260671,2553507840,53657600,765988864,241471488,954253312,1073737728,842278,47843,6,5875754,49917,0,1096464,3381,862493184,48991232,3329180,3574736,7,2,0,0,0,58076,127224
1778299260963,2553249792,53657600,765988864,241471488,954265600,1073737728,842278,47843,6,5877889,49917,0,1097272,3381,862493184,48991232,3332182,3575744,7,2,0,0,0,58076,127225
1778299261258,2553249792,53657600,765988864,241471488,954265600,1073737728,842278,47843,6,5879513,49917,0,1097272,3381,862493184,48991232,3334144,3576400,7,2,0,0,0,58076,127225
1778299261545,2553249792,53657600,765988864,241471488,954265600,1073737728,842278,47843,6,5881136,49917,0,1097272,3381,862493184,48991232,3334358,3576440,7,2,0,0,0,58076,127225
1778299261839,2553249792,53657600,765988864,241471488,954114048,1073737728,842278,47843,6,5883280,49917,0,1098082,3381,862493184,48991232,3336214,3577424,7,2,0,0,0,58076,127225
1778299262131,2553249792,53657600,765997056,241471488,954245120,1073737728,842278,47843,6,5884904,49917,0,1098082,3381,862493184,48991232,3336428,3578388,7,2,0,0,0,58076,127225
1778299262425,2553249792,53657600,766001152,241471488,954245120,1073737728,842278,47843,6,5886527,49917,0,1098082,3381,862493184,48991232,3336626,3578428,7,2,0,0,0,58076,127225
1778299262717,2553249792,53657600,766001152,241471488,954245120,1073737728,842278,47843,6,5888152,49917,0,1098082,3381,862493184,48991232,3337070,3579936,7,2,0,0,0,58076,127225
1778299263013,2553249792,53657600,766001152,241471488,954216448,1073737728,842278,47843,6,5890298,49917,0,1098887,3381,862493184,48991232,3338244,3580136,7,2,0,0,0,58076,127226
1778299263308,2553249792,53665792,765992960,241471488,954216448,1073737728,842278,47871,6,5891922,49917,0,1098887,3381,862493184,49019904,3338442,3580176,7,2,0,0,0,58076,127226
1778299263600,2553249792,53665792,765992960,241471488,954216448,1073737728,842278,47871,6,5893545,49917,0,1098887,3381,862493184,49019904,3338640,3580216,7,2,0,0,0,58076,127226
1778299263895,2553249792,53665792,765992960,241471488,954216448,1073737728,842278,47871,6,5895682,49917,0,1099692,3381,862493184,49019904,3341658,3581536,7,2,0,0,0,58076,127226
1778299264188,2553249792,53665792,766005248,241479680,954257408,1073737728,842278,47871,6,5897305,49917,0,1099692,3381,862493184,49019904,3343556,3582368,7,2,0,0,0,58078,127228
1778299264482,2553249792,53665792,766005248,241479680,954257408,1073737728,842278,47871,6,5898929,49917,0,1099692,3381,862493184,49019904,3343754,3582408,7,2,0,0,0,58078,127228
1778299264773,2553249792,53665792,766009344,241479680,954257408,1073737728,842278,47871,6,5900556,49917,0,1099692,3381,862493184,49019904,3344634,3583272,7,2,0,0,0,58078,127228
1778299265069,2553249792,53665792,766009344,241479680,954290176,1073737728,842278,47871,6,5902690,49917,0,1100500,3381,862493184,49019904,3345882,3584282,7,2,0,0,0,58078,127230
1778299265364,2553249792,53665792,766009344,241479680,954290176,1073737728,842278,47871,6,5904314,49917,0,1100500,3381,862493184,49019904,3346096,3584322,7,2,0,0,0,58078,127230
1778299265657,2553249792,53665792,766009344,241479680,954290176,1073737728,842278,47871,6,5905937,49917,0,1100500,3381,862493184,49019904,3346294,3585286,7,2,0,0,0,58078,127230
1778299265953,2553249792,53665792,766009344,241475584,954150912,1073737728,842278,47871,6,5908077,49917,0,1101306,3381,862493184,49019904,3347714,3586030,7,2,0,0,0,58078,127230
1778299266247,2553249792,53665792,766013440,241479680,954261504,1073737728,842278,47871,6,5909717,49917,0,1101306,3381,862493184,49019904,3347928,3586070,7,2,0,0,0,58078,127230
1778299266540,2553249792,53665792,766013440,241479680,954261504,1073737728,842278,47871,6,5911340,49917,0,1101306,3381,862493184,49019904,3348126,3586110,7,2,0,0,0,58078,127230
1778299266833,2553249792,53665792,766013440,241479680,954261504,1073737728,842278,47871,6,5912965,49917,0,1101306,3381,862493184,49019904,3348570,3586694,7,2,0,0,0,58078,127230
1778299267125,2553511936,53665792,766013440,241479680,954281984,1073737728,842278,47871,6,5915100,49917,0,1102115,3381,862493184,49019904,3351342,3587350,7,2,0,0,0,58078,127231
1778299267419,2553511936,53665792,766013440,241479680,954281984,1073737728,842278,47871,6,5916724,49917,0,1102115,3381,862493184,49019904,3353240,3588006,7,2,0,0,0,58078,127231
1778299267712,2553511936,53665792,766013440,241479680,954281984,1073737728,842278,47871,6,5918349,49917,0,1102115,3381,862493184,49019904,3353790,3588670,7,2,0,0,0,58078,127231
1778299268003,2553790464,53665792,766017536,241479680,954273792,1073737728,842278,47871,6,5920486,49917,0,1102921,3381,862493184,49019904,3355294,3588990,7,2,0,0,0,58078,127232
1778299268297,2553790464,53665792,766017536,241479680,954273792,1073737728,842278,47871,6,5922110,49917,0,1102921,3381,862493184,49032192,3355508,3589954,7,2,0,0,0,58078,127232
1778299268591,2553790464,53673984,766017536,241479680,954290176,1073737728,842278,47899,6,5923734,49917,0,1102921,3381,862493184,49048576,3355706,3589994,7,2,0,0,0,58078,127232
1778299268885,2553790464,53673984,766017536,241479680,954290176,1073737728,842278,47899,6,5925358,49917,0,1102921,3381,862493184,49048576,3356166,3591502,7,2,0,0,0,58078,127232
1778299269181,2553532416,53673984,766017536,241479680,954257408,1073737728,842278,47899,6,5927501,49917,0,1103730,3381,862493184,49048576,3357324,3591662,7,2,0,0,0,58078,127232
1778299269476,2553532416,53673984,766017536,241479680,954273792,1073737728,842278,47967,6,5929126,49917,0,1103730,3381,862493184,49118208,3357522,3591702,7,2,0,0,0,58078,127232
1778299269768,2553532416,53673984,766017536,241479680,954273792,1073737728,842278,47967,6,5930751,49917,0,1103731,3381,862493184,49118208,3358068,3592422,7,2,0,0,0,58078,127232
1778299270062,2553282560,53673984,766021632,241479680,954306560,1073737728,842278,47967,6,5932883,49917,0,1104538,3381,862493184,49118208,3360856,3593198,7,2,0,0,0,58078,127233
1778299270364,2553282560,53673984,766021632,241479680,954306560,1073737728,842278,47967,6,5934509,49917,0,1104538,3381,862493184,49118208,3362770,3593894,7,2,0,0,0,58078,127233
1778299270658,2553282560,53673984,766021632,241479680,954306560,1073737728,842278,47967,6,5936132,49917,0,1104538,3381,862493184,49118208,3362968,3593934,7,2,0,0,0,58078,127233
1778299270953,2553282560,53673984,766021632,241479680,954306560,1073737728,842278,47967,6,5937761,49917,0,1104538,3381,862493184,49118208,3363864,3594838,7,2,0,0,0,58078,127233
1778299271250,2553499648,53673984,766021632,241479680,954306560,1073737728,842278,47967,6,5939907,49917,0,1105349,3381,862493184,49118208,3365054,3595882,7,2,0,0,0,58078,127233
1778299271543,2553499648,53673984,766021632,241479680,954306560,1073737728,842278,47967,6,5941531,49917,0,1105349,3381,862493184,49118208,3365252,3595922,7,2,0,0,0,58078,127233
1778299271837,2553499648,53673984,766025728,241479680,954306560,1073737728,842278,47967,6,5943157,49917,0,1105349,3381,862493184,49118208,3365696,3597430,7,2,0,0,0,58078,127233
1778299272128,2553352192,53673984,766025728,241479680,954179584,1073737728,842278,47967,6,5945332,49917,0,1106158,3381,862493184,49118208,3366870,3597550,7,2,0,0,0,58078,127233
1778299272419,2553352192,53673984,766025728,241479680,954179584,1073737728,842278,47967,6,5946956,49917,0,1106158,3381,862493184,49118208,3367084,3597590,7,2,0,0,0,58078,127233
1778299272713,2553352192,53673984,766025728,241479680,954179584,1073737728,842278,47967,6,5948581,49917,0,1106158,3381,862493184,49118208,3367528,3598174,7,2,0,0,0,58078,127233
1778299273007,2553352192,53673984,766025728,241479680,954298368,1073737728,842278,47967,6,5950205,49917,0,1106158,3381,862493184,49118208,3369324,3598870,7,2,0,0,0,58078,127233
1778299273302,2554032128,53673984,766025728,241483776,954232832,1073737728,842278,47967,6,5952339,49917,0,1106963,3381,862493184,49118208,3372080,3599646,7,2,0,0,0,58078,127233
1778299273596,2554032128,53673984,766025728,241483776,954249216,1073737728,842278,47967,6,5953963,49917,0,1106963,3381,862493184,49146880,3372396,3599686,7,2,0,0,0,58078,127233
1778299273890,2554032128,53682176,766025728,241483776,954249216,1073737728,842278,47995,6,5955588,49917,0,1106963,3381,862493184,49146880,3373174,3600510,7,2,0,0,0,58078,127233
1778299274183,2553901056,53682176,766033920,241483776,954294272,1073737728,842278,47995,6,5957717,49917,0,1107772,3381,862493184,49146880,3374482,3601514,7,2,0,0,0,58078,127236
1778299274476,2553901056,53682176,766033920,241483776,954294272,1073737728,842278,48039,6,5959347,49917,0,1107772,3381,862493184,49191936,3374696,3601554,7,2,0,0,0,58078,127236
1778299274770,2553901056,53682176,766033920,241483776,954294272,1073737728,842278,48039,6,5960972,49917,0,1107772,3381,862493184,49191936,3375140,3603062,7,2,0,0,0,58078,127236
1778299275064,2553901056,53682176,766042112,241496064,954286080,1073737728,842278,48039,6,5962595,49917,0,1107772,3381,862493184,49191936,3375456,3603278,7,2,0,0,0,58082,127236
1778299275358,2553806848,53682176,766042112,241500160,954388480,1073737728,842278,48039,6,5964720,49917,0,1108578,3381,862493184,49191936,3376646,3603438,7,2,0,0,0,58082,127236
1778299275652,2553806848,53682176,766042112,241500160,954388480,1073737728,842278,48039,6,5966343,49917,0,1108578,3381,862493184,49191936,3376844,3603478,7,2,0,0,0,58082,127236
1778299275945,2553806848,53682176,766042112,241500160,954388480,1073737728,842278,48039,6,5967968,49917,0,1108578,3381,862493184,49191936,3378886,3604718,7,2,0,0,0,58082,127236
1778299276240,2553659392,53682176,766050304,241496064,954155008,1073737728,842278,48039,6,5970125,49918,0,1109388,3381,862493184,49191936,3381642,3605454,7,2,0,0,0,58082,127236
1778299276532,2553659392,53682176,766050304,241496064,954155008,1073737728,842278,48039,6,5971752,49918,0,1109388,3381,862493184,49191936,3381974,3605534,7,2,0,0,0,58082,127236
1778299276826,2553659392,53682176,766050304,241496064,954155008,1073737728,842278,48039,6,5973377,49918,0,1109388,3381,862493184,49191936,3382736,3606358,7,2,0,0,0,58082,127236
1778299277117,2553659392,53682176,766050304,241496064,954294272,1073737728,842278,48039,6,5975000,49918,0,1109388,3381,862493184,49191936,3382950,3607322,7,2,0,0,0,58082,127239
1778299277410,2553946112,53682176,766050304,241491968,954396672,1073737728,842278,48039,6,5977127,49918,0,1110196,3381,862493184,49191936,3384108,3607442,7,2,0,0,0,58082,127239
1778299277705,2553946112,53682176,766054400,241491968,954396672,1073737728,842278,48039,6,5978752,49918,0,1110196,3381,862493184,49191936,3384552,3608950,7,2,0,0,0,58082,127239
1778299278000,2553946112,53682176,766054400,241491968,954396672,1073737728,842278,48039,6,5980376,49918,0,1110196,3381,862493184,49191936,3384766,3609030,7,2,0,0,0,58082,127239
1778299278293,2553384960,53682176,766054400,241491968,954101760,1073737728,842278,48039,6,5982535,49918,0,1110999,3381,862493184,49191936,3385924,3609190,7,2,0,0,0,58082,127239
1778299278587,2553384960,53682176,766054400,241491968,954101760,1073737728,842278,48039,6,5984159,49918,0,1110999,3381,862493184,49249280,3386138,3609230,7,2,0,0,0,58082,127239
1778299278882,2553384960,53690368,766046208,241491968,954101760,1073737728,842278,48143,6,5985783,49918,0,1110999,3381,862493184,49298432,3388180,3610430,7,2,0,0,0,58082,127239
1778299279175,2553483264,53690368,766058496,241504256,954306560,1073737728,842278,48143,6,5987407,49918,0,1110999,3381,862493184,49298432,3389960,3611086,7,2,0,0,0,58084,127240
1778299279470,2554257408,53690368,766062592,241500160,954273792,1073737728,842278,48143,6,5989538,49918,0,1111807,3381,862493184,49298432,3391150,3611166,7,2,0,0,0,58084,127241
1778299279764,2554257408,53690368,766062592,241500160,954273792,1073737728,842278,48143,6,5991165,49918,0,1111807,3381,862493184,49331200,3391818,3611870,7,2,0,0,0,58084,127241
1778299280057,2554265600,53690368,766062592,241504256,954306560,1073737728,842278,48175,6,5992788,49918,0,1111807,3381,862493184,49331200,3392244,3612994,7,2,0,0,0,58084,127241
1778299280350,2554945536,53690368,766062592,241504256,954155008,1073737728,842278,48175,6,5994926,49918,0,1112614,3381,862493184,49331200,3393418,3613154,7,2,0,0,0,58084,127241
1778299280644,2555060224,53690368,766062592,241504256,954220544,1073737728,842278,48175,6,5996549,49918,0,1112614,3381,862493184,49331200,3393734,3614254,7,2,0,0,0,58084,127241
1778299280939,2555060224,53690368,766062592,241504256,954220544,1073737728,842278,48175,6,5998176,49918,0,1112614,3381,862493184,49331200,3394194,3614838,7,2,0,0,0,58084,127241
1778299281232,2555060224,53690368,766066688,241504256,954343424,1073737728,842278,48175,6,5999799,49918,0,1112614,3381,862493184,49331200,3394392,3614878,7,2,0,0,0,58084,127241
1778299281522,2555060224,53690368,766066688,241504256,954404864,1073737728,842278,48175,6,6001942,49918,0,1113417,3381,862493184,49331200,3395566,3614958,7,2,0,0,0,58084,127242
1778299281816,2555060224,53690368,766066688,241504256,954404864,1073737728,842278,48175,6,6003567,49918,0,1113417,3381,862493184,49331200,3396026,3615582,7,2,0,0,0,58084,127242
1778299282109,2555060224,53690368,766066688,241504256,954404864,1073737728,842278,48175,6,6005190,49918,0,1113417,3381,862493184,49331200,3397822,3616238,7,2,0,0,0,58084,127242
1778299282403,2555318272,53690368,766066688,241500160,954249216,1073737728,842278,48175,6,6007334,49918,0,1114225,3381,862493184,49331200,3400578,3616894,7,2,0,0,0,58084,127242
1778299282697,2555318272,53690368,766066688,241504256,954224640,1073737728,842278,48175,6,6008961,49918,0,1114225,3381,862493184,49331200,3401364,3617774,7,2,0,0,0,58084,127242
1778299282989,2555318272,53690368,766066688,241504256,954224640,1073737728,842278,48175,6,6010584,49918,0,1114225,3381,862493184,49331200,3401790,3618014,7,2,0,0,0,58084,127242
1778299283284,2555318272,53690368,766074880,241504256,954347520,1073737728,842278,48175,6,6012207,49918,0,1114225,3381,862493184,49331200,3401988,3618978,7,2,0,0,0,58084,127243
1778299283577,2555318272,53690368,766074880,241504256,954261504,1073737728,842278,48175,6,6014356,49918,0,1115029,3381,862493184,49331200,3403178,3619058,7,2,0,0,0,58084,127243
1778299283873,2555318272,53698560,766066688,241504256,954261504,1073737728,842278,48215,6,6015980,49918,0,1115029,3381,862493184,49372160,3403638,3620566,7,2,0,0,0,58084,127243
1778299284167,2555318272,53698560,766074880,241504256,954318848,1073737728,842278,48215,6,6017620,49918,0,1115029,3381,862493184,49372160,3403836,3620606,7,2,0,0,0,58084,127243
1778299284461,2555543552,53698560,766074880,241508352,954335232,1073737728,842278,48215,6,6019749,49918,0,1115839,3381,862493184,49372160,3404978,3620766,7,2,0,0,0,58086,127243
1778299284756,2555543552,53698560,766074880,241508352,954335232,1073737728,842278,48215,6,6021375,49918,0,1115839,3381,862493184,49372160,3405438,3621390,7,2,0,0,0,58086,127243
1778299285050,2555596800,53698560,766078976,241512448,954339328,1073737728,842278,48215,6,6022998,49918,0,1115839,3381,862493184,49372160,3407234,3622046,7,2,0,0,0,58086,127244
1778299285343,2555596800,53698560,766078976,241512448,954339328,1073737728,842278,48215,6,6024624,49918,0,1115839,3381,862493184,49372160,3409132,3622702,7,2,0,0,0,58086,127244
1778299285638,2555617280,53698560,766078976,241508352,954458112,1073737728,842278,48215,6,6026783,49918,0,1116649,3381,862493184,49372160,3410322,3622782,7,2,0,0,0,58086,127244
1778299285930,2555617280,53698560,766078976,241508352,954458112,1073737728,842278,48215,6,6028412,49918,0,1116649,3381,862493184,49372160,3411304,3623822,7,2,0,0,0,58086,127244
1778299286224,2555617280,53698560,766078976,241512448,954327040,1073737728,842278,48215,6,6030035,49918,0,1116649,3381,862493184,49372160,3411502,3624786,7,2,0,0,0,58086,127245
1778299286516,2554843136,53698560,766078976,241512448,954175488,1073737728,842278,48215,6,6032083,49918,0,1117455,3381,862493184,49372160,3412644,3624946,7,2,0,0,0,58086,127245
1778299286810,2554843136,53698560,766078976,241512448,954241024,1073737728,842278,48215,6,6033793,49918,0,1117455,3381,862493184,49372160,3413104,3626454,7,2,0,0,0,58086,127245
1778299287104,2554843136,53698560,766083072,241512448,954298368,1073737728,842278,48215,6,6035416,49918,0,1117455,3381,862493184,49372160,3413318,3626494,7,2,0,0,0,58086,127245
1778299287397,2554843136,53698560,766083072,241512448,954298368,1073737728,842278,48215,6,6037039,49918,0,1117455,3381,862493184,49372160,3413516,3626534,7,2,0,0,0,58086,127245
1778299287691,2554847232,53698560,766083072,241512448,954425344,1073737728,842278,48215,6,6039186,49918,0,1118267,3381,862493184,49372160,3414936,3627118,7,2,0,0,0,58086,127245
1778299287984,2554847232,53698560,766083072,241512448,954425344,1073737728,842278,48215,6,6040810,49918,0,1118267,3381,862493184,49372160,3416732,3627814,7,2,0,0,0,58086,127245
1778299288277,2554863616,53698560,766083072,241512448,954331136,1073737728,842278,48215,6,6042433,49918,0,1118267,3381,862493184,49372160,3418630,3628470,7,2,0,0,0,58086,127245
1778299288570,2553831424,53698560,766083072,241512448,954331136,1073737728,842278,48215,6,6044548,49918,0,1119068,3381,862493184,49372160,3419820,3628630,7,2,0,0,0,58086,127245
1778299288863,2553831424,53698560,766087168,241508352,954179584,1073737728,842278,48215,6,6046202,49918,0,1119068,3381,862493184,49372160,3420700,3629494,7,2,0,0,0,58086,127245
1778299289156,2553831424,53706752,766091264,241512448,954359808,1073737728,842278,48263,6,6047825,49918,0,1119068,3381,862493184,49421312,3420914,3630458,7,2,0,0,0,58086,127248
1778299289448,2553831424,53706752,766091264,241512448,954359808,1073737728,842278,48263,6,6049449,49918,0,1119068,3381,862493184,49421312,3421112,3630498,7,2,0,0,0,58086,127248
1778299289740,2553315328,53706752,766091264,241512448,954339328,1073737728,842278,48263,6,6051595,49918,0,1119877,3381,862493184,49421312,3422516,3632046,7,2,0,0,0,58087,127248
1778299290033,2553315328,53706752,766091264,241512448,954339328,1073737728,842278,48263,6,6053218,49918,0,1119877,3381,862493184,49421312,3422730,3632086,7,2,0,0,0,58087,127248
1778299290324,2553315328,53706752,766095360,241516544,954322944,1073737728,842278,48263,6,6054857,49918,0,1119877,3381,862493184,49421312,3422970,3632154,7,2,0,0,0,58087,127249
1778299290617,2552950784,53706752,766095360,241516544,954474496,1073737728,842278,48263,6,6056728,49918,0,1120419,3381,862493184,49421312,3423822,3632234,7,2,0,0,0,58087,127249
1778299290905,2553335808,53706752,766099456,241516544,954294272,1073737728,842278,48263,6,6058632,49918,0,1120683,3381,862493184,49421312,3426186,3633474,7,2,0,0,0,58088,127249
1778299291200,2553335808,53706752,766099456,241520640,954368000,1073737728,842278,48263,6,6060257,49918,0,1120683,3381,862493184,49421312,3427966,3634130,7,2,0,0,0,58088,127249
1778299291493,2553335808,53706752,766099456,241520640,954368000,1073737728,842278,48263,6,6061884,49918,0,1120683,3381,862493184,49421312,3428384,3634346,7,2,0,0,0,58088,127249
1778299291788,2553077760,53706752,766099456,241516544,954294272,1073737728,842278,48263,6,6064022,49918,0,1121494,3381,862493184,49421312,3430138,3635250,7,2,0,0,0,58088,127249
1778299292082,2553077760,53706752,766103552,241520640,954347520,1073737728,842278,48263,6,6065648,49918,0,1121494,3381,862493184,49421312,3430454,3636214,7,2,0,0,0,58088,127251
1778299292376,2553077760,53706752,766103552,241520640,954347520,1073737728,842278,48263,6,6067271,49918,0,1121494,3381,862493184,49421312,3430652,3636254,7,2,0,0,0,58088,127251
1778299292669,2553077760,53706752,766103552,241520640,954347520,1073737728,842278,48263,6,6068977,49918,0,1121629,3381,862493184,49421312,3430984,3637450,7,2,0,0,0,58088,127251
1778299292959,2552315904,53706752,766103552,241520640,954384384,1073737728,842278,48263,6,6071022,49918,0,1122295,3381,862493184,49421312,3432286,3637882,7,2,0,0,0,58088,127251
1778299293253,2552315904,53706752,766107648,241520640,954384384,1073737728,842278,48263,6,6072645,49918,0,1122295,3381,862493184,49421312,3432484,3637922,7,2,0,0,0,58088,127252
1778299293540,2552315904,53706752,766107648,241520640,954384384,1073737728,842278,48263,6,6074269,49918,0,1122295,3381,862493184,49421312,3432682,3637962,7,2,0,0,0,58088,127252
1778299293832,2552528896,53706752,766107648,241520640,954449920,1073737728,842278,48263,6,6076414,49918,0,1123094,3381,862493184,49421312,3434086,3638666,7,2,0,0,0,58088,127252
1778299294120,2552528896,53706752,766107648,241520640,954449920,1073737728,842278,48263,6,6078037,49918,0,1123094,3381,862493184,49421312,3435882,3639322,7,2,0,0,0,58088,127252
1778299294413,2552582144,53714944,766099456,241520640,954376192,1073737728,842278,48279,6,6079660,49918,0,1123094,3381,862493184,49437696,3437662,3639978,7,2,0,0,0,58088,127252
1778299294707,2552582144,53714944,766099456,241520640,954376192,1073737728,842278,48279,6,6081288,49918,0,1123094,3381,862493184,49437696,3438330,3640682,7,2,0,0,0,58088,127252
1778299295002,2553376768,53714944,766099456,241516544,954400768,1073737728,842278,48279,6,6083429,49918,0,1123904,3381,862493184,49437696,3439748,3641002,7,2,0,0,0,58088,127252
1778299295296,2553376768,53714944,766099456,241516544,954400768,1073737728,842278,48279,6,6085052,49918,0,1123904,3381,862493184,49437696,3439946,3641966,7,2,0,0,0,58088,127252
1778299295584,2553376768,53714944,766099456,241516544,954400768,1073737728,842278,48279,6,6086676,49918,0,1123904,3381,862493184,49437696,3440144,3642006,7,2,0,0,0,58088,127252
1778299295879,2553655296,53714944,766099456,241520640,954470400,1073737728,842278,48279,6,6088811,49918,0,1124711,3381,862493184,49437696,3441580,3643634,7,2,0,0,0,58088,127252
1778299296172,2553655296,53714944,766111744,241528832,954388480,1073737728,842278,48279,6,6090450,49918,0,1124711,3381,862493184,49437696,3441794,3643674,7,2,0,0,0,58090,127253
1778299296465,2553655296,53714944,766115840,241528832,954388480,1073737728,842278,48279,6,6092073,49918,0,1124711,3381,862493184,49437696,3441992,3643714,7,2,0,0,0,58090,127253
1778299296760,2553655296,53714944,766115840,241528832,954388480,1073737728,842278,48279,6,6093699,49918,0,1124711,3381,862493184,49437696,3442538,3644474,7,2,0,0,0,58090,127253
1778299297055,2553655296,53714944,766115840,241528832,954396672,1073737728,842278,48279,6,6095833,49918,0,1125518,3381,862493184,49437696,3445310,3645210,7,2,0,0,0,58090,127254
1778299297348,2553655296,53714944,766115840,241528832,954396672,1073737728,842278,48279,6,6097456,49918,0,1125518,3381,862493184,49437696,3447090,3645866,7,2,0,0,0,58090,127254
1778299297641,2553655296,53714944,766115840,241528832,954396672,1073737728,842278,48279,6,6099083,49918,0,1125518,3381,862493184,49437696,3447406,3645946,7,2,0,0,0,58090,127254
1778299297936,2553913344,53714944,766115840,241524736,954318848,1073737728,842278,48279,6,6101217,49918,0,1126325,3381,862493184,49437696,3449160,3646930,7,2,0,0,0,58090,127254
1778299298230,2553913344,53714944,766115840,241528832,954359808,1073737728,842278,48279,6,6102840,49918,0,1126325,3381,862493184,49437696,3449374,3647894,7,2,0,0,0,58090,127254
1778299298518,2553913344,53714944,766115840,241528832,954359808,1073737728,842278,48279,6,6104464,49918,0,1126325,3381,862493184,49437696,3449572,3647934,7,2,0,0,0,58090,127254
1778299298812,2553913344,53714944,766115840,241528832,954359808,1073737728,842278,48279,6,6106089,49918,0,1126325,3381,862493184,49437696,3450016,3649482,7,2,0,0,0,58090,127254
1778299299107,2553655296,53714944,766119936,241528832,954396672,1073737728,842278,48279,6,6108210,49918,0,1127130,3381,862493184,49437696,3451206,3649602,7,2,0,0,0,58090,127255
1778299299400,2553655296,53714944,766119936,241528832,954400768,1073737728,842278,48279,6,6109833,49918,0,1127130,3381,862493184,49437696,3451404,3649642,7,2,0,0,0,58090,127255
1778299299693,2553655296,53723136,766119936,241528832,954400768,1073737728,842278,48295,6,6111460,49918,0,1127130,3381,862493184,49454080,3451848,3650226,7,2,0,0,0,58090,127255
1778299299987,2553655296,53723136,766119936,241537024,954380288,1073737728,842278,48295,6,6113597,49918,0,1127938,3381,862493184,49454080,3454636,3651042,7,2,0,0,0,58092,127255
1778299300281,2553655296,53723136,766128128,241537024,954380288,1073737728,842278,48295,6,6115223,49918,0,1127938,3381,862493184,49454080,3456550,3651738,7,2,0,0,0,58092,127255
1778299300576,2553655296,53723136,766128128,241537024,954380288,1073737728,842278,48295,6,6116847,49918,0,1127938,3381,862493184,49454080,3456764,3651778,7,2,0,0,0,58092,127255
1778299300870,2553655296,53723136,766128128,241537024,954380288,1073737728,842278,48295,6,6118471,49918,0,1127938,3381,862493184,49454080,3457644,3652602,7,2,0,0,0,58092,127255
1778299301165,2553397248,53723136,766128128,241537024,954359808,1073737728,842278,48295,6,6120609,49918,0,1128746,3381,862493184,49454080,3458850,3653606,7,2,0,0,0,58092,127257
1778299301460,2553397248,53723136,766128128,241537024,954359808,1073737728,842278,48295,6,6122232,49918,0,1128747,3381,862493184,49454080,3459048,3653646,7,2,0,0,0,58092,127257
1778299301753,2553397248,53723136,766128128,241537024,954359808,1073737728,842278,48295,6,6123857,49918,0,1128747,3381,862493184,49454080,3459492,3655194,7,2,0,0,0,58092,127257
1778299302047,2553139200,53723136,766136320,241537024,954294272,1073737728,842278,48295,6,6125995,49918,0,1129556,3381,862493184,49454080,3460682,3655354,7,2,0,0,0,58092,127259
1778299302340,2553139200,53723136,766140416,241537024,954417152,1073737728,842278,48295,6,6127635,49918,0,1129556,3381,862493184,49454080,3460998,3655530,7,2,0,0,0,58092,127259
1778299302634,2553139200,53723136,766140416,241537024,954417152,1073737728,842278,48295,6,6129259,49918,0,1129556,3381,862493184,49454080,3461196,3655570,7,2,0,0,0,58092,127259
1778299302925,2553139200,53723136,766140416,241537024,954417152,1073737728,842278,48295,6,6130887,49918,0,1129556,3381,862493184,49454080,3463238,3656770,7,2,0,0,0,58092,127259
1778299303221,2552881152,53723136,766140416,241537024,954368000,1073737728,842278,48295,6,6133036,49918,0,1130365,3381,862493184,49454080,3466010,3657466,7,2,0,0,0,58092,127260
1778299303513,2552881152,53723136,766140416,241537024,954368000,1073737728,842278,48295,6,6134661,49918,0,1130365,3381,862493184,49454080,3466326,3657506,7,2,0,0,0,58092,127260
1778299303805,2552881152,53723136,766144512,241537024,954368000,1073737728,842278,48295,6,6136288,49918,0,1130365,3381,862493184,49454080,3467206,3658370,7,2,0,0,0,58092,127260
1778299304099,2552881152,53723136,766148608,241541120,954351616,1073737728,842278,48295,6,6138410,49918,0,1131172,3381,862493184,49454080,3468396,3659494,7,2,0,0,0,58092,127261
1778299304392,2552881152,53723136,766148608,241541120,954351616,1073737728,842278,48295,6,6140034,49918,0,1131172,3381,862493184,49454080,3468610,3659494,7,2,0,0,0,58092,127261
1778299304685,2552881152,53723136,766148608,241541120,954351616,1073737728,842278,48295,6,6141659,49918,0,1131172,3381,862493184,49454080,3469054,3661042,7,2,0,0,0,58092,127261
1778299304976,2552881152,53731328,766140416,241541120,954351616,1073737728,842278,48315,6,6143283,49918,0,1131172,3381,862493184,49474560,3469252,3661122,7,2,0,0,0,58092,127261
1778299305271,2552623104,53731328,766148608,241541120,954445824,1073737728,842278,48315,6,6145420,49918,0,1131980,3381,862493184,49474560,3470426,3661202,7,2,0,0,0,58092,127262
1778299305562,2552623104,53731328,766148608,241541120,954445824,1073737728,842278,48315,6,6147043,49918,0,1131980,3381,862493184,49474560,3470624,3661242,7,2,0,0,0,58092,127262
1778299305856,2552623104,53731328,766152704,241541120,954445824,1073737728,842278,48315,6,6148666,49918,0,1131980,3381,862493184,49474560,3471068,3661826,7,2,0,0,0,58092,127262
1778299306145,2552365056,53731328,766152704,241537024,954191872,1073737728,842278,48315,6,6150831,49918,0,1132789,3381,862493184,49474560,3473856,3662602,7,2,0,0,0,58092,127262
1778299306440,2552365056,53731328,766152704,241537024,954191872,1073737728,842278,48315,6,6152459,49918,0,1132789,3381,862493184,49474560,3475754,3663258,7,2,0,0,0,58092,127262
1778299306731,2552365056,53731328,766152704,241537024,954191872,1073737728,842278,48315,6,6154085,49918,0,1132789,3381,862493184,49474560,3476304,3663922,7,2,0,0,0,58092,127262
1778299307025,2552365056,53731328,766152704,241537024,954384384,1073737728,842278,48315,6,6155710,49918,0,1132789,3381,862493184,49474560,3476907,3664294,7,2,0,0,0,58092,127263
1778299307317,2552107008,53731328,766152704,241532928,954388480,1073737728,842278,48315,6,6157838,49918,0,1133592,3381,862493184,49474560,3478081,3665298,7,2,0,0,0,58092,127263
1778299307611,2552107008,53731328,766152704,241532928,954388480,1073737728,842278,48315,6,6159462,49918,0,1133592,3381,862493184,49474560,3478295,3666262,7,2,0,0,0,58092,127263
1778299307904,2552107008,53731328,766156800,241532928,954388480,1073737728,842278,48315,6,6161088,49918,0,1133592,3381,862493184,49474560,3478857,3667022,7,2,0,0,0,58092,127263
1778299308197,2552107008,54018048,766025728,241541120,955174912,1073737728,842554,48315,6,6163406,49919,0,1135071,3381,862964224,49474560,3480149,3667318,7,2,0,0,0,58092,127263
1778299308488,2552107008,54202368,766164992,241803264,954449920,1073737728,842738,48315,6,6165284,49923,0,1135145,3381,862964224,49474560,3480363,3667358,7,2,0,0,0,58156,127263
1778299308781,2552107008,54202368,766164992,241803264,954449920,1073737728,842738,48315,6,6166909,49923,0,1135145,3381,862964224,49474560,3480807,3667942,7,2,0,0,0,58156,127263
1778299309076,2552107008,54202368,766263296,241987584,954458112,1073737728,842738,48315,6,6168532,49923,0,1135145,3381,862964224,49626112,3482603,3668598,7,2,0,0,0,58202,127266
1778299309370,2552107008,54218752,766267392,241999872,954433536,1073737728,842738,48463,6,6170672,49923,0,1135951,3381,862964224,49626112,3485391,3669254,7,2,0,0,0,58206,127266
1778299309665,2552107008,54218752,766271488,241999872,954433536,1073737728,842738,48463,6,6172298,49923,0,1135951,3381,862964224,49626112,3485723,3669526,7,2,0,0,0,58206,127266
1778299309954,2552107008,54218752,766275584,242003968,954408960,1073737728,842738,48463,6,6173924,49923,0,1135951,3381,862964224,49626112,3486501,3670118,7,2,0,0,0,58206,127266
1778299310248,2552107008,54218752,766275584,242003968,954257408,1073737728,842738,48563,6,6176071,49923,0,1136763,3381,862964224,49728512,3487707,3671202,7,2,0,0,0,58206,127266
1778299310541,2552107008,54218752,766275584,242003968,954195968,1073737728,842738,48563,6,6177694,49923,0,1136763,3381,862964224,49728512,3487921,3671242,7,2,0,0,0,58206,127267
1778299310836,2552107008,54218752,766275584,242003968,954212352,1073737728,842738,48631,6,6179319,49923,0,1136763,3381,862964224,49798144,3488365,3672750,7,2,0,0,0,58206,127267
1778299311127,2552107008,54218752,766275584,242024448,954449920,1073737728,842738,48631,6,6180943,49923,0,1136763,3381,862964224,49798144,3488579,3672790,7,2,0,0,0,58211,127268
1778299311421,2551861248,54218752,766275584,242028544,954384384,1073737728,842738,48631,6,6183071,49923,0,1137564,3381,862964224,49798144,3489737,3672830,7,2,0,0,0,58211,127268
1778299311715,2551861248,54218752,766279680,242028544,954384384,1073737728,842738,48631,6,6184697,49923,0,1137564,3381,862964224,49798144,3490197,3673414,7,2,0,0,0,58211,127268
1778299312009,2551861248,54218752,766279680,242024448,954445824,1073737728,842738,48631,6,6186324,49923,0,1137564,3381,862964224,49798144,3491993,3674110,7,2,0,0,0,58211,127268
1778299312304,2551754752,54218752,766279680,242024448,954200064,1073737728,842738,48631,6,6188464,49925,0,1138369,3381,862964224,49798144,3494807,3674932,7,2,0,0,0,58211,127268
1778299312598,2551754752,54218752,766279680,242024448,954200064,1073737728,842738,48631,6,6190089,49925,0,1138369,3381,862964224,49798144,3495139,3675012,7,2,0,0,0,58211,127268
1778299312893,2551754752,54218752,766279680,242024448,954200064,1073737728,842738,48631,6,6191714,49925,0,1138369,3381,862964224,49798144,3495917,3675836,7,2,0,0,0,58211,127268
1778299313188,2551861248,54218752,766279680,242032640,954466304,1073737728,842738,48631,6,6193337,49925,0,1138369,3381,862964224,49798144,3496217,3676936,7,2,0,0,0,58213,127267
1778299313482,2551861248,54218752,766283776,242032640,954343424,1073737728,842738,48791,6,6195488,49925,0,1139177,3381,862964224,49961984,3497391,3677096,7,2,0,0,0,58213,127267
1778299313776,2551861248,54218752,766283776,242032640,954343424,1073737728,842738,48791,6,6197113,49925,0,1139177,3381,862964224,49961984,3497851,3678644,7,2,0,0,0,58213,127267
1778299314070,2551861248,54218752,766283776,242032640,954466304,1073737728,842738,48791,6,6198736,49925,0,1139177,3381,862964224,49961984,3498065,3678684,7,2,0,0,0,58213,127267
1778299314364,2552561664,54226944,766275584,242032640,954462208,1073737728,842738,48827,6,6200884,49925,0,1139981,3381,862964224,49998848,3499239,3678844,7,2,0,0,0,58213,127267
1778299314658,2552561664,54226944,766275584,242032640,954462208,1073737728,842738,48827,6,6202508,49925,0,1139982,3381,862964224,49998848,3499453,3678884,7,2,0,0,0,58213,127267
1778299314951,2552561664,54226944,766275584,242032640,954462208,1073737728,842738,48827,6,6204135,49925,0,1139982,3381,862964224,49998848,3501495,3680124,7,2,0,0,0,58213,127267
1778299315245,2552676352,54226944,766287872,242040832,954449920,1073737728,842738,48827,6,6205758,49925,0,1139982,3381,862964224,49998848,3503275,3680780,7,2,0,0,0,58215,127268
1778299315539,2552676352,54226944,766287872,242040832,954368000,1073737728,842738,48827,6,6207898,49925,0,1140791,3381,862964224,49998848,3504481,3680820,7,2,0,0,0,58215,127268
1778299315833,2552676352,54226944,766287872,242040832,954368000,1073737728,842738,48827,6,6209525,49925,0,1140791,3381,862964224,49998848,3505377,3681684,7,2,0,0,0,58215,127268
1778299316122,2552676352,54226944,766296064,242040832,954429440,1073737728,842738,48847,6,6211148,49925,0,1140791,3381,862964224,50019328,3505591,3682648,7,2,0,0,0,58215,127270
1778299316414,2552590336,54226944,766296064,242040832,954429440,1073737728,842738,48847,6,6213208,49925,0,1141599,3381,862964224,50019328,3506749,3682808,7,2,0,0,0,58215,127270
1778299316706,2553470976,54226944,766296064,242044928,954531840,1073737728,842738,48847,6,6214918,49925,0,1141599,3381,862964224,50019328,3507209,3684316,7,2,0,0,0,58215,127270
1778299317000,2553470976,54226944,766296064,242044928,954531840,1073737728,842738,48847,6,6216541,49925,0,1141599,3381,862964224,50019328,3507423,3684396,7,2,0,0,0,58215,127270
1778299317293,2553470976,54226944,766296064,242040832,954454016,1073737728,842738,48847,6,6218164,49925,0,1141599,3381,862964224,50019328,3507621,3684436,7,2,0,0,0,58215,127270
1778299317588,2552848384,54226944,766296064,242044928,954515456,1073737728,842738,48847,6,6220308,49925,0,1142406,3381,862964224,50019328,3508779,3684556,7,2,0,0,0,58215,127270
1778299317882,2552848384,54226944,766296064,242044928,954515456,1073737728,842738,48847,6,6221934,49925,0,1142406,3381,862964224,50019328,3510821,3685756,7,2,0,0,0,58215,127270
1778299318176,2552954880,54226944,766300160,242040832,954429440,1073737728,842738,48847,6,6223560,49925,0,1142406,3381,862964224,50019328,3512719,3686412,7,2,0,0,0,58215,127270
1778299318468,2552696832,54226944,766300160,242040832,954429440,1073737728,842738,48847,6,6225558,49925,0,1143212,3381,862964224,50019328,3513893,3686572,7,2,0,0,0,58215,127270
1778299318758,2552696832,54226944,766300160,242040832,954486784,1073737728,842738,48847,6,6227325,49925,0,1143212,3381,862964224,50019328,3514663,3687532,7,2,0,0,0,58215,127270
1778299319052,2552696832,54235136,766304256,242040832,954486784,1073737728,842738,48883,6,6228952,49925,0,1143214,3381,862964224,50056192,3515089,3688576,7,2,0,0,0,58215,127271
1778299319346,2552696832,54235136,766304256,242040832,954486784,1073737728,842738,48919,6,6230581,49925,0,1143214,3381,862964224,50093056,3515287,3688616,7,2,0,0,0,58215,127271
1778299319641,2552438784,54235136,766304256,242036736,954245120,1073737728,842738,48919,6,6232707,49925,0,1144020,3381,862964224,50093056,3516461,3689660,7,2,0,0,0,58215,127271
1778299319934,2552438784,54235136,766304256,242036736,954245120,1073737728,842738,48919,6,6234333,49925,0,1144020,3381,862964224,50093056,3516921,3690284,7,2,0,0,0,58215,127271
1778299320228,2552209408,54235136,766308352,242049024,954462208,1073737728,842738,48919,6,6235972,49925,0,1144020,3381,862964224,50093056,3517119,3690324,7,2,0,0,0,58217,127274
1778299320521,2551951360,54235136,766308352,242049024,954462208,1073737728,842738,48919,6,6237817,49925,0,1144429,3381,862964224,50093056,3517837,3690364,7,2,0,0,0,58217,127274
1778299320808,2551951360,54235136,766308352,242044928,954490880,1073737728,842738,48919,6,6239737,49925,0,1144829,3381,862964224,50093056,3518737,3691028,7,2,0,0,0,58217,127274
1778299321101,2551951360,54235136,766308352,242049024,954437632,1073737728,842738,48947,6,6241360,49925,0,1144829,3381,862964224,50121728,3520533,3691684,7,2,0,0,0,58217,127274
1778299321396,2551951360,54235136,766308352,242049024,954437632,1073737728,842738,48947,6,6242985,49925,0,1144829,3381,862964224,50121728,3522597,3692340,7,2,0,0,0,58217,127274
1778299321688,2551435264,54235136,766308352,242049024,954421248,1073737728,842738,48947,6,6245136,49925,0,1145645,3381,862964224,50121728,3524107,3693124,7,2,0,0,0,58217,127274
1778299321982,2551435264,54235136,766312448,242049024,954482688,1073737728,842738,48947,6,6246763,49925,0,1145645,3381,862964224,50121728,3524651,3693364,7,2,0,0,0,58217,127275
1778299322277,2551435264,54235136,766312448,242049024,954482688,1073737728,842738,48947,6,6248386,49925,0,1145645,3381,862964224,50121728,3524849,3694328,7,2,0,0,0,58217,127275
1778299322572,2551435264,54235136,766312448,242049024,954482688,1073737728,842738,48947,6,6250039,49925,0,1145695,3381,862964224,50121728,3525047,3694368,7,2,0,0,0,58217,127275
1778299322867,2551177216,54235136,766312448,242053120,954445824,1073737728,842738,48947,6,6252149,49925,0,1146452,3381,862964224,50121728,3526617,3695956,7,2,0,0,0,58217,127275
1778299323157,2551177216,54235136,766316544,242049024,954486784,1073737728,842738,48947,6,6253773,49925,0,1146452,3381,862964224,50121728,3526857,3696024,7,2,0,0,0,58217,127275
1778299323452,2551177216,54235136,766316544,242049024,954486784,1073737728,842738,48947,6,6255396,49925,0,1146452,3381,862964224,50121728,3527055,3696064,7,2,0,0,0,58217,127275
1778299323746,2550157312,54235136,766316544,242049024,954458112,1073737728,842738,48947,6,6257541,49925,0,1147258,3381,862964224,50121728,3528561,3696904,7,2,0,0,0,58217,127276
1778299324040,2550157312,54243328,766316544,242049024,954474496,1073737728,842738,48975,6,6259164,49925,0,1147258,3381,862964224,50150400,3530357,3697600,7,2,0,0,0,58217,127276
1778299324333,2550157312,54243328,766316544,242049024,954474496,1073737728,842738,48975,6,6260789,49925,0,1147258,3381,862964224,50150400,3532255,3698256,7,2,0,0,0,58217,127276
1778299324626,2550157312,54243328,766316544,242049024,954474496,1073737728,842738,48975,6,6262412,49925,0,1147258,3381,862964224,50150400,3532453,3698336,7,2,0,0,0,58217,127276
1778299324919,2551193600,54243328,766324736,242044928,954400768,1073737728,842738,48975,6,6264563,49925,0,1148068,3381,862964224,50150400,3534271,3699240,7,2,0,0,0,58217,127276
1778299325212,2551193600,54243328,766324736,242049024,954503168,1073737728,842738,48975,6,6266187,49925,0,1148068,3381,862964224,50150400,3534469,3700204,7,2,0,0,0,58217,127276
1778299325505,2551193600,54243328,766324736,242049024,954503168,1073737728,842738,48975,6,6267810,49925,0,1148068,3381,862964224,50150400,3534667,3700244,7,2,0,0,0,58217,127276
1778299325800,2550935552,54243328,766324736,242044928,954515456,1073737728,842738,48975,6,6269945,49925,0,1148871,3381,862964224,50150400,3536087,3701872,7,2,0,0,0,58217,127276
1778299326093,2550935552,54243328,766324736,242057216,954490880,1073737728,842738,48975,6,6271568,49925,0,1148871,3381,862964224,50150400,3536301,3701912,7,2,0,0,0,58219,127278
1778299326388,2550935552,54243328,766324736,242057216,954490880,1073737728,842738,48975,6,6273207,49925,0,1148871,3381,862964224,50150400,3536499,3701952,7,2,0,0,0,58219,127278
1778299326682,2550935552,54243328,766328832,242057216,954490880,1073737728,842738,48975,6,6274832,49925,0,1148871,3381,862964224,50150400,3536943,3702536,7,2,0,0,0,58219,127278
1778299326975,2550935552,54243328,766328832,242057216,954511360,1073737728,842738,48975,6,6276969,49925,0,1149679,3381,862964224,50150400,3539715,3703312,7,2,0,0,0,58219,127279
1778299327269,2550935552,54243328,766328832,242057216,954511360,1073737728,842738,48975,6,6278592,49925,0,1149679,3381,862964224,50150400,3541495,3703968,7,2,0,0,0,58219,127279
1778299327557,2550935552,54243328,766328832,242057216,954511360,1073737728,842738,48975,6,6280216,49925,0,1149679,3381,862964224,50150400,3541811,3704008,7,2,0,0,0,58219,127279
1778299327852,2551414784,54243328,766328832,242057216,954208256,1073737728,842738,48975,6,6282358,49925,0,1150486,3381,862964224,50150400,3543549,3704952,7,2,0,0,0,58219,127279
1778299328146,2551480320,54243328,766328832,242057216,954474496,1073737728,842738,48975,6,6283984,49925,0,1150486,3381,862964224,50150400,3543881,3705956,7,2,0,0,0,58219,127279
1778299328441,2551480320,54243328,766328832,242057216,954474496,1073737728,842738,48975,6,6285607,49925,0,1150486,3381,862964224,50150400,3544079,3705996,7,2,0,0,0,58219,127279
1778299328735,2551480320,54243328,766328832,242057216,954474496,1073737728,842738,48975,6,6287234,49925,0,1150486,3381,862964224,50150400,3544523,3707544,7,2,0,0,0,58219,127279
1778299329031,2551738368,54243328,766337024,242053120,954560512,1073737728,842738,48975,6,6289367,49925,0,1151296,3381,862964224,50150400,3545681,3707664,7,2,0,0,0,58219,127279
1778299329320,2551738368,54251520,766332928,242057216,954511360,1073737728,842738,49011,6,6290990,49925,0,1151296,3381,862964224,50187264,3545981,3707840,7,2,0,0,0,58219,127280
1778299329613,2551738368,54251520,766332928,242057216,954511360,1073737728,842738,49011,6,6292614,49925,0,1151296,3381,862964224,50187264,3546179,3707880,7,2,0,0,0,58219,127280
1778299329908,2551738368,54251520,766332928,242053120,954404864,1073737728,842738,49011,6,6294764,49925,0,1152100,3381,862964224,50187264,3549197,3709200,7,2,0,0,0,58219,127280
1778299330202,2551738368,54251520,766341120,242065408,954482688,1073737728,842738,49011,6,6296388,49925,0,1152100,3381,862964224,50187264,3550993,3709856,7,2,0,0,0,58221,127282
1778299330496,2551738368,54251520,766341120,242065408,954482688,1073737728,842738,49011,6,6298012,49925,0,1152100,3381,862964224,50187264,3551309,3709896,7,2,0,0,0,58221,127282
1778299330789,2551738368,54251520,766341120,242065408,954482688,1073737728,842738,49011,6,6299639,49925,0,1152100,3381,862964224,50187264,3552071,3710800,7,2,0,0,0,58221,127282
1778299331086,2551738368,54251520,766345216,242065408,954470400,1073737728,842738,49011,6,6301777,49925,0,1152903,3381,862964224,50187264,3553277,3711804,7,2,0,0,0,58221,127283
1778299331380,2551738368,54251520,766345216,242065408,954470400,1073737728,842738,49011,6,6303400,49925,0,1152903,3381,862964224,50187264,3553475,3711844,7,2,0,0,0,58221,127283
1778299331674,2551738368,54251520,766345216,242065408,954470400,1073737728,842738,49011,6,6305025,49925,0,1152903,3381,862964224,50187264,3553919,3713352,7,2,0,0,0,58221,127283
1778299331962,2551758848,54251520,766345216,242065408,954499072,1073737728,842738,49011,6,6307167,49925,0,1153716,3381,862964224,50187264,3555093,3713552,7,2,0,0,0,58221,127283
1778299332257,2551529472,54251520,766345216,242065408,954499072,1073737728,842738,49011,6,6308805,49925,0,1153716,3381,862964224,50187264,3555307,3713592,7,2,0,0,0,58221,127283
1778299332552,2551529472,54251520,766345216,242065408,954499072,1073737728,842738,49011,6,6310429,49925,0,1153716,3381,862964224,50187264,3555505,3713632,7,2,0,0,0,58221,127283
1778299332845,2551529472,54251520,766345216,242065408,954499072,1073737728,842738,49011,6,6312054,49925,0,1153716,3381,862964224,50187264,3555949,3714216,7,2,0,0,0,58221,127283
1778299333141,2552303616,54251520,766349312,242065408,954511360,1073737728,842738,49011,6,6314195,49925,0,1154523,3381,862964224,50187264,3558721,3714952,7,2,0,0,0,58221,127284
1778299333435,2552303616,54251520,766349312,242065408,954511360,1073737728,842738,49011,6,6315819,49925,0,1154523,3381,862964224,50187264,3560501,3715608,7,2,0,0,0,58221,127284
1778299333725,2552303616,54251520,766353408,242065408,954511360,1073737728,842738,49011,6,6317447,49925,0,1154523,3381,862964224,50187264,3561169,3716312,7,2,0,0,0,58221,127284
1778299334019,2552303616,54251520,766353408,242065408,954490880,1073737728,842738,49011,6,6319580,49925,0,1155324,3381,862964224,50187264,3562689,3716768,7,2,0,0,0,58221,127285
1778299334313,2552303616,54251520,766357504,242065408,954490880,1073737728,842738,49011,6,6321203,49925,0,1155324,3381,862964224,50187264,3562903,3717732,7,2,0,0,0,58221,127285
1778299334608,2552303616,54259712,766349312,242065408,954490880,1073737728,842738,49027,6,6322828,49925,0,1155324,3381,862964224,50203648,3563101,3718696,7,2,0,0,0,58221,127285
1778299334904,2552303616,54259712,766349312,242065408,954490880,1073737728,842738,49027,6,6324455,49925,0,1155324,3381,862964224,50203648,3563663,3719456,7,2,0,0,0,58221,127285
1778299335198,2552057856,54259712,766357504,242073600,954540032,1073737728,842738,49027,6,6326592,49925,0,1156134,3381,862964224,50203648,3564853,3719576,7,2,0,0,0,58223,127286
1778299335492,2552057856,54259712,766357504,242073600,954540032,1073737728,842738,49027,6,6328215,49925,0,1156134,3381,862964224,50203648,3565051,3719616,7,2,0,0,0,58223,127286
1778299335785,2552057856,54259712,766357504,242073600,954540032,1073737728,842738,49027,6,6329841,49925,0,1156134,3381,862964224,50203648,3565495,3720240,7,2,0,0,0,58223,127286
1778299336080,2551799808,54259712,766357504,242073600,954458112,1073737728,842738,49027,6,6331973,49925,0,1156942,3381,862964224,50203648,3568267,3721016,7,2,0,0,0,58223,127286
1778299336373,2551799808,54259712,766357504,242073600,954458112,1073737728,842738,49027,6,6333599,49925,0,1156942,3381,862964224,50207744,3570181,3721672,7,2,0,0,0,58223,127286
1778299336667,2551799808,54259712,766357504,242073600,954458112,1073737728,842738,49031,6,6335227,49925,0,1156942,3381,862964224,50207744,3570379,3721944,7,2,0,0,0,58223,127286
1778299336957,2551799808,54259712,766357504,242073600,954458112,1073737728,842738,49031,6,6336855,49925,0,1156942,3381,862964224,50207744,3571259,3722576,7,2,0,0,0,58223,127286
1778299337253,2551799808,54259712,766361600,242069504,954490880,1073737728,842738,49031,6,6338984,49925,0,1157748,3381,862964224,50207744,3572465,3723660,7,2,0,0,0,58223,127287
1778299337548,2551799808,54259712,766361600,242069504,954490880,1073737728,842738,49031,6,6340608,49925,0,1157748,3381,862964224,50207744,3572663,3723700,7,2,0,0,0,58223,127287
1778299337841,2551799808,54259712,766361600,242069504,954490880,1073737728,842738,49031,6,6342233,49925,0,1157748,3381,862964224,50207744,3573107,3725208,7,2,0,0,0,58223,127287
1778299338136,2551554048,54259712,766361600,242073600,954503168,1073737728,842738,49031,6,6344386,49925,0,1158554,3381,862964224,50207744,3574281,3725328,7,2,0,0,0,58223,127287
1778299338430,2551554048,54259712,766361600,242073600,954503168,1073737728,842738,49031,6,6346009,49925,0,1158554,3381,862964224,50207744,3574495,3725368,7,2,0,0,0,58223,127287
1778299338718,2551554048,54259712,766361600,242073600,954503168,1073737728,842738,49031,6,6347634,49925,0,1158554,3381,862964224,50207744,3574939,3725952,7,2,0,0,0,58223,127287
1778299339012,2551554048,54259712,766361600,242073600,954503168,1073737728,842738,49031,6,6349257,49925,0,1158554,3381,862964224,50207744,3576735,3726648,7,2,0,0,0,58223,127287
1778299339307,2551554048,54259712,766365696,242073600,954560512,1073737728,842738,49031,6,6351388,49925,0,1159358,3381,862964224,50207744,3579625,3727424,7,2,0,0,0,58223,127287
1778299339601,2551554048,54267904,766357504,242073600,954576896,1073737728,842738,49087,6,6353012,49925,0,1159358,3381,862964224,50265088,3579823,3727504,7,2,0,0,0,58223,127287
1778299339897,2551554048,54267904,766361600,242073600,954576896,1073737728,842738,49087,6,6354639,49925,0,1159358,3381,862964224,50265088,3580719,3728368,7,2,0,0,0,58223,127287
1778299340191,2552221696,54267904,766369792,242077696,954470400,1073737728,842738,49087,6,6356780,49925,0,1160171,3381,862964224,50265088,3581893,3729292,7,2,0,0,0,58225,127287
1778299340485,2552221696,54267904,766369792,242077696,954470400,1073737728,842738,49087,6,6358404,49925,0,1160171,3381,862964224,50265088,3582209,3729508,7,2,0,0,0,58225,127287
1778299340780,2552221696,54267904,766369792,242077696,954470400,1073737728,842738,49087,6,6360030,49925,0,1160171,3381,862964224,50265088,3582653,3731056,7,2,0,0,0,58225,127287
1778299341073,2552336384,54267904,766369792,242081792,954527744,1073737728,842738,49087,6,6361653,49925,0,1160171,3381,862964224,50265088,3582867,3731096,7,2,0,0,0,58225,127288
1778299341370,2552872960,54267904,766369792,242081792,954380288,1073737728,842738,49087,6,6363803,49925,0,1160978,3381,862964224,50265088,3584057,3731256,7,2,0,0,0,58225,127288
1778299341663,2552872960,54267904,766369792,242081792,954531840,1073737728,842738,49155,6,6365427,49925,0,1160978,3381,862964224,50334720,3584255,3731412,7,2,0,0,0,58225,127288
1778299341957,2552872960,54267904,766369792,242081792,954531840,1073737728,842738,49155,6,6367053,49925,0,1160978,3381,862964224,50334720,3586297,3732536,7,2,0,0,0,58225,127288
1778299342252,2553401344,54267904,766373888,242081792,954400768,1073737728,842738,49155,6,6369190,49925,0,1161784,3381,862964224,50334720,3589069,3733272,7,2,0,0,0,58225,127288
1778299342546,2553401344,54267904,766373888,242081792,954400768,1073737728,842738,49155,6,6370813,49925,0,1161784,3381,862964224,50334720,3589401,3733312,7,2,0,0,0,58225,127288
1778299342840,2553401344,54267904,766373888,242081792,954400768,1073737728,842738,49155,6,6372436,49925,0,1161786,3381,862964224,50334720,3590163,3734136,7,2,0,0,0,58225,127288
1778299343135,2553409536,54267904,766386176,242081792,954503168,1073737728,842738,49155,6,6374061,49925,0,1161786,3381,862964224,50334720,3590479,3735140,7,2,0,0,0,58225,127290
1778299343427,2553430016,54267904,766386176,242081792,954556416,1073737728,842738,49155,6,6376184,49926,0,1162597,3381,862964224,50334720,3591653,3735260,7,2,0,0,0,58225,127291
1778299343717,2553430016,54267904,766390272,242081792,954560512,1073737728,842738,49155,6,6377821,49926,0,1162597,3381,862964224,50334720,3592097,3736768,7,2,0,0,0,58225,127292
1778299344012,2553430016,54267904,766390272,242081792,954560512,1073737728,842738,49155,6,6379443,49926,0,1162597,3381,862964224,50334720,3592311,3736848,7,2,0,0,0,58225,127292
1778299344306,2553581568,54267904,766390272,242081792,954560512,1073737728,842738,49155,6,6381598,49926,0,1163396,3381,862964224,50334720,3593485,3736968,7,2,0,0,0,58225,127292
1778299344600,2553581568,54267904,766390272,242081792,954560512,1073737728,842738,49155,6,6383219,49926,0,1163396,3381,862964224,50363392,3593699,3737008,7,2,0,0,0,58225,127292
1778299344894,2553581568,54276096,766382080,242081792,954560512,1073737728,842738,49183,6,6384844,49926,0,1163396,3381,862964224,50363392,3595741,3738208,7,2,0,0,0,58225,127292
1778299345188,2553688064,54276096,766390272,242081792,954556416,1073737728,842738,49183,6,6386465,49926,0,1163396,3381,862964224,50363392,3597521,3738864,7,2,0,0,0,58225,127294
1778299345483,2553688064,54276096,766390272,242089984,954568704,1073737728,842738,49183,6,6388607,49926,0,1164206,3381,862964224,50363392,3598845,3738984,7,2,0,0,0,58227,127294
1778299345776,2553688064,54276096,766394368,242089984,954568704,1073737728,842738,49183,6,6390230,49926,0,1164206,3381,862964224,50363392,3599709,3740024,7,2,0,0,0,58227,127294
1778299346070,2553688064,54276096,766394368,242089984,954568704,1073737728,842738,49183,6,6391851,49926,0,1164206,3381,862964224,50363392,3599923,3740988,7,2,0,0,0,58227,127294
1778299346364,2553950208,54276096,766394368,242089984,954417152,1073737728,842738,49183,6,6393987,49926,0,1165011,3381,862964224,50363392,3601065,3741108,7,2,0,0,0,58227,127294
1778299346658,2553708544,54276096,766394368,242089984,954417152,1073737728,842738,49239,6,6395608,49926,0,1165011,3381,862964224,50420736,3601263,3742072,7,2,0,0,0,58227,127294
1778299346952,2553708544,54276096,766394368,242089984,954417152,1073737728,842738,49239,6,6397232,49926,0,1165011,3381,862964224,50420736,3601723,3742656,7,2,0,0,0,58227,127294
1778299347245,2553708544,54276096,766398464,242089984,954552320,1073737728,842738,49239,6,6398853,49926,0,1165011,3381,862964224,50420736,3601921,3742696,7,2,0,0,0,58227,127295
1778299347541,2552934400,54276096,766402560,242085888,954482688,1073737728,842738,49239,6,6401000,49926,0,1165823,3381,862964224,50420736,3603095,3742776,7,2,0,0,0,58227,127295
1778299347836,2552934400,54276096,766402560,242085888,954482688,1073737728,842738,49239,6,6402624,49926,0,1165823,3381,862964224,50420736,3603539,3743360,7,2,0,0,0,58227,127295
1778299348126,2552934400,54276096,766402560,242089984,954531840,1073737728,842738,49239,6,6404246,49926,0,1165823,3381,862964224,50420736,3605335,3744016,7,2,0,0,0,58227,127295
1778299348416,2553106432,54276096,766402560,242089984,954380288,1073737728,842738,49239,6,6406382,49926,0,1166629,3381,862964224,50420736,3608107,3744712,7,2,0,0,0,58227,127295
1778299348710,2553204736,54276096,766402560,242089984,954355712,1073737728,842738,49239,6,6408006,49926,0,1166629,3381,862964224,50420736,3608775,3745376,7,2,0,0,0,58227,127295
1778299349002,2553204736,54276096,766402560,242089984,954355712,1073737728,842738,49239,6,6409627,49926,0,1166629,3381,862964224,50420736,3609201,3745616,7,2,0,0,0,58227,127295
1778299349296,2553204736,54276096,766402560,242089984,954548224,1073737728,842738,49239,6,6411248,49926,0,1166629,3381,862964224,50420736,3609399,3746580,7,2,0,0,0,58227,127295
1778299349591,2553118720,54276096,766406656,242094080,954728448,1073737728,842738,49239,6,6413401,49926,0,1167433,3381,862964224,50420736,3610573,3746660,7,2,0,0,0,58227,127295
1778299349886,2553118720,54284288,766406656,242094080,954728448,1073737728,842738,49283,6,6415025,49926,0,1167433,3381,862964224,50465792,3611033,3748168,7,2,0,0,0,58227,127295
1778299350180,2553262080,54284288,766406656,242089984,954585088,1073737728,842738,49283,6,6416662,49926,0,1167433,3381,862964224,50465792,3611231,3748208,7,2,0,0,0,58227,127296
1778299350474,2552639488,54284288,766406656,242089984,954494976,1073737728,842738,49283,6,6418800,49926,0,1168242,3381,862964224,50465792,3612405,3748368,7,2,0,0,0,58227,127296
1778299350768,2552745984,54284288,766410752,242089984,954441728,1073737728,842738,49283,6,6420424,49926,0,1168242,3381,862964224,50465792,3612865,3748992,7,2,0,0,0,58227,127296
1778299351062,2552745984,54284288,766410752,242098176,954531840,1073737728,842738,49283,6,6422045,49926,0,1168242,3381,862964224,50465792,3614763,3749784,7,2,0,0,0,58229,127297
1778299351353,2552745984,54284288,766414848,242098176,954531840,1073737728,842738,49283,6,6423667,49926,0,1168242,3381,862964224,50465792,3616543,3750440,7,2,0,0,0,58229,127297
1778299351649,2553257984,54284288,766418944,242094080,954470400,1073737728,842738,49283,6,6425806,49926,0,1169051,3381,862964224,50465792,3617835,3750520,7,2,0,0,0,58229,127298
1778299351944,2553257984,54284288,766418944,242094080,954470400,1073737728,842738,49283,6,6427430,49926,0,1169051,3381,862964224,50482176,3618613,3751384,7,2,0,0,0,58229,127298
1778299352236,2553278464,54284288,766418944,242098176,954593280,1073737728,842738,49311,6,6429059,49926,0,1169051,3381,862964224,50494464,3618811,3752348,7,2,0,0,0,58229,127299
1778299352527,2552516608,54284288,766418944,242098176,954441728,1073737728,842738,49311,6,6431148,49926,0,1169859,3381,862964224,50494464,3619985,3752508,7,2,0,0,0,58229,127299
1778299352822,2552774656,54284288,766418944,242098176,954413056,1073737728,842738,49311,6,6432814,49926,0,1169859,3381,862964224,50494464,3620445,3754056,7,2,0,0,0,58229,127299
1778299353115,2552774656,54284288,766418944,242098176,954576896,1073737728,842738,49311,6,6434436,49926,0,1169859,3381,862964224,50494464,3620659,3754096,7,2,0,0,0,58229,127300
1778299353409,2552774656,54284288,766418944,242098176,954576896,1073737728,842738,49311,6,6436057,49926,0,1169859,3381,862964224,50494464,3620857,3754136,7,2,0,0,0,58229,127300
1778299353703,2552410112,54284288,766418944,242102272,954408960,1073737728,842738,49311,6,6438191,49927,0,1170669,3381,862964224,50494464,3622309,3754760,7,2,0,0,0,58229,127300
1778299353995,2552410112,54284288,766418944,242102272,954408960,1073737728,842738,49311,6,6439813,49927,0,1170669,3381,862964224,50494464,3624105,3755456,7,2,0,0,0,58229,127300
1778299354289,2552516608,54284288,766423040,242098176,954580992,1073737728,842738,49311,6,6441436,49927,0,1170669,3381,862964224,50494464,3626003,3756112,7,2,0,0,0,58229,127301
1778299354584,2552000512,54284288,766423040,242098176,954580992,1073737728,842738,49311,6,6443483,49927,0,1171474,3381,862964224,50494464,3627177,3756232,7,2,0,0,0,58229,127301
1778299354878,2552000512,54284288,766423040,242098176,954515456,1073737728,842738,49315,6,6445201,49927,0,1171474,3381,862964224,50498560,3628073,3757096,7,2,0,0,0,58229,127301
1778299355172,2552000512,54292480,766423040,242098176,954560512,1073737728,842738,49363,6,6446823,49927,0,1171474,3381,862964224,50547712,3628271,3758060,7,2,0,0,0,58229,127301
1778299355466,2552000512,54292480,766423040,242098176,954560512,1073737728,842738,49363,6,6448444,49927,0,1171474,3381,862964224,50547712,3628469,3758100,7,2,0,0,0,58229,127301
1778299355760,2551484416,54292480,766423040,242106368,954413056,1073737728,842738,49363,6,6450577,49927,0,1172274,3381,862964224,50547712,3629889,3759648,7,2,0,0,0,58231,127301
1778299356054,2551484416,54292480,766435328,242106368,954601472,1073737728,842738,49363,6,6452212,49927,0,1172274,3381,862964224,50547712,3630103,3759688,7,2,0,0,0,58231,127303
1778299356347,2551255040,54292480,766435328,242106368,954601472,1073737728,842738,49363,6,6453851,49927,0,1172274,3381,862964224,50547712,3630343,3759756,7,2,0,0,0,58231,127303
1778299356641,2550738944,54292480,766435328,242106368,954507264,1073737728,842738,49363,6,6456005,49927,0,1173084,3381,862964224,50547712,3631603,3760012,7,2,0,0,0,58231,127303
1778299356935,2550738944,54292480,766435328,242106368,954507264,1073737728,842738,49363,6,6457629,49927,0,1173084,3381,862964224,50547712,3633645,3761252,7,2,0,0,0,58231,127303
1778299357229,2550738944,54292480,766439424,242106368,954564608,1073737728,842738,49363,6,6459252,49927,0,1173084,3381,862964224,50547712,3635543,3761908,7,2,0,0,0,58231,127303
1778299357518,2550738944,54292480,766439424,242106368,954585088,1073737728,842738,49395,6,6460873,49927,0,1173084,3381,862964224,50580480,3635741,3761988,7,2,0,0,0,58231,127304
1778299357812,2550480896,54292480,766439424,242106368,954478592,1073737728,842738,49395,6,6463013,49927,0,1173892,3381,862964224,50580480,3637581,3762892,7,2,0,0,0,58231,127304
1778299358106,2550480896,54292480,766439424,242106368,954601472,1073737728,842738,49395,6,6464634,49927,0,1173892,3381,862964224,50580480,3637795,3763856,7,2,0,0,0,58231,127304
1778299358400,2550480896,54292480,766439424,242106368,954601472,1073737728,842738,49395,6,6466256,49927,0,1173892,3381,862964224,50580480,3637993,3763896,7,2,0,0,0,58231,127304
1778299358694,2550104064,54292480,766439424,242106368,954753024,1073737728,842738,49395,6,6468318,49928,0,1174701,3381,862964224,50580480,3639381,3765524,7,2,0,0,0,58231,127304
1778299358985,2550247424,54292480,766443520,242106368,954740736,1073737728,842738,49395,6,6470010,49928,0,1174701,3381,862964224,50580480,3639595,3765564,7,2,0,0,0,58231,127304
1778299359280,2550247424,54292480,766443520,242106368,954617856,1073737728,842738,49395,6,6471631,49928,0,1174701,3381,862964224,50580480,3639793,3765604,7,2,0,0,0,58231,127305
1778299359572,2550247424,54292480,766443520,242106368,954617856,1073737728,842738,49395,6,6473253,49928,0,1174701,3381,862964224,50580480,3639991,3765644,7,2,0,0,0,58231,127305
1778299359866,2550501376,54292480,766443520,242102272,954544128,1073737728,842738,49395,6,6475397,49928,0,1175506,3381,862964224,50580480,3641513,3766404,7,2,0,0,0,58231,127305
1778299360158,2550521856,54300672,766443520,242106368,954589184,1073737728,842738,49435,6,6477019,49928,0,1175506,3381,862964224,50666496,3643309,3767100,7,2,0,0,0,58231,127306
1778299360452,2550521856,54300672,766443520,242106368,954589184,1073737728,842738,49479,6,6478643,49928,0,1175506,3381,862964224,50666496,3645207,3767796,7,2,0,0,0,58231,127306
1778299360745,2550415360,54300672,766443520,242106368,954589184,1073737728,842738,49479,6,6480548,49928,0,1176058,3381,862964224,50666496,3646529,3768540,7,2,0,0,0,58231,127306
1778299361033,2551312384,54300672,766451712,242114560,954617856,1073737728,842738,49479,6,6482398,49928,0,1176311,3381,862964224,50666496,3647277,3768820,7,2,0,0,0,58233,127306
1778299361323,2551312384,54300672,766451712,242114560,954617856,1073737728,842738,49479,6,6484020,49928,0,1176311,3381,862964224,50666496,3647475,3769784,7,2,0,0,0,58233,127306
1778299361616,2551312384,54300672,766451712,242114560,954617856,1073737728,842738,49479,6,6485641,49928,0,1176311,3381,862964224,50666496,3647673,3770748,7,2,0,0,0,58233,127306
1778299361911,2551279616,54300672,766451712,242114560,954527744,1073737728,842738,49479,6,6487791,49928,0,1177120,3381,862964224,50666496,3649179,3771548,7,2,0,0,0,58233,127306
1778299362205,2551529472,54300672,766451712,242114560,954527744,1073737728,842738,49479,6,6489427,49928,0,1177120,3381,862964224,50666496,3649393,3771588,7,2,0,0,0,58233,127306
1778299362500,2551390208,54300672,766451712,242114560,954609664,1073737728,842738,49479,6,6491049,49928,0,1177120,3381,862964224,50686976,3649591,3771628,7,2,0,0,0,58233,127307
1778299362793,2551558144,54300672,766451712,242114560,954626048,1073737728,842738,49499,6,6492726,49928,0,1177207,3381,862964224,50686976,3650035,3772252,7,2,0,0,0,58233,127307
1778299363085,2551390208,54300672,766451712,242114560,954626048,1073737728,842738,49499,6,6494802,49928,0,1177923,3381,862964224,50686976,3652791,3773028,7,2,0,0,0,58233,127307
1778299363380,2551390208,54300672,766451712,242114560,954626048,1073737728,842738,49499,6,6496423,49928,0,1177923,3381,862964224,50686976,3654689,3773684,7,2,0,0,0,58233,127307
1778299363673,2551390208,54300672,766451712,242114560,954626048,1073737728,842738,49499,6,6498047,49928,0,1177923,3381,862964224,50686976,3654887,3773996,7,2,0,0,0,58233,127307
1778299363964,2551390208,54300672,766451712,242110464,954564608,1073737728,842738,49499,6,6500186,49928,0,1178732,3381,862964224,50686976,3656727,3774788,7,2,0,0,0,58233,127307
1778299364258,2551390208,54300672,766455808,242114560,954585088,1073737728,842738,49499,6,6501808,49928,0,1178732,3381,862964224,50686976,3656941,3775712,7,2,0,0,0,58233,127308
1778299364545,2551390208,54300672,766455808,242114560,954585088,1073737728,842738,49499,6,6503429,49928,0,1178732,3381,862964224,50686976,3657353,3775844,7,2,0,0,0,58233,127308
1778299364840,2551390208,54300672,766455808,242114560,954585088,1073737728,842738,49499,6,6505052,49928,0,1178732,3381,862964224,50686976,3657797,3777352,7,2,0,0,0,58233,127308
1778299365134,2551144448,54300672,766459904,242114560,954630144,1073737728,842738,49499,6,6507179,49928,0,1179541,3381,862964224,50727936,3658955,3777512,7,2,0,0,0,58233,127309
1778299365429,2551144448,54308864,766459904,242114560,954630144,1073737728,842738,49539,6,6508800,49928,0,1179541,3381,862964224,50727936,3659153,3777552,7,2,0,0,0,58233,127309
1778299365718,2551144448,54308864,766459904,242114560,954630144,1073737728,842738,49539,6,6510423,49928,0,1179541,3381,862964224,50727936,3659597,3778136,7,2,0,0,0,58233,127309
1778299366012,2550898688,54308864,766459904,242122752,954613760,1073737728,842738,49539,6,6512558,49928,0,1180350,3381,862964224,50727936,3662401,3778912,7,2,0,0,0,58235,127309
1778299366306,2550898688,54308864,766459904,242122752,954613760,1073737728,842738,49539,6,6514180,49928,0,1180350,3381,862964224,50727936,3664197,3779568,7,2,0,0,0,58235,127309
1778299366596,2550898688,54308864,766459904,242122752,954613760,1073737728,842738,49539,6,6515803,49928,0,1180350,3381,862964224,50727936,3664513,3779648,7,2,0,0,0,58235,127309
1778299366890,2550898688,54308864,766459904,242122752,954613760,1073737728,842738,49539,6,6517428,49928,0,1180350,3381,862964224,50727936,3665291,3780472,7,2,0,0,0,58235,127309
1778299367186,2551422976,54308864,766464000,242122752,954638336,1073737728,842738,49539,6,6519559,49928,0,1181156,3381,862964224,50727936,3666481,3781556,7,2,0,0,0,58235,127310
1778299367480,2551422976,54308864,766464000,242122752,954638336,1073737728,842738,49539,6,6521180,49928,0,1181156,3381,862964224,50727936,3666781,3781732,7,2,0,0,0,58235,127310
1778299367773,2551422976,54308864,766464000,242122752,954638336,1073737728,842738,49559,6,6522813,49928,0,1181156,3381,862964224,50748416,3667225,3783280,7,2,0,0,0,58235,127310
1778299368067,2551422976,54308864,766464000,242122752,954626048,1073737728,842738,49559,6,6524944,49928,0,1181962,3381,862964224,50748416,3668415,3783400,7,2,0,0,0,58235,127310
1778299368358,2551193600,54308864,766464000,242122752,954626048,1073737728,842738,49559,6,6526582,49928,0,1181962,3381,862964224,50748416,3668629,3783400,7,2,0,0,0,58235,127310
1778299368652,2551193600,54308864,766468096,242122752,954626048,1073737728,842738,49559,6,6528203,49928,0,1181962,3381,862964224,50748416,3669041,3783492,7,2,0,0,0,58235,127310
1778299368941,2551193600,54308864,766468096,242122752,954626048,1073737728,842738,49559,6,6529827,49928,0,1181962,3381,862964224,50748416,3671083,3784732,7,2,0,0,0,58235,127310
1778299369237,2551193600,54308864,766468096,242122752,954617856,1073737728,842738,49559,6,6531958,49928,0,1182774,3381,862964224,50748416,3673871,3785468,7,2,0,0,0,58235,127311
1778299369528,2551193600,54308864,766472192,242122752,954617856,1073737728,842738,49559,6,6533582,49928,0,1182774,3381,862964224,50748416,3674187,3785508,7,2,0,0,0,58235,127311
1778299369821,2551193600,54308864,766472192,242122752,954617856,1073737728,842738,49559,6,6535207,49928,0,1182774,3381,862964224,50748416,3674949,3786372,7,2,0,0,0,58235,127311
1778299370114,2551193600,54308864,766480384,242122752,954503168,1073737728,842738,49559,6,6537348,49928,0,1183582,3381,862964224,50748416,3676123,3787456,7,2,0,0,0,58235,127315
1778299370404,2551193600,54308864,766480384,242122752,954503168,1073737728,842738,49559,6,6538969,49928,0,1183582,3381,862964224,50760704,3676337,3787496,7,2,0,0,0,58235,127315
1778299370697,2551193600,54317056,766480384,242122752,954503168,1073737728,842738,49599,6,6540596,49928,0,1183582,3381,862964224,50789376,3676781,3789004,7,2,0,0,0,58235,127315
1778299370989,2551193600,54317056,766480384,242122752,954503168,1073737728,842738,49599,6,6542217,49928,0,1183582,3381,862964224,50789376,3676995,3789084,7,2,0,0,0,58235,127315
1778299371285,2551099392,54317056,766484480,242122752,954769408,1073737728,842738,49599,6,6544342,49928,0,1184383,3381,862964224,50789376,3678169,3789164,7,2,0,0,0,58235,127315
1778299371578,2551099392,54317056,766484480,242122752,954769408,1073737728,842738,49599,6,6545964,49928,0,1184383,3381,862964224,50789376,3678367,3789204,7,2,0,0,0,58235,127315
1778299371873,2551099392,54317056,766484480,242122752,954769408,1073737728,842738,49599,6,6547587,49928,0,1184383,3381,862964224,50789376,3678811,3789788,7,2,0,0,0,58235,127315
1778299372167,2550951936,54317056,766484480,242130944,954580992,1073737728,842738,49599,6,6549715,49928,0,1185190,3381,862964224,50789376,3681599,3790564,7,2,0,0,0,58237,127315
1778299372461,2550951936,54317056,766488576,242130944,954580992,1073737728,842738,49599,6,6551336,49928,0,1185190,3381,862964224,50789376,3683395,3791220,7,2,0,0,0,58237,127315
1778299372756,2550951936,54317056,766488576,242130944,954580992,1073737728,842738,49599,6,6552963,49928,0,1185190,3381,862964224,50789376,3684165,3792100,7,2,0,0,0,58237,127315
1778299373049,2550951936,54317056,766488576,242130944,954662912,1073737728,842738,49635,6,6554587,49928,0,1185190,3381,862964224,50826240,3684591,3792608,7,2,0,0,0,58237,127317
1778299373344,2550706176,54317056,766488576,242126848,954736640,1073737728,842738,49635,6,6556714,49928,0,1185997,3381,862964224,50826240,3685765,3793304,7,2,0,0,0,58237,127317
1778299373637,2550706176,54317056,766488576,242126848,954736640,1073737728,842738,49635,6,6558335,49928,0,1185997,3381,862964224,50826240,3685963,3794268,7,2,0,0,0,58237,127317
1778299373930,2550706176,54317056,766488576,242126848,954736640,1073737728,842738,49635,6,6559960,49928,0,1185997,3381,862964224,50826240,3686423,3794892,7,2,0,0,0,58237,127317
1778299374225,2550628352,54317056,766488576,242126848,954589184,1073737728,842738,49635,6,6562109,49928,0,1186801,3381,862964224,50826240,3687597,3795012,7,2,0,0,0,58237,127317
1778299374517,2550628352,54317056,766488576,242126848,954589184,1073737728,842738,49635,6,6563730,49928,0,1186801,3381,862964224,50826240,3687811,3795052,7,2,0,0,0,58237,127317
1778299374812,2550628352,54317056,766488576,242126848,954589184,1073737728,842738,49635,6,6565354,49928,0,1186803,3381,862964224,50826240,3688255,3795676,7,2,0,0,0,58237,127317
1778299375106,2550628352,54317056,766488576,242126848,954589184,1073737728,842738,49635,6,6566975,49928,0,1186803,3381,862964224,50826240,3690051,3796332,7,2,0,0,0,58237,127317
1778299375402,2550738944,54317056,766492672,242130944,954540032,1073737728,842738,49635,6,6569119,49928,0,1187608,3381,862964224,50826240,3692957,3797028,7,2,0,0,0,58237,127318
1778299375696,2550738944,54325248,766496768,242130944,954544128,1073737728,842738,49679,6,6570758,49928,0,1187608,3381,862964224,50871296,3693519,3797692,7,2,0,0,0,58237,127319
1778299375989,2550738944,54325248,766496768,242130944,954544128,1073737728,842738,49707,6,6572381,49928,0,1187608,3381,862964224,50899968,3694051,3797932,7,2,0,0,0,58237,127319
1778299376284,2550738944,54325248,766496768,242135040,954744832,1073737728,842738,49707,6,6574508,49928,0,1188413,3381,862964224,50899968,3695209,3798976,7,2,0,0,0,58237,127319
1778299376577,2550738944,54325248,766496768,242135040,954744832,1073737728,842738,49707,6,6576130,49928,0,1188413,3381,862964224,50899968,3695423,3799016,7,2,0,0,0,58237,127319
1778299376872,2550738944,54325248,766496768,242135040,954744832,1073737728,842738,49707,6,6577752,49928,0,1188413,3381,862964224,50899968,3695867,3800524,7,2,0,0,0,58237,127319
1778299377167,2550738944,54325248,766500864,242135040,954671104,1073737728,842738,49707,6,6579374,49928,0,1188413,3381,862964224,50899968,3696081,3800564,7,2,0,0,0,58238,127320
1778299377462,2550738944,54325248,766500864,242139136,954724352,1073737728,842738,49707,6,6581492,49928,0,1189219,3381,862964224,50899968,3697255,3800644,7,2,0,0,0,58238,127320
1778299377756,2550738944,54325248,766500864,242139136,954724352,1073737728,842738,49707,6,6583115,49928,0,1189219,3381,862964224,50899968,3697699,3801268,7,2,0,0,0,58238,127320
1778299378050,2550738944,54325248,766504960,242135040,954675200,1073737728,842738,49707,6,6584750,49928,0,1189219,3381,862964224,50899968,3699479,3801924,7,2,0,0,0,58238,127321
1778299378344,2550738944,54325248,766504960,242135040,954576896,1073737728,842738,49727,6,6586886,49928,0,1190024,3381,862964224,50920448,3702455,3802876,7,2,0,0,0,58238,127321
1778299378638,2550738944,54325248,766504960,242135040,954576896,1073737728,842738,49727,6,6588507,49928,0,1190024,3381,862964224,50920448,3702653,3802916,7,2,0,0,0,58238,127321
1778299378930,2550738944,54325248,766504960,242135040,954576896,1073737728,842738,49727,6,6590132,49928,0,1190024,3381,862964224,50920448,3703549,3803780,7,2,0,0,0,58238,127321
1778299379225,2550738944,54325248,766509056,242135040,954646528,1073737728,842738,49727,6,6591753,49928,0,1190024,3381,862964224,50920448,3703747,3804744,7,2,0,0,0,58238,127321
1778299379518,2550738944,54325248,766509056,242130944,954724352,1073737728,842738,49727,6,6593882,49928,0,1190828,3381,862964224,50920448,3704905,3804784,7,2,0,0,0,58238,127321
1778299379811,2550738944,54325248,766509056,242130944,954724352,1073737728,842738,49727,6,6595506,49928,0,1190828,3381,862964224,50920448,3705349,3806332,7,2,0,0,0,58238,127321
1778299380105,2550738944,54325248,766513152,242135040,954687488,1073737728,842738,49727,6,6597128,49928,0,1190828,3381,862964224,50920448,3705563,3806372,7,2,0,0,0,58238,127321
1778299380398,2550738944,54325248,766513152,242135040,954535936,1073737728,842738,49727,6,6599274,49928,0,1191641,3381,862964224,50920448,3706737,3806492,7,2,0,0,0,58238,127321
1778299380692,2550738944,54325248,766513152,242130944,954613760,1073737728,842738,49727,6,6600898,49928,0,1191641,3381,862964224,50920448,3707197,3807076,7,2,0,0,0,58238,127322
1778299380984,2550738944,54333440,766504960,242130944,954613760,1073737728,842738,49755,6,6602520,49928,0,1191641,3381,862964224,50949120,3708993,3807772,7,2,0,0,0,58238,127322
1778299381277,2550738944,54333440,766513152,242135040,954662912,1073737728,842738,49755,6,6604142,49928,0,1191641,3381,862964224,50949120,3710955,3808428,7,2,0,0,0,58238,127323
1778299381570,2550738944,54333440,766513152,242143232,954589184,1073737728,842738,49755,6,6606277,49929,0,1192445,3381,862964224,50949120,3712263,3808508,7,2,0,0,0,58241,127322
1778299381864,2550738944,54333440,766517248,242143232,954589184,1073737728,842738,49755,6,6607900,49929,0,1192445,3381,862964224,50949120,3713025,3809332,7,2,0,0,0,58241,127322
1778299382155,2550738944,54333440,766517248,242143232,954589184,1073737728,842738,49755,6,6609525,49929,0,1192445,3381,862964224,50949120,3713357,3810336,7,2,0,0,0,58241,127322
1778299382449,2550738944,54333440,766517248,242147328,954687488,1073737728,842738,49755,6,6611661,49929,0,1193254,3381,862964224,50949120,3714515,3810456,7,2,0,0,0,58241,127323
1778299382743,2550738944,54333440,766517248,242147328,954687488,1073737728,842738,49755,6,6613285,49929,0,1193254,3381,862964224,50949120,3714975,3812004,7,2,0,0,0,58241,127323
1778299383037,2550738944,54333440,766525440,242147328,954687488,1073737728,842738,49755,6,6614906,49929,0,1193254,3381,862964224,50949120,3715189,3812044,7,2,0,0,0,58241,127323
1778299383330,2550738944,54333440,766525440,242147328,954687488,1073737728,842738,49787,6,6616528,49929,0,1193254,3381,862964224,50981888,3715387,3812084,7,2,0,0,0,58241,127323
1778299383625,2550480896,54333440,766525440,242147328,954642432,1073737728,842738,49787,6,6618653,49929,0,1194061,3381,862964224,50981888,3716577,3812124,7,2,0,0,0,58241,127323
1778299383918,2550480896,54333440,766525440,242147328,954642432,1073737728,842738,49787,6,6620276,49929,0,1194061,3381,862964224,50981888,3718721,3813500,7,2,0,0,0,58241,127323
1778299384211,2550480896,54333440,766529536,242147328,954703872,1073737728,842738,49787,6,6621899,49929,0,1194061,3381,862964224,50981888,3720501,3814345,7,2,0,0,0,58241,127326
1778299384505,2550480896,54333440,766529536,242143232,954744832,1073737728,842738,49787,6,6624028,49929,0,1194869,3381,862964224,50981888,3721809,3814505,7,2,0,0,0,58241,127326
1778299384798,2550480896,54333440,766533632,242143232,954621952,1073737728,842738,49787,6,6625652,49929,0,1194869,3381,862964224,50981888,3722587,3815409,7,2,0,0,0,58241,127326
1778299385093,2550480896,54333440,766533632,242147328,954695680,1073737728,842738,49787,6,6627273,49929,0,1194869,3381,862964224,50981888,3722801,3816373,7,2,0,0,0,58241,127326
1778299385385,2550480896,54333440,766533632,242147328,954695680,1073737728,842738,49787,6,6628894,49929,0,1194869,3381,862964224,50981888,3722999,3816413,7,2,0,0,0,58241,127326
1778299385680,2550480896,54333440,766533632,242147328,954695680,1073737728,842738,49787,6,6631016,49929,0,1195673,3381,862964224,50981888,3724521,3818097,7,2,0,0,0,58241,127326
1778299385969,2550480896,54333440,766533632,242147328,954695680,1073737728,842738,49787,6,6632639,49929,0,1195673,3381,862964224,51026944,3724735,3818177,7,2,0,0,0,58241,127326
1778299386263,2550480896,54341632,766537728,242147328,954712064,1073737728,842738,49867,6,6634277,49929,0,1195673,3381,862964224,51063808,3724933,3818217,7,2,0,0,0,58241,127327
1778299386556,2550480896,54341632,766537728,242147328,954560512,1073737728,842738,49867,6,6636400,49929,0,1196481,3381,862964224,51063808,3726107,3818546,7,2,0,0,0,58241,127327
1778299386850,2550480896,54341632,766537728,242147328,954621952,1073737728,842738,49867,6,6638037,49929,0,1196481,3381,862964224,51063808,3726567,3819130,7,2,0,0,0,58241,127327
1778299387144,2550480896,54341632,766537728,242147328,954687488,1073737728,842738,49867,6,6639658,49929,0,1196481,3381,862964224,51063808,3728363,3819746,7,2,0,0,0,58241,127327
1778299387437,2550480896,54341632,766537728,242147328,954687488,1073737728,842738,49867,6,6641281,49929,0,1196481,3381,862964224,51063808,3730261,3820482,7,2,0,0,0,58241,127327
1778299387727,2550480896,54341632,766537728,242147328,954470400,1073737728,842738,49867,6,6643431,49929,0,1197294,3381,862964224,51063808,3731889,3821186,7,2,0,0,0,58241,127327
1778299388020,2550480896,54341632,766545920,242147328,954671104,1073737728,842738,49867,6,6645052,49929,0,1197294,3381,862964224,51063808,3732315,3821386,7,2,0,0,0,58241,127327
1778299388313,2550480896,54341632,766545920,242147328,954671104,1073737728,842738,49867,6,6646673,49929,0,1197294,3381,862964224,51063808,3732513,3822350,7,2,0,0,0,58241,127327
1778299388606,2550480896,54341632,766545920,242147328,954671104,1073737728,842738,49867,6,6648724,49929,0,1198102,3381,862964224,51088384,3733655,3822390,7,2,0,0,0,58241,127327
1778299388899,2550480896,54341632,766545920,242159616,954773504,1073737728,842738,49891,6,6650431,49929,0,1198102,3381,862964224,51088384,3734115,3823938,7,2,0,0,0,58243,127329
1778299389192,2550480896,54341632,766545920,242155520,954699776,1073737728,842738,49891,6,6652052,49929,0,1198102,3381,862964224,51088384,3734415,3824154,7,2,0,0,0,58243,127329
1778299389487,2550480896,54341632,766550016,242155520,954699776,1073737728,842738,49891,6,6653674,49929,0,1198102,3381,862964224,51088384,3734613,3824194,7,2,0,0,0,58243,127329
1778299389781,2550996992,54341632,766550016,242155520,954810368,1073737728,842738,49891,6,6655808,49929,0,1198909,3381,862964224,51088384,3736033,3824938,7,2,0,0,0,58243,127330
1778299390076,2550996992,54341632,766550016,242155520,954720256,1073737728,842738,49891,6,6657432,49929,0,1198909,3381,862964224,51088384,3737871,3825622,7,2,0,0,0,58243,127330
1778299390364,2550996992,54341632,766550016,242155520,954720256,1073737728,842738,49891,6,6659057,49929,0,1198909,3381,862964224,51088384,3739753,3826278,7,2,0,0,0,58243,127330
1778299390657,2550996992,54341632,766550016,242155520,954720256,1073737728,842738,49891,6,6660915,49929,0,1199452,3381,862964224,51088384,3740723,3826318,7,2,0,0,0,58243,127330
1778299390945,2550996992,54341632,766550016,242155520,954765312,1073737728,842738,49891,6,6662808,49929,0,1199716,3381,862964224,51088384,3741823,3827182,7,2,0,0,0,58243,127330
1778299391240,2550996992,54349824,766545920,242155520,954720256,1073737728,842738,49931,6,6664429,49929,0,1199716,3381,862964224,51129344,3742021,3828146,7,2,0,0,0,58243,127330
1778299391533,2550996992,54349824,766545920,242155520,954720256,1073737728,842738,49931,6,6666050,49929,0,1199716,3381,862964224,51129344,3742219,3828186,7,2,0,0,0,58243,127330
1778299391828,2550996992,54349824,766545920,242155520,954540032,1073737728,842738,49931,6,6668181,49929,0,1200518,3381,862964224,51129344,3743639,3829774,7,2,0,0,0,58243,127331
1778299392118,2550996992,54349824,766554112,242163712,954716160,1073737728,842738,49931,6,6669817,49929,0,1200518,3381,862964224,51129344,3743853,3829814,7,2,0,0,0,58245,127331
1778299392409,2550996992,54349824,766554112,242163712,954716160,1073737728,842738,49931,6,6671439,49929,0,1200518,3381,862964224,51129344,3744051,3829854,7,2,0,0,0,58245,127331
1778299392704,2550996992,54349824,766554112,242163712,954716160,1073737728,842738,49931,6,6673119,49929,0,1200590,3381,862964224,51129344,3744495,3830438,7,2,0,0,0,58245,127331
1778299392997,2550996992,54349824,766554112,242163712,954609664,1073737728,842738,49931,6,6675201,49929,0,1201325,3381,862964224,51129344,3747251,3831214,7,2,0,0,0,58245,127331
1778299393292,2550996992,54349824,766554112,242163712,954712064,1073737728,842738,49931,6,6676823,49929,0,1201325,3381,862964224,51129344,3749031,3831870,7,2,0,0,0,58245,127331
1778299393585,2550996992,54349824,766554112,242163712,954712064,1073737728,842738,49931,6,6678446,49929,0,1201325,3381,862964224,51129344,3749347,3831910,7,2,0,0,0,58245,127331
1778299393881,2550996992,54349824,766554112,242163712,954621952,1073737728,842738,49931,6,6680590,49929,0,1202133,3381,862964224,51129344,3751187,3832814,7,2,0,0,0,58245,127331
1778299394175,2550996992,54349824,766562304,242163712,954699776,1073737728,842738,49955,6,6682212,49929,0,1202133,3381,862964224,51153920,3751401,3833818,7,2,0,0,0,58245,127332
1778299394469,2550996992,54349824,766562304,242163712,954699776,1073737728,842738,49955,6,6683833,49929,0,1202133,3381,862964224,51153920,3751599,3833858,7,2,0,0,0,58245,127332
1778299394764,2550996992,54349824,766562304,242163712,954699776,1073737728,842738,49955,6,6685457,49929,0,1202133,3381,862964224,51153920,3752145,3835542,7,2,0,0,0,58245,127332
1778299395058,2550996992,54349824,766566400,242163712,954724352,1073737728,842738,49955,6,6687587,49929,0,1202942,3381,862964224,51153920,3753319,3835662,7,2,0,0,0,58245,127333
1778299395352,2550996992,54349824,766566400,242163712,954724352,1073737728,842738,49955,6,6689208,49929,0,1202942,3381,862964224,51153920,3753533,3835702,7,2,0,0,0,58245,127333
1778299395646,2550996992,54349824,766566400,242163712,954724352,1073737728,842738,49955,6,6690829,49929,0,1202942,3381,862964224,51153920,3753731,3835742,7,2,0,0,0,58245,127333
1778299395941,2550996992,54349824,766566400,242163712,954572800,1073737728,842738,49955,6,6692976,49929,0,1203751,3381,862964224,51153920,3756717,3837062,7,2,0,0,0,58245,127333
1778299396233,2550996992,54349824,766566400,242163712,954703872,1073737728,842738,49955,6,6694598,49929,0,1203751,3381,862964224,51153920,3758497,3837718,7,2,0,0,0,58245,127334
1778299396522,2550996992,54358016,766574592,242163712,954736640,1073737728,842738,49995,6,6696221,49929,0,1203751,3381,862964224,51194880,3758813,3837758,7,2,0,0,0,58245,127334
1778299396815,2550996992,54358016,766574592,242163712,954736640,1073737728,842738,49995,6,6697846,49929,0,1203751,3381,862964224,51194880,3759575,3838622,7,2,0,0,0,58245,127334
1778299397111,2550996992,54358016,766582784,242171904,954736640,1073737728,842738,49995,6,6699977,49930,0,1204555,3381,862964224,51194880,3760915,3839844,7,2,0,0,0,58247,127336
1778299397403,2550996992,54358016,766582784,242171904,954736640,1073737728,842738,49995,6,6701599,49930,0,1204555,3381,862964224,51194880,3761113,3839884,7,2,0,0,0,58247,127336
1778299397696,2550996992,54358016,766582784,242171904,954736640,1073737728,842738,49995,6,6703222,49930,0,1204555,3381,862964224,51194880,3761557,3841392,7,2,0,0,0,58247,127336
1778299397987,2550996992,54358016,766582784,242171904,954720256,1073737728,842738,49995,6,6705359,49930,0,1205363,3381,862964224,51194880,3762731,3841512,7,2,0,0,0,58247,127336
1778299398281,2550996992,54358016,766582784,242171904,954720256,1073737728,842738,49995,6,6706996,49930,0,1205363,3381,862964224,51194880,3762945,3841552,7,2,0,0,0,58247,127336
1778299398574,2550996992,54358016,766582784,242171904,954720256,1073737728,842738,49995,6,6708618,49930,0,1205363,3381,862964224,51194880,3763143,3841592,7,2,0,0,0,58247,127336
1778299398869,2550996992,54358016,766582784,242171904,954720256,1073737728,842738,49995,6,6710240,49930,0,1205363,3381,862964224,51194880,3763587,3842176,7,2,0,0,0,58247,127336
1778299399163,2550996992,54358016,766586880,242171904,954748928,1073737728,842738,50031,6,6712392,49930,0,1206174,3381,862964224,51231744,3766343,3842832,7,2,0,0,0,58247,127339
1778299399456,2550996992,54358016,766586880,242171904,954748928,1073737728,842738,50031,6,6714014,49930,0,1206174,3381,862964224,51231744,3768123,3843488,7,2,0,0,0,58247,127339
1778299399750,2550996992,54358016,766586880,242171904,954748928,1073737728,842738,50031,6,6715641,49930,0,1206174,3381,862964224,51231744,3768791,3844192,7,2,0,0,0,58247,127339
1778299400045,2550996992,54358016,766586880,242171904,954724352,1073737728,842738,50031,6,6717776,49930,0,1206982,3381,862964224,51231744,3770295,3844648,7,2,0,0,0,58247,127339
1778299400337,2550996992,54358016,766586880,242171904,954724352,1073737728,842738,50031,6,6719398,49930,0,1206982,3381,862964224,51231744,3770509,3845612,7,2,0,0,0,58247,127339
1778299400631,2550996992,54358016,766586880,242171904,954724352,1073737728,842738,50031,6,6721020,49930,0,1206982,3381,862964224,51231744,3770707,3846576,7,2,0,0,0,58247,127339
1778299400924,2550996992,54358016,766590976,242171904,954724352,1073737728,842738,50031,6,6722644,49930,0,1206982,3381,862964224,51231744,3771167,3847160,7,2,0,0,0,58247,127339
1778299401219,2550996992,54358016,766590976,242171904,954707968,1073737728,842738,50031,6,6724791,49930,0,1207797,3381,862964224,51231744,3772341,3847240,7,2,0,0,0,58247,127340
1778299401513,2550996992,54358016,766590976,242171904,954724352,1073737728,842738,50035,6,6726413,49930,0,1207797,3381,862964224,51235840,3772539,3847280,7,2,0,0,0,58247,127340
1778299401808,2550996992,54366208,766590976,242171904,954724352,1073737728,842738,50083,6,6728038,49930,0,1207797,3381,862964224,51284992,3772983,3847904,7,2,0,0,0,58247,127340
1778299402101,2550996992,54366208,766590976,242180096,954732544,1073737728,842738,50083,6,6730184,49930,0,1208607,3381,862964224,51284992,3775755,3848640,7,2,0,0,0,58249,127340
1778299402396,2550996992,54366208,766590976,242180096,954732544,1073737728,842738,50083,6,6731808,49930,0,1208607,3381,862964224,51284992,3777711,3849382,7,2,0,0,0,58249,127340
1778299402690,2550996992,54366208,766599168,242180096,954732544,1073737728,842738,50083,6,6733434,49930,0,1208607,3381,862964224,51284992,3778273,3849966,7,2,0,0,0,58249,127340
1778299402978,2550996992,54366208,766599168,242180096,954732544,1073737728,842738,50083,6,6735055,49930,0,1208607,3381,862964224,51284992,3778805,3850286,7,2,0,0,0,58249,127340
1778299403274,2550996992,54366208,766599168,242180096,954765312,1073737728,842738,50083,6,6737176,49930,0,1209413,3381,862964224,51284992,3780011,3851290,7,2,0,0,0,58249,127341
1778299403568,2550996992,54366208,766599168,242180096,954765312,1073737728,842738,50083,6,6738797,49930,0,1209413,3381,862964224,51284992,3780209,3851330,7,2,0,0,0,58249,127341
1778299403862,2550996992,54366208,766599168,242180096,954765312,1073737728,842738,50083,6,6740420,49930,0,1209413,3381,862964224,51284992,3780653,3852838,7,2,0,0,0,58249,127341
1778299404149,2550996992,54366208,766599168,242180096,954744832,1073737728,842738,50083,6,6742572,49930,0,1210225,3381,862964224,51284992,3781811,3852998,7,2,0,0,0,58249,127342
1778299404443,2550996992,54366208,766603264,242180096,954761216,1073737728,842738,50103,6,6744194,49930,0,1210225,3381,862964224,51305472,3782025,3853038,7,2,0,0,0,58249,127342
1778299404737,2550996992,54366208,766603264,242180096,954761216,1073737728,842738,50103,6,6745818,49930,0,1210225,3381,862964224,51305472,3782469,3853622,7,2,0,0,0,58249,127342
1778299405031,2550996992,54366208,766603264,242180096,954761216,1073737728,842738,50103,6,6747440,49930,0,1210225,3381,862964224,51305472,3784265,3854318,7,2,0,0,0,58249,127342
1778299405323,2550751232,54366208,766603264,242180096,954761216,1073737728,842738,50103,6,6749572,49930,0,1211034,3381,862964224,51305472,3787139,3855014,7,2,0,0,0,58249,127342
1778299405617,2550751232,54366208,766603264,242180096,954761216,1073737728,842738,50103,6,6751193,49930,0,1211034,3381,862964224,51305472,3787439,3855270,7,2,0,0,0,58249,127342
1778299405911,2550751232,54366208,766603264,242180096,954761216,1073737728,842738,50103,6,6752819,49930,0,1211034,3381,862964224,51305472,3788319,3856134,7,2,0,0,0,58249,127342
1778299406203,2550751232,54366208,766603264,242180096,954724352,1073737728,842738,50103,6,6754960,49930,0,1211841,3381,862964224,51305472,3789493,3857178,7,2,0,0,0,58249,127343
1778299406497,2550751232,54366208,766607360,242180096,954724352,1073737728,842738,50103,6,6756581,49930,0,1211841,3381,862964224,51305472,3789707,3857218,7,2,0,0,0,58249,127343
1778299406791,2550751232,54366208,766607360,242180096,954724352,1073737728,842738,50103,6,6758205,49930,0,1211841,3381,862964224,51317760,3790151,3858726,7,2,0,0,0,58249,127343
1778299407085,2550751232,54374400,766607360,242180096,954740736,1073737728,842738,50155,6,6759826,49930,0,1211841,3381,862964224,51358720,3790365,3858766,7,2,0,0,0,58249,127343
1778299407381,2550751232,54374400,766607360,242188288,954638336,1073737728,842738,50155,6,6761958,49930,0,1212647,3381,862964224,51358720,3791555,3858886,7,2,0,0,0,58251,127343
1778299407676,2550751232,54374400,766607360,242188288,954638336,1073737728,842738,50155,6,6763580,49930,0,1212647,3381,862964224,51358720,3791753,3859158,7,2,0,0,0,58251,127343
1778299407969,2550751232,54374400,766607360,242188288,954638336,1073737728,842738,50155,6,6765204,49930,0,1212647,3381,862964224,51358720,3793795,3860166,7,2,0,0,0,58251,127343
1778299408263,2550751232,54374400,766607360,242188288,954671104,1073737728,842738,50155,6,6767340,49930,0,1213449,3381,862964224,51358720,3796535,3860942,7,2,0,0,0,58251,127344
1778299408556,2550751232,54374400,766607360,242188288,954671104,1073737728,842738,50155,6,6768964,49930,0,1213449,3381,862964224,51358720,3796867,3860982,7,2,0,0,0,58251,127344
1778299408849,2550751232,54374400,766607360,242188288,954671104,1073737728,842738,50155,6,6770589,49930,0,1213449,3381,862964224,51358720,3797731,3861806,7,2,0,0,0,58251,127344
1778299409143,2550751232,54374400,766611456,242188288,954736640,1073737728,842738,50155,6,6772213,49930,0,1213449,3381,862964224,51358720,3797945,3862810,7,2,0,0,0,58251,127344
1778299409438,2550751232,54374400,766611456,242184192,954621952,1073737728,842738,50155,6,6774347,49930,0,1214258,3381,862964224,51358720,3799103,3862930,7,2,0,0,0,58251,127345
1778299409729,2550751232,54374400,766611456,242184192,954621952,1073737728,842738,50175,6,6775972,49930,0,1214258,3381,862964224,51379200,3799547,3864438,7,2,0,0,0,58251,127345
1778299410024,2550751232,54374400,766611456,242184192,954621952,1073737728,842738,50175,6,6777594,49930,0,1214258,3381,862964224,51379200,3799761,3864518,7,2,0,0,0,58251,127345
1778299410315,2550751232,54374400,766623744,242188288,954761216,1073737728,842738,50175,6,6779743,49930,0,1215061,3381,862964224,51379200,3800919,3864678,7,2,0,0,0,58251,127348
1778299410608,2550751232,54374400,766623744,242188288,954761216,1073737728,842738,50175,6,6781364,49930,0,1215061,3381,862964224,51379200,3801133,3864718,7,2,0,0,0,58251,127348
1778299410903,2550751232,54374400,766623744,242188288,954761216,1073737728,842738,50175,6,6782988,49930,0,1215061,3381,862964224,51379200,3803277,3866094,7,2,0,0,0,58251,127348
1778299411196,2550751232,54374400,766623744,242188288,954761216,1073737728,842738,50175,6,6784610,49930,0,1215061,3381,862964224,51379200,3805057,3866750,7,2,0,0,0,58251,127348
1778299411491,2550902784,54374400,766623744,242188288,954761216,1073737728,842738,50175,6,6786745,49930,0,1215864,3381,862964224,51379200,3806451,3867006,7,2,0,0,0,58251,127348
1778299411784,2550902784,54374400,766623744,242188288,954761216,1073737728,842738,50175,6,6788368,49930,0,1215864,3381,862964224,51379200,3807213,3867910,7,2,0,0,0,58251,127348
1778299412077,2551013376,54374400,766631936,242188288,954798080,1073737728,842738,50175,6,6789991,49930,0,1215864,3381,862964224,51379200,3807545,3868914,7,2,0,0,0,58251,127348
1778299412372,2551013376,54382592,766631936,242184192,954728448,1073737728,842738,50203,6,6792128,49930,0,1216669,3381,862964224,51407872,3808735,3869074,7,2,0,0,0,58251,127350
1778299412664,2551013376,54382592,766631936,242196480,954753024,1073737728,842738,50203,6,6793749,49930,0,1216669,3381,862964224,51407872,3808933,3870038,7,2,0,0,0,58253,127350
1778299412958,2551013376,54382592,766631936,242196480,954753024,1073737728,842738,50203,6,6795372,49930,0,1216669,3381,862964224,51407872,3809393,3870662,7,2,0,0,0,58253,127350
1778299413252,2551013376,54382592,766631936,242196480,954753024,1073737728,842738,50203,6,6796993,49930,0,1216669,3381,862964224,51407872,3809591,3870702,7,2,0,0,0,58253,127350
1778299413546,2551013376,54382592,766631936,242196480,954753024,1073737728,842738,50203,6,6799126,49930,0,1217475,3381,862964224,51407872,3810749,3870822,7,2,0,0,0,58253,127350
1778299413841,2551013376,54382592,766631936,242196480,954753024,1073737728,842738,50203,6,6800750,49930,0,1217475,3381,862964224,51407872,3811193,3871406,7,2,0,0,0,58253,127350
1778299414135,2551013376,54382592,766636032,242196480,954798080,1073737728,842738,50203,6,6802372,49930,0,1217475,3381,862964224,51407872,3812989,3872062,7,2,0,0,0,58253,127350
1778299414429,2551013376,54382592,766636032,242196480,954703872,1073737728,842738,50203,6,6804511,49930,0,1218281,3381,862964224,51407872,3815745,3872838,7,2,0,0,0,58253,127350
1778299414718,2551013376,54382592,766636032,242196480,954724352,1073737728,842738,50203,6,6806137,49930,0,1218281,3381,862964224,51407872,3816429,3873502,7,2,0,0,0,58253,127351
1778299415012,2551013376,54382592,766636032,242196480,954728448,1073737728,842738,50239,6,6807758,49930,0,1218281,3381,862964224,51444736,3816855,3873742,7,2,0,0,0,58253,127351
1778299415306,2551013376,54382592,766636032,242196480,954806272,1073737728,842738,50239,6,6809380,49930,0,1218281,3381,862964224,51444736,3817053,3874706,7,2,0,0,0,58253,127351
1778299415602,2551013376,54382592,766636032,242196480,954839040,1073737728,842738,50239,6,6811513,49930,0,1219088,3381,862964224,51444736,3818227,3874826,7,2,0,0,0,58253,127351
1778299415897,2551013376,54382592,766636032,242196480,954839040,1073737728,842738,50239,6,6813137,49930,0,1219088,3381,862964224,51444736,3818687,3876334,7,2,0,0,0,58253,127351
1778299416192,2551013376,54382592,766640128,242196480,954802176,1073737728,842738,50239,6,6814775,49930,0,1219088,3381,862964224,51444736,3818885,3876374,7,2,0,0,0,58253,127351
1778299416485,2551013376,54382592,766640128,242196480,954769408,1073737728,842738,50239,6,6816923,49930,0,1219893,3381,862964224,51444736,3820145,3876670,7,2,0,0,0,58253,127352
1778299416779,2551013376,54382592,766640128,242196480,954769408,1073737728,842738,50239,6,6818548,49930,0,1219893,3381,862964224,51444736,3820605,3877294,7,2,0,0,0,58253,127352
1778299417073,2551013376,54382592,766640128,242196480,954802176,1073737728,842738,50239,6,6820169,49930,0,1219893,3381,862964224,51444736,3822385,3877950,7,2,0,0,0,58253,127352
1778299417368,2551013376,54382592,766640128,242196480,954802176,1073737728,842738,50239,6,6821791,49930,0,1219893,3381,862964224,51489792,3824165,3878606,7,2,0,0,0,58253,127352
1778299417662,2551013376,54390784,766640128,242204672,954744832,1073737728,842738,50283,6,6823933,49930,0,1220700,3381,862964224,51489792,3825425,3878726,7,2,0,0,0,58255,127352
1778299417955,2551013376,54390784,766640128,242204672,954744832,1073737728,842738,50283,6,6825558,49930,0,1220700,3381,862964224,51489792,3826203,3879630,7,2,0,0,0,58255,127352
1778299418249,2551013376,54390784,766644224,242204672,954777600,1073737728,842738,50283,6,6827179,49930,0,1220700,3381,862964224,51489792,3826401,3880594,7,2,0,0,0,58255,127352
1778299418543,2550755328,54390784,766644224,242208768,954765312,1073737728,842738,50283,6,6829315,49931,0,1221504,3381,862964224,51489792,3827559,3880754,7,2,0,0,0,58255,127353
1778299418838,2550755328,54390784,766644224,242208768,954765312,1073737728,842738,50283,6,6830940,49931,0,1221504,3381,862964224,51489792,3828019,3882302,7,2,0,0,0,58255,127353
1778299419129,2550755328,54390784,766644224,242204672,954810368,1073737728,842738,50283,6,6832561,49931,0,1221504,3381,862964224,51489792,3828233,3882342,7,2,0,0,0,58255,127353
1778299419423,2550755328,54390784,766644224,242204672,954810368,1073737728,842738,50283,6,6834183,49931,0,1221504,3381,862964224,51489792,3828431,3882382,7,2,0,0,0,58255,127353
1778299419717,2550755328,54390784,766648320,242204672,954851328,1073737728,842738,50283,6,6836326,49931,0,1222312,3381,862964224,51489792,3829851,3883006,7,2,0,0,0,58255,127353
1778299420011,2550755328,54390784,766648320,242204672,954851328,1073737728,842738,50283,6,6837948,49931,0,1222312,3381,862964224,51489792,3831647,3883702,7,2,0,0,0,58255,127353
1778299420305,2550755328,54390784,766648320,242204672,954814464,1073737728,842738,50303,6,6839571,49931,0,1222312,3381,862964224,51510272,3833545,3884358,7,2,0,0,0,58255,127353
1778299420598,2550755328,54390784,766648320,242204672,954712064,1073737728,842738,50303,6,6841710,49931,0,1223122,3381,862964224,51510272,3834735,3884518,7,2,0,0,0,58255,127353
1778299420893,2550755328,54390784,766652416,242204672,954712064,1073737728,842738,50303,6,6843335,49931,0,1223122,3381,862964224,51510272,3835615,3885382,7,2,0,0,0,58255,127353
1778299421184,2550755328,54390784,766652416,242204672,954769408,1073737728,842738,50303,6,6844956,49931,0,1223122,3381,862964224,51510272,3835813,3886346,7,2,0,0,0,58255,127353
1778299421478,2550755328,54390784,766656512,242204672,954769408,1073737728,842738,50303,6,6846577,49931,0,1223122,3381,862964224,51510272,3836011,3886386,7,2,0,0,0,58255,127353
1778299421773,2550755328,54390784,766656512,242208768,954826752,1073737728,842738,50303,6,6848714,49931,0,1223927,3381,862964224,51510272,3837549,3888110,7,2,0,0,0,58255,127355
1778299422068,2550755328,54390784,766656512,242208768,954826752,1073737728,842738,50303,6,6850335,49931,0,1223927,3381,862964224,51510272,3837763,3888150,7,2,0,0,0,58255,127355
1778299422361,2550755328,54390784,766656512,242204672,954810368,1073737728,842738,50303,6,6851972,49931,0,1223927,3381,862964224,51510272,3837961,3888190,7,2,0,0,0,58255,127356
1778299422654,2551013376,54398976,766648320,242208768,954904576,1073737728,842738,50331,6,6854111,49931,0,1224732,3381,862964224,51538944,3839145,3888378,7,2,0,0,0,58255,127356
1778299422948,2551013376,54398976,766648320,242208768,954970112,1073737728,842738,50331,6,6855735,49931,0,1224732,3381,862964224,51538944,3841187,3889618,7,2,0,0,0,58255,127356
1778299423241,2551013376,54398976,766656512,242204672,954789888,1073737728,842738,50331,6,6857356,49931,0,1224732,3381,862964224,51538944,3842967,3890274,7,2,0,0,0,58255,127356
1778299423536,2551013376,54398976,766660608,242204672,954789888,1073737728,842738,50331,6,6858980,49931,0,1224732,3381,862964224,51538944,3843283,3890354,7,2,0,0,0,58255,127356
1778299423830,2551525376,54398976,766660608,242212864,954847232,1073737728,842738,50331,6,6861110,49931,0,1225538,3381,862964224,51538944,3845171,3891218,7,2,0,0,0,58257,127357
1778299424118,2551545856,54398976,766668800,242212864,954806272,1073737728,842738,50331,6,6862732,49931,0,1225538,3381,862964224,51538944,3845385,3892182,7,2,0,0,0,58257,127357
1778299424410,2551545856,54398976,766668800,242212864,954806272,1073737728,842738,50331,6,6864354,49931,0,1225538,3381,862964224,51538944,3845583,3892222,7,2,0,0,0,58257,127357
1778299424703,2551697408,54398976,766668800,242212864,954806272,1073737728,842738,50331,6,6866450,49932,0,1226348,3381,862964224,51538944,3847003,3893850,7,2,0,0,0,58257,127357
1778299424997,2551803904,54398976,766668800,242212864,954826752,1073737728,842738,50331,6,6868127,49932,0,1226348,3381,862964224,51538944,3847217,3893890,7,2,0,0,0,58257,127359
1778299425292,2551803904,54398976,766672896,242212864,954822656,1073737728,842738,50367,6,6869749,49932,0,1226348,3381,862964224,51575808,3847415,3893930,7,2,0,0,0,58257,127360
1778299425586,2551803904,54398976,766672896,242212864,954822656,1073737728,842738,50367,6,6871370,49932,0,1226348,3381,862964224,51575808,3847613,3893970,7,2,0,0,0,58257,127360
1778299425881,2551803904,54398976,766672896,242216960,954843136,1073737728,842738,50367,6,6873492,49932,0,1227154,3381,862964224,51575808,3850631,3895210,7,2,0,0,0,58257,127360
1778299426173,2551803904,54398976,766672896,242212864,954826752,1073737728,842738,50367,6,6875115,49932,0,1227154,3381,862964224,51575808,3852427,3895866,7,2,0,0,0,58257,127360
1778299426467,2551803904,54398976,766672896,242212864,954826752,1073737728,842738,50367,6,6876741,49932,0,1227154,3381,862964224,51575808,3852743,3895906,7,2,0,0,0,58257,127360
1778299426758,2551803904,54398976,766672896,242212864,954675200,1073737728,842738,50367,6,6878769,49932,0,1227959,3381,862964224,51575808,3854253,3896730,7,2,0,0,0,58257,127360
1778299427049,2551803904,54398976,766672896,242212864,954814464,1073737728,842738,50367,6,6880506,49932,0,1227959,3381,862964224,51575808,3854797,3896930,7,2,0,0,0,58257,127360
1778299427343,2551803904,54398976,766676992,242212864,954814464,1073737728,842738,50367,6,6882128,49932,0,1227959,3381,862964224,51575808,3855097,3898030,7,2,0,0,0,58257,127360
1778299427636,2551803904,54398976,766676992,242212864,954814464,1073737728,842738,50367,6,6883749,49932,0,1227959,3381,862964224,51575808,3855295,3899034,7,2,0,0,0,58257,127360
1778299427928,2551803904,54407168,766676992,242212864,954671104,1073737728,842738,50411,6,6885885,49932,0,1228770,3381,862964224,51620864,3856715,3899698,7,2,0,0,0,58257,127361
1778299428222,2551803904,54407168,766676992,242212864,954818560,1073737728,842738,50411,6,6887522,49932,0,1228770,3381,862964224,51620864,3856929,3899738,7,2,0,0,0,58257,127361
1778299428516,2551803904,54407168,766676992,242212864,954818560,1073737728,842738,50411,6,6889144,49932,0,1228770,3381,862964224,51620864,3857127,3899778,7,2,0,0,0,58257,127361
1778299428809,2551545856,54407168,766676992,242212864,954818560,1073737728,842738,50411,6,6891071,49932,0,1229385,3381,862964224,51620864,3858295,3900402,7,2,0,0,0,58257,127361
1778299429097,2551545856,54407168,766676992,242212864,954822656,1073737728,842738,50411,6,6892898,49932,0,1229578,3381,862964224,51620864,3860311,3901138,7,2,0,0,0,58257,127361
1778299429390,2551545856,54407168,766681088,242221056,954843136,1073737728,842738,50411,6,6894520,49932,0,1229578,3381,862964224,51620864,3862091,3901794,7,2,0,0,0,58259,127361
1778299429685,2551545856,54407168,766685184,242221056,954843136,1073737728,842738,50411,6,6896145,49932,0,1229578,3381,862964224,51620864,3862653,3902378,7,2,0,0,0,58259,127361
1778299429973,2551545856,54407168,766685184,242221056,954691584,1073737728,842738,50411,6,6898289,49932,0,1230383,3381,862964224,51620864,3864177,3902778,7,2,0,0,0,58259,127363
1778299430268,2551545856,54407168,766685184,242221056,954691584,1073737728,842738,50411,6,6899910,49932,0,1230383,3381,862964224,51620864,3864391,3903742,7,2,0,0,0,58259,127363
1778299430555,2551545856,54407168,766685184,242221056,954691584,1073737728,842738,50411,6,6901532,49932,0,1230383,3381,862964224,51641344,3864605,3903782,7,2,0,0,0,58259,127363
1778299430849,2551545856,54407168,766685184,242221056,954707968,1073737728,842738,50431,6,6903156,49932,0,1230383,3381,862964224,51641344,3865049,3905290,7,2,0,0,0,58259,127363
1778299431144,2551545856,54407168,766689280,242221056,954826752,1073737728,842738,50431,6,6905292,49932,0,1231193,3381,862964224,51641344,3866223,3905450,7,2,0,0,0,58259,127363
1778299431438,2551545856,54407168,766689280,242221056,954826752,1073737728,842738,50431,6,6906913,49932,0,1231193,3381,862964224,51641344,3866421,3905490,7,2,0,0,0,58259,127363
1778299431729,2551545856,54407168,766689280,242221056,954826752,1073737728,842738,50431,6,6908542,49932,0,1231194,3381,862964224,51641344,3867148,3906147,7,2,0,0,0,58259,127363
1778299432023,2551300096,54407168,766689280,242221056,954855424,1073737728,842738,50431,6,6910677,49932,0,1232001,3381,862964224,51641344,3869920,3906963,7,2,0,0,0,58259,127364
1778299432314,2551300096,54407168,766689280,242221056,954855424,1073737728,842738,50431,6,6912299,49932,0,1232001,3381,862964224,51641344,3871834,3907619,7,2,0,0,0,58259,127364
1778299432608,2551300096,54407168,766689280,242221056,954855424,1073737728,842738,50431,6,6913921,49932,0,1232001,3381,862964224,51641344,3872032,3907659,7,2,0,0,0,58259,127364
1778299432903,2551300096,54415360,766693376,242221056,954855424,1073737728,842738,50471,6,6915548,49932,0,1232001,3381,862964224,51682304,3873014,3908659,7,2,0,0,0,58259,127364
1778299433198,2551300096,54415360,766693376,242229248,954851328,1073737728,842738,50471,6,6917680,49932,0,1232811,3381,862964224,51682304,3874220,3909743,7,2,0,0,0,58261,127365
1778299433492,2551300096,54415360,766693376,242229248,954851328,1073737728,842738,50471,6,6919302,49932,0,1232811,3381,862964224,51682304,3874418,3909783,7,2,0,0,0,58261,127365
1778299433785,2551300096,54415360,766693376,242229248,954851328,1073737728,842738,50471,6,6920925,49932,0,1232811,3381,862964224,51682304,3874862,3911291,7,2,0,0,0,58261,127365
1778299434080,2551300096,54415360,766693376,242229248,954826752,1073737728,842738,50471,6,6923062,49932,0,1233619,3381,862964224,51682304,3876020,3911411,7,2,0,0,0,58261,127365
1778299434372,2551300096,54415360,766693376,242229248,954826752,1073737728,842738,50471,6,6924699,49932,0,1233619,3381,862964224,51682304,3876218,3911451,7,2,0,0,0,58261,127365
1778299434666,2551300096,54415360,766693376,242229248,954826752,1073737728,842738,50471,6,6926320,49932,0,1233619,3381,862964224,51682304,3876416,3911491,7,2,0,0,0,58261,127365
1778299434960,2551300096,54415360,766693376,242229248,954826752,1073737728,842738,50471,6,6927943,49932,0,1233619,3381,862964224,51682304,3878458,3912691,7,2,0,0,0,58261,127365
1778299435255,2551042048,54415360,766697472,242229248,954847232,1073737728,842738,50471,6,6930080,49932,0,1234426,3381,862964224,51682304,3881348,3913427,7,2,0,0,0,58261,127366
1778299435548,2551042048,54415360,766697472,242229248,954847232,1073737728,842738,50471,6,6931701,49932,0,1234426,3381,862964224,51682304,3881546,3913467,7,2,0,0,0,58261,127366
1778299435841,2551042048,54415360,766697472,242229248,954847232,1073737728,842738,50491,6,6933340,49932,0,1234426,3381,862964224,51702784,3882442,3914331,7,2,0,0,0,58261,127366
1778299436134,2550784000,54415360,766697472,242229248,954695680,1073737728,842738,50491,6,6935474,49932,0,1235238,3381,862964224,51702784,3883648,3915375,7,2,0,0,0,58261,127366
1778299436428,2550784000,54415360,766697472,242229248,954695680,1073737728,842738,50491,6,6937095,49932,0,1235238,3381,862964224,51702784,3883862,3915415,7,2,0,0,0,58261,127366
1778299436718,2550784000,54415360,766697472,242229248,954695680,1073737728,842738,50491,6,6938718,49932,0,1235238,3381,862964224,51702784,3884306,3916923,7,2,0,0,0,58261,127366
1778299437012,2550784000,54415360,766705664,242229248,954695680,1073737728,842738,50491,6,6940339,49932,0,1235238,3381,862964224,51702784,3884520,3917003,7,2,0,0,0,58261,127366
1778299437307,2550784000,54415360,766709760,242229248,954843136,1073737728,842738,50491,6,6942474,49932,0,1236042,3381,862964224,51702784,3885796,3917219,7,2,0,0,0,58261,127367
1778299437599,2550784000,54415360,766709760,242229248,954843136,1073737728,842738,50491,6,6944096,49932,0,1236042,3381,862964224,51702784,3885994,3917259,7,2,0,0,0,58261,127367
1778299437893,2550784000,54423552,766709760,242229248,954859520,1073737728,842738,50535,6,6945719,49932,0,1236042,3381,862964224,51747840,3888036,3918459,7,2,0,0,0,58261,127367
1778299438188,2550267904,54423552,766709760,242229248,954859520,1073737728,842738,50535,6,6947858,49932,0,1236851,3381,862964224,51747840,3890910,3919371,7,2,0,0,0,58261,127367
1778299438482,2550267904,54423552,766709760,242229248,954859520,1073737728,842738,50535,6,6949482,49932,0,1236851,3381,862964224,51747840,3891242,3919411,7,2,0,0,0,58261,127367
1778299438776,2550267904,54423552,766709760,242229248,954859520,1073737728,842738,50535,6,6951106,49932,0,1236851,3381,862964224,51747840,3891792,3920275,7,2,0,0,0,58261,127367
1778299439070,2550267904,54423552,766717952,242237440,954875904,1073737728,842738,50535,6,6952728,49932,0,1236851,3381,862964224,51747840,3892320,3921239,7,2,0,0,0,58263,127369
1778299439365,2550009856,54423552,766717952,242237440,954884096,1073737728,842738,50535,6,6954860,49932,0,1237664,3381,862964224,51747840,3893542,3921359,7,2,0,0,0,58263,127371
1778299439658,2550009856,54423552,766717952,242237440,954884096,1073737728,842738,50535,6,6956483,49932,0,1237664,3381,862964224,51747840,3893740,3922323,7,2,0,0,0,58263,127371
1778299439953,2550009856,54423552,766717952,242237440,954884096,1073737728,842738,50535,6,6958106,49932,0,1237664,3381,862964224,51747840,3894200,3922907,7,2,0,0,0,58263,127371
1778299440248,2549751808,54423552,766717952,242237440,954580992,1073737728,842738,50535,6,6960263,49932,0,1238472,3381,862964224,51747840,3895374,3923067,7,2,0,0,0,58263,127371
1778299440541,2549751808,54423552,766717952,242237440,954580992,1073737728,842738,50535,6,6961884,49932,0,1238472,3381,862964224,51747840,3895588,3923107,7,2,0,0,0,58263,127371
1778299440835,2549751808,54423552,766717952,242237440,954580992,1073737728,842738,50535,6,6963508,49932,0,1238472,3381,862964224,51784704,3896032,3923731,7,2,0,0,0,58263,127371
1778299441124,2549751808,54423552,766722048,242237440,954859520,1073737728,842738,50571,6,6965134,49932,0,1238472,3381,862964224,51784704,3897828,3924387,7,2,0,0,0,58263,127371
1778299441419,2549751808,54423552,766722048,242237440,954892288,1073737728,842738,50571,6,6967258,49932,0,1239278,3381,862964224,51784704,3900782,3925083,7,2,0,0,0,58263,127372
1778299441712,2549751808,54423552,766722048,242237440,954892288,1073737728,842738,50571,6,6968884,49932,0,1239278,3381,862964224,51784704,3901450,3925787,7,2,0,0,0,58263,127372
1778299442005,2549751808,54423552,766722048,242237440,954892288,1073737728,842738,50571,6,6970505,49932,0,1239278,3381,862964224,51784704,3901876,3925987,7,2,0,0,0,58263,127372
1778299442300,2549751808,54423552,766722048,242237440,954892288,1073737728,842738,50571,6,6972647,49932,0,1240081,3381,862964224,51784704,3903018,3927071,7,2,0,0,0,58263,127372
1778299442594,2549751808,54423552,766722048,242237440,954892288,1073737728,842738,50571,6,6974268,49932,0,1240081,3381,862964224,51784704,3903232,3927111,7,2,0,0,0,58263,127372
1778299442889,2549751808,54423552,766722048,242237440,954892288,1073737728,842738,50571,6,6975892,49932,0,1240081,3381,862964224,51784704,3903692,3928619,7,2,0,0,0,58263,127372
1778299443183,2549751808,54431744,766726144,242237440,954900480,1073737728,842738,50615,6,6977514,49932,0,1240081,3381,862964224,51829760,3903890,3928659,7,2,0,0,0,58263,127372
1778299443478,2549751808,54431744,766726144,242245632,954892288,1073737728,842738,50615,6,6979648,49932,0,1240895,3381,862964224,51829760,3905064,3928739,7,2,0,0,0,58265,127373
1778299443772,2549751808,54431744,766726144,242245632,954892288,1073737728,842738,50615,6,6981272,49932,0,1240895,3381,862964224,51829760,3905610,3929499,7,2,0,0,0,58265,127373
1778299444066,2549751808,54431744,766730240,242245632,954892288,1073737728,842738,50615,6,6982893,49932,0,1240895,3381,862964224,51829760,3907406,3930155,7,2,0,0,0,58265,127373
1778299444359,2549751808,54431744,766730240,242245632,954740736,1073737728,842738,50615,6,6985034,49932,0,1241707,3381,862964224,51829760,3910162,3930891,7,2,0,0,0,58265,127373
1778299444653,2549751808,54431744,766730240,242245632,954740736,1073737728,842738,50615,6,6986657,49932,0,1241707,3381,862964224,51829760,3910494,3930931,7,2,0,0,0,58265,127373
1778299444948,2549751808,54431744,766730240,242245632,954740736,1073737728,842738,50615,6,6988281,49932,0,1241707,3381,862964224,51829760,3911272,3931755,7,2,0,0,0,58265,127373
1778299445241,2549751808,54431744,766734336,242245632,954875904,1073737728,842738,50615,6,6989902,49932,0,1241707,3381,862964224,51829760,3911470,3932719,7,2,0,0,0,58265,127374
1778299445536,2549751808,54431744,766734336,242245632,954880000,1073737728,842738,50615,6,6992039,49932,0,1242509,3381,862964224,51829760,3912628,3932799,7,2,0,0,0,58265,127374
1778299445830,2549751808,54431744,766734336,242245632,954880000,1073737728,842738,50615,6,6993662,49932,0,1242509,3381,862964224,51829760,3913072,3934347,7,2,0,0,0,58265,127374
1778299446118,2549751808,54431744,766734336,242245632,954880000,1073737728,842738,50615,6,6995299,49932,0,1242509,3381,862964224,51829760,3913270,3934387,7,2,0,0,0,58265,127374
1778299446412,2550788096,54431744,766734336,242241536,954728448,1073737728,842738,50639,6,6997450,49932,0,1243315,3381,862964224,51854336,3914444,3934547,7,2,0,0,0,58265,127374
1778299446705,2550788096,54431744,766734336,242241536,954728448,1073737728,842738,50639,6,6999073,49932,0,1243315,3381,862964224,51854336,3914904,3935131,7,2,0,0,0,58265,127374
1778299447000,2550788096,54431744,766734336,242241536,954728448,1073737728,842738,50639,6,7000695,49932,0,1243315,3381,862964224,51854336,3916700,3935827,7,2,0,0,0,58265,127374
1778299447293,2550788096,54431744,766738432,242245632,954880000,1073737728,842738,50639,6,7002316,49932,0,1243315,3381,862964224,51854336,3918480,3936483,7,2,0,0,0,58265,127376
1778299447582,2550788096,54431744,766738432,242241536,954798080,1073737728,842738,50639,6,7004445,49932,0,1244121,3381,862964224,51854336,3919772,3936523,7,2,0,0,0,58265,127376
1778299447876,2550788096,54431744,766738432,242241536,954798080,1073737728,842738,50639,6,7006068,49932,0,1244121,3381,862964224,51854336,3920448,3937387,7,2,0,0,0,58265,127376
1778299448169,2550788096,54431744,766746624,242245632,954896384,1073737728,842738,50639,6,7007689,49932,0,1244121,3381,862964224,51899392,3920646,3938351,7,2,0,0,0,58265,127376
1778299448464,2550788096,54439936,766738432,242245632,954880000,1073737728,842738,50683,6,7009822,49932,0,1244928,3381,862964224,51899392,3921788,3938471,7,2,0,0,0,58265,127378
1778299448758,2550788096,54439936,766738432,242245632,954880000,1073737728,842738,50683,6,7011445,49932,0,1244928,3381,862964224,51899392,3922232,3940019,7,2,0,0,0,58265,127378
1778299449051,2550788096,54439936,766746624,242245632,954880000,1073737728,842738,50683,6,7013067,49932,0,1244928,3381,862964224,51899392,3922548,3940195,7,2,0,0,0,58265,127378
1778299449344,2550788096,54439936,766746624,242245632,954880000,1073737728,842738,50683,6,7014688,49932,0,1244928,3381,862964224,51899392,3922746,3940275,7,2,0,0,0,58265,127378
1778299449639,2550788096,54439936,766746624,242253824,954994688,1073737728,842738,50683,6,7016833,49932,0,1245734,3381,862964224,51899392,3923904,3940315,7,2,0,0,0,58267,127378
1778299449932,2550788096,54439936,766750720,242253824,954994688,1073737728,842738,50683,6,7018456,49932,0,1245734,3381,862964224,51899392,3925946,3941515,7,2,0,0,0,58267,127378
1778299450225,2550788096,54439936,766750720,242253824,954912768,1073737728,842738,50683,6,7020081,49932,0,1245734,3381,862964224,51899392,3927844,3942211,7,2,0,0,0,58267,127378
1778299450517,2550284288,54439936,766750720,242253824,954798080,1073737728,842738,50683,6,7022209,49932,0,1246542,3381,862964224,51899392,3929034,3942331,7,2,0,0,0,58267,127378
1778299450812,2550284288,54439936,766750720,242253824,954798080,1073737728,842738,50683,6,7023834,49932,0,1246542,3381,862964224,51899392,3929930,3943155,7,2,0,0,0,58267,127378
1778299451106,2550284288,54439936,766750720,242253824,954798080,1073737728,842738,50683,6,7025455,49932,0,1246542,3381,862964224,51899392,3930144,3944119,7,2,0,0,0,58267,127378
1778299451400,2550284288,54439936,766758912,242253824,954900480,1073737728,842738,50683,6,7027076,49932,0,1246542,3381,862964224,51899392,3930342,3944159,7,2,0,0,0,58267,127380
1778299451695,2550284288,54439936,766758912,242253824,954900480,1073737728,842738,50715,6,7029216,49932,0,1247350,3381,862964224,51932160,3931778,3945707,7,2,0,0,0,58267,127380
1778299451987,2550284288,54439936,766758912,242253824,954900480,1073737728,842738,50715,6,7030838,49932,0,1247350,3381,862964224,51932160,3931992,3945787,7,2,0,0,0,58267,127380
1778299452281,2550284288,54439936,766763008,242253824,954900480,1073737728,842738,50715,6,7032475,49932,0,1247350,3381,862964224,51932160,3932190,3945827,7,2,0,0,0,58267,127381
1778299452576,2550284288,54439936,766763008,242253824,954929152,1073737728,842738,50715,6,7034604,49932,0,1248155,3381,862964224,51932160,3933332,3945987,7,2,0,0,0,58267,127382
1778299452870,2550284288,54439936,766763008,242253824,954929152,1073737728,842738,50715,6,7036227,49932,0,1248155,3381,862964224,51932160,3933792,3946571,7,2,0,0,0,58267,127382
1778299453163,2550284288,54439936,766763008,242253824,954929152,1073737728,842738,50715,6,7037849,49932,0,1248155,3381,862964224,51932160,3935588,3947227,7,2,0,0,0,58267,127382
1778299453457,2550284288,54448128,766754816,242253824,954929152,1073737728,842738,50759,6,7039472,49932,0,1248155,3381,862964224,51977216,3937486,3947883,7,2,0,0,0,58267,127382
1778299453753,2550284288,54448128,766754816,242253824,955080704,1073737728,842738,50759,6,7041616,49932,0,1248961,3381,862964224,51977216,3939044,3948587,7,2,0,0,0,58267,127382
1778299454048,2550284288,54448128,766771200,242262016,954941440,1073737728,842738,50759,6,7043240,49932,0,1248961,3381,862964224,51977216,3939588,3948827,7,2,0,0,0,58269,127382
1778299454343,2550284288,54448128,766771200,242262016,954941440,1073737728,842738,50759,6,7044863,49932,0,1248961,3381,862964224,51977216,3939786,3949791,7,2,0,0,0,58269,127382
1778299454637,2550284288,54448128,766771200,242266112,954851328,1073737728,842738,50759,6,7046993,49932,0,1249768,3381,862964224,51977216,3941062,3950971,7,2,0,0,0,58269,127383
1778299454931,2550284288,54448128,766771200,242262016,954920960,1073737728,842738,50759,6,7048618,49932,0,1249768,3381,862964224,51977216,3941522,3951595,7,2,0,0,0,58269,127384
1778299455225,2550284288,54448128,766771200,242262016,954920960,1073737728,842738,50759,6,7050240,49932,0,1249768,3381,862964224,51977216,3941762,3951663,7,2,0,0,0,58269,127384
1778299455516,2550284288,54448128,766771200,242262016,954920960,1073737728,842738,50759,6,7051861,49932,0,1249768,3381,862964224,51977216,3941960,3951703,7,2,0,0,0,58269,127384
1778299455811,2550284288,54448128,766771200,242262016,954920960,1073737728,842738,50759,6,7053996,49932,0,1250570,3381,862964224,51977216,3943364,3952327,7,2,0,0,0,58269,127384
1778299456105,2550284288,54448128,766775296,242262016,954920960,1073737728,842738,50759,6,7055617,49932,0,1250570,3381,862964224,51977216,3945160,3952983,7,2,0,0,0,58269,127384
1778299456399,2550284288,54448128,766775296,242262016,954920960,1073737728,842738,50759,6,7057240,49932,0,1250570,3381,862964224,51977216,3947058,3953639,7,2,0,0,0,58269,127384
1778299456692,2550284288,54448128,766775296,242262016,954925056,1073737728,842738,50759,6,7059378,49932,0,1251375,3381,862964224,52001792,3948478,3954343,7,2,0,0,0,58269,127385
1778299456983,2550284288,54448128,766775296,242262016,954949632,1073737728,842738,50783,6,7061002,49932,0,1251375,3381,862964224,52001792,3949112,3954703,7,2,0,0,0,58269,127385
1778299457278,2550284288,54448128,766775296,242262016,954949632,1073737728,842738,50783,6,7062623,49932,0,1251375,3381,862964224,52001792,3949310,3955667,7,2,0,0,0,58269,127385
1778299457572,2550284288,54448128,766775296,242262016,954949632,1073737728,842738,50783,6,7064245,49932,0,1251375,3381,862964224,52001792,3949508,3955707,7,2,0,0,0,58269,127385
1778299457868,2550284288,54448128,766775296,242262016,954949632,1073737728,842738,50783,6,7066375,49932,0,1252185,3381,862964224,52001792,3950928,3957335,7,2,0,0,0,58269,127385
1778299458159,2550284288,54448128,766779392,242262016,954949632,1073737728,842738,50783,6,7068013,49932,0,1252185,3381,862964224,52001792,3951142,3957375,7,2,0,0,0,58269,127386
1778299458453,2550284288,54448128,766779392,242262016,954949632,1073737728,842738,50783,6,7069634,49932,0,1252185,3381,862964224,52001792,3951356,3957415,7,2,0,0,0,58269,127386
1778299458748,2550284288,54456320,766779392,242266112,954978304,1073737728,842738,50823,6,7071765,49932,0,1252988,3381,862964224,52042752,3952760,3957959,7,2,0,0,0,58271,127386
1778299459042,2550284288,54456320,766779392,242270208,955002880,1073737728,842738,50823,6,7073386,49932,0,1252988,3381,862964224,52042752,3954556,3958695,7,2,0,0,0,58271,127386
1778299459335,2550284288,54456320,766779392,242270208,954945536,1073737728,842738,50823,6,7075008,49932,0,1252988,3381,862964224,52042752,3956336,3959351,7,2,0,0,0,58271,127386
1778299459628,2550284288,54456320,766779392,242270208,954945536,1073737728,842738,50823,6,7076633,49932,0,1252988,3381,862964224,52042752,3956652,3959597,7,2,0,0,0,58271,127386
1778299459923,2550284288,54456320,766779392,242270208,954945536,1073737728,842738,50823,6,7078767,49932,0,1253792,3381,862964224,52042752,3958492,3960677,7,2,0,0,0,58271,127386
1778299460217,2550284288,54456320,766779392,242270208,954945536,1073737728,842738,50823,6,7080388,49932,0,1253792,3381,862964224,52042752,3958690,3961641,7,2,0,0,0,58271,127386
1778299460510,2550284288,54456320,766779392,242270208,954945536,1073737728,842738,50823,6,7082009,49932,0,1253792,3381,862964224,52042752,3958904,3961681,7,2,0,0,0,58271,127386
1778299460804,2550026240,54456320,766779392,242270208,954945536,1073737728,842738,50823,6,7084137,49932,0,1254598,3381,862964224,52042752,3960308,3963309,7,2,0,0,0,58271,127386
1778299461098,2550026240,54456320,766779392,242270208,954945536,1073737728,842738,50823,6,7085759,49932,0,1254598,3381,862964224,52042752,3960522,3963349,7,2,0,0,0,58271,127386
1778299461393,2550026240,54456320,766787584,242270208,954937344,1073737728,842738,50823,6,7087380,49932,0,1254598,3381,862964224,52042752,3960736,3963389,7,2,0,0,0,58271,127387
1778299461688,2550026240,54456320,766787584,242270208,954937344,1073737728,842738,50823,6,7089004,49932,0,1254598,3381,862964224,52042752,3961180,3963973,7,2,0,0,0,58271,127387
1778299461978,2550026240,54456320,766787584,242270208,954839040,1073737728,842738,50843,6,7091138,49932,0,1255407,3381,862964224,52063232,3963936,3964709,7,2,0,0,0,58271,127388
1778299462272,2550026240,54456320,766787584,242270208,954937344,1073737728,842738,50843,6,7092759,49932,0,1255407,3381,862964224,52063232,3965732,3965365,7,2,0,0,0,58271,127388
1778299462563,2550026240,54456320,766787584,242270208,954937344,1073737728,842738,50843,6,7094381,49932,0,1255407,3381,862964224,52063232,3965930,3965405,7,2,0,0,0,58271,127388
1778299462857,2549768192,54456320,766791680,242270208,954863616,1073737728,842738,50843,6,7096531,49933,0,1256214,3381,862964224,52063232,3967888,3966485,7,2,0,0,0,58271,127388
1778299463152,2549768192,54456320,766791680,242270208,954925056,1073737728,842738,50843,6,7098153,49933,0,1256214,3381,862964224,52063232,3968102,3967489,7,2,0,0,0,58271,127389
1778299463446,2549768192,54456320,766795776,242270208,954925056,1073737728,842738,50843,6,7099774,49933,0,1256214,3381,862964224,52063232,3968300,3967529,7,2,0,0,0,58271,127389
1778299463740,2549768192,54464512,766795776,242270208,954925056,1073737728,842738,50871,6,7101400,49933,0,1256214,3381,862964224,52091904,3968744,3969077,7,2,0,0,0,58271,127389
1778299464034,2549768192,54464512,766795776,242278400,954945536,1073737728,842738,50871,6,7103528,49933,0,1257021,3381,862964224,52091904,3969934,3969157,7,2,0,0,0,58273,127390
1778299464324,2549768192,54464512,766803968,242278400,954949632,1073737728,842738,50871,6,7105164,49933,0,1257021,3381,862964224,52091904,3970148,3969197,7,2,0,0,0,58273,127390
1778299464617,2549768192,54464512,766803968,242278400,954949632,1073737728,842738,50871,6,7106785,49933,0,1257021,3381,862964224,52091904,3970346,3969237,7,2,0,0,0,58273,127390
1778299464912,2549768192,54464512,766803968,242278400,954724352,1073737728,842738,50871,6,7108932,49933,0,1257831,3381,862964224,52091904,3973348,3970437,7,2,0,0,0,58273,127392
1778299465205,2549768192,54464512,766808064,242278400,954920960,1073737728,842738,50871,6,7110553,49933,0,1257831,3381,862964224,52091904,3975128,3971133,7,2,0,0,0,58273,127392
1778299465500,2549768192,54464512,766808064,242278400,954920960,1073737728,842738,50871,6,7112176,49933,0,1257831,3381,862964224,52091904,3975546,3971349,7,2,0,0,0,58273,127392
1778299465794,2549768192,54464512,766808064,242278400,954920960,1073737728,842738,50871,6,7113802,49933,0,1257831,3381,862964224,52091904,3976410,3972213,7,2,0,0,0,58273,127392
1778299466090,2549510144,54464512,766808064,242278400,954978304,1073737728,842738,50871,6,7115942,49933,0,1258641,3381,862964224,52091904,3977616,3973297,7,2,0,0,0,58273,127393
1778299466384,2549510144,54464512,766808064,242278400,954978304,1073737728,842738,50871,6,7117564,49933,0,1258641,3381,862964224,52091904,3977830,3973337,7,2,0,0,0,58273,127393
1778299466677,2549510144,54464512,766808064,242278400,954978304,1073737728,842738,50871,6,7119185,49933,0,1258641,3381,862964224,52091904,3978274,3974845,7,2,0,0,0,58273,127393
1778299466967,2549252096,54464512,766808064,242274304,954957824,1073737728,842738,50871,6,7121327,49933,0,1259449,3381,862964224,52091904,3979448,3974885,7,2,0,0,0,58273,127393
1778299467262,2549252096,54464512,766808064,242278400,954953728,1073737728,842738,50907,6,7122953,49933,0,1259449,3381,862964224,52128768,3979662,3974965,7,2,0,0,0,58273,127393
1778299467556,2549252096,54464512,766808064,242278400,954953728,1073737728,842738,50907,6,7124575,49933,0,1259449,3381,862964224,52128768,3979860,3975005,7,2,0,0,0,58273,127393
1778299467849,2549252096,54464512,766808064,242278400,954953728,1073737728,842738,50907,6,7126199,49933,0,1259449,3381,862964224,52128768,3980304,3975589,7,2,0,0,0,58273,127393
1778299468142,2548998144,54464512,766812160,242278400,954961920,1073737728,842738,50907,6,7128343,49933,0,1260258,3381,862964224,52128768,3983226,3976325,7,2,0,0,0,58273,127394
1778299468436,2548998144,54464512,766812160,242278400,954961920,1073737728,842738,50907,6,7129967,49933,0,1260258,3381,862964224,52136960,3985140,3977021,7,2,0,0,0,58273,127394
1778299468726,2548998144,54472704,766812160,242278400,954978304,1073737728,842738,50959,6,7131591,49933,0,1260258,3381,862964224,52182016,3985690,3977725,7,2,0,0,0,58273,127394
1778299469019,2549219328,54472704,766816256,242278400,954675200,1073737728,842738,50959,6,7133723,49933,0,1261065,3381,862964224,52182016,3987226,3977925,7,2,0,0,0,58273,127394
1778299469312,2549338112,54472704,766816256,242286592,954937344,1073737728,842738,50959,6,7135373,49933,0,1261065,3381,862964224,52182016,3987440,3978929,7,2,0,0,0,58275,127394
1778299469604,2549338112,54472704,766816256,242286592,954937344,1073737728,842738,50959,6,7136995,49933,0,1261065,3381,862964224,52182016,3987638,3978969,7,2,0,0,0,58275,127394
1778299469899,2549338112,54472704,766816256,242286592,954937344,1073737728,842738,50959,6,7138619,49933,0,1261065,3381,862964224,52182016,3988098,3980477,7,2,0,0,0,58275,127394
1778299470194,2549108736,54472704,766816256,242286592,954978304,1073737728,842738,50959,6,7140768,49933,0,1261874,3381,862964224,52182016,3989256,3980637,7,2,0,0,0,58275,127394
1778299470488,2549108736,54472704,766816256,242286592,954978304,1073737728,842738,50959,6,7142389,49933,0,1261874,3381,862964224,52182016,3989470,3980677,7,2,0,0,0,58275,127394
1778299470781,2549108736,54472704,766816256,242286592,954978304,1073737728,842738,50959,6,7144012,49933,0,1261874,3381,862964224,52182016,3990016,3981397,7,2,0,0,0,58275,127394
1778299471076,2549288960,54472704,766820352,242286592,955039744,1073737728,842738,50959,6,7146087,49933,0,1262681,3381,862964224,52182016,3992788,3982213,7,2,0,0,0,58275,127394
1778299471366,2549592064,54472704,766820352,242286592,955072512,1073737728,842738,50959,6,7147763,49933,0,1262681,3381,862964224,52182016,3994568,3982869,7,2,0,0,0,58275,127394
1778299471659,2549592064,54472704,766820352,242286592,955072512,1073737728,842738,50959,6,7149388,49933,0,1262681,3381,862964224,52182016,3994868,3982909,7,2,0,0,0,58275,127394
1778299471950,2549592064,54472704,766820352,242286592,955072512,1073737728,842738,50959,6,7151013,49933,0,1262681,3381,862964224,52182016,3995748,3983773,7,2,0,0,0,58275,127394
1778299472244,2549882880,54472704,766824448,242286592,954847232,1073737728,842738,50959,6,7153162,49933,0,1263487,3381,862964224,52182016,3996922,3984937,7,2,0,0,0,58275,127397
1778299472537,2549882880,54472704,766824448,242286592,954847232,1073737728,842738,50959,6,7154783,49933,0,1263487,3381,862964224,52202496,3997136,3984977,7,2,0,0,0,58275,127397
1778299472832,2549882880,54472704,766828544,242286592,954847232,1073737728,842738,50979,6,7156407,49933,0,1263487,3381,862964224,52202496,3997580,3986485,7,2,0,0,0,58275,127397
1778299473122,2549788672,54472704,766828544,242286592,955138048,1073737728,842738,50979,6,7158178,49933,0,1263766,3381,862964224,52202496,3998078,3986525,7,2,0,0,0,58275,127397
1778299473411,2550091776,54472704,766828544,242286592,954834944,1073737728,842738,50979,6,7160159,49933,0,1264296,3381,862964224,52202496,3998968,3986725,7,2,0,0,0,58275,127397
1778299473705,2550091776,54480896,766820352,242286592,954834944,1073737728,842738,51019,6,7161782,49933,0,1264296,3381,862964224,52243456,3999412,3987309,7,2,0,0,0,58275,127397
1778299473999,2550091776,54480896,766820352,242286592,954834944,1073737728,842738,51019,6,7163404,49933,0,1264296,3381,862964224,52243456,4001208,3988005,7,2,0,0,0,58275,127397
1778299474293,2551222272,54480896,766828544,242294784,954957824,1073737728,842738,51019,6,7165547,49933,0,1265099,3381,862964224,52243456,4003980,3988781,7,2,0,0,0,58277,127398
1778299474588,2551222272,54480896,766828544,242294784,954957824,1073737728,842738,51019,6,7167172,49933,0,1265099,3381,862964224,52243456,4004312,3988861,7,2,0,0,0,58277,127398
1778299474883,2551222272,54480896,766832640,242294784,954957824,1073737728,842738,51019,6,7168793,49933,0,1265099,3381,862964224,52243456,4005090,3989685,7,2,0,0,0,58277,127398
1778299475176,2551222272,54480896,766832640,242294784,954957824,1073737728,842738,51019,6,7170414,49933,0,1265099,3381,862964224,52243456,4005288,3990649,7,2,0,0,0,58277,127398
1778299475470,2551128064,54480896,766832640,242294784,954957824,1073737728,842738,51019,6,7172555,49933,0,1265912,3381,862964224,52243456,4006526,3990849,7,2,0,0,0,58277,127398
1778299475760,2551128064,54480896,766832640,242294784,954957824,1073737728,842738,51019,6,7174179,49933,0,1265912,3381,862964224,52243456,4006970,3992397,7,2,0,0,0,58277,127398
1778299476054,2551246848,54480896,766832640,242294784,955006976,1073737728,842738,51019,6,7175800,49933,0,1265912,3381,862964224,52243456,4007168,3992437,7,2,0,0,0,58277,127399
1778299476348,2551304192,54480896,766832640,242294784,954982400,1073737728,842738,51019,6,7177947,49933,0,1266721,3381,862964224,52243456,4008428,3992773,7,2,0,0,0,58277,127399
1778299476642,2551304192,54480896,766836736,242294784,954982400,1073737728,842738,51019,6,7179569,49933,0,1266721,3381,862964224,52243456,4008642,3992813,7,2,0,0,0,58277,127399
1778299476935,2551304192,54480896,766836736,242294784,954982400,1073737728,842738,51019,6,7181193,49933,0,1266721,3381,862964224,52243456,4010684,3994053,7,2,0,0,0,58277,127399
1778299477229,2551304192,54480896,766836736,242294784,954982400,1073737728,842738,51019,6,7182814,49933,0,1266721,3381,862964224,52243456,4012464,3994709,7,2,0,0,0,58277,127399
1778299477518,2551304192,54480896,766836736,242294784,954830848,1073737728,842738,51019,6,7184957,49933,0,1267532,3381,862964224,52243456,4013654,3994909,7,2,0,0,0,58277,127399
1778299477812,2551304192,54480896,766836736,242294784,954982400,1073737728,842738,51051,6,7186583,49933,0,1267532,3381,862964224,52276224,4014518,3995773,7,2,0,0,0,58277,127399
1778299478106,2551304192,54480896,766844928,242294784,955015168,1073737728,842738,51051,6,7188205,49933,0,1267532,3381,862964224,52276224,4014732,3996737,7,2,0,0,0,58277,127400
1778299478404,2551058432,54480896,766844928,242294784,954986496,1073737728,842738,51051,6,7190335,49933,0,1268335,3381,862964224,52276224,4015906,3996937,7,2,0,0,0,58277,127400
1778299478698,2551058432,54480896,766849024,242294784,954986496,1073737728,842738,51051,6,7191959,49933,0,1268335,3381,862964224,52276224,4016366,3998445,7,2,0,0,0,58277,127400
1778299478990,2551058432,54489088,766849024,242294784,954986496,1073737728,842738,51091,6,7193581,49933,0,1268335,3381,862964224,52317184,4016580,3998525,7,2,0,0,0,58277,127400
1778299479285,2551058432,54489088,766849024,242294784,954986496,1073737728,842738,51091,6,7195202,49933,0,1268335,3381,862964224,52317184,4016778,3998565,7,2,0,0,0,58277,127400
1778299479574,2550800384,54489088,766849024,242294784,954986496,1073737728,842738,51091,6,7197346,49933,0,1269136,3381,862964224,52317184,4017968,3998645,7,2,0,0,0,58277,127400
1778299479868,2550800384,54489088,766849024,242294784,954986496,1073737728,842738,51091,6,7198969,49933,0,1269136,3381,862964224,52317184,4018412,3999229,7,2,0,0,0,58277,127400
1778299480162,2550800384,54489088,766849024,242294784,955015168,1073737728,842738,51091,6,7200590,49933,0,1269136,3381,862964224,52317184,4020208,3999885,7,2,0,0,0,58277,127401
1778299480455,2551324672,54489088,766853120,242294784,955002880,1073737728,842738,51091,6,7202724,49933,0,1269944,3381,862964224,52317184,4023082,4000701,7,2,0,0,0,58277,127402
1778299480749,2551324672,54489088,766857216,242294784,955002880,1073737728,842738,51091,6,7204349,49933,0,1269944,3381,862964224,52317184,4023750,4001405,7,2,0,0,0,58277,127402
1778299481044,2551324672,54489088,766857216,242294784,955002880,1073737728,842738,51091,6,7205971,49933,0,1269944,3381,862964224,52317184,4024160,4001605,7,2,0,0,0,58277,127402
1778299481336,2551324672,54489088,766857216,242294784,955002880,1073737728,842738,51091,6,7207592,49933,0,1269944,3381,862964224,52317184,4024358,4002569,7,2,0,0,0,58277,127402
1778299481631,2551066624,54489088,766857216,242294784,954851328,1073737728,842738,51091,6,7209719,49933,0,1270754,3381,862964224,52317184,4025532,4003693,7,2,0,0,0,58277,127402
1778299481922,2551066624,54489088,766857216,242294784,954851328,1073737728,842738,51091,6,7211342,49933,0,1270754,3381,862964224,52317184,4026094,4004453,7,2,0,0,0,58277,127402
1778299482216,2551095296,54489088,766857216,242294784,955002880,1073737728,842738,51091,6,7212978,49933,0,1270754,3381,862964224,52317184,4026292,4004493,7,2,0,0,0,58277,127403
1778299482509,2551373824,54489088,766861312,242290688,955011072,1073737728,842738,51091,6,7215112,49933,0,1271560,3381,862964224,52317184,4027466,4004653,7,2,0,0,0,58277,127403
1778299482804,2551373824,54489088,766861312,242290688,955011072,1073737728,842738,51091,6,7216736,49933,0,1271560,3381,862964224,52341760,4027926,4005277,7,2,0,0,0,58277,127403
1778299483098,2551373824,54489088,766861312,242302976,955039744,1073737728,842738,51115,6,7218362,49933,0,1271560,3381,862964224,52341760,4029722,4005933,7,2,0,0,0,58279,127406
1778299483392,2551373824,54489088,766861312,242302976,955039744,1073737728,842738,51115,6,7219985,49933,0,1271560,3381,862964224,52341760,4031620,4006589,7,2,0,0,0,58279,127406
1778299483687,2552102912,54489088,766861312,242302976,954888192,1073737728,842738,51115,6,7222117,49933,0,1272367,3381,862964224,52341760,4033072,4007293,7,2,0,0,0,58279,127406
1778299483979,2552102912,54489088,766861312,242302976,954888192,1073737728,842738,51115,6,7223741,49933,0,1272367,3381,862964224,52382720,4033706,4007613,7,2,0,0,0,58279,127406
1778299484273,2552168448,54497280,766865408,242302976,955006976,1073737728,842738,51155,6,7225362,49933,0,1272367,3381,862964224,52382720,4033904,4008577,7,2,0,0,0,58279,127406
1778299484567,2552188928,54497280,766865408,242311168,954863616,1073737728,842738,51155,6,7227493,49933,0,1273173,3381,862964224,52382720,4035094,4008737,7,2,0,0,0,58281,127407
1778299484861,2552188928,54497280,766865408,242311168,954863616,1073737728,842738,51155,6,7229118,49933,0,1273173,3381,862964224,52382720,4035554,4010245,7,2,0,0,0,58281,127407
1778299485148,2552188928,54497280,766865408,242311168,954998784,1073737728,842738,51155,6,7230740,49933,0,1273173,3381,862964224,52382720,4035768,4010285,7,2,0,0,0,58281,127407
1778299485442,2552188928,54497280,766865408,242311168,954998784,1073737728,842738,51155,6,7232362,49933,0,1273173,3381,862964224,52382720,4035966,4010325,7,2,0,0,0,58281,127407
1778299485737,2551898112,54497280,766865408,242311168,955150336,1073737728,842738,51155,6,7234493,49933,0,1273983,3381,862964224,52382720,4037402,4011069,7,2,0,0,0,58281,127407
1778299486032,2551951360,54497280,766869504,242311168,955039744,1073737728,842738,51155,6,7236114,49933,0,1273983,3381,862964224,52382720,4039198,4011725,7,2,0,0,0,58281,127407
1778299486320,2551951360,54497280,766869504,242311168,955039744,1073737728,842738,51155,6,7237736,49933,0,1273983,3381,862964224,52382720,4040978,4012381,7,2,0,0,0,58281,127407
1778299486613,2552479744,54497280,766869504,242311168,954998784,1073737728,842738,51155,6,7239878,49933,0,1274790,3381,862964224,52382720,4042286,4012421,7,2,0,0,0,58281,127408
1778299486907,2552479744,54497280,766869504,242311168,954998784,1073737728,842738,51155,6,7241502,49933,0,1274790,3381,862964224,52382720,4043064,4013285,7,2,0,0,0,58281,127408
1778299487201,2552479744,54497280,766869504,242311168,954998784,1073737728,842738,51155,6,7243126,49933,0,1274790,3381,862964224,52382720,4043482,4014425,7,2,0,0,0,58281,127408
1778299487495,2552479744,54497280,766869504,242311168,954998784,1073737728,842738,51155,6,7244748,49933,0,1274790,3381,862964224,52382720,4043680,4014465,7,2,0,0,0,58281,127408
1778299487790,2552778752,54497280,766869504,242311168,954998784,1073737728,842738,51155,6,7246883,49933,0,1275599,3381,862964224,52382720,4045084,4016093,7,2,0,0,0,58281,127408
1778299488085,2553016320,54497280,766873600,242311168,955039744,1073737728,842738,51155,6,7248505,49933,0,1275599,3381,862964224,52382720,4045340,4016161,7,2,0,0,0,58281,127408
1778299488379,2552786944,54497280,766873600,242311168,955056128,1073737728,842738,51175,6,7250142,49933,0,1275599,3381,862964224,52403200,4045538,4016201,7,2,0,0,0,58281,127408
1778299488673,2552807424,54497280,766873600,242311168,955019264,1073737728,842738,51175,6,7252280,49933,0,1276411,3381,862964224,52403200,4049136,4018979,7,2,0,0,0,58281,127409
1778299488963,2552807424,54497280,766873600,242311168,955019264,1073737728,842738,51175,6,7253904,49933,0,1276411,3381,862964224,52431872,4053230,4021423,7,2,0,0,0,58281,127409
1778299489257,2552807424,54505472,766865408,242311168,955019264,1073737728,842738,51203,6,7255528,49933,0,1276411,3381,862964224,52431872,4064838,4030451,7,2,0,0,0,58281,127409
1778299489549,2552807424,54505472,766865408,242311168,955019264,1073737728,842738,51203,6,7257151,49933,0,1276411,3381,862964224,52431872,4083082,4045763,7,2,0,0,0,58281,127409
1778299489841,2552700928,54505472,766865408,242311168,954888192,1073737728,842738,51203,6,7259288,49933,0,1277221,3381,862964224,52431872,4103406,4062485,7,2,0,0,0,58281,127409
1778299490133,2552807424,54505472,766881792,242315264,955015168,1073737728,842738,51203,6,7260910,49933,0,1277221,3381,862964224,52431872,4124032,4080837,7,2,0,0,0,58283,127411
1778299490424,2552807424,54505472,766881792,242315264,955015168,1073737728,842738,51203,6,7262532,49933,0,1277221,3381,862964224,52431872,4146748,4100105,7,2,0,0,0,58283,127411
1778299490713,2553262080,54505472,766885888,242315264,955015168,1073737728,842738,51203,6,7264670,49933,0,1278030,3381,862964224,52431872,4169190,4119581,7,2,0,0,0,58283,127411
1778299491004,2553323520,54505472,766894080,242319360,955060224,1073737728,842738,51203,6,7266291,49933,0,1278030,3381,862964224,52431872,4188736,4136089,7,2,0,0,0,58283,127411
1778299491296,2553323520,54505472,766894080,242319360,955060224,1073737728,842738,51203,6,7267914,49933,0,1278030,3381,862964224,52431872,4211938,4155725,7,2,0,0,0,58283,127411
1778299491587,2553323520,54505472,766894080,242319360,955060224,1073737728,842738,51203,6,7269537,49933,0,1278030,3381,862964224,52431872,4236992,4176971,7,2,0,0,0,58283,127411
1778299491879,2553323520,54505472,766894080,242319360,955060224,1073737728,842738,51203,6,7271673,49933,0,1278840,3381,862964224,52431872,4258100,4194373,7,2,0,0,0,58283,127411
1778299492171,2553323520,54505472,766898176,242319360,955043840,1073737728,842738,51203,6,7273297,49933,0,1278840,3381,862964224,52431872,4281118,4213107,7,2,0,0,0,58283,127415
1778299492464,2553323520,54505472,766898176,242319360,955043840,1073737728,842738,51203,6,7274919,49933,0,1278840,3381,862964224,52431872,4307970,4235107,7,2,0,0,0,58283,127415
1778299492755,2553323520,54505472,766898176,242319360,954953728,1073737728,842738,51203,6,7276977,49933,0,1279641,3381,862964224,52431872,4317961,4243019,7,2,0,0,0,58283,127415
1778299493048,2553323520,54505472,766898176,242319360,955043840,1073737728,842738,51203,6,7278686,49933,0,1279641,3381,862964224,52431872,4318387,4243527,7,2,0,0,0,58283,127415
1778299493341,2553323520,54505472,766898176,242319360,955043840,1073737728,842738,51239,6,7280307,49933,0,1279641,3381,862964224,52468736,4318601,4244183,7,2,0,0,0,58283,127415
1778299493634,2553323520,54505472,766898176,242319360,955043840,1073737728,842738,51239,6,7281931,49933,0,1279641,3381,862964224,52468736,4318841,4245175,7,2,0,0,0,58283,127415
1778299493925,2552807424,54505472,766898176,242319360,955043840,1073737728,842738,51239,6,7284076,49933,0,1280450,3381,862964224,52468736,4320229,4245879,7,2,0,0,0,58283,127415
1778299494220,2552578048,54513664,766894080,242319360,955068416,1073737728,842738,51291,6,7285715,49933,0,1280450,3381,862964224,52521984,4320443,4245919,7,2,0,0,0,58283,127416
1778299494514,2552578048,54513664,766894080,242319360,955068416,1073737728,842738,51291,6,7287336,49933,0,1280450,3381,862964224,52521984,4320657,4245959,7,2,0,0,0,58283,127416
1778299494808,2552320000,54513664,766894080,242319360,955068416,1073737728,842738,51291,6,7289271,49933,0,1281063,3381,862964224,52521984,4321857,4246623,7,2,0,0,0,58283,127416
1778299495096,2552320000,54513664,766902272,242319360,955068416,1073737728,842738,51291,6,7291106,49933,0,1281260,3381,862964224,52521984,4323873,4247319,7,2,0,0,0,58283,127416
1778299495388,2552320000,54513664,766902272,242319360,955068416,1073737728,842738,51291,6,7292728,49933,0,1281260,3381,862964224,52521984,4325771,4247975,7,2,0,0,0,58283,127416
1778299495681,2552320000,54513664,766902272,242319360,955068416,1073737728,842738,51291,6,7294350,49933,0,1281260,3381,862964224,52521984,4326215,4248559,7,2,0,0,0,58283,127416
1778299495969,2552074240,54513664,766902272,242319360,954916864,1073737728,842738,51291,6,7296482,49933,0,1282066,3381,862964224,52521984,4327857,4248999,7,2,0,0,0,58283,127416
1778299496263,2552074240,54513664,766906368,242319360,955068416,1073737728,842738,51291,6,7298104,49933,0,1282066,3381,862964224,52521984,4328071,4249963,7,2,0,0,0,58283,127417
1778299496557,2552074240,54513664,766906368,242319360,955068416,1073737728,842738,51291,6,7299725,49933,0,1282066,3381,862964224,52521984,4328269,4250003,7,2,0,0,0,58283,127417
1778299496852,2552074240,54513664,766906368,242319360,955068416,1073737728,842738,51291,6,7301348,49933,0,1282068,3381,862964224,52521984,4328713,4251511,7,2,0,0,0,58283,127417
1778299497141,2552074240,54513664,766906368,242319360,955068416,1073737728,842738,51291,6,7303479,49933,0,1282869,3381,862964224,52521984,4329887,4251671,7,2,0,0,0,58283,127417
1778299497436,2552074240,54513664,766906368,242319360,955068416,1073737728,842738,51291,6,7305101,49933,0,1282869,3381,862964224,52521984,4330085,4251711,7,2,0,0,0,58283,127417
1778299497726,2552074240,54513664,766906368,242319360,955068416,1073737728,842738,51291,6,7306726,49933,0,1282869,3381,862964224,52521984,4330571,4252341,7,2,0,0,0,58283,127417
1778299498020,2552074240,54513664,766910464,242327552,955031552,1073737728,842738,51291,6,7308873,49933,0,1283671,3381,862964224,52521984,4333445,4253293,7,2,0,0,0,58285,127417
1778299498314,2552074240,54513664,766914560,242327552,955031552,1073737728,842738,51291,6,7310496,49933,0,1283671,3381,862964224,52521984,4335359,4253949,7,2,0,0,0,58285,127417
1778299498608,2552074240,54513664,766914560,242327552,955052032,1073737728,842738,51315,6,7312117,49933,0,1283671,3381,862964224,52546560,4335557,4253989,7,2,0,0,0,58285,127418
1778299498903,2552074240,54513664,766914560,242327552,955052032,1073737728,842738,51315,6,7313745,49933,0,1283671,3381,862964224,52546560,4336453,4254853,7,2,0,0,0,58285,127418
1778299499198,2552848384,54521856,766914560,242331648,955043840,1073737728,842738,51355,6,7315907,49933,0,1284484,3381,862964224,52587520,4337643,4255897,7,2,0,0,0,58286,127420
1778299499492,2552590336,54521856,766922752,242331648,955097088,1073737728,842738,51395,6,7317528,49933,0,1284484,3381,862964224,52628480,4337841,4255937,7,2,0,0,0,58286,127420
1778299499786,2552590336,54521856,766922752,242331648,955097088,1073737728,842738,51395,6,7319154,49933,0,1284484,3381,862964224,52628480,4338285,4257445,7,2,0,0,0,58286,127420
1778299500080,2552868864,54521856,766922752,242331648,955084800,1073737728,842738,51395,6,7321294,49933,0,1285292,3381,862964224,52628480,4339475,4257565,7,2,0,0,0,58286,127421
1778299500374,2552897536,54521856,766922752,242331648,955084800,1073737728,842738,51395,6,7322931,49933,0,1285292,3381,862964224,52628480,4339689,4257605,7,2,0,0,0,58286,127421
1778299500667,2552897536,54521856,766922752,242331648,955084800,1073737728,842738,51395,6,7324553,49933,0,1285292,3381,862964224,52628480,4339887,4257877,7,2,0,0,0,58286,127421
1778299500960,2552897536,54521856,766922752,242331648,955084800,1073737728,842738,51395,6,7326176,49933,0,1285292,3381,862964224,52628480,4341929,4258885,7,2,0,0,0,58286,127421
1778299501255,2553364480,54521856,766926848,242335744,955092992,1073737728,842738,51395,6,7328311,49933,0,1286097,3381,862964224,52628480,4344883,4259581,7,2,0,0,0,58286,127421
1778299501548,2553364480,54521856,766926848,242335744,955092992,1073737728,842738,51395,6,7329934,49933,0,1286097,3381,862964224,52628480,4345215,4259621,7,2,0,0,0,58286,127421
1778299501841,2553364480,54521856,766926848,242335744,955092992,1073737728,842738,51395,6,7331559,49933,0,1286097,3381,862964224,52628480,4346079,4260445,7,2,0,0,0,58286,127421
1778299502133,2554486784,54521856,766926848,242331648,954920960,1073737728,842738,51395,6,7333708,49933,0,1286910,3381,862964224,52628480,4347285,4261529,7,2,0,0,0,58286,127422
1778299502428,2554486784,54521856,766926848,242331648,954920960,1073737728,842738,51395,6,7335329,49933,0,1286910,3381,862964224,52628480,4347499,4261569,7,2,0,0,0,58286,127422
1778299502718,2554486784,54521856,766926848,242331648,954920960,1073737728,842738,51395,6,7336953,49933,0,1286910,3381,862964224,52628480,4347943,4263077,7,2,0,0,0,58286,127422
1778299503012,2554486784,54521856,766926848,242331648,954920960,1073737728,842738,51395,6,7338574,49933,0,1286910,3381,862964224,52628480,4348157,4263157,7,2,0,0,0,58286,127422
1778299503307,2555015168,54521856,766930944,242331648,955035648,1073737728,842738,51395,6,7340712,49933,0,1287717,3381,862964224,52628480,4349331,4263277,7,2,0,0,0,58286,127423
1778299503601,2555015168,54521856,766930944,242331648,955035648,1073737728,842738,51395,6,7342333,49933,0,1287717,3381,862964224,52628480,4349631,4263493,7,2,0,0,0,58286,127423
1778299503896,2555015168,54521856,766930944,242331648,955092992,1073737728,842738,51415,6,7343956,49933,0,1287717,3381,862964224,52648960,4351673,4264693,7,2,0,0,0,58286,127423
1778299504190,2555043840,54521856,766930944,242331648,955023360,1073737728,842738,51415,6,7346094,49933,0,1288527,3381,862964224,52677632,4354429,4265429,7,2,0,0,0,58286,127423
1778299504484,2555043840,54530048,766922752,242331648,955023360,1073737728,842738,51443,6,7347719,49933,0,1288527,3381,862964224,52677632,4354761,4265509,7,2,0,0,0,58286,127423
1778299504777,2555043840,54530048,766922752,242331648,955023360,1073737728,842738,51443,6,7349342,49933,0,1288527,3381,862964224,52677632,4355523,4266333,7,2,0,0,0,58286,127423
1778299505070,2555043840,54530048,766947328,242331648,955084800,1073737728,842738,51443,6,7350967,49933,0,1288527,3381,862964224,52677632,4355855,4267297,7,2,0,0,0,58286,127423
1778299505366,2554957824,54530048,766947328,242339840,955060224,1073737728,842738,51443,6,7353094,49933,0,1289333,3381,862964224,52677632,4357061,4267457,7,2,0,0,0,58288,127424
1778299505659,2554957824,54530048,766947328,242339840,955060224,1073737728,842738,51443,6,7354716,49933,0,1289333,3381,862964224,52677632,4357259,4268421,7,2,0,0,0,58288,127424
1778299505954,2554957824,54530048,766947328,242339840,955060224,1073737728,842738,51443,6,7356339,49933,0,1289333,3381,862964224,52677632,4357719,4269045,7,2,0,0,0,58288,127424
1778299506247,2555084800,54530048,766947328,242339840,955068416,1073737728,842738,51443,6,7358490,49933,0,1290143,3381,862964224,52677632,4358893,4269205,7,2,0,0,0,58288,127424
1778299506540,2555084800,54530048,766947328,242339840,955068416,1073737728,842738,51443,6,7360111,49933,0,1290143,3381,862964224,52677632,4359107,4269205,7,2,0,0,0,58288,127424
1778299506833,2555084800,54530048,766947328,242339840,955068416,1073737728,842738,51443,6,7361735,49933,0,1290143,3381,862964224,52677632,4359551,4269869,7,2,0,0,0,58288,127424
1778299507122,2555084800,54530048,766951424,242339840,955072512,1073737728,842738,51443,6,7363356,49933,0,1290143,3381,862964224,52677632,4361347,4270485,7,2,0,0,0,58288,127424
1778299507416,2555043840,54530048,766951424,242339840,955080704,1073737728,842738,51443,6,7365490,49933,0,1290951,3381,862964224,52677632,4364151,4271301,7,2,0,0,0,58288,127425
1778299507709,2555043840,54530048,766951424,242339840,955080704,1073737728,842738,51443,6,7367115,49933,0,1290951,3381,862964224,52677632,4364819,4271965,7,2,0,0,0,58288,127425
1778299508004,2555043840,54530048,766951424,242339840,955080704,1073737728,842738,51443,6,7368737,49933,0,1290951,3381,862964224,52677632,4365245,4272205,7,2,0,0,0,58288,127425
1778299508298,2555105280,54530048,766955520,242335744,954871808,1073737728,842738,51443,6,7370867,49933,0,1291759,3381,862964224,52677632,4366419,4273289,7,2,0,0,0,58288,127426
1778299508592,2555105280,54530048,766955520,242335744,954871808,1073737728,842738,51443,6,7372488,49933,0,1291759,3381,862964224,52677632,4366633,4273329,7,2,0,0,0,58288,127426
1778299508886,2555105280,54530048,766955520,242335744,954871808,1073737728,842738,51443,6,7374112,49933,0,1291759,3381,862964224,52677632,4367195,4275013,7,2,0,0,0,58288,127426
1778299509180,2555105280,54530048,766955520,242335744,954871808,1073737728,842738,51443,6,7375733,49933,0,1291759,3381,862964224,52714496,4367393,4275053,7,2,0,0,0,58288,127426
1778299509475,2555125760,54538240,766959616,242339840,955113472,1073737728,842738,51523,6,7377867,49933,0,1292562,3381,862964224,52759552,4368567,4275213,7,2,0,0,0,58288,127429
1778299509769,2555125760,54538240,766959616,242339840,955113472,1073737728,842738,51523,6,7379492,49933,0,1292562,3381,862964224,52759552,4369011,4275797,7,2,0,0,0,58288,127429
1778299510062,2555125760,54538240,766959616,242339840,955113472,1073737728,842738,51523,6,7381113,49933,0,1292562,3381,862964224,52759552,4370807,4276453,7,2,0,0,0,58288,127429
1778299510357,2555146240,54538240,766959616,242348032,955101184,1073737728,842738,51523,6,7383248,49933,0,1293374,3381,862964224,52759552,4373579,4277189,7,2,0,0,0,58290,127429
1778299510651,2555146240,54538240,766963712,242348032,955101184,1073737728,842738,51523,6,7384872,49933,0,1293374,3381,862964224,52759552,4373911,4277269,7,2,0,0,0,58290,127429
1778299510945,2555146240,54538240,766963712,242348032,955101184,1073737728,842738,51523,6,7386495,49933,0,1293374,3381,862964224,52759552,4374689,4278133,7,2,0,0,0,58290,127429
1778299511239,2555146240,54538240,766963712,242348032,955101184,1073737728,842738,51523,6,7388117,49933,0,1293374,3381,862964224,52759552,4374887,4279097,7,2,0,0,0,58290,127429
1778299511531,2555166720,54538240,766963712,242348032,955027456,1073737728,842738,51523,6,7390265,49933,0,1294175,3381,862964224,52759552,4376077,4279177,7,2,0,0,0,58290,127430
1778299511825,2555166720,54538240,766963712,242348032,955027456,1073737728,842738,51523,6,7391888,49933,0,1294175,3381,862964224,52759552,4376521,4280725,7,2,0,0,0,58290,127430
1778299512118,2555166720,54538240,766963712,242348032,955027456,1073737728,842738,51523,6,7393510,49933,0,1294175,3381,862964224,52759552,4376735,4280765,7,2,0,0,0,58290,127430
1778299512411,2555179008,54538240,766963712,242348032,955047936,1073737728,842738,51523,6,7395675,49933,0,1294981,3381,862964224,52759552,4377877,4280885,7,2,0,0,0,58290,127430
1778299512704,2555179008,54538240,766963712,242348032,955047936,1073737728,842738,51523,6,7397298,49933,0,1294981,3381,862964224,52759552,4378321,4281469,7,2,0,0,0,58290,127430
1778299512998,2555179008,54538240,766963712,242348032,955047936,1073737728,842738,51523,6,7398919,49933,0,1294981,3381,862964224,52759552,4380117,4282125,7,2,0,0,0,58290,127430
1778299513292,2555179008,54538240,766967808,242348032,955125760,1073737728,842738,51523,6,7400542,49933,0,1294981,3381,862964224,52759552,4382015,4282821,7,2,0,0,0,58290,127430
1778299513581,2555699200,54538240,766967808,242352128,955097088,1073737728,842738,51523,6,7402704,49933,0,1295789,3381,862964224,52759552,4383237,4282941,7,2,0,0,0,58290,127431
1778299513877,2555699200,54538240,766967808,242352128,955097088,1073737728,842738,51523,6,7404328,49933,0,1295789,3381,862964224,52759552,4384117,4283805,7,2,0,0,0,58290,127431
1778299514171,2555715584,54538240,766967808,242348032,955133952,1073737728,842738,51523,6,7405950,49933,0,1295789,3381,862964224,52759552,4384315,4284769,7,2,0,0,0,58290,127431
1778299514465,2555469824,54538240,766971904,242352128,955174912,1073737728,842738,51539,6,7408082,49934,0,1296598,3381,862964224,52775936,4385661,4285161,7,2,0,0,0,58290,127431
1778299514760,2555469824,54546432,766963712,242352128,955174912,1073737728,842738,51567,6,7409708,49934,0,1296598,3381,862964224,52804608,4386121,4286709,7,2,0,0,0,58290,127431
1778299515053,2555469824,54546432,766971904,242352128,955113472,1073737728,842738,51567,6,7411329,49934,0,1296598,3381,862964224,52804608,4386335,4286749,7,2,0,0,0,58291,127430
1778299515348,2555469824,54546432,766971904,242352128,955113472,1073737728,842738,51567,6,7412951,49934,0,1296598,3381,862964224,52804608,4386533,4286789,7,2,0,0,0,58291,127430
1778299515643,2554847232,54546432,766971904,242364416,955244544,1073737728,842738,51567,6,7415081,49934,0,1297405,3381,862964224,52804608,4387723,4286949,7,2,0,0,0,58293,127430
1778299515937,2554847232,54546432,766971904,242364416,955244544,1073737728,842738,51567,6,7416705,49934,0,1297405,3381,862964224,52804608,4389765,4288189,7,2,0,0,0,58293,127430
1778299516230,2554953728,54546432,766976000,242360320,955138048,1073737728,842738,51567,6,7418330,49934,0,1297405,3381,862964224,52804608,4391737,4288921,7,2,0,0,0,58293,127431
1778299516522,2554437632,54546432,766980096,242360320,955047936,1073737728,842738,51567,6,7420467,49934,0,1298212,3381,862964224,52804608,4392927,4289121,7,2,0,0,0,58293,127433
1778299516815,2554437632,54546432,766980096,242360320,955047936,1073737728,842738,51567,6,7422094,49934,0,1298212,3381,862964224,52804608,4393823,4289945,7,2,0,0,0,58293,127433
1778299517109,2554437632,54546432,766980096,242360320,955105280,1073737728,842738,51567,6,7423715,49934,0,1298212,3381,862964224,52804608,4394037,4290909,7,2,0,0,0,58293,127433
1778299517403,2554437632,54546432,766980096,242360320,955105280,1073737728,842738,51567,6,7425337,49934,0,1298212,3381,862964224,52804608,4394235,4290949,7,2,0,0,0,58293,127433
1778299517699,2554138624,54546432,766980096,242356224,955084800,1073737728,842738,51567,6,7427463,49934,0,1299019,3381,862964224,52804608,4395655,4292577,7,2,0,0,0,58293,127433
1778299517991,2554200064,54546432,766988288,242360320,955146240,1073737728,842738,51567,6,7429085,49934,0,1299019,3381,862964224,52804608,4395869,4292617,7,2,0,0,0,58293,127433
1778299518284,2554200064,54546432,766992384,242360320,955146240,1073737728,842738,51567,6,7430722,49934,0,1299019,3381,862964224,52804608,4396067,4292657,7,2,0,0,0,58293,127433
1778299518571,2554757120,54546432,766992384,242360320,955072512,1073737728,842738,51567,6,7432855,49934,0,1299825,3381,862964224,52804608,4397225,4292777,7,2,0,0,0,58293,127433
1778299518865,2554757120,54546432,766992384,242360320,955072512,1073737728,842738,51567,6,7434478,49934,0,1299825,3381,862964224,52804608,4397685,4293361,7,2,0,0,0,58293,127433
1778299519155,2554757120,54546432,766992384,242360320,955133952,1073737728,842738,51567,6,7436101,49934,0,1299825,3381,862964224,52804608,4399523,4294045,7,2,0,0,0,58293,127433
1778299519448,2554757120,54546432,766992384,242360320,955133952,1073737728,842738,51567,6,7437725,49934,0,1299825,3381,862964224,52841472,4401421,4294701,7,2,0,0,0,58293,127433
1778299519741,2554953728,54554624,766992384,242360320,955187200,1073737728,842738,51651,6,7439868,49934,0,1300630,3381,862964224,52890624,4403049,4295501,7,2,0,0,0,58293,127433
1778299520035,2555015168,54554624,766996480,242360320,955113472,1073737728,842738,51651,6,7441493,49934,0,1300630,3381,862964224,52890624,4403593,4295741,7,2,0,0,0,58293,127434
1778299520324,2555015168,54554624,766996480,242360320,955113472,1073737728,842738,51651,6,7443116,49934,0,1300630,3381,862964224,52890624,4403791,4296705,7,2,0,0,0,58293,127434
1778299520618,2554757120,54554624,766996480,242368512,955076608,1073737728,842738,51651,6,7445258,49934,0,1301438,3381,862964224,52890624,4404965,4297749,7,2,0,0,0,58295,127435
1778299520912,2554757120,54554624,766996480,242368512,955133952,1073737728,842738,51651,6,7446883,49934,0,1301438,3381,862964224,52890624,4405425,4298333,7,2,0,0,0,58295,127435
1778299521205,2554757120,54554624,766996480,242368512,955133952,1073737728,842738,51651,6,7448504,49934,0,1301438,3381,862964224,52890624,4405623,4298373,7,2,0,0,0,58295,127435
1778299521500,2554757120,54554624,766996480,242368512,955133952,1073737728,842738,51651,6,7450126,49934,0,1301438,3381,862964224,52890624,4405821,4298413,7,2,0,0,0,58295,127435
1778299521794,2554650624,54554624,766996480,242368512,955133952,1073737728,842738,51651,6,7452252,49934,0,1302249,3381,862964224,52890624,4407225,4299037,7,2,0,0,0,58295,127435
1778299522089,2554757120,54554624,767000576,242368512,955162624,1073737728,842738,51651,6,7453873,49934,0,1302249,3381,862964224,52890624,4409021,4299693,7,2,0,0,0,58295,127437
1778299522384,2554757120,54554624,767000576,242368512,955162624,1073737728,842738,51651,6,7455495,49934,0,1302249,3381,862964224,52890624,4410817,4300349,7,2,0,0,0,58295,127437
1778299522678,2553982976,54554624,767000576,242368512,955072512,1073737728,842738,51651,6,7457637,49934,0,1303055,3381,862964224,52890624,4412339,4301053,7,2,0,0,0,58295,127437
1778299522969,2553982976,54554624,767004672,242368512,955133952,1073737728,842738,51651,6,7459261,49934,0,1303055,3381,862964224,52890624,4412973,4301373,7,2,0,0,0,58295,127437
1778299523264,2553982976,54554624,767004672,242368512,955133952,1073737728,842738,51651,6,7460882,49934,0,1303055,3381,862964224,52890624,4413171,4302377,7,2,0,0,0,58295,127437
1778299523551,2553982976,54554624,767004672,242368512,955133952,1073737728,842738,51651,6,7462504,49934,0,1303055,3381,862964224,52890624,4413369,4302417,7,2,0,0,0,58295,127437
1778299523845,2553982976,54554624,767004672,242368512,955437056,1073737728,842738,51651,6,7464637,49934,0,1303868,3381,862964224,52890624,4414789,4303925,7,2,0,0,0,58295,127437
1778299524139,2553982976,54554624,767008768,242368512,955174912,1073737728,842738,51651,6,7466274,49934,0,1303868,3381,862964224,52890624,4415003,4303965,7,2,0,0,0,58295,127439
1778299524432,2553982976,54554624,767008768,242368512,955174912,1073737728,842738,51651,6,7467895,49934,0,1303868,3381,862964224,52890624,4415201,4304005,7,2,0,0,0,58295,127439
1778299524721,2553982976,54562816,767008768,242368512,955023360,1073737728,842738,51667,6,7469958,49934,0,1304674,3381,862964224,52907008,4416605,4304709,7,2,0,0,0,58295,127439
1778299525014,2553982976,54562816,767008768,242376704,955179008,1073737728,842738,51691,6,7471650,49934,0,1304674,3381,862964224,52931584,4418401,4305365,7,2,0,0,0,58297,127440
1778299525308,2553982976,54562816,767008768,242376704,955179008,1073737728,842738,51691,6,7473272,49934,0,1304674,3381,862964224,52931584,4420283,4306157,7,2,0,0,0,58297,127440
1778299525601,2553982976,54562816,767008768,242376704,955179008,1073737728,842738,51691,6,7474895,49934,0,1304674,3381,862964224,52931584,4420599,4306237,7,2,0,0,0,58297,127440
1778299525896,2553618432,54562816,767012864,242376704,954933248,1073737728,842738,51691,6,7477045,49934,0,1305482,3381,862964224,52931584,4422353,4307181,7,2,0,0,0,58297,127440
1778299526189,2553729024,54562816,767012864,242376704,955138048,1073737728,842738,51691,6,7478666,49934,0,1305482,3381,862964224,52931584,4422567,4308145,7,2,0,0,0,58297,127440
1778299526484,2553729024,54562816,767012864,242376704,955138048,1073737728,842738,51691,6,7480288,49934,0,1305482,3381,862964224,52931584,4422765,4308185,7,2,0,0,0,58297,127440
1778299526777,2553622528,54562816,767012864,242376704,955138048,1073737728,842738,51691,6,7482292,49934,0,1306292,3381,862964224,52931584,4424153,4309773,7,2,0,0,0,58297,127440
1778299527066,2553729024,54562816,767012864,242376704,955174912,1073737728,842738,51691,6,7484037,49934,0,1306292,3381,862964224,52931584,4424367,4309853,7,2,0,0,0,58297,127441
1778299527360,2553729024,54562816,767012864,242376704,955174912,1073737728,842738,51691,6,7485658,49934,0,1306292,3381,862964224,52931584,4424565,4309893,7,2,0,0,0,58297,127441
1778299527653,2553729024,54562816,767012864,242376704,955174912,1073737728,842738,51691,6,7487279,49934,0,1306292,3381,862964224,52931584,4424763,4309933,7,2,0,0,0,58297,127441
1778299527946,2553741312,54562816,767012864,242372608,955097088,1073737728,842738,51691,6,7489416,49934,0,1307098,3381,862964224,52931584,4427781,4311253,7,2,0,0,0,58297,127441
1778299528241,2553749504,54562816,767016960,242376704,955154432,1073737728,842738,51691,6,7491037,49934,0,1307098,3381,862964224,52931584,4429577,4311909,7,2,0,0,0,58297,127442
1778299528533,2553749504,54562816,767016960,242376704,955154432,1073737728,842738,51691,6,7492658,49934,0,1307098,3381,862964224,52931584,4429775,4311949,7,2,0,0,0,58297,127442
1778299528825,2553245696,54562816,767016960,242376704,955154432,1073737728,842738,51691,6,7494456,49934,0,1307481,3381,862964224,52931584,4432899,4314745,7,2,0,0,0,58297,127442
1778299529114,2553245696,54562816,767016960,242376704,955146240,1073737728,842738,51691,6,7496411,49934,0,1307909,3381,862964224,52931584,4433805,4315789,7,2,0,0,0,58297,127442
1778299529408,2553245696,54562816,767016960,242376704,955146240,1073737728,842738,51691,6,7498035,49934,0,1307909,3381,862964224,52931584,4434121,4315869,7,2,0,0,0,58297,127442
1778299529702,2553245696,54571008,767012864,242376704,955146240,1073737728,842738,51731,6,7499660,49934,0,1307909,3381,862964224,52972544,4434565,4317377,7,2,0,0,0,58297,127442
1778299529993,2553245696,54571008,767012864,242372608,955011072,1073737728,842738,51731,6,7501804,49934,0,1308713,3381,862964224,52972544,4435739,4317537,7,2,0,0,0,58297,127443
1778299530288,2553245696,54571008,767025152,242384896,955170816,1073737728,842738,51755,6,7503441,49934,0,1308713,3381,862964224,52997120,4435937,4317577,7,2,0,0,0,58299,127444
1778299530581,2553245696,54571008,767025152,242384896,955170816,1073737728,842738,51755,6,7505062,49934,0,1308713,3381,862964224,52997120,4436135,4317617,7,2,0,0,0,58299,127444
1778299530877,2553245696,54571008,767025152,242384896,955170816,1073737728,842738,51755,6,7506713,49934,0,1308716,3381,862964224,52997120,4436697,4318377,7,2,0,0,0,58299,127444
1778299531170,2552987648,54571008,767025152,242384896,955199488,1073737728,842738,51755,6,7508821,49934,0,1309522,3381,862964224,52997120,4439485,4319153,7,2,0,0,0,58299,127444
1778299531465,2552987648,54571008,767037440,242384896,955199488,1073737728,842738,51755,6,7510445,49934,0,1309522,3381,862964224,52997120,4441383,4319809,7,2,0,0,0,58299,127444
1778299531752,2552987648,54571008,767037440,242384896,955199488,1073737728,842738,51755,6,7512070,49934,0,1309522,3381,862964224,52997120,4442035,4320513,7,2,0,0,0,58299,127444
1778299532046,2552987648,54571008,767037440,242384896,955174912,1073737728,842738,51755,6,7514203,49934,0,1310326,3381,862964224,52997120,4443469,4321757,7,2,0,0,0,58299,127445
1778299532339,2552987648,54571008,767037440,242384896,955174912,1073737728,842738,51755,6,7515825,49934,0,1310326,3381,862964224,52997120,4443683,4321797,7,2,0,0,0,58299,127445
1778299532634,2552987648,54571008,767037440,242384896,955174912,1073737728,842738,51755,6,7517446,49934,0,1310326,3381,862964224,52997120,4443881,4322761,7,2,0,0,0,58299,127445
1778299532924,2552987648,54571008,767037440,242384896,955174912,1073737728,842738,51755,6,7519070,49934,0,1310326,3381,862964224,52997120,4444325,4323385,7,2,0,0,0,58299,127445
1778299533218,2553253888,54571008,767037440,242384896,955199488,1073737728,842738,51755,6,7521202,49934,0,1311132,3381,862964224,52997120,4445483,4323465,7,2,0,0,0,58299,127445
1778299533512,2553253888,54571008,767041536,242384896,955199488,1073737728,842738,51755,6,7522824,49934,0,1311132,3381,862964224,52997120,4445681,4323505,7,2,0,0,0,58299,127445
1778299533805,2553253888,54571008,767041536,242384896,955199488,1073737728,842738,51755,6,7524448,49934,0,1311132,3381,862964224,52997120,4446125,4324089,7,2,0,0,0,58299,127445
1778299534100,2553008128,54571008,767041536,242384896,955174912,1073737728,842738,51755,6,7526591,49934,0,1311936,3381,862964224,52997120,4448955,4324893,7,2,0,0,0,58299,127446
1778299534394,2553008128,54571008,767041536,242384896,955174912,1073737728,842738,51755,6,7528213,49934,0,1311936,3381,862964224,52997120,4450853,4325549,7,2,0,0,0,58299,127446
1778299534687,2553008128,54579200,767033344,242384896,955174912,1073737728,842738,51795,6,7529840,49934,0,1311936,3381,862964224,53038080,4451297,4326253,7,2,0,0,0,58299,127446
1778299534980,2553008128,54579200,767033344,242384896,955174912,1073737728,842738,51795,6,7531463,49934,0,1311936,3381,862964224,53066752,4451931,4326453,7,2,0,0,0,58299,127446
1778299535276,2552406016,54579200,767045632,242384896,955117568,1073737728,842738,51827,6,7533597,49934,0,1312740,3381,862964224,53103616,4453137,4327537,7,2,0,0,0,58299,127446
1778299535569,2552406016,54579200,767045632,242384896,955117568,1073737728,842738,51859,6,7535218,49934,0,1312740,3381,862964224,53103616,4453335,4327577,7,2,0,0,0,58299,127446
1778299535865,2552406016,54579200,767045632,242384896,955117568,1073737728,842738,51859,6,7536840,49934,0,1312740,3381,862964224,53103616,4453795,4329085,7,2,0,0,0,58299,127446
1778299536154,2552254464,54579200,767045632,242380800,955154432,1073737728,842738,51859,6,7538981,49934,0,1313549,3381,862964224,53103616,4455071,4329341,7,2,0,0,0,58299,127446
1778299536448,2552254464,54579200,767045632,242380800,955154432,1073737728,842738,51859,6,7540602,49934,0,1313549,3381,862964224,53103616,4455285,4329381,7,2,0,0,0,58299,127446
1778299536741,2552254464,54579200,767049728,242380800,955154432,1073737728,842738,51859,6,7542225,49934,0,1313549,3381,862964224,53103616,4455729,4330005,7,2,0,0,0,58299,127446
1778299537035,2552254464,54579200,767049728,242380800,955154432,1073737728,842738,51859,6,7543847,49934,0,1313549,3381,862964224,53103616,4457525,4330661,7,2,0,0,0,58299,127446
1778299537325,2552254464,54579200,767053824,242380800,955154432,1073737728,842738,51859,6,7545974,49934,0,1314357,3381,862964224,53103616,4460313,4331357,7,2,0,0,0,58299,127448
1778299537620,2552254464,54579200,767057920,242380800,955154432,1073737728,842738,51859,6,7547598,49934,0,1314357,3381,862964224,53103616,4460629,4331397,7,2,0,0,0,58299,127448
1778299537913,2552254464,54579200,767057920,242380800,955154432,1073737728,842738,51859,6,7549221,49934,0,1314357,3381,862964224,53103616,4461407,4332261,7,2,0,0,0,58299,127448
1778299538208,2552254464,54579200,767057920,242380800,955047936,1073737728,842738,51859,6,7551346,49934,0,1315160,3381,862964224,53103616,4462581,4333305,7,2,0,0,0,58299,127449
1778299538501,2552254464,54579200,767057920,242380800,955047936,1073737728,842738,51859,6,7552967,49934,0,1315160,3381,862964224,53103616,4462795,4333345,7,2,0,0,0,58299,127449
1778299538796,2552254464,54579200,767057920,242380800,955047936,1073737728,842738,51859,6,7554591,49934,0,1315160,3381,862964224,53103616,4463239,4334853,7,2,0,0,0,58299,127449
1778299539089,2552254464,54579200,767062016,242393088,955232256,1073737728,842738,51859,6,7556212,49934,0,1315160,3381,862964224,53103616,4463453,4334893,7,2,0,0,0,58301,127452
1778299539385,2552254464,54579200,767062016,242393088,955129856,1073737728,842738,51859,6,7558339,49934,0,1315972,3381,862964224,53103616,4464611,4334973,7,2,0,0,0,58301,127453
1778299539680,2552254464,54579200,767062016,242393088,955129856,1073737728,842738,51859,6,7559963,49934,0,1315972,3381,862964224,53103616,4465055,4335557,7,2,0,0,0,58301,127453
1778299539972,2552254464,54587392,767062016,242393088,955236352,1073737728,842738,51903,6,7561585,49934,0,1315972,3381,862964224,53148672,4466851,4336253,7,2,0,0,0,58301,127453
1778299540265,2553028608,54587392,767062016,242393088,955293696,1073737728,842738,51903,6,7563728,49934,0,1316779,3381,862964224,53148672,4469709,4337125,7,2,0,0,0,58301,127453
1778299540559,2553028608,54587392,767062016,242393088,955326464,1073737728,842738,51927,6,7565350,49934,0,1316779,3381,862964224,53173248,4469923,4337165,7,2,0,0,0,58301,127453
1778299540853,2553028608,54587392,767062016,242393088,955326464,1073737728,842738,51927,6,7566974,49934,0,1316779,3381,862964224,53173248,4470803,4338029,7,2,0,0,0,58301,127453
1778299541146,2553036800,54587392,767066112,242393088,955236352,1073737728,842738,51927,6,7568595,49934,0,1316779,3381,862964224,53173248,4471017,4338993,7,2,0,0,0,58301,127453
1778299541442,2553573376,54587392,767066112,242393088,955142144,1073737728,842738,51927,6,7570727,49934,0,1317588,3381,862964224,53173248,4472207,4339073,7,2,0,0,0,58301,127454
1778299541735,2553573376,54587392,767066112,242393088,955142144,1073737728,842738,51927,6,7572351,49934,0,1317588,3381,862964224,53173248,4472753,4340757,7,2,0,0,0,58301,127454
1778299542029,2553573376,54587392,767066112,242393088,955142144,1073737728,842738,51927,6,7573972,49934,0,1317588,3381,862964224,53173248,4472967,4340797,7,2,0,0,0,58301,127454
1778299542318,2553315328,54587392,767066112,242393088,955305984,1073737728,842738,51927,6,7576116,49934,0,1318396,3381,862964224,53173248,4474125,4340917,7,2,0,0,0,58301,127454
1778299542612,2553315328,54587392,767066112,242393088,955305984,1073737728,842738,51927,6,7577737,49934,0,1318396,3381,862964224,53173248,4474339,4340957,7,2,0,0,0,58301,127454
1778299542908,2553315328,54587392,767066112,242393088,955305984,1073737728,842738,51927,6,7579362,49934,0,1318396,3381,862964224,53173248,4476381,4342157,7,2,0,0,0,58301,127454
1778299543201,2553315328,54587392,767070208,242393088,955215872,1073737728,842738,51927,6,7580985,49934,0,1318396,3381,862964224,53173248,4478279,4342813,7,2,0,0,0,58301,127454
1778299543496,2552799232,54587392,767070208,242393088,955228160,1073737728,842738,51927,6,7583109,49934,0,1319201,3381,862964224,53173248,4479453,4342973,7,2,0,0,0,58301,127455
1778299543789,2552799232,54587392,767070208,242393088,955228160,1073737728,842738,51927,6,7584734,49934,0,1319201,3381,862964224,53173248,4480317,4343837,7,2,0,0,0,58301,127455
1778299544083,2552799232,54587392,767070208,242393088,955240448,1073737728,842738,51927,6,7586356,49934,0,1319201,3381,862964224,53173248,4480531,4344801,7,2,0,0,0,58301,127455
1778299544377,2552799232,54587392,767070208,242393088,955301888,1073737728,842738,51927,6,7588487,49934,0,1320009,3381,862964224,53173248,4481689,4344961,7,2,0,0,0,58301,127455
1778299544672,2552799232,54587392,767070208,242393088,955301888,1073737728,842738,51927,6,7590110,49934,0,1320009,3381,862964224,53173248,4482149,4346469,7,2,0,0,0,58301,127455
1778299544960,2552799232,54587392,767070208,242393088,955301888,1073737728,842738,51927,6,7591732,49934,0,1320009,3381,862964224,53222400,4482363,4346549,7,2,0,0,0,58301,127455
1778299545254,2552799232,54595584,767082496,242397184,955232256,1073737728,842738,52019,6,7593353,49934,0,1320009,3381,862964224,53267456,4482561,4346589,7,2,0,0,0,58302,127455
1778299545549,2552541184,54595584,767082496,242397184,955252736,1073737728,842738,52019,6,7595489,49934,0,1320816,3381,862964224,53267456,4483767,4346709,7,2,0,0,0,58302,127456
1778299545843,2552541184,54595584,767082496,242397184,955252736,1073737728,842738,52051,6,7597114,49934,0,1320816,3381,862964224,53300224,4484227,4347301,7,2,0,0,0,58302,127456
1778299546136,2552541184,54595584,767082496,242401280,955244544,1073737728,842738,52051,6,7598735,49934,0,1320816,3381,862964224,53300224,4486023,4347957,7,2,0,0,0,58303,127456
1778299546430,2552025088,54595584,767082496,242401280,955154432,1073737728,842738,52051,6,7600876,49934,0,1321623,3381,862964224,53300224,4488897,4348693,7,2,0,0,0,58303,127456
1778299546720,2552025088,54595584,767082496,242401280,955154432,1073737728,842738,52051,6,7602500,49934,0,1321623,3381,862964224,53300224,4489463,4349405,7,2,0,0,0,58303,127456
1778299547014,2552025088,54595584,767082496,242401280,955154432,1073737728,842738,52051,6,7604124,49934,0,1321623,3381,862964224,53300224,4490109,4349781,7,2,0,0,0,58303,127456
1778299547308,2552025088,54595584,767090688,242401280,955228160,1073737728,842738,52051,6,7605745,49934,0,1321623,3381,862964224,53300224,4490307,4350745,7,2,0,0,0,58303,127456
1778299547602,2552303616,54595584,767090688,242401280,955256832,1073737728,842738,52051,6,7607874,49934,0,1322435,3381,862964224,53300224,4491497,4350865,7,2,0,0,0,58303,127458
1778299547897,2552303616,54595584,767090688,242401280,955256832,1073737728,842738,52051,6,7609497,49934,0,1322435,3381,862964224,53300224,4491957,4352381,7,2,0,0,0,58303,127458
1778299548192,2552303616,54595584,767090688,242401280,955252736,1073737728,842738,52051,6,7611134,49934,0,1322435,3381,862964224,53300224,4492155,4352421,7,2,0,0,0,58303,127458
1778299548485,2552303616,54595584,767090688,242401280,955056128,1073737728,842738,52051,6,7613300,49934,0,1323238,3381,862964224,53300224,4493313,4352581,7,2,0,0,0,58303,127458
1778299548780,2552303616,54595584,767090688,242401280,955056128,1073737728,842738,52051,6,7614924,49934,0,1323238,3381,862964224,53300224,4493773,4353213,7,2,0,0,0,58303,127458
1778299549074,2552303616,54595584,767090688,242401280,955056128,1073737728,842738,52051,6,7616545,49934,0,1323238,3381,862964224,53300224,4495569,4353869,7,2,0,0,0,58303,127458
1778299549361,2552303616,54595584,767094784,242409472,955248640,1073737728,842738,52051,6,7618166,49934,0,1323238,3381,862964224,53300224,4497349,4354525,7,2,0,0,0,58305,127460
1778299549656,2552045568,54595584,767094784,242405376,955289600,1073737728,842738,52051,6,7620299,49934,0,1324046,3381,862964224,53300224,4498641,4354885,7,2,0,0,0,58305,127461
1778299549948,2552045568,54595584,767094784,242405376,955289600,1073737728,842738,52051,6,7621927,49934,0,1324046,3381,862964224,53300224,4499537,4355477,7,2,0,0,0,58305,127461
1778299550241,2552045568,54603776,767094784,242409472,955265024,1073737728,842738,52091,6,7623548,49934,0,1324046,3381,862964224,53341184,4499735,4356481,7,2,0,0,0,58305,127461
1778299550535,2552045568,54603776,767094784,242413568,955035648,1073737728,842738,52091,6,7625695,49934,0,1324855,3381,862964224,53341184,4500909,4356641,7,2,0,0,0,58306,127461
1778299550829,2552045568,54603776,767094784,242413568,955035648,1073737728,842738,52091,6,7627318,49934,0,1324855,3381,862964224,53341184,4501369,4358157,7,2,0,0,0,58306,127461
1778299551121,2552045568,54603776,767098880,242417664,955232256,1073737728,842738,52115,6,7628944,49934,0,1324855,3381,862964224,53365760,4501625,4358225,7,2,0,0,0,58307,127462
1778299551416,2552045568,54603776,767098880,242417664,955232256,1073737728,842738,52115,6,7630566,49934,0,1324855,3381,862964224,53365760,4501823,4358265,7,2,0,0,0,58307,127462
1778299551711,2552045568,54603776,767098880,242421760,955256832,1073737728,842738,52115,6,7632698,49934,0,1325663,3381,862964224,53365760,4503259,4358977,7,2,0,0,0,58307,127462
1778299552005,2552045568,54603776,767098880,242421760,955256832,1073737728,842738,52115,6,7634319,49934,0,1325663,3381,862964224,53365760,4505055,4359673,7,2,0,0,0,58307,127462
1778299552300,2552045568,54603776,767098880,242417664,955273216,1073737728,842738,52115,6,7635941,49934,0,1325663,3381,862964224,53365760,4506835,4360329,7,2,0,0,0,58307,127462
1778299552593,2552045568,54603776,767098880,242417664,955179008,1073737728,842738,52115,6,7638075,49934,0,1326465,3381,862964224,53365760,4508213,4360625,7,2,0,0,0,58307,127462
1778299552889,2552045568,54603776,767098880,242417664,955179008,1073737728,842738,52115,6,7639698,49934,0,1326465,3381,862964224,53365760,4508991,4361457,7,2,0,0,0,58307,127462
1778299553184,2552045568,54603776,767102976,242417664,955244544,1073737728,842738,52115,6,7641320,49934,0,1326465,3381,862964224,53365760,4509189,4362421,7,2,0,0,0,58307,127462
1778299553478,2552045568,54603776,767102976,242417664,955244544,1073737728,842738,52115,6,7642941,49934,0,1326465,3381,862964224,53365760,4509403,4362461,7,2,0,0,0,58307,127462
1778299553767,2551799808,54603776,767102976,242413568,955244544,1073737728,842738,52115,6,7645081,49935,0,1327268,3381,862964224,53365760,4510823,4364097,7,2,0,0,0,58307,127463
1778299554061,2551799808,54603776,767102976,242417664,955265024,1073737728,842738,52115,6,7646702,49935,0,1327268,3381,862964224,53365760,4511037,4364137,7,2,0,0,0,58307,127463
1778299554356,2551799808,54603776,767102976,242417664,955265024,1073737728,842738,52115,6,7648339,49935,0,1327268,3381,862964224,53365760,4511235,4364177,7,2,0,0,0,58307,127463
1778299554649,2551799808,54603776,767102976,242413568,955187200,1073737728,842738,52115,6,7650475,49935,0,1328078,3381,862964224,53365760,4512377,4364337,7,2,0,0,0,58307,127463
1778299554943,2551799808,54603776,767102976,242413568,955187200,1073737728,842738,52115,6,7652100,49935,0,1328078,3381,862964224,53365760,4514419,4365585,7,2,0,0,0,58307,127463
1778299555237,2551799808,54603776,767107072,242417664,955232256,1073737728,842738,52115,6,7653721,49935,0,1328078,3381,862964224,53369856,4516199,4366241,7,2,0,0,0,58307,127464
1778299555528,2551799808,54611968,767107072,242421760,955305984,1073737728,842738,52163,6,7655343,49935,0,1328078,3381,862964224,53414912,4516397,4366281,7,2,0,0,0,58308,127465
1778299555823,2552573952,54611968,767107072,242425856,955244544,1073737728,842738,52163,6,7657479,49936,0,1328882,3381,862964224,53414912,4518285,4367153,7,2,0,0,0,58309,127464
1778299556114,2552573952,54611968,767115264,242425856,955293696,1073737728,842738,52187,6,7659100,49936,0,1328882,3381,862964224,53439488,4518499,4368117,7,2,0,0,0,58309,127465
1778299556407,2552573952,54611968,767115264,242425856,955293696,1073737728,842738,52187,6,7660722,49936,0,1328882,3381,862964224,53439488,4518697,4368157,7,2,0,0,0,58309,127465
1778299556701,2552799232,54611968,767115264,242425856,955146240,1073737728,842738,52187,6,7662862,49936,0,1329685,3381,862964224,53439488,4520117,4369793,7,2,0,0,0,58309,127465
1778299556994,2552852480,54611968,767115264,242425856,955252736,1073737728,842738,52187,6,7664484,49936,0,1329685,3381,862964224,53439488,4520331,4369833,7,2,0,0,0,58309,127466
1778299557289,2552852480,54611968,767115264,242425856,955252736,1073737728,842738,52187,6,7666105,49936,0,1329685,3381,862964224,53439488,4520529,4369873,7,2,0,0,0,58309,127466
1778299557580,2552852480,54611968,767115264,242425856,955252736,1073737728,842738,52187,6,7667726,49936,0,1329685,3381,862964224,53439488,4520727,4369913,7,2,0,0,0,58309,127466
1778299557876,2553319424,54611968,767115264,242425856,955252736,1073737728,842738,52187,6,7669861,49936,0,1330493,3381,862964224,53439488,4522249,4370721,7,2,0,0,0,58309,127466
1778299558170,2553389056,54611968,767119360,242425856,955260928,1073737728,842738,52187,6,7671483,49936,0,1330493,3381,862964224,53439488,4524163,4371377,7,2,0,0,0,58309,127466
1778299558463,2553389056,54611968,767119360,242425856,955260928,1073737728,842738,52187,6,7673106,49936,0,1330493,3381,862964224,53439488,4525943,4372073,7,2,0,0,0,58309,127466
1778299558755,2553131008,54611968,767119360,242421760,955248640,1073737728,842738,52187,6,7675247,49936,0,1331305,3381,862964224,53439488,4527619,4372865,7,2,0,0,0,58309,127466
1778299559049,2553131008,54611968,767127552,242425856,955244544,1073737728,842738,52187,6,7676868,49936,0,1331305,3381,862964224,53439488,4528045,4373989,7,2,0,0,0,58309,127467
1778299559343,2553131008,54611968,767127552,242425856,955244544,1073737728,842738,52187,6,7678490,49936,0,1331305,3381,862964224,53439488,4528243,4374029,7,2,0,0,0,58309,127467
1778299559637,2553131008,54611968,767127552,242425856,955244544,1073737728,842738,52187,6,7680111,49936,0,1331305,3381,862964224,53439488,4528441,4374993,7,2,0,0,0,58309,127467
1778299559932,2553024512,54611968,767131648,242425856,955166720,1073737728,842738,52187,6,7682234,49936,0,1332108,3381,862964224,53439488,4529861,4375705,7,2,0,0,0,58309,127469
1778299560225,2553159680,54611968,767131648,242425856,955297792,1073737728,842738,52187,6,7683872,49936,0,1332108,3381,862964224,53439488,4530075,4375745,7,2,0,0,0,58309,127469
1778299560517,2553159680,54611968,767131648,242425856,955297792,1073737728,842738,52187,6,7685493,49936,0,1332108,3381,862964224,53439488,4530273,4375785,7,2,0,0,0,58309,127469
1778299560812,2553626624,54620160,767123456,242425856,955363328,1073737728,842738,52259,6,7687636,49936,0,1332916,3381,862964224,53513216,4531693,4376457,7,2,0,0,0,58309,127469
1778299561106,2553696256,54620160,767131648,242425856,955269120,1073737728,842738,52259,6,7689257,49936,0,1332916,3381,862964224,53513216,4533489,4377113,7,2,0,0,0,58309,127470
1778299561400,2553696256,54620160,767131648,242425856,955269120,1073737728,842738,52259,6,7690882,49936,0,1332916,3381,862964224,53541888,4535553,4377769,7,2,0,0,0,58309,127470
1778299561692,2553696256,54620160,767131648,242425856,955269120,1073737728,842738,52287,6,7692507,49936,0,1332916,3381,862964224,53541888,4536103,4378481,7,2,0,0,0,58309,127470
1778299561986,2553589760,54620160,767135744,242434048,955146240,1073737728,842738,52287,6,7694635,49936,0,1333719,3381,862964224,53541888,4537607,4378841,7,2,0,0,0,58311,127470
1778299562280,2553696256,54620160,767139840,242434048,955281408,1073737728,842738,52287,6,7696256,49936,0,1333719,3381,862964224,53541888,4537821,4379805,7,2,0,0,0,58311,127470
1778299562567,2553696256,54620160,767139840,242434048,955281408,1073737728,842738,52287,6,7697878,49936,0,1333719,3381,862964224,53541888,4538019,4379845,7,2,0,0,0,58311,127470
1778299562862,2553450496,54620160,767139840,242434048,955129856,1073737728,842738,52287,6,7699879,49936,0,1334526,3381,862964224,53541888,4539455,4381361,7,2,0,0,0,58311,127470
1778299563156,2554232832,54620160,767139840,242434048,955305984,1073737728,842738,52287,6,7701640,49936,0,1334526,3381,862964224,53541888,4539669,4381441,7,2,0,0,0,58311,127472
1778299563448,2554232832,54620160,767139840,242434048,955305984,1073737728,842738,52287,6,7703261,49936,0,1334526,3381,862964224,53541888,4539969,4381617,7,2,0,0,0,58311,127472
1778299563740,2554232832,54620160,767143936,242434048,955305984,1073737728,842738,52287,6,7704884,49936,0,1334526,3381,862964224,53541888,4540413,4382249,7,2,0,0,0,58311,127472
1778299564034,2554511360,54620160,767143936,242434048,955277312,1073737728,842738,52287,6,7707018,49936,0,1335334,3381,862964224,53541888,4543169,4383025,7,2,0,0,0,58311,127473
1778299564323,2554511360,54620160,767143936,242434048,955277312,1073737728,842738,52287,6,7708640,49936,0,1335334,3381,862964224,53541888,4544965,4383681,7,2,0,0,0,58311,127473
1778299564616,2554511360,54620160,767143936,242434048,955277312,1073737728,842738,52287,6,7710263,49936,0,1335334,3381,862964224,53541888,4545281,4383721,7,2,0,0,0,58311,127473
1778299564908,2554146816,54620160,767143936,242429952,955138048,1073737728,842738,52287,6,7712316,49936,0,1336140,3381,862964224,53541888,4547019,4384633,7,2,0,0,0,58311,127473
1778299565199,2554253312,54620160,767143936,242434048,955318272,1073737728,842738,52287,6,7714023,49936,0,1336140,3381,862964224,53541888,4547233,4385637,7,2,0,0,0,58311,127473
1778299565493,2554253312,54620160,767143936,242434048,955318272,1073737728,842738,52287,6,7715644,49936,0,1336140,3381,862964224,53541888,4547447,4385677,7,2,0,0,0,58311,127473
1778299565788,2554253312,54620160,767148032,242434048,955318272,1073737728,842738,52287,6,7717268,49936,0,1336140,3381,862964224,53541888,4547891,4387193,7,2,0,0,0,58311,127473
1778299566081,2553737216,54628352,767148032,242434048,955285504,1073737728,842738,52327,6,7719411,49936,0,1336948,3381,862964224,53582848,4549183,4387449,7,2,0,0,0,58311,127474
1778299566375,2553765888,54628352,767148032,242434048,955285504,1073737728,842738,52327,6,7721050,49936,0,1336948,3381,862964224,53582848,4549381,4387489,7,2,0,0,0,58311,127474
1778299566669,2553765888,54628352,767148032,242434048,955285504,1073737728,842738,52327,6,7722673,49936,0,1336948,3381,862964224,53582848,4549825,4388081,7,2,0,0,0,58311,127474
1778299566960,2553421824,54628352,767148032,242429952,955203584,1073737728,842738,52351,6,7724463,49936,0,1337353,3381,862964224,53607424,4552141,4388777,7,2,0,0,0,58311,127474
1778299567249,2554302464,54628352,767148032,242442240,955367424,1073737728,842738,52351,6,7726421,49936,0,1337751,3381,862964224,53607424,4554377,4389473,7,2,0,0,0,58313,127474
1778299567544,2554302464,54628352,767152128,242442240,955367424,1073737728,842738,52351,6,7728044,49936,0,1337751,3381,862964224,53607424,4554693,4389513,7,2,0,0,0,58313,127474
1778299567837,2554302464,54628352,767152128,242442240,955367424,1073737728,842738,52351,6,7729669,49936,0,1337751,3381,862964224,53607424,4555455,4390385,7,2,0,0,0,58313,127474
1778299568127,2554064896,54628352,767152128,242442240,955305984,1073737728,842738,52351,6,7731820,49936,0,1338561,3381,862964224,53607424,4556661,4391429,7,2,0,0,0,58313,127474
1778299568418,2554064896,54628352,767152128,242442240,955305984,1073737728,842738,52351,6,7733442,49936,0,1338561,3381,862964224,53607424,4556875,4391469,7,2,0,0,0,58313,127474
1778299568711,2554064896,54628352,767152128,242442240,955305984,1073737728,842738,52351,6,7735066,49936,0,1338561,3381,862964224,53607424,4557319,4392985,7,2,0,0,0,58313,127474
1778299569005,2554064896,54628352,767152128,242442240,955305984,1073737728,842738,52351,6,7736687,49936,0,1338561,3381,862964224,53607424,4557635,4393241,7,2,0,0,0,58313,127474
1778299569301,2554322944,54628352,767152128,242442240,955322368,1073737728,842738,52351,6,7738812,49936,0,1339368,3381,862964224,53607424,4558825,4393401,7,2,0,0,0,58313,127475
1778299569595,2554322944,54628352,767156224,242442240,955322368,1073737728,842738,52351,6,7740434,49936,0,1339368,3381,862964224,53607424,4559023,4393441,7,2,0,0,0,58313,127475
1778299569890,2554322944,54628352,767156224,242442240,955322368,1073737728,842738,52351,6,7742059,49936,0,1339368,3381,862964224,53607424,4561065,4394649,7,2,0,0,0,58313,127475
1778299570183,2554601472,54628352,767156224,242442240,955199488,1073737728,842738,52351,6,7744202,49936,0,1340178,3381,862964224,53607424,4563821,4395345,7,2,0,0,0,58313,127476
1778299570475,2554601472,54628352,767156224,242442240,955199488,1073737728,842738,52351,6,7745824,49936,0,1340178,3381,862964224,53607424,4564035,4395385,7,2,0,0,0,58313,127476
1778299570768,2554601472,54628352,767160320,242442240,955199488,1073737728,842738,52351,6,7747448,49936,0,1340178,3381,862964224,53607424,4564915,4396257,7,2,0,0,0,58313,127476
1778299571060,2554601472,54628352,767160320,242442240,955199488,1073737728,842738,52351,6,7749069,49936,0,1340178,3381,862964224,53607424,4565129,4397221,7,2,0,0,0,58313,127476
1778299571354,2555138048,54636544,767164416,242442240,955346944,1073737728,842738,52395,6,7751200,49936,0,1340983,3381,862964224,53652480,4566319,4397301,7,2,0,0,0,58313,127477
1778299571649,2555138048,54636544,767164416,242442240,955346944,1073737728,842738,52395,6,7752821,49936,0,1340983,3381,862964224,53652480,4566517,4398817,7,2,0,0,0,58313,127477
1778299571944,2555138048,54636544,767172608,242442240,955346944,1073737728,842738,52431,6,7754452,49936,0,1340983,3381,862964224,53689344,4566977,4398897,7,2,0,0,0,58313,127477
1778299572237,2554863616,54636544,767172608,242442240,955195392,1073737728,842738,52431,6,7756588,49936,0,1341791,3381,862964224,53689344,4568151,4398977,7,2,0,0,0,58313,127477
1778299572530,2554863616,54636544,767172608,242442240,955195392,1073737728,842738,52431,6,7758210,49936,0,1341791,3381,862964224,53689344,4568365,4399017,7,2,0,0,0,58313,127477
1778299572825,2554863616,54636544,767172608,242442240,955195392,1073737728,842738,52431,6,7759833,49936,0,1341791,3381,862964224,53689344,4568809,4399609,7,2,0,0,0,58313,127477
1778299573117,2554908672,54636544,767172608,242446336,955351040,1073737728,842738,52431,6,7761454,49936,0,1341791,3381,862964224,53689344,4570605,4400265,7,2,0,0,0,58314,127480
1778299573409,2554908672,54636544,767172608,242442240,955265024,1073737728,842738,52431,6,7763603,49936,0,1342604,3381,862964224,53689344,4573511,4401041,7,2,0,0,0,58314,127480
1778299573703,2554908672,54636544,767172608,242442240,955265024,1073737728,842738,52431,6,7765227,49936,0,1342604,3381,862964224,53689344,4574077,4401713,7,2,0,0,0,58314,127480
1778299573996,2554908672,54636544,767172608,242442240,955265024,1073737728,842738,52431,6,7766850,49936,0,1342604,3381,862964224,53689344,4574605,4401993,7,2,0,0,0,58314,127480
1778299574290,2554650624,54636544,767176704,242450432,955392000,1073737728,842738,52431,6,7768972,49936,0,1343412,3381,862964224,53689344,4575881,4403133,7,2,0,0,0,58315,127481
1778299574583,2554650624,54636544,767176704,242450432,955392000,1073737728,842738,52431,6,7770595,49936,0,1343412,3381,862964224,53689344,4576095,4403213,7,2,0,0,0,58315,127481
1778299574878,2554650624,54636544,767176704,242450432,955392000,1073737728,842738,52431,6,7772218,49936,0,1343412,3381,862964224,53689344,4576555,4404729,7,2,0,0,0,58315,127481
1778299575172,2554650624,54636544,767180800,242450432,955318272,1073737728,842738,52431,6,7773840,49936,0,1343412,3381,862964224,53689344,4576753,4404769,7,2,0,0,0,58315,127481
1778299575467,2554392576,54636544,767180800,242450432,955281408,1073737728,842738,52431,6,7775975,49936,0,1344218,3381,862964224,53689344,4577943,4404929,7,2,0,0,0,58315,127482
1778299575760,2554392576,54636544,767180800,242450432,955281408,1073737728,842738,52431,6,7777598,49936,0,1344218,3381,862964224,53689344,4578387,4405521,7,2,0,0,0,58315,127482
1778299576054,2554392576,54636544,767180800,242450432,955281408,1073737728,842738,52431,6,7779219,49936,0,1344218,3381,862964224,53689344,4580183,4406177,7,2,0,0,0,58315,127482
1778299576348,2554134528,54644736,767180800,242454528,955236352,1073737728,842738,52511,6,7781396,49936,0,1345027,3381,862964224,53771264,4583089,4406913,7,2,0,0,0,58316,127482
1778299576641,2554134528,54644736,767180800,242454528,955236352,1073737728,842738,52511,6,7783017,49936,0,1345027,3381,862964224,53771264,4583287,4406993,7,2,0,0,0,58316,127482
1778299576933,2554134528,54644736,767180800,242454528,955236352,1073737728,842738,52511,6,7784643,49936,0,1345027,3381,862964224,53771264,4584167,4407905,7,2,0,0,0,58316,127482
1778299577228,2554134528,54644736,767188992,242458624,955326464,1073737728,842738,52531,6,7786264,49936,0,1345027,3381,862964224,53791744,4584365,4408869,7,2,0,0,0,58317,127482
1778299577520,2554134528,54644736,767188992,242458624,955355136,1073737728,842738,52531,6,7788395,49936,0,1345831,3381,862964224,53791744,4585555,4409029,7,2,0,0,0,58317,127482
1778299577813,2554134528,54644736,767188992,242458624,955355136,1073737728,842738,52531,6,7790019,49936,0,1345831,3381,862964224,53791744,4585999,4410545,7,2,0,0,0,58317,127482
1778299578108,2554134528,54644736,767188992,242458624,955355136,1073737728,842738,52531,6,7791641,49936,0,1345831,3381,862964224,53791744,4586197,4410585,7,2,0,0,0,58317,127482
1778299578402,2553905152,54644736,767188992,242458624,955260928,1073737728,842738,52531,6,7793787,49936,0,1346636,3381,862964224,53791744,4587371,4410705,7,2,0,0,0,58317,127482
1778299578695,2553905152,54644736,767188992,242458624,955260928,1073737728,842738,52531,6,7795411,49936,0,1346636,3381,862964224,53791744,4587831,4411297,7,2,0,0,0,58317,127482
1778299578988,2553905152,54644736,767188992,242458624,955260928,1073737728,842738,52531,6,7797032,49936,0,1346636,3381,862964224,53791744,4589627,4411993,7,2,0,0,0,58317,127482
1778299579283,2553905152,54644736,767193088,242458624,955330560,1073737728,842738,52531,6,7798654,49936,0,1346636,3381,862964224,53791744,4591407,4412649,7,2,0,0,0,58317,127482
1778299579575,2553389056,54644736,767193088,242454528,955371520,1073737728,842738,52531,6,7800797,49936,0,1347445,3381,862964224,53791744,4592699,4412809,7,2,0,0,0,58317,127482
1778299579870,2553389056,54644736,767193088,242454528,955371520,1073737728,842738,52531,6,7802421,49936,0,1347445,3381,862964224,53791744,4593579,4413817,7,2,0,0,0,58317,127482
1778299580162,2553389056,54644736,767197184,242458624,955351040,1073737728,842738,52531,6,7804046,49936,0,1347445,3381,862964224,53791744,4593895,4414781,7,2,0,0,0,58317,127483
1778299580456,2552885248,54644736,767197184,242458624,955289600,1073737728,842738,52531,6,7806175,49936,0,1348248,3381,862964224,53791744,4595037,4414901,7,2,0,0,0,58317,127484
1778299580746,2552885248,54644736,767197184,242458624,955289600,1073737728,842738,52531,6,7807799,49936,0,1348248,3381,862964224,53791744,4595497,4416457,7,2,0,0,0,58317,127484
1778299581041,2552885248,54644736,767197184,242458624,955289600,1073737728,842738,52531,6,7809420,49936,0,1348248,3381,862964224,53791744,4595711,4416457,7,2,0,0,0,58317,127484
1778299581333,2552885248,54644736,767201280,242458624,955351040,1073737728,842738,52531,6,7811041,49936,0,1348248,3381,862964224,53791744,4596123,4416589,7,2,0,0,0,58317,127484
1778299581627,2553094144,54652928,767193088,242458624,955305984,1073737728,842738,52559,6,7813180,49936,0,1349059,3381,862964224,53820416,4597313,4416749,7,2,0,0,0,58317,127485
1778299581918,2553094144,54652928,767193088,242458624,955305984,1073737728,842738,52559,6,7814804,49936,0,1349059,3381,862964224,53820416,4599355,4417997,7,2,0,0,0,58317,127485
1778299582212,2553167872,54652928,767201280,242458624,955346944,1073737728,842738,52559,6,7816425,49936,0,1349059,3381,862964224,53820416,4601135,4418653,7,2,0,0,0,58317,127485
1778299582506,2553962496,54652928,767201280,242466816,955142144,1073737728,842738,52579,6,7818553,49936,0,1349865,3381,862964224,53840896,4602325,4418773,7,2,0,0,0,58319,127485
1778299582799,2553962496,54652928,767205376,242466816,955142144,1073737728,842738,52579,6,7820179,49936,0,1349865,3381,862964224,53840896,4603221,4419645,7,2,0,0,0,58319,127485
1778299583094,2553962496,54652928,767209472,242466816,955351040,1073737728,842738,52579,6,7821800,49936,0,1349865,3381,862964224,53840896,4603435,4420609,7,2,0,0,0,58319,127486
1778299583387,2553962496,54652928,767209472,242466816,955351040,1073737728,842738,52579,6,7823422,49936,0,1349865,3381,862964224,53840896,4603633,4420649,7,2,0,0,0,58319,127486
1778299583682,2554490880,54652928,767209472,242466816,955265024,1073737728,842738,52579,6,7825560,49936,0,1350672,3381,862964224,53840896,4605053,4422245,7,2,0,0,0,58319,127487
1778299583976,2554499072,54652928,767209472,242466816,955383808,1073737728,842738,52579,6,7827182,49936,0,1350672,3381,862964224,53840896,4610925,4427137,7,2,0,0,0,58319,127488
1778299584270,2554269696,54652928,767209472,242466816,955383808,1073737728,842738,52579,6,7828819,49936,0,1350672,3381,862964224,53840896,4624407,4438493,7,2,0,0,0,58319,127488
1778299584561,2554011648,54652928,767209472,242462720,955367424,1073737728,842738,52579,6,7830951,49936,0,1351486,3381,862964224,53840896,4641673,4452321,7,2,0,0,0,58319,127488
1778299584852,2554011648,54652928,767213568,242462720,955367424,1073737728,842738,52579,6,7832574,49936,0,1351486,3381,862964224,53840896,4661411,4469335,7,2,0,0,0,58319,127488
1778299585144,2554011648,54652928,767213568,242466816,955351040,1073737728,842738,52579,6,7834195,49936,0,1351486,3381,862964224,53840896,4681825,4485813,7,2,0,0,0,58319,127488
1778299585436,2554011648,54652928,767221760,242466816,955351040,1073737728,842738,52579,6,7835820,49936,0,1351486,3381,862964224,53840896,4706663,4506151,7,2,0,0,0,58319,127488
1778299585728,2553753600,54652928,767221760,242466816,955199488,1073737728,842738,52579,6,7837932,49937,0,1352290,3381,862964224,53840896,4723891,4520231,7,2,0,0,0,58319,127488
1778299586019,2553753600,54652928,767221760,242466816,955375616,1073737728,842738,52579,6,7839555,49937,0,1352290,3381,862964224,53840896,4742029,4535519,7,2,0,0,0,58319,127489
1778299586310,2553753600,54652928,767221760,242466816,955375616,1073737728,842738,52579,6,7841176,49937,0,1352290,3381,862964224,53840896,4764961,4555849,7,2,0,0,0,58319,127489
1778299586600,2553753600,54661120,767221760,242470912,955293696,1073737728,842738,52655,6,7843330,49937,0,1353097,3381,862964224,53918720,4787665,4574323,7,2,0,0,0,58321,127489
1778299586894,2553753600,54661120,767221760,242470912,955293696,1073737728,842738,52655,6,7844954,49937,0,1353097,3381,862964224,53918720,4814153,4598011,7,2,0,0,0,58321,127489
1778299587184,2553753600,54661120,767225856,242475008,955375616,1073737728,842738,52655,6,7846576,49937,0,1353097,3381,862964224,53918720,4836437,4616865,7,2,0,0,0,58321,127492
1778299587476,2553753600,54661120,767225856,242475008,955375616,1073737728,842738,52655,6,7848198,49937,0,1353097,3381,862964224,53955584,4859369,4636271,7,2,0,0,0,58321,127492
1778299587768,2553495552,54661120,767225856,242470912,955285504,1073737728,842738,52691,6,7850328,49937,0,1353905,3381,862964224,53955584,4883851,4656447,7,2,0,0,0,58321,127492
1778299588060,2553495552,54661120,767225856,242475008,955387904,1073737728,842738,52691,6,7851950,49937,0,1353905,3381,862964224,53955584,4901746,4670765,7,2,0,0,0,58321,127492
1778299588353,2553495552,54661120,767229952,242475008,955387904,1073737728,842738,52691,6,7853572,49937,0,1353905,3381,862964224,53955584,4903660,4671421,7,2,0,0,0,58321,127492
1778299588646,2553708544,54661120,767229952,242475008,955383808,1073737728,842738,52691,6,7855707,49937,0,1354713,3381,862964224,53955584,4904882,4671501,7,2,0,0,0,58321,127493
1778299588938,2553753600,54661120,767234048,242470912,955400192,1073737728,842738,52691,6,7857335,49937,0,1354713,3381,862964224,53955584,4905804,4672441,7,2,0,0,0,58321,127493
1778299589232,2553753600,54661120,767234048,242470912,955396096,1073737728,842738,52691,6,7858956,49937,0,1354713,3381,862964224,53955584,4906018,4673405,7,2,0,0,0,58321,127493
1778299589520,2553753600,54661120,767234048,242470912,955396096,1073737728,842738,52691,6,7860577,49937,0,1354713,3381,862964224,53955584,4906232,4673445,7,2,0,0,0,58321,127493
1778299589813,2554265600,54661120,767234048,242475008,955363328,1073737728,842738,52691,6,7862717,49937,0,1355514,3381,862964224,53955584,4907668,4675041,7,2,0,0,0,58321,127493
1778299590108,2554290176,54661120,767234048,242475008,955400192,1073737728,842738,52691,6,7864339,49937,0,1355514,3381,862964224,53955584,4907882,4675081,7,2,0,0,0,58321,127494
1778299590400,2554318848,54661120,767238144,242475008,955400192,1073737728,842738,52691,6,7865976,49937,0,1355514,3381,862964224,53955584,4908096,4675121,7,2,0,0,0,58321,127494
1778299590693,2553954304,54661120,767238144,242475008,955400192,1073737728,842738,52691,6,7868015,49937,0,1356321,3381,862964224,53955584,4909618,4675969,7,2,0,0,0,58321,127494
1778299590983,2554318848,54661120,767238144,242479104,955404288,1073737728,842738,52691,6,7869737,49937,0,1356321,3381,862964224,53955584,4911414,4676625,7,2,0,0,0,58321,127495
1778299591276,2554318848,54661120,767238144,242475008,955404288,1073737728,842738,52691,6,7871360,49937,0,1356321,3381,862964224,53955584,4913194,4677281,7,2,0,0,0,58321,127495
1778299591569,2554318848,54669312,767229952,242475008,955404288,1073737728,842738,52739,6,7872983,49937,0,1356321,3381,862964224,54004736,4913510,4677361,7,2,0,0,0,58321,127495
1778299591865,2555097088,54669312,767229952,242479104,955285504,1073737728,842738,52739,6,7875135,49937,0,1357132,3381,862964224,54004736,4915366,4678449,7,2,0,0,0,58321,127495
1778299592158,2555113472,54669312,767238144,242483200,955408384,1073737728,842738,52739,6,7876756,49937,0,1357132,3381,862964224,54004736,4915580,4679413,7,2,0,0,0,58323,127495
1778299592451,2555113472,54669312,767238144,242483200,955408384,1073737728,842738,52739,6,7878378,49937,0,1357132,3381,862964224,54004736,4915794,4679453,7,2,0,0,0,58323,127495
1778299592745,2555113472,54669312,767238144,242483200,955412480,1073737728,842738,52763,6,7880222,49937,0,1357543,3381,862964224,54029312,4916774,4681009,7,2,0,0,0,58323,127495
1778299593035,2554597376,54669312,767242240,242483200,955408384,1073737728,842738,52763,6,7882131,49937,0,1357939,3381,862964224,54029312,4917428,4681129,7,2,0,0,0,58323,127496
1778299593324,2554597376,54669312,767242240,242483200,955408384,1073737728,842738,52763,6,7883754,49937,0,1357939,3381,862964224,54029312,4917668,4681215,7,2,0,0,0,58323,127496
1778299593617,2554597376,54669312,767242240,242483200,955408384,1073737728,842738,52763,6,7885375,49937,0,1357939,3381,862964224,54029312,4917866,4681255,7,2,0,0,0,58323,127496
1778299593912,2554339328,54669312,767242240,242487296,955478016,1073737728,842738,52763,6,7887512,49937,0,1358742,3381,862964224,54029312,4920868,4682583,7,2,0,0,0,58323,127496
1778299594205,2554339328,54669312,767246336,242483200,955392000,1073737728,842738,52763,6,7889133,49937,0,1358742,3381,862964224,54029312,4922648,4683239,7,2,0,0,0,58323,127496
1778299594500,2554339328,54669312,767246336,242483200,955392000,1073737728,842738,52763,6,7890755,49937,0,1358742,3381,862964224,54029312,4922846,4683279,7,2,0,0,0,58323,127496
1778299594792,2554339328,54669312,767246336,242483200,955392000,1073737728,842738,52763,6,7892380,49937,0,1358742,3381,862964224,54029312,4923710,4684151,7,2,0,0,0,58323,127496
1778299595087,2554339328,54669312,767246336,242483200,955383808,1073737728,842738,52763,6,7894519,49937,0,1359548,3381,862964224,54029312,4924900,4685195,7,2,0,0,0,58323,127497
1778299595381,2554339328,54669312,767246336,242483200,955383808,1073737728,842738,52763,6,7896140,49937,0,1359548,3381,862964224,54029312,4925098,4685235,7,2,0,0,0,58323,127497
1778299595676,2554339328,54669312,767246336,242483200,955383808,1073737728,842738,52763,6,7897764,49937,0,1359548,3381,862964224,54029312,4925542,4686751,7,2,0,0,0,58323,127497
1778299595965,2553823232,54669312,767246336,242483200,955232256,1073737728,842738,52763,6,7899895,49937,0,1360355,3381,862964224,54029312,4926818,4687047,7,2,0,0,0,58323,127497
1778299596260,2553593856,54669312,767250432,242483200,955367424,1073737728,842738,52763,6,7901532,49937,0,1360355,3381,862964224,54029312,4927032,4687087,7,2,0,0,0,58323,127498
1778299596548,2553593856,54669312,767250432,242483200,955424768,1073737728,842738,52775,6,7903154,49937,0,1360355,3381,862964224,54082560,4927230,4687127,7,2,0,0,0,58323,127498
1778299596841,2553593856,54677504,767250432,242483200,955424768,1073737728,842738,52815,6,7904777,49937,0,1360355,3381,862964224,54082560,4927674,4687719,7,2,0,0,0,58323,127498
1778299597137,2553593856,54677504,767250432,242491392,955420672,1073737728,842738,52815,6,7906910,49937,0,1361164,3381,862964224,54082560,4930446,4688415,7,2,0,0,0,58325,127498
1778299597431,2553593856,54677504,767250432,242491392,955420672,1073737728,842738,52815,6,7908532,49937,0,1361164,3381,862964224,54082560,4932226,4689071,7,2,0,0,0,58325,127498
1778299597719,2553593856,54677504,767254528,242491392,955420672,1073737728,842738,52815,6,7910158,49937,0,1361164,3381,862964224,54082560,4932894,4689783,7,2,0,0,0,58325,127498
1778299598013,2553090048,54677504,767258624,242491392,955408384,1073737728,842738,52815,6,7912288,49937,0,1361974,3381,862964224,54107136,4934296,4690063,7,2,0,0,0,58325,127500
1778299598306,2553090048,54677504,767258624,242491392,955408384,1073737728,842738,52839,6,7913909,49937,0,1361974,3381,862964224,54107136,4934510,4691027,7,2,0,0,0,58325,127500
1778299598600,2553090048,54677504,767258624,242491392,955408384,1073737728,842738,52839,6,7915531,49937,0,1361974,3381,862964224,54107136,4934708,4691067,7,2,0,0,0,58325,127500
1778299598896,2553090048,54677504,767258624,242491392,955408384,1073737728,842738,52839,6,7917155,49937,0,1361974,3381,862964224,54107136,4935168,4692583,7,2,0,0,0,58325,127500
1778299599191,2553352192,54677504,767266816,242491392,955412480,1073737728,842738,52839,6,7919374,49937,0,1362779,3381,862964224,54107136,4936358,4692663,7,2,0,0,0,58325,127500
1778299599485,2553352192,54677504,767266816,242491392,955412480,1073737728,842738,52839,6,7920996,49937,0,1362779,3381,862964224,54107136,4936556,4692703,7,2,0,0,0,58325,127500
1778299599771,2553352192,54677504,767270912,242491392,955412480,1073737728,842738,52839,6,7922621,49937,0,1362779,3381,862964224,54107136,4937000,4693335,7,2,0,0,0,58325,127500
1778299600065,2553630720,54677504,767270912,242491392,955404288,1073737728,842738,52839,6,7924753,49937,0,1363588,3381,862964224,54107136,4939772,4694071,7,2,0,0,0,58325,127503
1778299600357,2553630720,54677504,767270912,242491392,955404288,1073737728,842738,52839,6,7926376,49937,0,1363588,3381,862964224,54107136,4941686,4694727,7,2,0,0,0,58325,127503
1778299600652,2553630720,54677504,767270912,242491392,955404288,1073737728,842738,52839,6,7927998,49937,0,1363588,3381,862964224,54107136,4941884,4694807,7,2,0,0,0,58325,127503
1778299600945,2553630720,54677504,767270912,242491392,955404288,1073737728,842738,52839,6,7929625,49937,0,1363588,3381,862964224,54107136,4942780,4695679,7,2,0,0,0,58325,127503
1778299601242,2553630720,54677504,767270912,242491392,955400192,1073737728,842738,52839,6,7931769,49937,0,1364398,3381,862964224,54107136,4943986,4696683,7,2,0,0,0,58325,127503
1778299601535,2553630720,54677504,767270912,242491392,955400192,1073737728,842738,52839,6,7933391,49937,0,1364398,3381,862964224,54107136,4944286,4696859,7,2,0,0,0,58325,127503
1778299601829,2553630720,54685696,767270912,242491392,955400192,1073737728,842738,52875,6,7935014,49937,0,1364398,3381,862964224,54180864,4944730,4698375,7,2,0,0,0,58325,127503
1778299602117,2553401344,54685696,767275008,242491392,955478016,1073737728,842738,52911,6,7937139,49937,0,1365203,3381,862964224,54180864,4945904,4698495,7,2,0,0,0,58326,127504
1778299602408,2553401344,54685696,767275008,242491392,955478016,1073737728,842738,52911,6,7938774,49937,0,1365203,3381,862964224,54180864,4946118,4698535,7,2,0,0,0,58326,127504
1778299602700,2553401344,54685696,767275008,242491392,955478016,1073737728,842738,52911,6,7940397,49937,0,1365203,3381,862964224,54180864,4946562,4699127,7,2,0,0,0,58326,127504
1778299602994,2553401344,54685696,767275008,242491392,955478016,1073737728,842738,52911,6,7942018,49937,0,1365203,3381,862964224,54180864,4948358,4699823,7,2,0,0,0,58326,127504
1778299603290,2553401344,54685696,767275008,242499584,955441152,1073737728,842738,52911,6,7944133,49937,0,1366015,3381,862964224,54180864,4951130,4700519,7,2,0,0,0,58327,127504
1778299603584,2553401344,54685696,767279104,242499584,955453440,1073737728,842738,52939,6,7945769,49937,0,1366015,3381,862964224,54209536,4951430,4700559,7,2,0,0,0,58327,127505
1778299603878,2553401344,54685696,767279104,242499584,955453440,1073737728,842738,52939,6,7947393,49937,0,1366015,3381,862964224,54209536,4952208,4701391,7,2,0,0,0,58327,127505
1778299604171,2553622528,54685696,767279104,242499584,955301888,1073737728,842738,52939,6,7949531,49937,0,1366820,3381,862964224,54209536,4953516,4702435,7,2,0,0,0,58327,127505
1778299604465,2553622528,54685696,767279104,242499584,955301888,1073737728,842738,52939,6,7951152,49937,0,1366820,3381,862964224,54209536,4953730,4702475,7,2,0,0,0,58327,127505
1778299604760,2553622528,54685696,767279104,242499584,955301888,1073737728,842738,52939,6,7952776,49937,0,1366820,3381,862964224,54209536,4954174,4704031,7,2,0,0,0,58327,127505
1778299605054,2553696256,54685696,767279104,242499584,955416576,1073737728,842738,52939,6,7954397,49937,0,1366820,3381,862964224,54209536,4954388,4704071,7,2,0,0,0,58327,127505
1778299605342,2553696256,54685696,767279104,242499584,955555840,1073737728,842738,52939,6,7956526,49937,0,1367626,3381,862964224,54209536,4955578,4704151,7,2,0,0,0,58327,127505
1778299605636,2553696256,54685696,767283200,242499584,955555840,1073737728,842738,52939,6,7958147,49937,0,1367626,3381,862964224,54209536,4955776,4704191,7,2,0,0,0,58327,127505
1778299605928,2553696256,54685696,767283200,242499584,955555840,1073737728,842738,52939,6,7959771,49937,0,1367626,3381,862964224,54209536,4957818,4705439,7,2,0,0,0,58327,127505
1778299606222,2553696256,54685696,767283200,242503680,955301888,1073737728,842738,52939,6,7961900,49937,0,1368432,3381,862964224,54209536,4960622,4706215,7,2,0,0,0,58327,127505
1778299606516,2553696256,54685696,767283200,242503680,955301888,1073737728,842738,52939,6,7963526,49937,0,1368432,3381,862964224,54209536,4960954,4706255,7,2,0,0,0,58327,127505
1778299606809,2553696256,54685696,767283200,242503680,955301888,1073737728,842738,52939,6,7965149,49937,0,1368432,3381,862964224,54209536,4961818,4707303,7,2,0,0,0,58327,127505
1778299607103,2553696256,54693888,767279104,242499584,955445248,1073737728,842738,52979,6,7966771,49937,0,1368432,3381,862964224,54250496,4962032,4708267,7,2,0,0,0,58327,127506
1778299607398,2553450496,54693888,767279104,242503680,955367424,1073737728,842738,52979,6,7968902,49938,0,1369238,3381,862964224,54250496,4963222,4708307,7,2,0,0,0,58327,127507
1778299607691,2553450496,54693888,767279104,242503680,955367424,1073737728,842738,52979,6,7970526,49938,0,1369238,3381,862964224,54250496,4963666,4709823,7,2,0,0,0,58327,127507
1778299607984,2553450496,54693888,767279104,242503680,955367424,1073737728,842738,52979,6,7972147,49938,0,1369238,3381,862964224,54250496,4963880,4709863,7,2,0,0,0,58327,127507
1778299608278,2553991168,54693888,767295488,242499584,955494400,1073737728,842738,52979,6,7974295,49938,0,1370046,3381,862964224,54250496,4965054,4710023,7,2,0,0,0,58327,127508
1778299608572,2553991168,54693888,767295488,242499584,955543552,1073737728,842738,53003,6,7975916,49938,0,1370046,3381,862964224,54275072,4965268,4710063,7,2,0,0,0,58327,127508
1778299608867,2553991168,54693888,767295488,242499584,955543552,1073737728,842738,53003,6,7977539,49938,0,1370046,3381,862964224,54275072,4965728,4710655,7,2,0,0,0,58327,127508
1778299609162,2553999360,54710272,767311872,242499584,955478016,1073737728,842738,53103,6,7979163,49938,0,1370046,3381,862964224,54377472,4967508,4711311,7,2,0,0,0,58327,127508
1778299609457,2553999360,54710272,767315968,242499584,955445248,1073737728,842738,53103,6,7981295,49938,0,1370858,3381,862964224,54377472,4970280,4711967,7,2,0,0,0,58327,127509
1778299609744,2553999360,54710272,767315968,242499584,955445248,1073737728,842738,53103,6,7982922,49938,0,1370858,3381,862964224,54377472,4970932,4712679,7,2,0,0,0,58327,127509
1778299610037,2553999360,54710272,767332352,242499584,955445248,1073737728,842738,53103,6,7984543,49938,0,1370858,3381,862964224,54377472,4971358,4712879,7,2,0,0,0,58327,127509
1778299610328,2553999360,54710272,767332352,242499584,955293696,1073737728,842738,53103,6,7986674,49938,0,1371667,3381,862964224,54377472,4972516,4713963,7,2,0,0,0,58327,127509
1778299610621,2553999360,54710272,767332352,242499584,955293696,1073737728,842738,53103,6,7988295,49938,0,1371667,3381,862964224,54377472,4972730,4714927,7,2,0,0,0,58327,127509
1778299610914,2553999360,54710272,767332352,242499584,955293696,1073737728,842738,53103,6,7989921,49938,0,1371667,3381,862964224,54377472,4973190,4715519,7,2,0,0,0,58327,127509
1778299611208,2553999360,54710272,767336448,242499584,955441152,1073737728,842738,53103,6,7991543,49938,0,1371667,3381,862964224,54377472,4973388,4715559,7,2,0,0,0,58327,127509
1778299611503,2553483264,54710272,767336448,242499584,955461632,1073737728,842738,53103,6,7993672,49938,0,1372475,3381,862964224,54377472,4974546,4715639,7,2,0,0,0,58327,127509
1778299611796,2553483264,54710272,767336448,242499584,955461632,1073737728,842738,53103,6,7995299,49938,0,1372475,3381,862964224,54377472,4974990,4716231,7,2,0,0,0,58327,127509
1778299612089,2553483264,54710272,767336448,242499584,955461632,1073737728,842738,53103,6,7996920,49938,0,1372475,3381,862964224,54434816,4976786,4716887,7,2,0,0,0,58327,127509
1778299612384,2553397248,54710272,767344640,242499584,955310080,1073737728,842738,53159,6,7999050,49938,0,1373278,3381,862964224,54434816,4979660,4717759,7,2,0,0,0,58327,127509
1778299612677,2553397248,54710272,767344640,242499584,955310080,1073737728,842738,53159,6,8000675,49938,0,1373278,3381,862964224,54434816,4980238,4718351,7,2,0,0,0,58327,127509
1778299612968,2553397248,54710272,767344640,242499584,955310080,1073737728,842738,53159,6,8002296,49938,0,1373278,3381,862964224,54434816,4980770,4718671,7,2,0,0,0,58327,127509
1778299613263,2553503744,54710272,767348736,242499584,955461632,1073737728,842738,53159,6,8003918,49938,0,1373278,3381,862964224,54434816,4980968,4719635,7,2,0,0,0,58327,127510
1778299613554,2553761792,54710272,767348736,242499584,955502592,1073737728,842738,53159,6,8006061,49938,0,1374086,3381,862964224,54434816,4982142,4719715,7,2,0,0,0,58327,127511
1778299613848,2553761792,54710272,767348736,242499584,955518976,1073737728,842738,53191,6,8007685,49938,0,1374086,3381,862964224,54467584,4982602,4721231,7,2,0,0,0,58327,127511
1778299614141,2553761792,54710272,767348736,242499584,955518976,1073737728,842738,53191,6,8009321,49938,0,1374086,3381,862964224,54508544,4982816,4721271,7,2,0,0,0,58327,127511
1778299614436,2554298368,54718464,767348736,242536448,955449344,1073737728,842738,53231,6,8011457,49938,0,1374896,3381,862964224,54508544,4983990,4721391,7,2,0,0,0,58335,127513
1778299614726,2554298368,54718464,767348736,242536448,955449344,1073737728,842738,53231,6,8013081,49938,0,1374896,3381,862964224,54508544,4984450,4721983,7,2,0,0,0,58335,127513
1778299615020,2554298368,54718464,767348736,242536448,955449344,1073737728,842738,53231,6,8014703,49938,0,1374896,3381,862964224,54508544,4986288,4722667,7,2,0,0,0,58335,127513
1778299615313,2554298368,54718464,767352832,242536448,955449344,1073737728,842738,53231,6,8016326,49938,0,1374896,3381,862964224,54508544,4988170,4723363,7,2,0,0,0,58335,127513
1778299615606,2554576896,54718464,767352832,242536448,955432960,1073737728,842738,53231,6,8018478,49938,0,1375704,3381,862964224,54508544,4989392,4723483,7,2,0,0,0,58335,127513
1778299615901,2554576896,54718464,767352832,242536448,955432960,1073737728,842738,53231,6,8020104,49938,0,1375704,3381,862964224,54508544,4990598,4724355,7,2,0,0,0,58335,127513
1778299616194,2554576896,54718464,767356928,242532352,955465728,1073737728,842738,53231,6,8021726,49938,0,1375704,3381,862964224,54508544,4990796,4725319,7,2,0,0,0,58335,127514
1778299616488,2554576896,54718464,767356928,242532352,955375616,1073737728,842738,53231,6,8023841,49938,0,1376510,3381,862964224,54508544,4991970,4725439,7,2,0,0,0,58335,127514
1778299616781,2554576896,54718464,767356928,242532352,955301888,1073737728,842738,53231,6,8025479,49938,0,1376510,3381,862964224,54508544,4992430,4726955,7,2,0,0,0,58335,127514
1778299617075,2554576896,54718464,767356928,242532352,955301888,1073737728,842738,53231,6,8027101,49938,0,1376510,3381,862964224,54508544,4992644,4726995,7,2,0,0,0,58335,127514
1778299617368,2554576896,54718464,767361024,242532352,955449344,1073737728,842738,53231,6,8028722,49938,0,1376510,3381,862964224,54508544,4992842,4727035,7,2,0,0,0,58335,127515
1778299617661,2554318848,54718464,767361024,242532352,955351040,1073737728,842738,53231,6,8030877,49938,0,1377316,3381,862964224,54508544,4994188,4727627,7,2,0,0,0,58335,127515
1778299617954,2554318848,54718464,767361024,242532352,955351040,1073737728,842738,53231,6,8032501,49938,0,1377316,3381,862964224,54508544,4996230,4728635,7,2,0,0,0,58335,127515
1778299618248,2554318848,54718464,767361024,242532352,955351040,1073737728,842738,53231,6,8034123,49938,0,1377316,3381,862964224,54508544,4998010,4729291,7,2,0,0,0,58335,127515
1778299618541,2554318848,54718464,767361024,242532352,955322368,1073737728,842738,53231,6,8036260,49938,0,1378126,3381,862964224,54508544,4999286,4729451,7,2,0,0,0,58335,127515
1778299618835,2554318848,54718464,767365120,242532352,955322368,1073737728,842738,53231,6,8037885,49938,0,1378126,3381,862964224,54508544,5000182,4730283,7,2,0,0,0,58335,127515
1778299619125,2554318848,54718464,767365120,242532352,955478016,1073737728,842738,53255,6,8039513,49938,0,1378126,3381,862964224,54533120,5000396,4731287,7,2,0,0,0,58335,127515
1778299619418,2554318848,54718464,767365120,242532352,955478016,1073737728,842738,53259,6,8041135,49938,0,1378126,3381,862964224,54578176,5000594,4731327,7,2,0,0,0,58335,127515
1778299619710,2554060800,54726656,767361024,242536448,955453440,1073737728,842738,53299,6,8043284,49939,0,1378936,3381,862964224,54578176,5001998,4732883,7,2,0,0,0,58336,127515
1778299620004,2554060800,54726656,767365120,242536448,955461632,1073737728,842738,53299,6,8044907,49939,0,1378936,3381,862964224,54578176,5002212,4732963,7,2,0,0,0,58336,127517
1778299620298,2554060800,54726656,767365120,242536448,955461632,1073737728,842738,53299,6,8046544,49939,0,1378936,3381,862964224,54578176,5002410,4733003,7,2,0,0,0,58336,127517
1778299620590,2553544704,54726656,767365120,242536448,955461632,1073737728,842738,53299,6,8048573,49939,0,1379742,3381,862964224,54578176,5003584,4733123,7,2,0,0,0,58336,127517
1778299620882,2553286656,54726656,767369216,242540544,955400192,1073737728,842738,53299,6,8050297,49939,0,1379742,3381,862964224,54578176,5004044,4733715,7,2,0,0,0,58337,127517
1778299621176,2553286656,54726656,767369216,242540544,955494400,1073737728,842738,53299,6,8051919,49939,0,1379742,3381,862964224,54578176,5005824,4734371,7,2,0,0,0,58337,127517
1778299621470,2553286656,54726656,767369216,242540544,955494400,1073737728,842738,53299,6,8053543,49939,0,1379742,3381,862964224,54578176,5007904,4735107,7,2,0,0,0,58337,127517
1778299621764,2553442304,54726656,767369216,242536448,955482112,1073737728,842738,53299,6,8055686,49939,0,1380554,3381,862964224,54578176,5009446,4735899,7,2,0,0,0,58337,127517
1778299622058,2553565184,54726656,767369216,242540544,955465728,1073737728,842738,53299,6,8057309,49939,0,1380554,3381,862964224,54578176,5009990,4737023,7,2,0,0,0,58337,127518
1778299622350,2553565184,54726656,767369216,242540544,955465728,1073737728,842738,53299,6,8058930,49939,0,1380554,3381,862964224,54578176,5010188,4737063,7,2,0,0,0,58337,127518
1778299622643,2553221120,54726656,767369216,242540544,955314176,1073737728,842738,53299,6,8060789,49939,0,1381024,3381,862964224,54578176,5010906,4738027,7,2,0,0,0,58337,127518
1778299622931,2553843712,54726656,767369216,242540544,955363328,1073737728,842738,53299,6,8062686,49939,0,1381356,3381,862964224,54578176,5011908,4738875,7,2,0,0,0,58337,127518
1778299623224,2553843712,54726656,767373312,242540544,955510784,1073737728,842738,53299,6,8064307,49939,0,1381356,3381,862964224,54578176,5012106,4738915,7,2,0,0,0,58337,127519
1778299623516,2553843712,54726656,767373312,242540544,955510784,1073737728,842738,53299,6,8065928,49939,0,1381356,3381,862964224,54578176,5012304,4738955,7,2,0,0,0,58337,127519
1778299623809,2553843712,54726656,767373312,242540544,955383808,1073737728,842738,53299,6,8068064,49939,0,1382166,3381,862964224,54578176,5013724,4739667,7,2,0,0,0,58337,127519
1778299624103,2553843712,54726656,767373312,242540544,955506688,1073737728,842738,53299,6,8069686,49939,0,1382166,3381,862964224,54578176,5015520,4740323,7,2,0,0,0,58337,127519
1778299624397,2553843712,54726656,767373312,242540544,955506688,1073737728,842738,53299,6,8071307,49939,0,1382166,3381,862964224,54594560,5017300,4740979,7,2,0,0,0,58337,127519
1778299624692,2553843712,54734848,767377408,242540544,955506688,1073737728,842738,53371,6,8072978,49939,0,1382168,3381,862964224,54651904,5017862,4741571,7,2,0,0,0,58337,127519
1778299624985,2553585664,54734848,767377408,242548736,955408384,1073737728,842738,53371,6,8075076,49939,0,1382975,3381,862964224,54651904,5019386,4741971,7,2,0,0,0,58339,127520
1778299625280,2553585664,54734848,767381504,242548736,955486208,1073737728,842738,53371,6,8076697,49939,0,1382975,3381,862964224,54651904,5019584,4742935,7,2,0,0,0,58339,127521
1778299625573,2553585664,54734848,767381504,242548736,955486208,1073737728,842738,53371,6,8078318,49939,0,1382975,3381,862964224,54651904,5019782,4742975,7,2,0,0,0,58339,127521
1778299625869,2553069568,54734848,767389696,242548736,955396096,1073737728,842738,53371,6,8080467,49939,0,1383787,3381,862964224,54651904,5021202,4744611,7,2,0,0,0,58339,127521
1778299626161,2553069568,54734848,767389696,242548736,955498496,1073737728,842738,53371,6,8082103,49939,0,1383787,3381,862964224,54651904,5021416,4744651,7,2,0,0,0,58339,127521
1778299626456,2553069568,54734848,767389696,242548736,955498496,1073737728,842738,53371,6,8083724,49939,0,1383787,3381,862964224,54651904,5021614,4744691,7,2,0,0,0,58339,127521
1778299626743,2553069568,54734848,767389696,242548736,955498496,1073737728,842738,53371,6,8085348,49939,0,1383787,3381,862964224,54651904,5022058,4745323,7,2,0,0,0,58339,127521
1778299627038,2552811520,54734848,767393792,242548736,955518976,1073737728,842738,53371,6,8087477,49939,0,1384590,3381,862964224,54651904,5024814,4746059,7,2,0,0,0,58339,127522
1778299627328,2552811520,54734848,767393792,242548736,955518976,1073737728,842738,53371,6,8089099,49939,0,1384590,3381,862964224,54651904,5026594,4746715,7,2,0,0,0,58339,127522
1778299627621,2552811520,54734848,767393792,242548736,955518976,1073737728,842738,53371,6,8090722,49939,0,1384590,3381,862964224,54651904,5026910,4746755,7,2,0,0,0,58339,127522
1778299627913,2551533568,54734848,767393792,242548736,955641856,1073737728,842738,53371,6,8092859,49939,0,1385398,3381,862964224,54651904,5028664,4747747,7,2,0,0,0,58339,127524
1778299628208,2551533568,54734848,767393792,242548736,955510784,1073737728,842738,53371,6,8094481,49939,0,1385398,3381,862964224,54651904,5028980,4748887,7,2,0,0,0,58339,127524
1778299628502,2551533568,54734848,767393792,242548736,955510784,1073737728,842738,53371,6,8096102,49939,0,1385398,3381,862964224,54651904,5029178,4748927,7,2,0,0,0,58339,127524
1778299628795,2551533568,54734848,767393792,242548736,955510784,1073737728,842738,53371,6,8097727,49939,0,1385398,3381,862964224,54651904,5029622,4750443,7,2,0,0,0,58339,127524
1778299629090,2551541760,54734848,767401984,242548736,955490304,1073737728,842738,53371,6,8099870,49939,0,1386215,3381,862964224,54651904,5030796,4750563,7,2,0,0,0,58339,127526
1778299629377,2551541760,54734848,767401984,242548736,955490304,1073737728,842738,53371,6,8101491,49939,0,1386215,3381,862964224,54651904,5030994,4750603,7,2,0,0,0,58339,127526
1778299629670,2551541760,54743040,767401984,242548736,955494400,1073737728,842738,53463,6,8103121,49939,0,1386215,3381,862964224,54746112,5031192,4751195,7,2,0,0,0,58339,127526
1778299629961,2551541760,54743040,767401984,242556928,955523072,1073737728,842738,53463,6,8105243,49939,0,1387021,3381,862964224,54746112,5034194,4752011,7,2,0,0,0,58341,127526
1778299630256,2551541760,54743040,767401984,242556928,955523072,1073737728,842738,53463,6,8106868,49939,0,1387021,3381,862964224,54746112,5036108,4752667,7,2,0,0,0,58341,127526
1778299630548,2551541760,54743040,767401984,242556928,955523072,1073737728,842738,53463,6,8108490,49939,0,1387021,3381,862964224,54746112,5036322,4752747,7,2,0,0,0,58341,127526
1778299630841,2551541760,54743040,767401984,242556928,955523072,1073737728,842738,53463,6,8110116,49939,0,1387021,3381,862964224,54746112,5037202,4753579,7,2,0,0,0,58341,127526
1778299631135,2551541760,54743040,767410176,242556928,955547648,1073737728,842738,53463,6,8112246,49939,0,1387827,3381,862964224,54746112,5038392,4754543,7,2,0,0,0,58341,127528
1778299631428,2551541760,54743040,767410176,242556928,955547648,1073737728,842738,53463,6,8113867,49939,0,1387827,3381,862964224,54746112,5038590,4754583,7,2,0,0,0,58341,127528
1778299631721,2551541760,54743040,767410176,242556928,955547648,1073737728,842738,53463,6,8115490,49939,0,1387827,3381,862964224,54746112,5039034,4756099,7,2,0,0,0,58341,127528
1778299632014,2551541760,54743040,767410176,242556928,955523072,1073737728,842738,53463,6,8117626,49939,0,1388633,3381,862964224,54746112,5040208,4756299,7,2,0,0,0,58341,127528
1778299632307,2551541760,54743040,767418368,242556928,955523072,1073737728,842738,53463,6,8119264,49939,0,1388633,3381,862964224,54746112,5040422,4756339,7,2,0,0,0,58341,127528
1778299632600,2551541760,54743040,767418368,242556928,955523072,1073737728,842738,53463,6,8120885,49939,0,1388633,3381,862964224,54746112,5040620,4756379,7,2,0,0,0,58341,127528
1778299632894,2551541760,54743040,767418368,242556928,955523072,1073737728,842738,53463,6,8122510,49939,0,1388633,3381,862964224,54746112,5042662,4757587,7,2,0,0,0,58341,127528
1778299633189,2551283712,54743040,767418368,242556928,955547648,1073737728,842738,53463,6,8124656,49939,0,1389440,3381,862964224,54746112,5045434,4758323,7,2,0,0,0,58341,127529
1778299633482,2551283712,54743040,767418368,242556928,955547648,1073737728,842738,53463,6,8126279,49939,0,1389440,3381,862964224,54746112,5045766,4758363,7,2,0,0,0,58341,127529
1778299633772,2551283712,54743040,767418368,242556928,955547648,1073737728,842738,53463,6,8127902,49939,0,1389440,3381,862964224,54746112,5046434,4759171,7,2,0,0,0,58341,127529
1778299634066,2550767616,54743040,767422464,242556928,955392000,1073737728,842738,53463,6,8130041,49939,0,1390243,3381,862964224,54746112,5047938,4760455,7,2,0,0,0,58341,127530
1778299634359,2550767616,54743040,767422464,242556928,955392000,1073737728,842738,53463,6,8131663,49939,0,1390243,3381,862964224,54746112,5048152,4760495,7,2,0,0,0,58341,127530
1778299634652,2550767616,54751232,767418368,242556928,955392000,1073737728,842738,53527,6,8133289,49939,0,1390243,3381,862964224,54832128,5048350,4761459,7,2,0,0,0,58341,127530
1778299634946,2550767616,54751232,767422464,242561024,955518976,1073737728,842738,53547,6,8134913,49939,0,1390243,3381,862964224,54832128,5048810,4762091,7,2,0,0,0,58342,127530
1778299635241,2550767616,54751232,767422464,242561024,955424768,1073737728,842738,53547,6,8137042,49939,0,1391049,3381,862964224,54832128,5050000,4762251,7,2,0,0,0,58342,127530
1778299635535,2550767616,54751232,767422464,242561024,955424768,1073737728,842738,53547,6,8138664,49939,0,1391049,3381,862964224,54832128,5050198,4762291,7,2,0,0,0,58342,127530
1778299635828,2550767616,54751232,767422464,242561024,955424768,1073737728,842738,53547,6,8140287,49939,0,1391049,3381,862964224,54832128,5050642,4762883,7,2,0,0,0,58342,127530
1778299636118,2550767616,54751232,767426560,242561024,955478016,1073737728,842738,53547,6,8142411,49939,0,1391856,3381,862964224,54832128,5053414,4763659,7,2,0,0,0,58343,127531
1778299636410,2550767616,54751232,767426560,242565120,955543552,1073737728,842738,53547,6,8144036,49939,0,1391856,3381,862964224,54832128,5055328,4764355,7,2,0,0,0,58343,127531
1778299636703,2550767616,54751232,767426560,242565120,955543552,1073737728,842738,53547,6,8145660,49939,0,1391856,3381,862964224,54832128,5055772,4765027,7,2,0,0,0,58343,127531
1778299636997,2550767616,54751232,767426560,242565120,955543552,1073737728,842738,53547,6,8147283,49939,0,1391856,3381,862964224,54832128,5056406,4765307,7,2,0,0,0,58343,127531
1778299637293,2550767616,54751232,767426560,242565120,955555840,1073737728,842738,53547,6,8149420,49939,0,1392666,3381,862964224,54832128,5057580,4766271,7,2,0,0,0,58343,127531
1778299637580,2550767616,54751232,767426560,242565120,955555840,1073737728,842738,53547,6,8151041,49939,0,1392666,3381,862964224,54832128,5057778,4766311,7,2,0,0,0,58343,127531
1778299637874,2550767616,54751232,767430656,242565120,955555840,1073737728,842738,53547,6,8152663,49939,0,1392666,3381,862964224,54832128,5058238,4767827,7,2,0,0,0,58343,127531
1778299638167,2550767616,54751232,767430656,242569216,955617280,1073737728,842738,53547,6,8154825,49939,0,1393472,3381,862964224,54832128,5059396,4767987,7,2,0,0,0,58343,127532
1778299638461,2550767616,54751232,767430656,242565120,955502592,1073737728,842738,53547,6,8156446,49939,0,1393472,3381,862964224,54832128,5059610,4768027,7,2,0,0,0,58343,127532
1778299638749,2550767616,54751232,767430656,242565120,955502592,1073737728,842738,53547,6,8158069,49939,0,1393472,3381,862964224,54832128,5060054,4768659,7,2,0,0,0,58343,127532
1778299639043,2550767616,54751232,767430656,242565120,955527168,1073737728,842738,53547,6,8159691,49939,0,1393472,3381,862964224,54832128,5061952,4769491,7,2,0,0,0,58343,127532
1778299639338,2550509568,54751232,767438848,242565120,955375616,1073737728,842738,53547,6,8161814,49939,0,1394279,3381,862964224,54832128,5064708,4770147,7,2,0,0,0,58343,127532
1778299639632,2550509568,54751232,767438848,242565120,955375616,1073737728,842738,53547,6,8163437,49939,0,1394279,3381,862964224,54832128,5065040,4770187,7,2,0,0,0,58343,127532
1778299639923,2550509568,54759424,767430656,242565120,955375616,1073737728,842738,53587,6,8165062,49939,0,1394279,3381,862964224,54873088,5065802,4771019,7,2,0,0,0,58343,127532
1778299640216,2549993472,54759424,767447040,242569216,955588608,1073737728,842738,53623,6,8167198,49939,0,1395089,3381,862964224,54909952,5066992,4772063,7,2,0,0,0,58345,127534
1778299640510,2549993472,54759424,767447040,242573312,955572224,1073737728,842738,53623,6,8168819,49939,0,1395089,3381,862964224,54909952,5067206,4772103,7,2,0,0,0,58345,127534
1778299640803,2549993472,54759424,767447040,242573312,955572224,1073737728,842738,53623,6,8170443,49939,0,1395089,3381,862964224,54909952,5067650,4773619,7,2,0,0,0,58345,127534
1778299641097,2549993472,54759424,767447040,242573312,955572224,1073737728,842738,53623,6,8172064,49939,0,1395089,3381,862964224,54909952,5067864,4773659,7,2,0,0,0,58345,127534
1778299641391,2549477376,54759424,767447040,242573312,955478016,1073737728,842738,53623,6,8174207,49939,0,1395892,3381,862964224,54909952,5069038,4773779,7,2,0,0,0,58345,127536
1778299641685,2549477376,54759424,767447040,242573312,955478016,1073737728,842738,53623,6,8175829,49939,0,1395892,3381,862964224,54909952,5069498,4774371,7,2,0,0,0,58345,127536
1778299641973,2549477376,54759424,767447040,242573312,955478016,1073737728,842738,53623,6,8177451,49939,0,1395892,3381,862964224,54909952,5071294,4775067,7,2,0,0,0,58345,127536
1778299642268,2549219328,54759424,767451136,242569216,955457536,1073737728,842738,53623,6,8179589,49939,0,1396699,3381,862964224,54909952,5074066,4775803,7,2,0,0,0,58345,127537
1778299642561,2549219328,54759424,767451136,242569216,955457536,1073737728,842738,53623,6,8181210,49939,0,1396699,3381,862964224,54909952,5074280,4775843,7,2,0,0,0,58345,127537
1778299642856,2549219328,54759424,767451136,242569216,955457536,1073737728,842738,53623,6,8182835,49939,0,1396699,3381,862964224,54909952,5075160,4776715,7,2,0,0,0,58345,127537
1778299643149,2549219328,54759424,767451136,242573312,955559936,1073737728,842738,53623,6,8184456,49939,0,1396699,3381,862964224,54909952,5075374,4777679,7,2,0,0,0,58345,127537
1778299643440,2549673984,54759424,767455232,242569216,955600896,1073737728,842738,53623,6,8186596,49939,0,1397507,3381,862964224,54909952,5076634,4777895,7,2,0,0,0,58345,127537
1778299643731,2549673984,54759424,767455232,242569216,955600896,1073737728,842738,53623,6,8188220,49939,0,1397507,3381,862964224,54909952,5077094,4779411,7,2,0,0,0,58345,127537
1778299644025,2549673984,54759424,767455232,242569216,955600896,1073737728,842738,53623,6,8189841,49939,0,1397507,3381,862964224,54909952,5077308,4779491,7,2,0,0,0,58345,127537
1778299644316,2549886976,54759424,767455232,242573312,955437056,1073737728,842738,53623,6,8191873,49939,0,1398316,3381,862964224,54909952,5078466,4779651,7,2,0,0,0,58345,127537
1778299644605,2549993472,54759424,767455232,242569216,955412480,1073737728,842738,53623,6,8193608,49939,0,1398316,3381,862964224,54909952,5078782,4779827,7,2,0,0,0,58345,127537
1778299644900,2549993472,54759424,767455232,242569216,955412480,1073737728,842738,53623,6,8195231,49939,0,1398316,3381,862964224,54909952,5080824,4781035,7,2,0,0,0,58345,127537
1778299645193,2549993472,54767616,767451136,242573312,955584512,1073737728,842738,53667,6,8196852,49939,0,1398316,3381,862964224,54955008,5082604,4781691,7,2,0,0,0,58345,127537
1778299645487,2549735424,54767616,767455232,242577408,955559936,1073737728,842738,53687,6,8198986,49939,0,1399122,3381,862964224,54975488,5083912,4781851,7,2,0,0,0,58346,127538
1778299645780,2549735424,54767616,767455232,242577408,955559936,1073737728,842738,53687,6,8200612,49939,0,1399122,3381,862964224,54975488,5084596,4782723,7,2,0,0,0,58346,127538
1778299646074,2549735424,54767616,767459328,242581504,955572224,1073737728,842738,53687,6,8202233,49939,0,1399122,3381,862964224,54975488,5085022,4783687,7,2,0,0,0,58347,127539
1778299646367,2549735424,54767616,767459328,242581504,955420672,1073737728,842738,53687,6,8204023,49939,0,1399524,3381,862964224,54975488,5085654,4783767,7,2,0,0,0,58347,127539
1778299646656,2549735424,54767616,767459328,242581504,955543552,1073737728,842738,53687,6,8205981,49939,0,1399927,3381,862964224,54975488,5086410,4784811,7,2,0,0,0,58347,127539
1778299646950,2549735424,54767616,767459328,242581504,955543552,1073737728,842738,53687,6,8207606,49939,0,1399927,3381,862964224,54975488,5086912,4785471,7,2,0,0,0,58347,127539
1778299647243,2549735424,54767616,767463424,242581504,955555840,1073737728,842738,53687,6,8209228,49939,0,1399927,3381,862964224,54975488,5087110,4785511,7,2,0,0,0,58347,127539
1778299647537,2549489664,54767616,767463424,242577408,955572224,1073737728,842738,53687,6,8211360,49939,0,1400738,3381,862964224,54975488,5088268,4785631,7,2,0,0,0,58347,127540
1778299647830,2549489664,54767616,767463424,242577408,955572224,1073737728,842738,53687,6,8212984,49939,0,1400738,3381,862964224,54975488,5088728,4786223,7,2,0,0,0,58347,127540
1778299648118,2549489664,54767616,767463424,242581504,955596800,1073737728,842738,53687,6,8214605,49939,0,1400738,3381,862964224,54975488,5090524,4786879,7,2,0,0,0,58347,127540
1778299648412,2549489664,54767616,767463424,242581504,955596800,1073737728,842738,53687,6,8216229,49939,0,1400738,3381,862964224,54975488,5092422,4787575,7,2,0,0,0,58347,127540
1778299648706,2549489664,54767616,767463424,242577408,955670528,1073737728,842738,53687,6,8218349,49939,0,1401544,3381,862964224,54975488,5093858,4788327,7,2,0,0,0,58347,127540
1778299649000,2549489664,54767616,767463424,242577408,955670528,1073737728,842738,53687,6,8219974,49939,0,1401544,3381,862964224,54975488,5094492,4788567,7,2,0,0,0,58347,127540
1778299649293,2549489664,54767616,767471616,242581504,955592704,1073737728,842738,53687,6,8221595,49939,0,1401544,3381,862964224,54975488,5094690,4789531,7,2,0,0,0,58347,127540
1778299649588,2549489664,54767616,767471616,242581504,955658240,1073737728,842738,53687,6,8223733,49939,0,1402351,3381,862964224,54975488,5095864,4789691,7,2,0,0,0,58347,127542
1778299649882,2549489664,54767616,767471616,242581504,955658240,1073737728,842738,53687,6,8225355,49939,0,1402351,3381,862964224,54975488,5096426,4791383,7,2,0,0,0,58347,127542
1778299650176,2549489664,54767616,767471616,242581504,955604992,1073737728,842738,53687,6,8226992,49939,0,1402351,3381,862964224,55004160,5096624,4791423,7,2,0,0,0,58347,127542
1778299650470,2549489664,54775808,767467520,242585600,955604992,1073737728,842738,53751,6,8228613,49939,0,1402351,3381,862964224,55061504,5096838,4791463,7,2,0,0,0,58348,127542
1778299650761,2549641216,54775808,767467520,242585600,955650048,1073737728,842738,53771,6,8230759,49939,0,1403159,3381,862964224,55061504,5098274,4792215,7,2,0,0,0,58348,127542
1778299651055,2549747712,54775808,767475712,242589696,955604992,1073737728,842738,53771,6,8232381,49939,0,1403159,3381,862964224,55061504,5100070,4792871,7,2,0,0,0,58349,127542
1778299651342,2549747712,54775808,767475712,242589696,955604992,1073737728,842738,53771,6,8234004,49939,0,1403159,3381,862964224,55061504,5101850,4793527,7,2,0,0,0,58349,127542
1778299651637,2550026240,54775808,767475712,242589696,955478016,1073737728,842738,53771,6,8236137,49939,0,1403966,3381,862964224,55061504,5103174,4793647,7,2,0,0,0,58349,127543
1778299651929,2550026240,54775808,767475712,242589696,955478016,1073737728,842738,53771,6,8237762,49939,0,1403966,3381,862964224,55061504,5104070,4794479,7,2,0,0,0,58349,127543
1778299652223,2550026240,54775808,767475712,242589696,955596800,1073737728,842738,53771,6,8239385,49939,0,1403966,3381,862964224,55061504,5104268,4795483,7,2,0,0,0,58349,127543
1778299652516,2550026240,54775808,767475712,242589696,955596800,1073737728,842738,53771,6,8241006,49939,0,1403966,3381,862964224,55061504,5104466,4795523,7,2,0,0,0,58349,127543
1778299652810,2550439936,54775808,767475712,242593792,955588608,1073737728,842738,53771,6,8243143,49939,0,1404772,3381,862964224,55061504,5105886,4797159,7,2,0,0,0,58349,127543
1778299653105,2550546432,54775808,767488000,242589696,955576320,1073737728,842738,53771,6,8244764,49939,0,1404772,3381,862964224,55061504,5106100,4797199,7,2,0,0,0,58349,127543
1778299653396,2550546432,54775808,767488000,242589696,955576320,1073737728,842738,53771,6,8246386,49939,0,1404772,3381,862964224,55061504,5106298,4797239,7,2,0,0,0,58349,127543
1778299653689,2551492608,54775808,767488000,242593792,955596800,1073737728,842738,53771,6,8248524,49939,0,1405576,3381,862964224,55061504,5107718,4797951,7,2,0,0,0,58349,127546
1778299653978,2551492608,54775808,767488000,242593792,955596800,1073737728,842738,53771,6,8250147,49939,0,1405576,3381,862964224,55061504,5109514,4798647,7,2,0,0,0,58349,127546
1778299654272,2551599104,54775808,767488000,242589696,955584512,1073737728,842738,53771,6,8251769,49939,0,1405576,3381,862964224,55061504,5111294,4799303,7,2,0,0,0,58349,127546
1778299654565,2551599104,54775808,767488000,242589696,955584512,1073737728,842738,53771,6,8253393,49939,0,1405576,3381,862964224,55061504,5111610,4799343,7,2,0,0,0,58349,127546
1778299654862,2552127488,54775808,767492096,242589696,955490304,1073737728,842738,53771,6,8255516,49939,0,1406379,3381,862964224,55061504,5113364,4800255,7,2,0,0,0,58349,127546
1778299655149,2552135680,54775808,767492096,242589696,955600896,1073737728,842738,53771,6,8257137,49939,0,1406379,3381,862964224,55061504,5113578,4801219,7,2,0,0,0,58349,127546
1778299655444,2552135680,54784000,767488000,242589696,955600896,1073737728,842738,53811,6,8258758,49939,0,1406379,3381,862964224,55102464,5113878,4801395,7,2,0,0,0,58349,127546
1778299655737,2552135680,54784000,767488000,242589696,955629568,1073737728,842738,53843,6,8260897,49939,0,1407189,3381,862964224,55135232,5115314,4803071,7,2,0,0,0,58350,127546
1778299656032,2552135680,54784000,767492096,242597888,955604992,1073737728,842738,53843,6,8262520,49939,0,1407189,3381,862964224,55135232,5115528,4803111,7,2,0,0,0,58351,127547
1778299656321,2552135680,54784000,767492096,242597888,955604992,1073737728,842738,53843,6,8264157,49939,0,1407189,3381,862964224,55135232,5115726,4803151,7,2,0,0,0,58351,127547
1778299656616,2552135680,54784000,767492096,242597888,955604992,1073737728,842738,53843,6,8265779,49939,0,1407189,3381,862964224,55135232,5115924,4803151,7,2,0,0,0,58351,127547
1778299656912,2552135680,54784000,767496192,242593792,955621376,1073737728,842738,53843,6,8267906,49939,0,1407994,3381,862964224,55135232,5118942,4804479,7,2,0,0,0,58351,127548
1778299657206,2552135680,54784000,767496192,242597888,955617280,1073737728,842738,53843,6,8269527,49939,0,1407994,3381,862964224,55135232,5120722,4805135,7,2,0,0,0,58351,127548
1778299657500,2552135680,54784000,767496192,242597888,955617280,1073737728,842738,53843,6,8271148,49939,0,1407994,3381,862964224,55135232,5120920,4805175,7,2,0,0,0,58351,127548
1778299657795,2552905728,54784000,767496192,242593792,955604992,1073737728,842738,53843,6,8273291,49939,0,1408803,3381,862964224,55135232,5122792,4806127,7,2,0,0,0,58351,127548
1778299658088,2552926208,54784000,767500288,242597888,955600896,1073737728,842738,53843,6,8274912,49939,0,1408803,3381,862964224,55135232,5123006,4807091,7,2,0,0,0,58351,127549
1778299658381,2552926208,54784000,767500288,242597888,955600896,1073737728,842738,53843,6,8276533,49939,0,1408803,3381,862964224,55135232,5123204,4807131,7,2,0,0,0,58351,127549
1778299658676,2552926208,54784000,767500288,242597888,955600896,1073737728,842738,53843,6,8278155,49939,0,1408803,3381,862964224,55135232,5123402,4808647,7,2,0,0,0,58351,127549
1778299658968,2553458688,54784000,767500288,242593792,955588608,1073737728,842738,53843,6,8280287,49939,0,1409616,3381,862964224,55135232,5124822,4808807,7,2,0,0,0,58351,127549
1778299659261,2553458688,54784000,767504384,242597888,955629568,1073737728,842738,53843,6,8281908,49939,0,1409616,3381,862964224,55135232,5125020,4808847,7,2,0,0,0,58351,127550
1778299659549,2553458688,54784000,767504384,242597888,955629568,1073737728,842738,53843,6,8283529,49939,0,1409616,3381,862964224,55135232,5125218,4808887,7,2,0,0,0,58351,127550
1778299659844,2552848384,54784000,767504384,242593792,955551744,1073737728,842738,53843,6,8285679,49939,0,1410418,3381,862964224,55135232,5126622,4809599,7,2,0,0,0,58351,127550
1778299660137,2552954880,54784000,767504384,242597888,955604992,1073737728,842738,53843,6,8287300,49939,0,1410418,3381,862964224,55135232,5128418,4810255,7,2,0,0,0,58351,127550
1778299660432,2552954880,54784000,767504384,242597888,955604992,1073737728,842738,53843,6,8288924,49939,0,1410418,3381,862964224,55139328,5130316,4810911,7,2,0,0,0,58351,127550
1778299660720,2552954880,54792192,767500288,242597888,955621376,1073737728,842738,53887,6,8290550,49939,0,1410418,3381,862964224,55180288,5130984,4811583,7,2,0,0,0,58351,127550
1778299661018,2552459264,54792192,767508480,242606080,955641856,1073737728,842738,53887,6,8292686,49939,0,1411224,3381,862964224,55204864,5132504,4812079,7,2,0,0,0,58352,127550
1778299661312,2552459264,54792192,767508480,242606080,955645952,1073737728,842738,53911,6,8294307,49939,0,1411224,3381,862964224,55204864,5132702,4813043,7,2,0,0,0,58353,127551
1778299661603,2552459264,54792192,767508480,242606080,955645952,1073737728,842738,53911,6,8295929,49939,0,1411224,3381,862964224,55204864,5132900,4813083,7,2,0,0,0,58353,127551
1778299661898,2552565760,54792192,767508480,242606080,955711488,1073737728,842738,53911,6,8298070,49939,0,1412029,3381,862964224,55204864,5134320,4814599,7,2,0,0,0,58353,127551
1778299662192,2552725504,54792192,767508480,242606080,955613184,1073737728,842738,53911,6,8299706,49939,0,1412029,3381,862964224,55204864,5134534,4814719,7,2,0,0,0,58353,127551
1778299662487,2552725504,54792192,767508480,242606080,955613184,1073737728,842738,53911,6,8301328,49939,0,1412029,3381,862964224,55204864,5134732,4814759,7,2,0,0,0,58353,127551
1778299662774,2552725504,54792192,767508480,242606080,955613184,1073737728,842738,53911,6,8302951,49939,0,1412029,3381,862964224,55204864,5135176,4815391,7,2,0,0,0,58353,127551
1778299663070,2553520128,54792192,767512576,242606080,955625472,1073737728,842738,53911,6,8305097,49939,0,1412838,3381,862964224,55204864,5137916,4816127,7,2,0,0,0,58353,127552
1778299663363,2553520128,54792192,767512576,242606080,955625472,1073737728,842738,53911,6,8306722,49939,0,1412838,3381,862964224,55204864,5139814,4816823,7,2,0,0,0,58353,127552
1778299663656,2553520128,54792192,767512576,242606080,955625472,1073737728,842738,53911,6,8308343,49939,0,1412838,3381,862964224,55204864,5140012,4816863,7,2,0,0,0,58353,127552
1778299663947,2553016320,54792192,767512576,242606080,955596800,1073737728,842738,53911,6,8310479,49940,0,1413643,3381,862964224,55204864,5141868,4817735,7,2,0,0,0,58353,127552
1778299664241,2553016320,54792192,767516672,242606080,955629568,1073737728,842738,53911,6,8312101,49940,0,1413643,3381,862964224,55204864,5142082,4818739,7,2,0,0,0,58353,127552
1778299664535,2553016320,54792192,767516672,242606080,955629568,1073737728,842738,53911,6,8313723,49940,0,1413643,3381,862964224,55204864,5142280,4818779,7,2,0,0,0,58353,127552
1778299664829,2553016320,54792192,767516672,242606080,955629568,1073737728,842738,53911,6,8315346,49940,0,1413643,3381,862964224,55204864,5142724,4820335,7,2,0,0,0,58353,127552
1778299665119,2553036800,54792192,767516672,242606080,955629568,1073737728,842738,53911,6,8317478,49940,0,1414446,3381,862964224,55204864,5143898,4820455,7,2,0,0,0,58353,127553
1778299665413,2553036800,54792192,767516672,242606080,955629568,1073737728,842738,53911,6,8319099,49940,0,1414446,3381,862964224,55204864,5144096,4820495,7,2,0,0,0,58353,127553
1778299665708,2553036800,54800384,767516672,242606080,955629568,1073737728,842738,53951,6,8320724,49940,0,1414446,3381,862964224,55245824,5144540,4821087,7,2,0,0,0,58353,127553
1778299666001,2552475648,54800384,767516672,242614272,955396096,1073737728,842738,53983,6,8322862,49940,0,1415255,3381,862964224,55278592,5147328,4821783,7,2,0,0,0,58355,127553
1778299666295,2552528896,54800384,767528960,242614272,955654144,1073737728,842738,54015,6,8324499,49940,0,1415255,3381,862964224,55311360,5149226,4822655,7,2,0,0,0,58355,127554
1778299666589,2552528896,54800384,767533056,242614272,955654144,1073737728,842738,54015,6,8326122,49940,0,1415255,3381,862964224,55311360,5149542,4822735,7,2,0,0,0,58355,127554
1778299666884,2552528896,54800384,767533056,242614272,955654144,1073737728,842738,54015,6,8327748,49940,0,1415255,3381,862964224,55311360,5150422,4823567,7,2,0,0,0,58355,127554
1778299667177,2552807424,54800384,767533056,242614272,955633664,1073737728,842738,54015,6,8329879,49940,0,1416062,3381,862964224,55311360,5151596,4824691,7,2,0,0,0,58355,127555
1778299667471,2552807424,54800384,767533056,242614272,955633664,1073737728,842738,54015,6,8331501,49940,0,1416062,3381,862964224,55311360,5151794,4824731,7,2,0,0,0,58355,127555
1778299667765,2552807424,54800384,767533056,242614272,955633664,1073737728,842738,54015,6,8333124,49940,0,1416062,3381,862964224,55311360,5152238,4826287,7,2,0,0,0,58355,127555
1778299668059,2553004032,54800384,767537152,242614272,955723776,1073737728,842738,54015,6,8335263,49940,0,1416865,3381,862964224,55311360,5153412,4826327,7,2,0,0,0,58355,127556
1778299668352,2553004032,54800384,767537152,242614272,955723776,1073737728,842738,54015,6,8336899,49940,0,1416865,3381,862964224,55311360,5153626,4826407,7,2,0,0,0,58355,127556
1778299668646,2553004032,54800384,767537152,242614272,955723776,1073737728,842738,54015,6,8338520,49940,0,1416865,3381,862964224,55311360,5153824,4826447,7,2,0,0,0,58355,127556
1778299668941,2553004032,54800384,767537152,242614272,955723776,1073737728,842738,54015,6,8340143,49940,0,1416865,3381,862964224,55311360,5155866,4827695,7,2,0,0,0,58355,127556
1778299669236,2553085952,54800384,767537152,242614272,955535360,1073737728,842738,54015,6,8342281,49940,0,1417671,3381,862964224,55311360,5158724,4828567,7,2,0,0,0,58355,127556
1778299669527,2553085952,54800384,767537152,242614272,955535360,1073737728,842738,54015,6,8343905,49940,0,1417671,3381,862964224,55311360,5159040,4828647,7,2,0,0,0,58355,127556
1778299669821,2553085952,54800384,767537152,242614272,955535360,1073737728,842738,54015,6,8345529,49940,0,1417671,3381,862964224,55311360,5159802,4829519,7,2,0,0,0,58355,127556
1778299670114,2552721408,54800384,767541248,242614272,955502592,1073737728,842738,54015,6,8347653,49940,0,1418480,3381,862964224,55311360,5161094,4830483,7,2,0,0,0,58355,127556
1778299670405,2552721408,54800384,767541248,242614272,955506688,1073737728,842738,54015,6,8349289,49940,0,1418480,3381,862964224,55311360,5161308,4830563,7,2,0,0,0,58355,127556
1778299670699,2552721408,54808576,767533056,242614272,955506688,1073737728,842738,54055,6,8350914,49940,0,1418480,3381,862964224,55352320,5161752,4832079,7,2,0,0,0,58355,127556
1778299670991,2552827904,54808576,767541248,242614272,955629568,1073737728,842738,54055,6,8352536,49940,0,1418480,3381,862964224,55352320,5161966,4832159,7,2,0,0,0,58355,127559
1778299671285,2553085952,54808576,767541248,242622464,955670528,1073737728,842738,54075,6,8354669,49940,0,1419291,3381,862964224,55372800,5163140,4832279,7,2,0,0,0,58357,127559
1778299671580,2553085952,54808576,767541248,242622464,955670528,1073737728,842738,54075,6,8356291,49940,0,1419291,3381,862964224,55372800,5163354,4832319,7,2,0,0,0,58357,127559
1778299671874,2553085952,54808576,767545344,242622464,955670528,1073737728,842738,54075,6,8357913,49940,0,1419291,3381,862964224,55372800,5163900,4833087,7,2,0,0,0,58357,127559
1778299672167,2552979456,54808576,767545344,242622464,955670528,1073737728,842738,54075,6,8359899,49940,0,1419982,3381,862964224,55372800,5166688,4833743,7,2,0,0,0,58357,127559
1778299672454,2552979456,54808576,767545344,242622464,955670528,1073737728,842738,54075,6,8361671,49940,0,1420098,3381,862964224,55372800,5168484,4834439,7,2,0,0,0,58357,127559
1778299672741,2552979456,54808576,767545344,242622464,955670528,1073737728,842738,54075,6,8363295,49940,0,1420098,3381,862964224,55372800,5169152,4835111,7,2,0,0,0,58357,127559
1778299673036,2553085952,54808576,767545344,242622464,955629568,1073737728,842738,54075,6,8364916,49940,0,1420098,3381,862964224,55372800,5169578,4835351,7,2,0,0,0,58357,127560
1778299673328,2553622528,54808576,767545344,242622464,955654144,1073737728,842738,54075,6,8367054,49940,0,1420901,3381,862964224,55372800,5170736,4836395,7,2,0,0,0,58357,127560
1778299673621,2553622528,54808576,767545344,242622464,955654144,1073737728,842738,54075,6,8368675,49940,0,1420901,3381,862964224,55372800,5170950,4836435,7,2,0,0,0,58357,127560
1778299673913,2553622528,54808576,767549440,242622464,955654144,1073737728,842738,54075,6,8370298,49940,0,1420901,3381,862964224,55372800,5171410,4837951,7,2,0,0,0,58357,127560
1778299674206,2553622528,54808576,767549440,242622464,955654144,1073737728,842738,54075,6,8371963,49940,0,1420904,3381,862964224,55372800,5171624,4837991,7,2,0,0,0,58357,127560
1778299674500,2553528320,54808576,767549440,242622464,955654144,1073737728,842738,54075,6,8374056,49940,0,1421708,3381,862964224,55372800,5172814,4838111,7,2,0,0,0,58357,127560
1778299674788,2553528320,54808576,767549440,242622464,955654144,1073737728,842738,54075,6,8375693,49940,0,1421710,3381,862964224,55372800,5173258,4838743,7,2,0,0,0,58357,127560
1778299675082,2553634816,54808576,767553536,242622464,955682816,1073737728,842738,54075,6,8377314,49940,0,1421710,3381,862964224,55372800,5175054,4839399,7,2,0,0,0,58357,127561
1778299675375,2553634816,54808576,767557632,242622464,955650048,1073737728,842738,54075,6,8379449,49940,0,1422516,3381,862964224,55372800,5177976,4840175,7,2,0,0,0,58357,127561
1778299675669,2553634816,54816768,767561728,242622464,955650048,1073737728,842738,54119,6,8381070,49940,0,1422516,3381,862964224,55417856,5178190,4840215,7,2,0,0,0,58357,127561
1778299675958,2553634816,54816768,767561728,242622464,955650048,1073737728,842738,54151,6,8382697,49940,0,1422516,3381,862964224,55450624,5179070,4841047,7,2,0,0,0,58357,127561
1778299676252,2553634816,54816768,767561728,242622464,955650048,1073737728,842738,54151,6,8384318,49940,0,1422516,3381,862964224,55450624,5179268,4842011,7,2,0,0,0,58357,127561
1778299676547,2553118720,54816768,767561728,242622464,955498496,1073737728,842738,54151,6,8386452,49940,0,1423325,3381,862964224,55450624,5180442,4842171,7,2,0,0,0,58357,127561
1778299676841,2553118720,54816768,767561728,242622464,955498496,1073737728,842738,54179,6,8388075,49940,0,1423325,3381,862964224,55479296,5180886,4843687,7,2,0,0,0,58357,127561
1778299677135,2553118720,54816768,767561728,242630656,955682816,1073737728,842738,54179,6,8389697,49940,0,1423325,3381,862964224,55479296,5181202,4843863,7,2,0,0,0,58359,127564
1778299677430,2553643008,54816768,767561728,242630656,955699200,1073737728,842738,54179,6,8391841,49940,0,1424131,3381,862964224,55479296,5182376,4844023,7,2,0,0,0,58359,127564
1778299677722,2553643008,54816768,767565824,242630656,955699200,1073737728,842738,54179,6,8393464,49940,0,1424131,3381,862964224,55479296,5182836,4844615,7,2,0,0,0,58359,127564
1778299678016,2553643008,54816768,767565824,242630656,955699200,1073737728,842738,54179,6,8395086,49940,0,1424131,3381,862964224,55479296,5184632,4845271,7,2,0,0,0,58359,127564
1778299678309,2553643008,54816768,767565824,242630656,955699200,1073737728,842738,54179,6,8396707,49940,0,1424131,3381,862964224,55479296,5186412,4845927,7,2,0,0,0,58359,127564
1778299678606,2553643008,54816768,767565824,242630656,955547648,1073737728,842738,54179,6,8398842,49940,0,1424933,3381,862964224,55479296,5187720,4846087,7,2,0,0,0,58359,127564
1778299678901,2553643008,54816768,767565824,242630656,955547648,1073737728,842738,54179,6,8400467,49940,0,1424933,3381,862964224,55479296,5188600,4846959,7,2,0,0,0,58359,127564
1778299679196,2553643008,54816768,767565824,242630656,955686912,1073737728,842738,54179,6,8402089,49940,0,1424933,3381,862964224,55479296,5188798,4847923,7,2,0,0,0,58359,127565
1778299679489,2553126912,54816768,767569920,242630656,955654144,1073737728,842738,54179,6,8404234,49940,0,1425741,3381,862964224,55479296,5189956,4848083,7,2,0,0,0,58359,127565
1778299679783,2553126912,54816768,767569920,242630656,955654144,1073737728,842738,54179,6,8405859,49940,0,1425741,3381,862964224,55479296,5190416,4849639,7,2,0,0,0,58359,127565
1778299680078,2553126912,54816768,767578112,242630656,955654144,1073737728,842738,54179,6,8407482,49940,0,1425741,3381,862964224,55479296,5190656,4849707,7,2,0,0,0,58359,127565
1778299680371,2553126912,54816768,767578112,242630656,955654144,1073737728,842738,54179,6,8409120,49940,0,1425741,3381,862964224,55479296,5190870,4849747,7,2,0,0,0,58359,127565
1778299680666,2552868864,54824960,767569920,242630656,955654144,1073737728,842738,54227,6,8411260,49940,0,1426549,3381,862964224,55528448,5192044,4849827,7,2,0,0,0,58359,127565
1778299680956,2552868864,54824960,767569920,242630656,955654144,1073737728,842738,54227,6,8412885,49940,0,1426549,3381,862964224,55528448,5194086,4851075,7,2,0,0,0,58359,127565
1778299681249,2552868864,54824960,767582208,242630656,955707392,1073737728,842738,54227,6,8414507,49940,0,1426549,3381,862964224,55528448,5196032,4851731,7,2,0,0,0,58359,127566
1778299681544,2552623104,54824960,767582208,242638848,955674624,1073737728,842738,54227,6,8416639,49940,0,1427358,3381,862964224,55528448,5197372,4851931,7,2,0,0,0,58361,127567
1778299681837,2552623104,54824960,767582208,242638848,955674624,1073737728,842738,54227,6,8418262,49940,0,1427358,3381,862964224,55528448,5198150,4852763,7,2,0,0,0,58361,127567
1778299682128,2552623104,54824960,767582208,242638848,955674624,1073737728,842738,54259,6,8419887,49940,0,1427358,3381,862964224,55561216,5198466,4853727,7,2,0,0,0,58361,127567
1778299682422,2552623104,54824960,767582208,242638848,955674624,1073737728,842738,54259,6,8421508,49940,0,1427358,3381,862964224,55561216,5198664,4853767,7,2,0,0,0,58361,127567
1778299682717,2552385536,54824960,767582208,242638848,955633664,1073737728,842738,54259,6,8423635,49940,0,1428165,3381,862964224,55561216,5200186,4855459,7,2,0,0,0,58361,127567
1778299683007,2552385536,54824960,767582208,242638848,955633664,1073737728,842738,54259,6,8425257,49940,0,1428165,3381,862964224,55561216,5200400,4855539,7,2,0,0,0,58361,127567
1778299683301,2552385536,54824960,767582208,242638848,955711488,1073737728,842738,54259,6,8426878,49940,0,1428165,3381,862964224,55561216,5200598,4855579,7,2,0,0,0,58361,127567
1778299683588,2551869440,54824960,767582208,242642944,955564032,1073737728,842738,54259,6,8429014,49941,0,1428967,3381,862964224,55561216,5201756,4855739,7,2,0,0,0,58361,127567
1778299683882,2551869440,54824960,767582208,242642944,955564032,1073737728,842738,54259,6,8430638,49941,0,1428967,3381,862964224,55561216,5202216,4856331,7,2,0,0,0,58361,127567
1778299684176,2551869440,54824960,767586304,242638848,955703296,1073737728,842738,54259,6,8432259,49941,0,1428967,3381,862964224,55561216,5203996,4856987,7,2,0,0,0,58361,127570
1778299684469,2551869440,54824960,767586304,242638848,955703296,1073737728,842738,54259,6,8433880,49941,0,1428967,3381,862964224,55561216,5205776,4857643,7,2,0,0,0,58361,127570
1778299684762,2551869440,54824960,767586304,242638848,955662336,1073737728,842738,54259,6,8436025,49941,0,1429777,3381,862964224,55561216,5207452,4858395,7,2,0,0,0,58361,127570
1778299685056,2551869440,54824960,767594496,242638848,955711488,1073737728,842738,54259,6,8437646,49941,0,1429777,3381,862964224,55561216,5207878,4858595,7,2,0,0,0,58361,127571
1778299685344,2551869440,54824960,767594496,242638848,955711488,1073737728,842738,54259,6,8439268,49941,0,1429777,3381,862964224,55561216,5208076,4859559,7,2,0,0,0,58361,127571
1778299685637,2551869440,54833152,767586304,242638848,955711488,1073737728,842738,54299,6,8441406,49941,0,1430589,3381,862964224,55602176,5209234,4860643,7,2,0,0,0,58361,127571
1778299685930,2551869440,54833152,767594496,242647040,955842560,1073737728,842738,54339,6,8443030,49941,0,1430589,3381,862964224,55643136,5209694,4861275,7,2,0,0,0,58363,127572
1778299686224,2551869440,54833152,767594496,242647040,955699200,1073737728,842738,54339,6,8444667,49941,0,1430589,3381,862964224,55643136,5209892,4861315,7,2,0,0,0,58363,127572
1778299686516,2551869440,54833152,767594496,242647040,955699200,1073737728,842738,54339,6,8446288,49941,0,1430589,3381,862964224,55643136,5210090,4861355,7,2,0,0,0,58363,127572
1778299686811,2551611392,54833152,767594496,242647040,955699200,1073737728,842738,54339,6,8448411,49941,0,1431393,3381,862964224,55643136,5211526,4861987,7,2,0,0,0,58363,127572
1778299687106,2551611392,54833152,767594496,242647040,955699200,1073737728,842738,54339,6,8450032,49941,0,1431393,3381,862964224,55667712,5213306,4862643,7,2,0,0,0,58363,127572
1778299687400,2551611392,54833152,767598592,242647040,955736064,1073737728,842738,54363,6,8451654,49941,0,1431393,3381,862964224,55667712,5215086,4863299,7,2,0,0,0,58363,127572
1778299687693,2551095296,54833152,767598592,242642944,955711488,1073737728,842738,54363,6,8453800,49941,0,1432202,3381,862964224,55667712,5216640,4864091,7,2,0,0,0,58363,127573
1778299687983,2551095296,54833152,767598592,242642944,955711488,1073737728,842738,54363,6,8455422,49941,0,1432202,3381,862964224,55667712,5217274,4864507,7,2,0,0,0,58363,127573
1778299688277,2551095296,54833152,767598592,242647040,955736064,1073737728,842738,54363,6,8457043,49941,0,1432202,3381,862964224,55667712,5217472,4865471,7,2,0,0,0,58363,127573
1778299688564,2551095296,54833152,767598592,242647040,955736064,1073737728,842738,54363,6,8458664,49941,0,1432202,3381,862964224,55667712,5217670,4865511,7,2,0,0,0,58363,127573
1778299688859,2551353344,54833152,767602688,242642944,955617280,1073737728,842738,54363,6,8460789,49941,0,1433007,3381,862964224,55667712,5219090,4867187,7,2,0,0,0,58363,127573
1778299689146,2551353344,54833152,767602688,242647040,955740160,1073737728,842738,54363,6,8462410,49941,0,1433007,3381,862964224,55667712,5219288,4867227,7,2,0,0,0,58363,127573
1778299689440,2551353344,54833152,767602688,242647040,955740160,1073737728,842738,54363,6,8464031,49941,0,1433007,3381,862964224,55667712,5219486,4867267,7,2,0,0,0,58363,127573
1778299689732,2551095296,54833152,767602688,242647040,955682816,1073737728,842738,54363,6,8466149,49941,0,1433810,3381,862964224,55667712,5220906,4868019,7,2,0,0,0,58363,127573
1778299690026,2551095296,54833152,767602688,242647040,955715584,1073737728,842738,54363,6,8467771,49941,0,1433810,3381,862964224,55667712,5222702,4868675,7,2,0,0,0,58363,127574
1778299690319,2551095296,54833152,767602688,242647040,955715584,1073737728,842738,54363,6,8469396,49941,0,1433810,3381,862964224,55667712,5224584,4869371,7,2,0,0,0,58363,127574
1778299690613,2551095296,54833152,767602688,242647040,955715584,1073737728,842738,54363,6,8471017,49941,0,1433810,3381,862964224,55708672,5224782,4869411,7,2,0,0,0,58363,127574
1778299690908,2551095296,54841344,767598592,242647040,955805696,1073737728,842738,54403,6,8473155,49941,0,1434617,3381,862964224,55708672,5226670,4870323,7,2,0,0,0,58363,127575
1778299691201,2551095296,54841344,767606784,242655232,955744256,1073737728,842738,54403,6,8474776,49941,0,1434617,3381,862964224,55708672,5226884,4871375,7,2,0,0,0,58365,127575
1778299691495,2551095296,54841344,767606784,242655232,955744256,1073737728,842738,54403,6,8476397,49941,0,1434620,3381,862964224,55708672,5228434,4871559,7,2,0,0,0,58365,127575
1778299691788,2550591488,54841344,767606784,242651136,955666432,1073737728,842738,54403,6,8478413,49941,0,1435033,3381,862964224,55708672,5229092,4873115,7,2,0,0,0,58365,127575
1778299692082,2550591488,54841344,767606784,242647040,955400192,1073737728,842738,54403,6,8480027,49941,0,1435042,3381,862964224,55708672,5229306,4873195,7,2,0,0,0,58365,127575
1778299692376,2550591488,54841344,767606784,242647040,955400192,1073737728,842738,54419,6,8481656,49941,0,1435042,3381,862964224,55725056,5229622,4873371,7,2,0,0,0,58365,127575
1778299692669,2550591488,54841344,767606784,242647040,955400192,1073737728,842738,54419,6,8483268,49941,0,1435042,3381,862964224,55725056,5229836,4873411,7,2,0,0,0,58365,127575
1778299692960,2550591488,54841344,767606784,242647040,955400192,1073737728,842738,54419,6,8484883,49941,0,1435042,3381,862964224,55725056,5231878,4874619,7,2,0,0,0,58365,127575
1778299693253,2550591488,54841344,767619072,242647040,955400192,1073737728,842738,54419,6,8486495,49941,0,1435042,3381,862964224,55725056,5233674,4875275,7,2,0,0,0,58365,127575
1778299693548,2550591488,54841344,767623168,242647040,955400192,1073737728,842738,54419,6,8488110,49941,0,1435042,3381,862964224,55725056,5234006,4875315,7,2,0,0,0,58365,127575
1778299693841,2550591488,54841344,767623168,242647040,955400192,1073737728,842738,54419,6,8489726,49941,0,1435042,3381,862964224,55725056,5234886,4876147,7,2,0,0,0,58365,127575
1778299694133,2550591488,54841344,767623168,242647040,955400192,1073737728,842738,54419,6,8491340,49941,0,1435042,3381,862964224,55725056,5235100,4877111,7,2,0,0,0,58365,127575
1778299694427,2550591488,54841344,767623168,242647040,955400192,1073737728,842738,54419,6,8492953,49941,0,1435042,3381,862964224,55725056,5235314,4877151,7,2,0,0,0,58365,127575
1778299694717,2550591488,54841344,767623168,242647040,955400192,1073737728,842738,54419,6,8494567,49941,0,1435042,3381,862964224,55725056,5235774,4878667,7,2,0,0,0,58365,127575
1778299695007,2550591488,54841344,767623168,242647040,955400192,1073737728,842738,54419,6,8496180,49941,0,1435042,3381,862964224,55725056,5235988,4878747,7,2,0,0,0,58365,127575
1778299695301,2550591488,54841344,767627264,242647040,955400192,1073737728,842738,54419,6,8497794,49941,0,1435042,3381,862964224,55725056,5237580,4878931,7,2,0,0,0,58365,127575
1778299695593,2550591488,54841344,767627264,242651136,955461632,1073737728,842738,54419,6,8499611,49943,0,1435556,3381,862964224,55725056,5238078,4879163,7,2,0,0,0,58365,127576
1778299695888,2550591488,54849536,767627264,242651136,955461632,1073737728,842738,54479,6,8501232,49943,0,1435560,3381,862964224,55786496,5238538,4879755,7,2,0,0,0,58365,127576
1778299696181,2550591488,54849536,767627264,242655232,955748352,1073737728,842738,54479,6,8502853,49943,0,1435561,3381,862964224,55786496,5240334,4880411,7,2,0,0,0,58365,127580
1778299696476,2550591488,54849536,767627264,242655232,955809792,1073737728,842738,54479,6,8504971,49943,0,1436357,3381,862964224,55786496,5244120,4881147,7,2,0,0,0,58365,127580
1778299696769,2550591488,54849536,767631360,242655232,955801600,1073737728,842738,54479,6,8506595,49943,0,1436366,3381,862964224,55786496,5244788,4882075,7,2,0,0,0,58365,127580
1778299697063,2550591488,54849536,767631360,242655232,955801600,1073737728,842738,54479,6,8508217,49943,0,1436367,3381,862964224,55839744,5245214,4882583,7,2,0,0,0,58365,127580
1778299697354,2643288064,54865920,767631360,242814976,872452096,1073737728,842738,54555,6,8531044,49983,0,1439317,3381,862964224,55864320,5245798,4883407,7,2,0,0,0,58404,127543
1778299697648,2643054592,54865920,767631360,242827264,872345600,1073737728,842738,54583,6,8533136,49983,0,1440109,3381,862964224,55892992,5247020,4884411,7,2,0,0,0,58408,127543
1778299697941,2643054592,54865920,767631360,242827264,872345600,1073737728,842738,54583,6,8534725,49983,0,1440112,3381,862968320,55892992,5247480,4885003,7,2,0,0,0,58408,127543
1778299698235,2642825216,54865920,767614976,242827264,870846464,1073737728,842742,54583,6,8536805,49983,0,1440553,3381,862968320,55892992,5248608,4885171,7,2,0,0,0,58411,127543
