ms,MemFree,Buffers,Cached,Active,Inactive,SwapFree,pgpgin,pgpgout,pgalloc_dma,pgfree,pgactivate,pgdeactivate,pgfault,pgmajfault,Disk_Read,Disk_Write,Net_Sent,Net_Received,Tcp_Listen,Tcp_Established,Tcp_Syn,Tcp_TimeWait,Tcp_Close,nr_active_file,nr_inactive_file
1778176629620,2600570880,61464576,812838912,290889728,853540864,1073737728,854647,47751,6,5403092,54322,0,3852735,3469,875159040,48897024,5055121,1691484,9,2,0,0,0,70140,125287
1778176629940,2624471040,61464576,812810240,291389440,829579264,1073737728,854647,47751,6,5412852,54462,0,3856100,3469,875159040,48897024,5057161,1691912,9,2,0,0,0,70261,125153
1778176630230,2624212992,61464576,812810240,291389440,829882368,1073737728,854647,47751,6,5414481,54462,0,3856195,3469,875159040,48897024,5057333,1692040,9,2,0,0,0,70261,125153
1778176630525,2624212992,61464576,812810240,291389440,826974208,1073737728,854647,47751,6,5419125,54463,0,3859158,3469,875159040,48897024,5057911,1692168,9,2,0,0,0,70261,125153
1778176630820,2623967232,61464576,812810240,291508224,825221120,1073737728,854647,47751,6,5424127,54465,0,3863418,3469,875159040,48897024,5059305,1692328,9,2,0,0,0,70290,125124
1778176631114,2622418944,61464576,812810240,291508224,833556480,1073737728,854647,47751,6,5426168,54468,0,3865909,3469,875159040,48897024,5059863,1692448,9,2,0,0,0,70290,125124
1778176631406,2619064320,61464576,812810240,291508224,837193728,1073737728,854647,47751,6,5427907,54468,0,3867030,3469,875159040,48897024,5059981,1692576,9,2,0,0,0,70290,125124
1778176631695,2616999936,61476864,812802048,291586048,842813440,1073737728,854647,47963,6,5429583,54484,0,3868590,3469,875159040,49114112,5060207,1692704,9,2,0,0,0,70310,125105
1778176631987,2608496640,61476864,812818432,291610624,850690048,1073737728,854647,47963,6,5431891,54491,0,3871531,3469,875159040,49114112,5061371,1692952,9,2,0,0,0,70314,125104
1778176632281,2607206400,61476864,812818432,291610624,852205568,1073737728,854647,47963,6,5433595,54491,0,3872010,3469,875159040,49114112,5061543,1693080,9,2,0,0,0,70314,125104
1778176632575,2599206912,61476864,813436928,291627008,859480064,1073737728,854647,47963,6,5435246,54493,0,3874093,3469,875159040,49114112,5085107,1715024,9,2,0,0,0,70316,125103
1778176632868,2598690816,61476864,813436928,291647488,860151808,1073737728,854647,47963,6,5436940,54493,0,3874357,3469,875159040,49114112,5088711,1717484,9,2,0,0,0,70321,125098
1778176633162,2598432768,61476864,813436928,291647488,860233728,1073737728,854647,47963,6,5439037,54493,0,3875034,3469,875159040,49114112,5090905,1718532,9,2,0,0,0,70321,125098
1778176633456,2598432768,61476864,813436928,291647488,860233728,1073737728,854647,47963,6,5440676,54493,0,3875036,3469,875159040,49114112,5091775,1719324,9,2,0,0,0,70321,125098
1778176633751,2598432768,61476864,813436928,291647488,860258304,1073737728,854647,47963,6,5442321,54493,0,3875036,3469,875159040,49122304,5091947,1719452,9,2,0,0,0,70321,125098
1778176634044,2588110848,61476864,813436928,291647488,870305792,1073737728,854647,47971,6,5444465,54493,0,3878330,3469,875159040,49122304,5093267,1719828,9,2,0,0,0,70321,125098
1778176634338,2558836736,61476864,813436928,291647488,891822080,1073737728,854647,47971,6,5454805,54493,0,3893247,3469,875159040,49122304,5094205,1720172,9,2,0,0,0,70321,125098
1778176634632,2543730688,61480960,813441024,291659776,915456000,1073737728,854647,48091,6,5456467,54495,0,3899620,3469,875159040,49245184,5094377,1720252,9,2,0,0,0,70324,125096
1778176634930,2532425728,61480960,813441024,291721216,922636288,1073737728,854647,48091,6,5462296,54527,0,3906491,3469,875159040,49245184,5095495,1721292,9,2,0,0,0,70338,125082
1778176635225,2519748608,61480960,813338624,291794944,935428096,1073737728,854647,48091,6,5465688,54530,0,3912949,3469,875159040,49245184,5096985,1721492,9,2,0,0,0,70356,125023
1778176635519,2516135936,61480960,813338624,291803136,942460928,1073737728,854647,48091,6,5467355,54530,0,3915554,3469,875159040,49245184,5097259,1721748,9,2,0,0,0,70358,125021
1778176635816,2516135936,61480960,813367296,291807232,942567424,1073737728,854647,48091,6,5469021,54530,0,3915555,3469,875159040,49245184,5098529,1722492,9,2,0,0,0,70358,125022
1778176636113,2515890176,61480960,813367296,291803136,942477312,1073737728,854647,48091,6,5471071,54530,0,3915970,3469,875159040,49245184,5099863,1723188,9,2,0,0,0,70358,125022
1778176636408,2515890176,61480960,813367296,291803136,942477312,1073737728,854647,48091,6,5472729,54530,0,3915970,3469,875159040,49245184,5100061,1723228,9,2,0,0,0,70358,125022
1778176636704,2515890176,61493248,813367296,291803136,942477312,1073737728,854647,48187,6,5474392,54530,0,3915972,3469,875159040,49343488,5100393,1723308,9,2,0,0,0,70358,125022
1778176637000,2515890176,61493248,813367296,291799040,942223360,1073737728,854647,48187,6,5476049,54530,0,3915974,3469,875159040,49343488,5100591,1723348,9,2,0,0,0,70358,125023
1778176637295,2515890176,61493248,813371392,291799040,942223360,1073737728,854647,48187,6,5477706,54530,0,3915974,3469,875159040,49343488,5100805,1723388,9,2,0,0,0,70358,125023
1778176637591,2515890176,61493248,813371392,291799040,942223360,1073737728,854647,48187,6,5479364,54530,0,3915975,3469,875159040,49343488,5101159,1723564,9,2,0,0,0,70358,125023
1778176637882,2515890176,61493248,813371392,291799040,942223360,1073737728,854647,48187,6,5481021,54530,0,3915977,3469,875159040,49343488,5101357,1723604,9,2,0,0,0,70358,125023
1778176638179,2515890176,61493248,813371392,291799040,942223360,1073737728,854647,48187,6,5482679,54530,0,3915977,3469,875159040,49343488,5101555,1723644,9,2,0,0,0,70358,125023
1778176638470,2515890176,61493248,813371392,291799040,942223360,1073737728,854647,48187,6,5484336,54530,0,3915978,3469,875159040,49343488,5101753,1723684,9,2,0,0,0,70358,125023
1778176638766,2515890176,61493248,813371392,291799040,942223360,1073737728,854647,48187,6,5485993,54530,0,3915981,3469,875159040,49343488,5101951,1723724,9,2,0,0,0,70358,125023
1778176639063,2515890176,61493248,813371392,291799040,942231552,1073737728,854647,48203,6,5487651,54530,0,3915982,3469,875159040,49359872,5104025,1724996,9,2,0,0,0,70358,125024
1778176639359,2515890176,61493248,813371392,291799040,942231552,1073737728,854647,48203,6,5489308,54530,0,3915983,3469,875159040,49359872,5104239,1725036,9,2,0,0,0,70358,125024
1778176639654,2515890176,61493248,813371392,291799040,942231552,1073737728,854647,48203,6,5490968,54530,0,3915985,3469,875159040,49413120,5104657,1725212,9,2,0,0,0,70358,125024
1778176639949,2515890176,61493248,813375488,291799040,942231552,1073737728,854647,48255,6,5492624,54530,0,3915998,3469,875159040,49413120,5104855,1725252,9,2,0,0,0,70358,125024
1778176640243,2515890176,61493248,813375488,291799040,942231552,1073737728,854647,48263,6,5494280,54530,0,3915998,3469,875159040,49421312,5105053,1725292,9,2,0,0,0,70358,125024
1778176640541,2515890176,61493248,813375488,291799040,942231552,1073737728,854647,48263,6,5495937,54530,0,3915999,3469,875159040,49421312,5105267,1725332,9,2,0,0,0,70358,125024
1778176640836,2515890176,61493248,813375488,291799040,942231552,1073737728,854647,48263,6,5497594,54530,0,3915999,3469,875159040,49421312,5105465,1725372,9,2,0,0,0,70358,125024
1778176641132,2515660800,61493248,813375488,291799040,942231552,1073737728,854647,48263,6,5499267,54530,0,3916044,3469,875159040,49421312,5131723,1755356,9,2,0,0,0,70358,125024
1778176641426,2515660800,61493248,813375488,291799040,942231552,1073737728,854647,48263,6,5500924,54530,0,3916045,3469,875159040,49421312,5132133,1758568,9,2,0,0,0,70358,125024
1778176641723,2515660800,61493248,813375488,291799040,942231552,1073737728,854647,48263,6,5502584,54530,0,3916057,3469,875159040,49445888,5133415,1766660,9,2,0,0,0,70358,125024
1778176642019,2515660800,61501440,813379584,291811328,942358528,1073737728,854647,48287,6,5504241,54530,0,3916058,3469,875159040,49445888,5137371,1769044,9,2,0,0,0,70361,125025
1778176642315,2515660800,61501440,813383680,291811328,942358528,1073737728,854647,48287,6,5505901,54530,0,3916059,3469,875159040,49445888,5137703,1769084,9,2,0,0,0,70361,125025
1778176642611,2515660800,61501440,813383680,291811328,942358528,1073737728,854647,48287,6,5507564,54530,0,3916059,3469,875159040,49445888,5138035,1769124,9,2,0,0,0,70361,125025
1778176642907,2515660800,61501440,813391872,291811328,942358528,1073737728,854647,48287,6,5509222,54530,0,3916060,3469,875159040,49445888,5138233,1769204,9,2,0,0,0,70361,125025
1778176643203,2515660800,61501440,813391872,291811328,942358528,1073737728,854647,48287,6,5510880,54530,0,3916060,3469,875159040,49445888,5138447,1769244,9,2,0,0,0,70361,125025
1778176643496,2515660800,61501440,813391872,291811328,942358528,1073737728,854647,48287,6,5512539,54530,0,3916060,3469,875159040,49445888,5138661,1769284,9,2,0,0,0,70361,125025
1778176643793,2515660800,61501440,813391872,291811328,942358528,1073737728,854647,48287,6,5514198,54530,0,3916060,3469,875159040,49445888,5138977,1769460,9,2,0,0,0,70361,125025
1778176644087,2515660800,61501440,813391872,291811328,942358528,1073737728,854647,48287,6,5515856,54530,0,3916060,3469,875159040,49445888,5139175,1769500,9,2,0,0,0,70361,125025
1778176644384,2515660800,61501440,813391872,291811328,942358528,1073737728,854647,48307,6,5517514,54530,0,3916060,3469,875159040,49466368,5139479,1769620,9,2,0,0,0,70361,125025
1778176644681,2515660800,61501440,813395968,291811328,942419968,1073737728,854647,48307,6,5519172,54530,0,3916060,3469,875159040,49466368,5139677,1770584,9,2,0,0,0,70361,125028
1778176644976,2515660800,61501440,813395968,291815424,942444544,1073737728,854647,48307,6,5520830,54530,0,3916061,3469,875159040,49466368,5142395,1771856,9,2,0,0,0,70362,125030
1778176645272,2515660800,61501440,813395968,291815424,942444544,1073737728,854647,48307,6,5522491,54530,0,3916061,3469,875159040,49466368,5142727,1771936,9,2,0,0,0,70362,125030
1778176645568,2515660800,61501440,813395968,291815424,942444544,1073737728,854647,48307,6,5524150,54530,0,3916061,3469,875159040,49466368,5142941,1771976,9,2,0,0,0,70362,125030
1778176645859,2515660800,61501440,813400064,291815424,942444544,1073737728,854647,48307,6,5525808,54530,0,3916061,3469,875159040,49466368,5143241,1772200,9,2,0,0,0,70362,125030
1778176646155,2515660800,61501440,813400064,291815424,942444544,1073737728,854647,48307,6,5527468,54530,0,3916061,3469,875159040,49466368,5143481,1772296,9,2,0,0,0,70362,125030
1778176646451,2515660800,61501440,813400064,291815424,942444544,1073737728,854647,48307,6,5529127,54530,0,3916061,3469,875159040,49466368,5143679,1772336,9,2,0,0,0,70362,125030
1778176646747,2515660800,61501440,813400064,291815424,942444544,1073737728,854647,48307,6,5530785,54530,0,3916061,3469,875159040,49466368,5143877,1772376,9,2,0,0,0,70362,125030
1778176647038,2515660800,61509632,813400064,291815424,942444544,1073737728,854647,48331,6,5532457,54530,0,3916061,3469,875159040,49490944,5144075,1772416,9,2,0,0,0,70362,125030
1778176647335,2515660800,61509632,813400064,291815424,942444544,1073737728,854647,48331,6,5534115,54530,0,3916061,3469,875159040,49490944,5144379,1772536,9,2,0,0,0,70362,125030
1778176647630,2515660800,61509632,813400064,291815424,942444544,1073737728,854647,48331,6,5535772,54530,0,3916061,3469,875159040,49490944,5144577,1773500,9,2,0,0,0,70362,125030
1778176647927,2515660800,61509632,813404160,291815424,942444544,1073737728,854647,48339,6,5537431,54530,0,3916061,3469,875159040,49499136,5147397,1774908,9,2,0,0,0,70362,125030
1778176648223,2515660800,61509632,813404160,291815424,942444544,1073737728,854647,48339,6,5539090,54530,0,3916062,3469,875159040,49499136,5147595,1774948,9,2,0,0,0,70362,125030
1778176648518,2515660800,61509632,813404160,291815424,942444544,1073737728,854647,48339,6,5540749,54530,0,3916063,3469,875159040,49499136,5147911,1775028,9,2,0,0,0,70362,125030
1778176648814,2515660800,61509632,813404160,291819520,942493696,1073737728,854647,48339,6,5542406,54530,0,3916063,3469,875159040,49499136,5148109,1775068,9,2,0,0,0,70363,125030
1778176649110,2515660800,61509632,813404160,291819520,942493696,1073737728,854647,48339,6,5544063,54530,0,3916063,3469,875159040,49499136,5148307,1775108,9,2,0,0,0,70363,125030
1778176649406,2515660800,61509632,813404160,291819520,942493696,1073737728,854647,48339,6,5545720,54530,0,3916063,3469,875159040,49523712,5148505,1775148,9,2,0,0,0,70363,125030
1778176649703,2515660800,61509632,813404160,291819520,942493696,1073737728,854647,48363,6,5547379,54530,0,3916063,3469,875159040,49523712,5148703,1775188,9,2,0,0,0,70363,125030
1778176649998,2515660800,61509632,813408256,291827712,942505984,1073737728,854647,48363,6,5549039,54530,0,3916074,3469,875159040,49523712,5149003,1775364,9,2,0,0,0,70365,125033
1778176650295,2515660800,61509632,813408256,291827712,942505984,1073737728,854647,48363,6,5550696,54530,0,3916094,3469,875159040,49523712,5179215,1787088,9,2,0,0,0,70365,125033
1778176650593,2515660800,61509632,813408256,291827712,942505984,1073737728,854647,48363,6,5552355,54530,0,3916117,3469,875159040,49523712,5183139,1814296,9,2,0,0,0,70365,125033
1778176650888,2515660800,61509632,813412352,291827712,942505984,1073737728,854647,48363,6,5554017,54530,0,3916117,3469,875159040,49523712,5186619,1817456,9,2,0,0,0,70365,125033
1778176651183,2515660800,61509632,813416448,291827712,942505984,1073737728,854647,48363,6,5555675,54530,0,3916117,3469,875159040,49523712,5186833,1817496,9,2,0,0,0,70365,125033
1778176651473,2515660800,61509632,813416448,291827712,942567424,1073737728,854647,48363,6,5557333,54530,0,3916141,3469,875159040,49523712,5188357,1818804,9,2,0,0,0,70365,125033
1778176651762,2515660800,61509632,813416448,291827712,942751744,1073737728,854647,48363,6,5558996,54530,0,3916159,3469,875159040,49523712,5189095,1819152,9,2,0,0,0,70365,125033
1778176652059,2515660800,61509632,813416448,291827712,942751744,1073737728,854647,48363,6,5560656,54530,0,3916159,3469,875159040,49560576,5189497,1819368,9,2,0,0,0,70365,125033
1778176652355,2515660800,61517824,813412352,291827712,942751744,1073737728,854647,48399,6,5562315,54530,0,3916160,3469,875159040,49560576,5189711,1819408,9,2,0,0,0,70365,125033
1778176652650,2515660800,61517824,813412352,291827712,942751744,1073737728,854647,48399,6,5563975,54530,0,3916161,3469,875159040,49560576,5190369,1820081,9,2,0,0,0,70365,125033
1778176652947,2515660800,61517824,813416448,291827712,942751744,1073737728,854647,48399,6,5565650,54530,0,3916161,3469,875159040,49560576,5190583,1820194,9,2,0,0,0,70365,125033
1778176653238,2515660800,61517824,813416448,291827712,942751744,1073737728,854647,48399,6,5567307,54530,0,3916163,3469,875159040,49560576,5190797,1820234,9,2,0,0,0,70365,125033
1778176653535,2515660800,61517824,813416448,291827712,942751744,1073737728,854647,48399,6,5568966,54530,0,3916163,3469,875159040,49560576,5191683,1821938,9,2,0,0,0,70365,125033
1778176653831,2515660800,61517824,813420544,291827712,942751744,1073737728,854647,48399,6,5570625,54530,0,3916164,3469,875159040,49560576,5193479,1823518,9,2,0,0,0,70365,125033
1778176654126,2515660800,61517824,813420544,291827712,942751744,1073737728,854647,48399,6,5572282,54530,0,3916164,3469,875159040,49560576,5195377,1824350,9,2,0,0,0,70365,125033
1778176654421,2515660800,61517824,813420544,291827712,942751744,1073737728,854647,48399,6,5573943,54530,0,3916165,3469,875159040,49560576,5195709,1824390,9,2,0,0,0,70365,125033
1778176654719,2515660800,61517824,813420544,291831808,942796800,1073737728,854647,48419,6,5575603,54530,0,3916165,3469,875159040,49581056,5196583,1825222,9,2,0,0,0,70366,125034
1778176655015,2515660800,61517824,813424640,291831808,942796800,1073737728,854647,48419,6,5577262,54530,0,3916165,3469,875159040,49581056,5196797,1825262,9,2,0,0,0,70366,125034
1778176655311,2515660800,61517824,813424640,291831808,942796800,1073737728,854647,48419,6,5578918,54530,0,3916165,3469,875159040,49581056,5197011,1825302,9,2,0,0,0,70366,125034
1778176655607,2515660800,61517824,813424640,291831808,942796800,1073737728,854647,48419,6,5580578,54530,0,3916168,3469,875159040,49581056,5198251,1826058,9,2,0,0,0,70366,125034
1778176655903,2515660800,61517824,813424640,291831808,942796800,1073737728,854647,48419,6,5582235,54530,0,3916168,3469,875159040,49581056,5198465,1826098,9,2,0,0,0,70366,125034
1778176656199,2515660800,61517824,813424640,291831808,942796800,1073737728,854647,48419,6,5583893,54530,0,3916168,3469,875159040,49581056,5198663,1826138,9,2,0,0,0,70366,125034
1778176656489,2515660800,61517824,813432832,291831808,942796800,1073737728,854647,48419,6,5585553,54530,0,3916168,3469,875159040,49581056,5199465,1827642,9,2,0,0,0,70366,125034
1778176656787,2515660800,61517824,813432832,291831808,942796800,1073737728,854647,48419,6,5587211,54530,0,3916168,3469,875159040,49581056,5199891,1828806,9,2,0,0,0,70366,125034
1778176657084,2515660800,61517824,813432832,291831808,942796800,1073737728,854647,48419,6,5588871,54530,0,3916168,3469,875159040,49728512,5203371,1830254,9,2,0,0,0,70366,125034
1778176657380,2515660800,61526016,813424640,291831808,942796800,1073737728,854647,48591,6,5590529,54530,0,3916168,3469,875159040,49757184,5203585,1830294,9,2,0,0,0,70366,125034
1778176657677,2515660800,61526016,813424640,291831808,942796800,1073737728,854647,48591,6,5592191,54530,0,3916168,3469,875159040,49757184,5204689,1831086,9,2,0,0,0,70366,125034
1778176657974,2515660800,61526016,813441024,291835904,942817280,1073737728,854647,48591,6,5593848,54530,0,3916168,3469,875159040,49757184,5204887,1831126,9,2,0,0,0,70367,125034
1778176658271,2515660800,61526016,813441024,291835904,942817280,1073737728,854647,48591,6,5595505,54530,0,3916168,3469,875159040,49757184,5205085,1831166,9,2,0,0,0,70367,125034
1778176658567,2515660800,61526016,813441024,291835904,942817280,1073737728,854647,48591,6,5597166,54530,0,3916168,3469,875159040,49757184,5205973,1831922,9,2,0,0,0,70367,125034
1778176658862,2515660800,61526016,813441024,291835904,942817280,1073737728,854647,48591,6,5598823,54530,0,3916168,3469,875159040,49757184,5206187,1831962,9,2,0,0,0,70367,125034
1778176659159,2515660800,61526016,813441024,291835904,942817280,1073737728,854647,48591,6,5600495,54530,0,3916168,3469,875159040,49757184,5206385,1832002,9,2,0,0,0,70367,125034
1778176659452,2515660800,61526016,813441024,291835904,942817280,1073737728,854647,48591,6,5602155,54530,0,3916168,3469,875159040,49757184,5207171,1833506,9,2,0,0,0,70367,125034
1778176659743,2515660800,61526016,813441024,291835904,942817280,1073737728,854647,48591,6,5603815,54530,0,3916170,3469,875159040,49757184,5207699,1834846,9,2,0,0,0,70367,125034
1778176660032,2515660800,61526016,813445120,291840000,942833664,1073737728,854647,48615,6,5605474,54530,0,3916170,3469,875159040,49781760,5211061,1836118,9,2,0,0,0,70368,125036
1778176660328,2515660800,61526016,813445120,291840000,942833664,1073737728,854647,48615,6,5607132,54530,0,3916170,3469,875159040,49781760,5211259,1836158,9,2,0,0,0,70368,125036
1778176660623,2515660800,61526016,813445120,291840000,942833664,1073737728,854647,48615,6,5608794,54530,0,3916170,3469,875159040,49781760,5212379,1836950,9,2,0,0,0,70368,125036
1778176660919,2515660800,61526016,813449216,291840000,942833664,1073737728,854647,48615,6,5610451,54530,0,3916170,3469,875159040,49781760,5212593,1836990,9,2,0,0,0,70368,125036
1778176661215,2515660800,61526016,813449216,291840000,942833664,1073737728,854647,48615,6,5612110,54530,0,3916170,3469,875159040,49781760,5212893,1837166,9,2,0,0,0,70368,125036
1778176661509,2515660800,61526016,813449216,291840000,942833664,1073737728,854647,48627,6,5613770,54530,0,3916170,3469,875159040,49794048,5213679,1837746,9,2,0,0,0,70368,125036
1778176661807,2515660800,61526016,813449216,291844096,942837760,1073737728,854647,48627,6,5615428,54530,0,3916170,3469,875159040,49794048,5213893,1837826,9,2,0,0,0,70369,125037
1778176662102,2515660800,61526016,813449216,291844096,942837760,1073737728,854647,48627,6,5617085,54530,0,3916170,3469,875159040,49794048,5214091,1837866,9,2,0,0,0,70369,125037
1778176662398,2515660800,61526016,813449216,291844096,942837760,1073737728,854647,48627,6,5618741,54530,0,3916170,3469,875159040,49794048,5214289,1837906,9,2,0,0,0,70369,125037
1778176662695,2515660800,61534208,813449216,291844096,942837760,1073737728,854647,48667,6,5620402,54530,0,3916171,3469,875159040,49835008,5215389,1839706,9,2,0,0,0,70369,125037
1778176662991,2515660800,61534208,813449216,291844096,942837760,1073737728,854647,48667,6,5622060,54530,0,3916171,3469,875159040,49835008,5218751,1841902,9,2,0,0,0,70369,125037
1778176663287,2515660800,61534208,813449216,291844096,942837760,1073737728,854647,48667,6,5623718,54530,0,3916171,3469,875159040,49835008,5219067,1841942,9,2,0,0,0,70369,125037
1778176663582,2515660800,61534208,813449216,291844096,942837760,1073737728,854647,48667,6,5625379,54530,0,3916171,3469,875159040,49835008,5220053,1842734,9,2,0,0,0,70369,125037
1778176663878,2515660800,61534208,813457408,291844096,942837760,1073737728,854647,48667,6,5627039,54530,0,3916173,3469,875159040,49835008,5220471,1842950,9,2,0,0,0,70369,125037
1778176664175,2515660800,61534208,813457408,291844096,942837760,1073737728,854647,48667,6,5628697,54530,0,3916173,3469,875159040,49835008,5220669,1842990,9,2,0,0,0,70369,125037
1778176664465,2515660800,61534208,813457408,291844096,942837760,1073737728,854647,48667,6,5630356,54530,0,3916175,3469,875159040,49835008,5221471,1843570,9,2,0,0,0,70369,125037
1778176664757,2515660800,61534208,813461504,291844096,942837760,1073737728,854647,48667,6,5632014,54530,0,3916175,3469,875159040,49835008,5221685,1843650,9,2,0,0,0,70369,125037
1778176665052,2515660800,61534208,813461504,291844096,942837760,1073737728,854647,48667,6,5633688,54530,0,3916175,3469,875159040,49859584,5221883,1843690,9,2,0,0,0,70369,125037
1778176665348,2515660800,61534208,813461504,291844096,942837760,1073737728,854647,48691,6,5635346,54530,0,3916175,3469,875159040,49859584,5222183,1843906,9,2,0,0,0,70369,125037
1778176665639,2515660800,61534208,813461504,291844096,942837760,1073737728,854647,48691,6,5637004,54530,0,3916175,3469,875159040,49859584,5223181,1845570,9,2,0,0,0,70369,125037
1778176665935,2515660800,61534208,813461504,291844096,942845952,1073737728,854647,48691,6,5638662,54530,0,3916175,3469,875159040,49859584,5226559,1847766,9,2,0,0,0,70369,125038
1778176666231,2515660800,61534208,813461504,291844096,942845952,1073737728,854647,48691,6,5640322,54530,0,3916175,3469,875159040,49859584,5226859,1847846,9,2,0,0,0,70369,125038
1778176666527,2515660800,61534208,813461504,291844096,942845952,1073737728,854647,48691,6,5641981,54530,0,3916175,3469,875159040,49859584,5227731,1848562,9,2,0,0,0,70369,125038
1778176666823,2515660800,61534208,813465600,291844096,942845952,1073737728,854647,48691,6,5643642,54530,0,3916175,3469,875159040,49859584,5228145,1848814,9,2,0,0,0,70369,125038
1778176667118,2515660800,61534208,813465600,291844096,942845952,1073737728,854647,48691,6,5645298,54530,0,3916175,3469,875159040,49859584,5228343,1848854,9,2,0,0,0,70369,125038
1778176667415,2515660800,61534208,813465600,291844096,942845952,1073737728,854647,48691,6,5646956,54530,0,3916175,3469,875159040,49859584,5228557,1848894,9,2,0,0,0,70369,125038
1778176667711,2515660800,61534208,813465600,291844096,942845952,1073737728,854647,48691,6,5648616,54530,0,3916175,3469,875159040,49892352,5229343,1849514,9,2,0,0,0,70369,125038
1778176668007,2515660800,61542400,813457408,291844096,942845952,1073737728,854647,48723,6,5650274,54530,0,3916176,3469,875159040,49892352,5229643,1849730,9,2,0,0,0,70369,125038
1778176668302,2515660800,61542400,813457408,291844096,942845952,1073737728,854647,48723,6,5651930,54530,0,3916176,3469,875159040,49892352,5229841,1849770,9,2,0,0,0,70369,125038
1778176668599,2515660800,61542400,813457408,291844096,942845952,1073737728,854647,48723,6,5653590,54530,0,3916176,3469,875159040,49892352,5230823,1851434,9,2,0,0,0,70369,125038
1778176668888,2515660800,61542400,813469696,291844096,942845952,1073737728,854647,48723,6,5655248,54530,0,3916176,3469,875159040,49892352,5234201,1853630,9,2,0,0,0,70369,125038
1778176669183,2515660800,61542400,813469696,291844096,942845952,1073737728,854647,48723,6,5656907,54530,0,3916176,3469,875159040,49892352,5234399,1853670,9,2,0,0,0,70369,125038
1778176669474,2515660800,61542400,813469696,291844096,942845952,1073737728,854647,48723,6,5658567,54530,0,3916176,3469,875159040,49892352,5235389,1854426,9,2,0,0,0,70369,125038
1778176669770,2515660800,61542400,813469696,291844096,942845952,1073737728,854647,48723,6,5660224,54530,0,3916177,3469,875159040,49892352,5235803,1854678,9,2,0,0,0,70369,125038
1778176670065,2515660800,61542400,813477888,291844096,942845952,1073737728,854647,48723,6,5661881,54530,0,3916177,3469,875159040,49892352,5261817,1876752,9,2,0,0,0,70369,125038
1778176670360,2515660800,61542400,813477888,291844096,942845952,1073737728,854647,48747,6,5663538,54530,0,3916177,3469,875159040,49916928,5290219,1900804,9,2,0,0,0,70369,125038
1778176670656,2515660800,61542400,813477888,291844096,942845952,1073737728,854647,48747,6,5665196,54530,0,3916178,3469,875159040,49916928,5291329,1901878,9,2,0,0,0,70369,125038
1778176670951,2515660800,61542400,813481984,291844096,942899200,1073737728,854647,48747,6,5666870,54530,0,3916178,3469,875159040,49916928,5292099,1902554,9,2,0,0,0,70369,125044
1778176671244,2515660800,61542400,813481984,291844096,942899200,1073737728,854647,48751,6,5668528,54530,0,3916178,3469,875159040,49921024,5292949,1903500,9,2,0,0,0,70369,125044
1778176671541,2515660800,61542400,813481984,291844096,942899200,1073737728,854647,48751,6,5670188,54530,0,3916178,3469,875159040,49921024,5293931,1905444,9,2,0,0,0,70369,125044
1778176671834,2515660800,61542400,813481984,291848192,942960640,1073737728,854647,48751,6,5671845,54530,0,3916181,3469,875159040,49921024,5295727,1907024,9,2,0,0,0,70370,125049
1778176672129,2515660800,61542400,813481984,291848192,942960640,1073737728,854647,48751,6,5673502,54530,0,3916181,3469,875159040,49921024,5301609,1911306,9,2,0,0,0,70370,125049
1778176672424,2515406848,61542400,813481984,291848192,942960640,1073737728,854647,48751,6,5675163,54530,0,3916181,3469,875159040,49921024,5351913,1953982,9,2,0,0,0,70370,125049
1778176672720,2515406848,61542400,813481984,291848192,942960640,1073737728,854647,48751,6,5676824,54530,0,3916181,3469,875159040,49921024,5353047,1955046,9,2,0,0,0,70370,125049
1778176673017,2515406848,61550592,813481984,291848192,942960640,1073737728,854647,48787,6,5678483,54530,0,3916181,3469,875159040,49957888,5353467,1955340,9,2,0,0,0,70370,125049
1778176673312,2515406848,61550592,813481984,291848192,942960640,1073737728,854647,48787,6,5680141,54530,0,3916181,3469,875159040,49957888,5354741,1956594,9,2,0,0,0,70370,125049
1778176673608,2515406848,61550592,813481984,291848192,942960640,1073737728,854647,48787,6,5681803,54530,0,3916181,3469,875159040,49957888,5355613,1957670,9,2,0,0,0,70370,125049
1778176673904,2515406848,61550592,813490176,291848192,942960640,1073737728,854647,48787,6,5683461,54530,0,3916181,3469,875159040,49957888,5355902,1957756,9,2,0,0,0,70370,125049
1778176674200,2515406848,61550592,813490176,291848192,942960640,1073737728,854647,48787,6,5685119,54530,0,3916181,3469,875159040,49957888,5366954,1967088,9,2,0,0,0,70370,125049
1778176674494,2515152896,61550592,813490176,291848192,942960640,1073737728,854647,48787,6,5686780,54530,0,3916181,3469,875159040,49957888,5369992,1970524,9,2,0,0,0,70370,125049
1778176674791,2515152896,61550592,813490176,291848192,942960640,1073737728,854647,48787,6,5688442,54530,0,3916181,3469,875159040,49957888,5370520,1971824,9,2,0,0,0,70370,125049
1778176675086,2515152896,61550592,813494272,291848192,942960640,1073737728,854647,48787,6,5690100,54530,0,3916181,3469,875159040,49957888,5373924,1973142,9,2,0,0,0,70370,125049
1778176675383,2515152896,61550592,813494272,291848192,942960640,1073737728,854647,48787,6,5691757,54530,0,3916181,3469,875159040,49957888,5397098,1992686,9,2,0,0,0,70370,125049
1778176675678,2515152896,61550592,813494272,291848192,942968832,1073737728,854647,48803,6,5693421,54530,0,3916182,3469,875159040,49974272,5416066,2008796,9,3,0,0,0,70370,125050
1778176675977,2513346560,61550592,813494272,291844096,942882816,1073737728,854647,48803,6,5695559,54530,0,3916858,3469,875159040,49974272,5416594,2009104,9,2,0,0,0,70370,125050
1778176676272,2513346560,61550592,813494272,291844096,942882816,1073737728,854647,48803,6,5697216,54530,0,3916860,3469,875159040,49974272,5424724,2015990,9,2,0,0,0,70370,125050
1778176676565,2513092608,61550592,813494272,291844096,942882816,1073737728,854647,48803,6,5698879,54530,0,3916860,3469,875159040,49974272,5471664,2055940,9,2,0,0,0,70370,125050
1778176676860,2513092608,61550592,813498368,291864576,942985216,1073737728,854647,48803,6,5700538,54530,0,3916860,3469,875159040,49974272,5471878,2055980,9,2,0,0,0,70375,125051
1778176677156,2513092608,61550592,813498368,291864576,942985216,1073737728,854647,48803,6,5702214,54530,0,3916860,3469,875159040,49974272,5472496,2057032,9,2,0,0,0,70375,125051
1778176677448,2513092608,61550592,813498368,291864576,942985216,1073737728,854647,48811,6,5703873,54530,0,3916860,3469,875159040,49982464,5473020,2057920,9,2,0,0,0,70375,125051
1778176677743,2513092608,61550592,813498368,291864576,942985216,1073737728,854647,48811,6,5705534,54530,0,3916860,3469,875159040,49982464,5473794,2059836,9,2,0,0,0,70375,125051
1778176678033,2513092608,61558784,813490176,291864576,942985216,1073737728,854647,48855,6,5707192,54530,0,3916860,3469,875159040,50027520,5477156,2061108,9,2,0,0,0,70375,125051
1778176678330,2513092608,61558784,813490176,291864576,942985216,1073737728,854647,48855,6,5708848,54530,0,3916860,3469,875159040,50027520,5477424,2061884,9,2,0,0,0,70375,125051
1778176678626,2513092608,61558784,813490176,291864576,942985216,1073737728,854647,48855,6,5710508,54530,0,3916860,3469,875159040,50027520,5478512,2062676,9,2,0,0,0,70375,125051
1778176678923,2513092608,61558784,813502464,291864576,942985216,1073737728,854647,48855,6,5712166,54530,0,3916860,3469,875159040,50027520,5478828,2062852,9,2,0,0,0,70375,125051
1778176679218,2513092608,61558784,813502464,291864576,942985216,1073737728,854647,48855,6,5713824,54530,0,3916860,3469,875159040,50027520,5479026,2062892,9,2,0,0,0,70375,125051
1778176679515,2513092608,61558784,813502464,291864576,942985216,1073737728,854647,48855,6,5715483,54530,0,3916860,3469,875159040,50027520,5479882,2063696,9,2,0,0,0,70375,125051
1778176679810,2513092608,61558784,813502464,291864576,942985216,1073737728,854647,48855,6,5717141,54530,0,3916860,3469,875159040,50027520,5480096,2063736,9,2,0,0,0,70375,125051
1778176680107,2513092608,61558784,813502464,291864576,942985216,1073737728,854647,48855,6,5718799,54530,0,3916860,3469,875159040,50027520,5480294,2063776,9,2,0,0,0,70375,125051
1778176680403,2513092608,61558784,813502464,291864576,942985216,1073737728,854647,48855,6,5720457,54530,0,3916860,3469,875159040,50027520,5480594,2063992,9,2,0,0,0,70375,125051
1778176680701,2513092608,61558784,813502464,291864576,942985216,1073737728,854647,48855,6,5722116,54530,0,3916864,3469,875159040,50027520,5481662,2065834,9,2,0,0,0,70375,125051
1778176680998,2513092608,61558784,813506560,291872768,943026176,1073737728,854647,48987,6,5723774,54530,0,3916864,3469,875159040,50162688,5485040,2068030,9,2,0,0,0,70377,125052
1778176681294,2513092608,61558784,813506560,291872768,943026176,1073737728,854647,48987,6,5725432,54530,0,3916864,3469,875159040,50162688,5485238,2068070,9,2,0,0,0,70377,125052
1778176681591,2513092608,61558784,813506560,291872768,943026176,1073737728,854647,48987,6,5727097,54530,0,3916865,3469,875159040,50162688,5486626,2069038,9,2,0,0,0,70377,125052
1778176681887,2513092608,61558784,813510656,291872768,943046656,1073737728,854647,48987,6,5728754,54530,0,3916865,3469,875159040,50162688,5486910,2069216,9,2,0,0,0,70377,125057
1778176682183,2513092608,61558784,813510656,291872768,943046656,1073737728,854647,48987,6,5730412,54530,0,3916865,3469,875159040,50162688,5487108,2069256,9,2,0,0,0,70377,125057
1778176682474,2513092608,61558784,813510656,291872768,943046656,1073737728,854647,48987,6,5732072,54530,0,3916865,3469,875159040,50162688,5487878,2069836,9,2,0,0,0,70377,125057
1778176682769,2513092608,61558784,813510656,291872768,943046656,1073737728,854647,48987,6,5733729,54530,0,3916865,3469,875159040,50162688,5488092,2069916,9,2,0,0,0,70377,125057
1778176683063,2513092608,61558784,813514752,291872768,943046656,1073737728,854647,48987,6,5735403,54530,0,3916865,3469,875159040,50191360,5488478,2070224,9,2,0,0,0,70377,125057
1778176683360,2513092608,61566976,813506560,291872768,943046656,1073737728,854647,49015,6,5737061,54530,0,3916865,3469,875159040,50191360,5488762,2070540,9,2,0,0,0,70377,125057
1778176683658,2513092608,61566976,813514752,291872768,943050752,1073737728,854647,49043,6,5738722,54530,0,3916865,3469,875159040,50220032,5489760,2072434,9,2,0,0,0,70377,125058
1778176683955,2513092608,61566976,813522944,291872768,943050752,1073737728,854647,49043,6,5740379,54530,0,3916865,3469,875159040,50220032,5493122,2074860,9,2,0,0,0,70377,125058
1778176684248,2513092608,61566976,813527040,291872768,943050752,1073737728,854647,49043,6,5742041,54530,0,3916865,3469,875159040,50220032,5493508,2075216,9,2,0,0,0,70377,125058
1778176684544,2513092608,61566976,813527040,291872768,943050752,1073737728,854647,49043,6,5743703,54530,0,3916865,3469,875159040,50220032,5494596,2076374,9,2,0,0,0,70377,125058
1778176684837,2513092608,61566976,813527040,291872768,943050752,1073737728,854647,49043,6,5745361,54530,0,3916865,3469,875159040,50220032,5494928,2076690,9,2,0,0,0,70377,125058
1778176685133,2513092608,61566976,813527040,291872768,943050752,1073737728,854647,49043,6,5747018,54530,0,3916865,3469,875159040,50220032,5495212,2077006,9,2,0,0,0,70377,125058
1778176685429,2513092608,61566976,813527040,291872768,943050752,1073737728,854647,49043,6,5748674,54530,0,3916865,3469,875159040,50220032,5495410,2077276,9,2,0,0,0,70377,125058
1778176685727,2513092608,61566976,813527040,291872768,943050752,1073737728,854647,49043,6,5750337,54530,0,3916865,3469,875159040,50220032,5496298,2078308,9,2,0,0,0,70377,125058
1778176686021,2513092608,61566976,813527040,291872768,943050752,1073737728,854647,49043,6,5751994,54530,0,3916865,3469,875159040,50220032,5496496,2078624,9,2,0,0,0,70377,125058
1778176686318,2513092608,61566976,813527040,291872768,943050752,1073737728,854647,49043,6,5753653,54530,0,3916865,3469,875159040,50220032,5496780,2078894,9,2,0,0,0,70377,125058
1778176686615,2513092608,61566976,813527040,291872768,943050752,1073737728,854647,49043,6,5755313,54530,0,3916866,3469,875159040,50220032,5497778,2080834,9,2,0,0,0,70377,125058
1778176686912,2513092608,61566976,813531136,291872768,943050752,1073737728,854647,49043,6,5756973,54530,0,3916866,3469,875159040,50220032,5501156,2083260,9,2,0,0,0,70377,125058
1778176687209,2513092608,61566976,813531136,291872768,943050752,1073737728,854647,49043,6,5758631,54530,0,3916866,3469,875159040,50220032,5501542,2083712,9,2,0,0,0,70377,125058
1778176687505,2513092608,61566976,813531136,291872768,943050752,1073737728,854647,49043,6,5760294,54530,0,3916866,3469,875159040,50220032,5502414,2084608,9,2,0,0,0,70377,125058
1778176687801,2513092608,61566976,813531136,291872768,943050752,1073737728,854647,49043,6,5761950,54530,0,3916866,3469,875159040,50220032,5502828,2085050,9,2,0,0,0,70377,125058
1778176688096,2513092608,61566976,813531136,291872768,943050752,1073737728,854647,49043,6,5763610,54530,0,3916866,3469,875159040,50244608,5503026,2085366,9,2,0,0,0,70377,125058
1778176688392,2513092608,61575168,813522944,291872768,943050752,1073737728,854647,49099,6,5765269,54530,0,3916866,3469,875159040,50277376,5503294,2085636,9,2,0,0,0,70377,125058
1778176688689,2513092608,61575168,813522944,291872768,943050752,1073737728,854647,49119,6,5766929,54530,0,3916866,3469,875159040,50297856,5504182,2086628,9,2,0,0,0,70377,125058
1778176688986,2513092608,61575168,813535232,291872768,943058944,1073737728,854647,49119,6,5768604,54530,0,3916866,3469,875159040,50297856,5504380,2086944,9,2,0,0,0,70377,125060
1778176689283,2513092608,61575168,813535232,291872768,943058944,1073737728,854647,49119,6,5770261,54530,0,3916866,3469,875159040,50297856,5504648,2087214,9,2,0,0,0,70377,125060
1778176689578,2513092608,61575168,813535232,291872768,943058944,1073737728,854647,49119,6,5771923,54530,0,3916866,3469,875159040,50297856,5505646,2089194,9,2,0,0,0,70377,125060
1778176689874,2513092608,61575168,813535232,291872768,943058944,1073737728,854647,49119,6,5773581,54530,0,3916866,3469,875159040,50297856,5509126,2091842,9,2,0,0,0,70377,125060
1778176690171,2513092608,61575168,813535232,291872768,943058944,1073737728,854647,49119,6,5775241,54530,0,3916866,3469,875159040,50297856,5509394,2092112,9,2,0,0,0,70377,125060
1778176690469,2513092608,61575168,813535232,291872768,943058944,1073737728,854647,49119,6,5776910,54530,0,3916866,3469,875159040,50297856,5510282,2093008,9,2,0,0,0,70377,125060
1778176690763,2513092608,61575168,813543424,291872768,943063040,1073737728,854647,49119,6,5778568,54530,0,3916866,3469,875159040,50297856,5510696,2093450,9,2,0,0,0,70377,125063
1778176691059,2513092608,61575168,813543424,291872768,943063040,1073737728,854647,49119,6,5780227,54530,0,3916866,3469,875159040,50297856,5510894,2093766,9,2,0,0,0,70377,125063
1778176691355,2513092608,61575168,813543424,291872768,943063040,1073737728,854647,49119,6,5781886,54530,0,3916866,3469,875159040,50297856,5511264,2094172,9,2,0,0,0,70377,125063
1778176691649,2513092608,61575168,813543424,291872768,943063040,1073737728,854647,49119,6,5783544,54530,0,3916867,3469,875159040,50297856,5512050,2095028,9,2,0,0,0,70377,125063
1778176691947,2513092608,61575168,813543424,291872768,943063040,1073737728,854647,49119,6,5785204,54530,0,3916867,3469,875159040,50297856,5512248,2095344,9,2,0,0,0,70377,125063
1778176692242,2513092608,61575168,813547520,291872768,943063040,1073737728,854647,49119,6,5786860,54530,0,3916867,3469,875159040,50297856,5512532,2095614,9,2,0,0,0,70377,125063
1778176692539,2513092608,61575168,813547520,291872768,943063040,1073737728,854647,49119,6,5788524,54530,0,3916868,3469,875159040,50297856,5513616,2097730,9,2,0,0,0,70377,125063
1778176692835,2513092608,61575168,813547520,291872768,943063040,1073737728,854647,49119,6,5790182,54530,0,3916871,3469,875159040,50297856,5515412,2099586,9,2,0,0,0,70377,125063
1778176693131,2513092608,61575168,813547520,291872768,943063040,1073737728,854647,49119,6,5791842,54530,0,3916871,3469,875159040,50297856,5517310,2100472,9,2,0,0,0,70377,125063
1778176693428,2513092608,61575168,813547520,291872768,943063040,1073737728,854647,49119,6,5793503,54530,0,3916871,3469,875159040,50297856,5517578,2100828,9,2,0,0,0,70377,125063
1778176693726,2513092608,61583360,813539328,291872768,943063040,1073737728,854647,49147,6,5795171,54530,0,3916871,3469,875159040,50326528,5518682,2101936,9,2,0,0,0,70377,125063
1778176694023,2513092608,61583360,813551616,291872768,943063040,1073737728,854647,49171,6,5796829,54530,0,3916871,3469,875159040,50351104,5518998,2102342,9,2,0,0,0,70377,125063
1778176694319,2513092608,61583360,813551616,291872768,943063040,1073737728,854647,49171,6,5798490,54530,0,3916871,3469,875159040,50351104,5519266,2102658,9,2,0,0,0,70377,125063
1778176694615,2513092608,61583360,813551616,291872768,943063040,1073737728,854647,49171,6,5800152,54530,0,3916871,3469,875159040,50351104,5520036,2103554,9,2,0,0,0,70377,125063
1778176694911,2513092608,61583360,813551616,291872768,943067136,1073737728,854647,49171,6,5801825,54530,0,3916871,3469,875159040,50351104,5520250,2103824,9,2,0,0,0,70377,125064
1778176695205,2513092608,61583360,813551616,291872768,943067136,1073737728,854647,49171,6,5803484,54530,0,3916871,3469,875159040,50351104,5520518,2104140,9,2,0,0,0,70377,125064
1778176695502,2513092608,61583360,813551616,291872768,943067136,1073737728,854647,49171,6,5805146,54530,0,3916871,3469,875159040,50351104,5521390,2106050,9,2,0,0,0,70377,125064
1778176695798,2513092608,61583360,813551616,291872768,943067136,1073737728,854647,49171,6,5806805,54530,0,3916871,3469,875159040,50351104,5521816,2107490,9,2,0,0,0,70377,125064
1778176696096,2513092608,61583360,813551616,291872768,943067136,1073737728,854647,49171,6,5808465,54530,0,3916871,3469,875159040,50351104,5525194,2109038,9,2,0,0,0,70377,125064
1778176696392,2513092608,61583360,813551616,291872768,943067136,1073737728,854647,49171,6,5810126,54530,0,3916871,3469,875159040,50351104,5525564,2109308,9,2,0,0,0,70377,125064
1778176696689,2513092608,61583360,813551616,291872768,943067136,1073737728,854647,49171,6,5811788,54530,0,3916871,3469,875159040,50351104,5526694,2110540,9,2,0,0,0,70377,125064
1778176696986,2513092608,61583360,813555712,291872768,943067136,1073737728,854647,49171,6,5813447,54530,0,3916871,3469,875159040,50351104,5526892,2110856,9,2,0,0,0,70377,125064
1778176697282,2513092608,61583360,813563904,291872768,943067136,1073737728,854647,49171,6,5815106,54530,0,3916871,3469,875159040,50351104,5527160,2111126,9,2,0,0,0,70377,125064
1778176697578,2513092608,61583360,813563904,291872768,943067136,1073737728,854647,49171,6,5816767,54530,0,3916872,3469,875159040,50351104,5527946,2112022,9,2,0,0,0,70377,125064
1778176697874,2513092608,61583360,813563904,291872768,943067136,1073737728,854647,49171,6,5818424,54530,0,3916872,3469,875159040,50351104,5528160,2112338,9,2,0,0,0,70377,125064
1778176698171,2513092608,61583360,813563904,291872768,943067136,1073737728,854647,49171,6,5820084,54530,0,3916872,3469,875159040,50351104,5528530,2112784,9,2,0,0,0,70377,125064
1778176698467,2513092608,61583360,813568000,291872768,943067136,1073737728,854647,49171,6,5821744,54530,0,3916872,3469,875159040,50351104,5529300,2114426,9,2,0,0,0,70377,125064
1778176698761,2513092608,61591552,813568000,291872768,943067136,1073737728,854647,49215,6,5823403,54530,0,3916872,3469,875159040,50396160,5529726,2115728,9,2,0,0,0,70377,125064
1778176699059,2513092608,61591552,813572096,291872768,943067136,1073737728,854647,49215,6,5825062,54530,0,3916873,3469,875159040,50396160,5533088,2117138,9,2,0,0,0,70377,125064
1778176699355,2513092608,61591552,813572096,291872768,943067136,1073737728,854647,49215,6,5826723,54530,0,3916873,3469,875159040,50433024,5533474,2117270,9,2,0,0,0,70377,125064
1778176699649,2513092608,61591552,813572096,291872768,943067136,1073737728,854647,49251,6,5828381,54530,0,3916874,3469,875159040,50433024,5534776,2118388,9,2,0,0,0,70377,125064
1778176699944,2513092608,61591552,813580288,291905536,943108096,1073737728,854647,49251,6,5830041,54530,0,3916875,3469,875159040,50433024,5534974,2118560,9,2,0,0,0,70385,125069
1778176700237,2513092608,61591552,813580288,291905536,943108096,1073737728,854647,49251,6,5831699,54530,0,3916875,3469,875159040,50433024,5535242,2118738,9,2,0,0,0,70385,125069
1778176700532,2513092608,61591552,813580288,291905536,943108096,1073737728,854647,49251,6,5833360,54530,0,3916875,3469,875159040,50433024,5536028,2119456,9,2,0,0,0,70385,125069
1778176700827,2513092608,61591552,813580288,291905536,943108096,1073737728,854647,49251,6,5835017,54530,0,3916875,3469,875159040,50433024,5536344,2119810,9,2,0,0,0,70385,125069
1778176701124,2513092608,61591552,813580288,291905536,943108096,1073737728,854647,49251,6,5836693,54530,0,3916875,3469,875159040,50433024,5536542,2120028,9,2,0,0,0,70385,125069
1778176701420,2513092608,61591552,813580288,291905536,943108096,1073737728,854647,49251,6,5838351,54530,0,3916875,3469,875159040,50433024,5536810,2120252,9,2,0,0,0,70385,125069
1778176701716,2513092608,61591552,813580288,291905536,943108096,1073737728,854647,49251,6,5840014,54530,0,3916875,3469,875159040,50433024,5537808,2122048,9,2,0,0,0,70385,125069
1778176702013,2513092608,61591552,813584384,291905536,943108096,1073737728,854647,49251,6,5841670,54530,0,3916875,3469,875159040,50433024,5541186,2124382,9,2,0,0,0,70385,125069
1778176702308,2513092608,61591552,813584384,291905536,943108096,1073737728,854647,49251,6,5843333,54530,0,3916875,3469,875159040,50433024,5541572,2124736,9,2,0,0,0,70385,125069
1778176702604,2513092608,61591552,813584384,291905536,943108096,1073737728,854647,49251,6,5844993,54530,0,3916875,3469,875159040,50433024,5542676,2125666,9,2,0,0,0,70385,125069
1778176702899,2513092608,61591552,813584384,291905536,943108096,1073737728,854647,49251,6,5846652,54530,0,3916875,3469,875159040,50433024,5542890,2125844,9,2,0,0,0,70385,125069
1778176703195,2513092608,61591552,813584384,291905536,943108096,1073737728,854647,49251,6,5848312,54530,0,3916875,3469,875159040,50433024,5543158,2126022,9,2,0,0,0,70385,125069
1778176703491,2513092608,61591552,813584384,291905536,943108096,1073737728,854647,49251,6,5849974,54530,0,3916875,3469,875159040,50433024,5543928,2126740,9,2,0,0,0,70385,125069
1778176703787,2512834560,61591552,813588480,291905536,943108096,1073737728,854647,49251,6,5851634,54530,0,3916875,3469,875159040,50433024,5544244,2127134,9,2,0,0,0,70385,125069
1778176704083,2512834560,61599744,813580288,291905536,943108096,1073737728,854647,49295,6,5853291,54530,0,3916875,3469,875159040,50478080,5544442,2127312,9,2,0,0,0,70385,125069
1778176704379,2512834560,61599744,813580288,291905536,943108096,1073737728,854647,49295,6,5854950,54530,0,3916875,3469,875159040,50478080,5544726,2127444,9,2,0,0,0,70385,125069
1778176704672,2512834560,61599744,813580288,291905536,943108096,1073737728,854647,49295,6,5856612,54530,0,3916876,3469,875159040,50498560,5545724,2129246,9,2,0,0,0,70385,125069
1778176704968,2512834560,61599744,813588480,291905536,943108096,1073737728,854647,49315,6,5858272,54530,0,3916877,3469,875159040,50498560,5549188,2131716,9,2,0,0,0,70385,125069
1778176705264,2512834560,61599744,813588480,291905536,943108096,1073737728,854647,49315,6,5859931,54530,0,3916877,3469,875159040,50498560,5549472,2131848,9,2,0,0,0,70385,125069
1778176705559,2512834560,61599744,813592576,291905536,943108096,1073737728,854647,49315,6,5861594,54530,0,3916878,3469,875159040,50498560,5550560,2132640,9,2,0,0,0,70385,125069
1778176705855,2512834560,61599744,813592576,291905536,943120384,1073737728,854647,49315,6,5863253,54530,0,3916882,3469,875159040,50498560,5550774,2132680,9,2,0,0,0,70385,125072
1778176706147,2512834560,61599744,813592576,291905536,943120384,1073737728,854647,49315,6,5864910,54530,0,3916882,3469,875159040,50498560,5550972,2132720,9,2,0,0,0,70385,125072
1778176706438,2512834560,61599744,813592576,291905536,943120384,1073737728,854647,49315,6,5866568,54530,0,3916882,3469,875159040,50498560,5551358,2132942,9,2,0,0,0,70385,125072
1778176706735,2512834560,61599744,813592576,291905536,943120384,1073737728,854647,49315,6,5868228,54530,0,3916882,3469,875159040,50498560,5552144,2133608,9,2,0,0,0,70385,125072
1778176707031,2512834560,61599744,813592576,291905536,943120384,1073737728,854647,49315,6,5869901,54530,0,3916883,3469,875159040,50498560,5552342,2133648,9,2,0,0,0,70385,125072
1778176707327,2512834560,61599744,813592576,291905536,943120384,1073737728,854647,49315,6,5871559,54530,0,3916883,3469,875159040,50498560,5552540,2133688,9,2,0,0,0,70385,125072
1778176707623,2512834560,61599744,813592576,291905536,943120384,1073737728,854647,49315,6,5873219,54530,0,3916883,3469,875159040,50498560,5553624,2135528,9,2,0,0,0,70385,125072
1778176707919,2512834560,61599744,813596672,291905536,943120384,1073737728,854647,49315,6,5874877,54530,0,3916883,3469,875159040,50498560,5556986,2137724,9,2,0,0,0,70385,125072
1778176708215,2512834560,61599744,813596672,291905536,943120384,1073737728,854647,49315,6,5876535,54530,0,3916883,3469,875159040,50498560,5557254,2137810,9,2,0,0,0,70385,125072
1778176708508,2512834560,61599744,813596672,291905536,943120384,1073737728,854647,49315,6,5878196,54530,0,3916883,3469,875159040,50498560,5558024,2138430,9,2,0,0,0,70385,125072
1778176708804,2512834560,61599744,813600768,291905536,943120384,1073737728,854647,49315,6,5879858,54530,0,3916883,3469,875159040,50498560,5558556,2138682,9,2,0,0,0,70385,125072
1778176709100,2512834560,61599744,813600768,291905536,943120384,1073737728,854647,49315,6,5881518,54530,0,3916883,3469,875159040,50527232,5558926,2138944,9,2,0,0,0,70385,125072
1778176709396,2512834560,61607936,813592576,291905536,943120384,1073737728,854647,49343,6,5883177,54530,0,3916883,3469,875159040,50527232,5559140,2138984,9,2,0,0,0,70385,125072
1778176709692,2512834560,61607936,813592576,291905536,943120384,1073737728,854647,49343,6,5884838,54530,0,3916883,3469,875159040,50527232,5559926,2139564,9,2,0,0,0,70385,125072
1778176709988,2512834560,61607936,813604864,291905536,943120384,1073737728,854647,49343,6,5886497,54530,0,3916883,3469,875159040,50527232,5560194,2139650,9,2,0,0,0,70385,125072
1778176710283,2512834560,61607936,813604864,291905536,943120384,1073737728,854647,49367,6,5888157,54530,0,3916883,3469,875159040,50551808,5560392,2139690,9,2,0,0,0,70385,125072
1778176710579,2512834560,61607936,813604864,291905536,943120384,1073737728,854647,49367,6,5889818,54530,0,3916884,3469,875159040,50551808,5561546,2141576,9,2,0,0,0,70385,125072
1778176710875,2512834560,61607936,813613056,291905536,943140864,1073737728,854647,49367,6,5891477,54530,0,3916884,3469,875159040,50551808,5563342,2143156,9,2,0,0,0,70385,125075
1778176711172,2512834560,61607936,813613056,291905536,943140864,1073737728,854647,49367,6,5893138,54530,0,3916884,3469,875159040,50551808,5565224,2143852,9,2,0,0,0,70385,125075
1778176711468,2512834560,61607936,813613056,291905536,943140864,1073737728,854647,49367,6,5894799,54530,0,3916884,3469,875159040,50551808,5566064,2144478,9,2,0,0,0,70385,125075
1778176711761,2512834560,61607936,813617152,291905536,943140864,1073737728,854647,49367,6,5896463,54530,0,3916884,3469,875159040,50551808,5566682,2144906,9,2,0,0,0,70385,125075
1778176712057,2512834560,61607936,813617152,291905536,943140864,1073737728,854647,49367,6,5898121,54530,0,3916884,3469,875159040,50551808,5566880,2144946,9,2,0,0,0,70385,125075
1778176712354,2512834560,61607936,813617152,291905536,943140864,1073737728,854647,49367,6,5899779,54530,0,3916884,3469,875159040,50551808,5567148,2145032,9,2,0,0,0,70385,125075
1778176712647,2512834560,61607936,813617152,291905536,943140864,1073737728,854647,49367,6,5901436,54530,0,3916884,3469,875159040,50551808,5567918,2145612,9,2,0,0,0,70385,125075
1778176712943,2512834560,61607936,813617152,291905536,943140864,1073737728,854647,49367,6,5903112,54530,0,3916884,3469,875159040,50551808,5568132,2145698,9,2,0,0,0,70385,125075
1778176713236,2512834560,61607936,813617152,291905536,943140864,1073737728,854647,49367,6,5904769,54530,0,3916884,3469,875159040,50551808,5568432,2145914,9,2,0,0,0,70385,125075
1778176713531,2512834560,61607936,813617152,291905536,943140864,1073737728,854647,49367,6,5906432,54530,0,3916884,3469,875159040,50551808,5569430,2147618,9,2,0,0,0,70385,125075
1778176713827,2512834560,61607936,813621248,291905536,943140864,1073737728,854647,49367,6,5908092,54530,0,3916884,3469,875159040,50551808,5571296,2149244,9,2,0,0,0,70385,125075
1778176714123,2512834560,61607936,813621248,291905536,943140864,1073737728,854647,49367,6,5909752,54530,0,3916884,3469,875159040,50551808,5573076,2149900,9,2,0,0,0,70385,125075
1778176714419,2512576512,61616128,813625344,291905536,943140864,1073737728,854647,49407,6,5911413,54530,0,3916884,3469,875159040,50592768,5573392,2149980,9,2,0,0,0,70385,125075
1778176714716,2512576512,61616128,813625344,291905536,943140864,1073737728,854647,49407,6,5913073,54530,0,3916884,3469,875159040,50592768,5574550,2150954,9,2,0,0,0,70385,125075
1778176715013,2512576512,61616128,813625344,291905536,943140864,1073737728,854647,49407,6,5914731,54530,0,3916884,3469,875159040,50592768,5574748,2150994,9,2,0,0,0,70385,125075
1778176715309,2512576512,61616128,813625344,291905536,943140864,1073737728,854647,49439,6,5916389,54530,0,3916884,3469,875159040,50625536,5574946,2151034,9,2,0,0,0,70385,125075
1778176715607,2512576512,61616128,813625344,291905536,943140864,1073737728,854647,49439,6,5918052,54530,0,3916884,3469,875159040,50625536,5575716,2151700,9,2,0,0,0,70385,125075
1778176715900,2512576512,61616128,813629440,291905536,943194112,1073737728,854647,49439,6,5919711,54530,0,3916884,3469,875159040,50625536,5576032,2151916,9,2,0,0,0,70385,125081
1778176716195,2512576512,61616128,813629440,291905536,943194112,1073737728,854647,49439,6,5921371,54530,0,3916884,3469,875159040,50625536,5576230,2152002,9,2,0,0,0,70385,125081
1778176716491,2512576512,61616128,813629440,291905536,943194112,1073737728,854647,49439,6,5923033,54530,0,3916884,3469,875159040,50625536,5577000,2153506,9,2,0,0,0,70385,125081
1778176716786,2512576512,61616128,813629440,291905536,943194112,1073737728,854647,49439,6,5924690,54530,0,3916884,3469,875159040,50625536,5577410,2154670,9,2,0,0,0,70385,125081
1778176717081,2512576512,61616128,813629440,291905536,943194112,1073737728,854647,49439,6,5926348,54530,0,3916884,3469,875159040,50625536,5580788,2155942,9,2,0,0,0,70385,125081
1778176717378,2512576512,61616128,813629440,291905536,943194112,1073737728,854647,49439,6,5928006,54530,0,3916884,3469,875159040,50625536,5581190,2156118,9,2,0,0,0,70385,125081
1778176717676,2512576512,61616128,813629440,291905536,943194112,1073737728,854647,49439,6,5929668,54530,0,3916891,3469,875159040,50625536,5582176,2156870,9,2,0,0,0,70385,125081
1778176717972,2512576512,61616128,813641728,291905536,943194112,1073737728,854647,49439,6,5931327,54530,0,3916891,3469,875159040,50625536,5582374,2156956,9,2,0,0,0,70385,125081
1778176718267,2512576512,61616128,813641728,291905536,943194112,1073737728,854647,49439,6,5932987,54530,0,3916891,3469,875159040,50625536,5582572,2156996,9,2,0,0,0,70385,125081
1778176718563,2512576512,61616128,813641728,291905536,943194112,1073737728,854647,49439,6,5934647,54530,0,3916891,3469,875159040,50625536,5583444,2157752,9,2,0,0,0,70385,125081
1778176718858,2512576512,61616128,813641728,291905536,943194112,1073737728,854647,49439,6,5936305,54530,0,3916891,3469,875159040,50625536,5583728,2157878,9,2,0,0,0,70385,125081
1778176719155,2512576512,61616128,813641728,291905536,943194112,1073737728,854647,49451,6,5937980,54530,0,3916891,3469,875159040,50637824,5583942,2157918,9,2,0,0,0,70385,125081
1778176719447,2512576512,61616128,813641728,291905536,943194112,1073737728,854647,49451,6,5939637,54530,0,3916891,3469,875159040,50637824,5584140,2159114,9,2,0,0,0,70385,125081
1778176719741,2512576512,61624320,813645824,291913728,943230976,1073737728,854647,49491,6,5941296,54530,0,3916891,3469,875159040,50678784,5585208,2160632,9,2,0,0,0,70387,125084
1778176720034,2512576512,61624320,813645824,291913728,943230976,1073737728,854647,49491,6,5942953,54530,0,3916891,3469,875159040,50678784,5588672,2162040,9,2,0,0,0,70387,125084
1778176720330,2512576512,61624320,813645824,291913728,943230976,1073737728,854647,49491,6,5944613,54530,0,3916891,3469,875159040,50699264,5589004,2162080,9,2,0,0,0,70387,125084
1778176720625,2512576512,61624320,813645824,291938304,943235072,1073737728,854647,49511,6,5946276,54530,0,3916891,3469,875159040,50699264,5590044,2162918,9,2,0,0,0,70393,125085
1778176720920,2512576512,61624320,813645824,291938304,943235072,1073737728,854647,49511,6,5947934,54530,0,3916891,3469,875159040,50699264,5590258,2162958,9,2,0,0,0,70393,125085
1778176721216,2512576512,61624320,813649920,291938304,943235072,1073737728,854647,49511,6,5949592,54530,0,3916891,3469,875159040,50699264,5590456,2163044,9,2,0,0,0,70393,125085
1778176721512,2512576512,61624320,813649920,291938304,943235072,1073737728,854647,49511,6,5951253,54530,0,3916891,3469,875159040,50699264,5591344,2163800,9,2,0,0,0,70393,125085
1778176721808,2512576512,61624320,813649920,291938304,943235072,1073737728,854647,49511,6,5952910,54530,0,3916891,3469,875159040,50699264,5591558,2163840,9,2,0,0,0,70393,125085
1778176722104,2512576512,61624320,813649920,291938304,943235072,1073737728,854647,49511,6,5954571,54530,0,3916891,3469,875159040,50699264,5591772,2163926,9,2,0,0,0,70393,125085
1778176722400,2512576512,61624320,813649920,291938304,943235072,1073737728,854647,49511,6,5956228,54530,0,3916891,3469,875159040,50699264,5591970,2163966,9,2,0,0,0,70393,125085
1778176722698,2512576512,61624320,813649920,291938304,943235072,1073737728,854647,49511,6,5957890,54530,0,3916891,3469,875159040,50699264,5593070,2165806,9,2,0,0,0,70393,125085
1778176722995,2512576512,61624320,813649920,291938304,943235072,1073737728,854647,49511,6,5959549,54530,0,3916891,3469,875159040,50699264,5596432,2168048,9,2,0,0,0,70393,125085
1778176723291,2512576512,61624320,813649920,291938304,943235072,1073737728,854647,49511,6,5961208,54530,0,3916891,3469,875159040,50699264,5596630,2168088,9,2,0,0,0,70393,125085
1778176723587,2512576512,61624320,813649920,291938304,943235072,1073737728,854647,49511,6,5962875,54530,0,3916891,3469,875159040,50699264,5597804,2168926,9,2,0,0,0,70393,125085
1778176723883,2512576512,61624320,813654016,291938304,943235072,1073737728,854647,49511,6,5964534,54530,0,3916891,3469,875159040,50699264,5598018,2168966,9,2,0,0,0,70393,125085
1778176724179,2512576512,61624320,813654016,291938304,943235072,1073737728,854647,49511,6,5966193,54530,0,3916891,3469,875159040,50699264,5598318,2169182,9,2,0,0,0,70393,125085
1778176724474,2512576512,61624320,813654016,291938304,943235072,1073737728,854647,49511,6,5967852,54530,0,3916891,3469,875159040,50699264,5599158,2169808,9,2,0,0,0,70393,125085
1778176724769,2512576512,61632512,813645824,291938304,943235072,1073737728,854647,49543,6,5969511,54530,0,3916891,3469,875159040,50732032,5599372,2169888,9,2,0,0,0,70393,125085
1778176725058,2512576512,61632512,813662208,291938304,943235072,1073737728,854647,49543,6,5971184,54530,0,3916891,3469,875159040,50732032,5599570,2169928,9,2,0,0,0,70393,125085
1778176725353,2512576512,61632512,813662208,291938304,943235072,1073737728,854647,49543,6,5972840,54530,0,3916891,3469,875159040,50732032,5599838,2170014,9,2,0,0,0,70393,125085
1778176725646,2512576512,61632512,813662208,291938304,943235072,1073737728,854647,49543,6,5974501,54530,0,3916891,3469,875159040,50764800,5600922,2171854,9,2,0,0,0,70393,125085
1778176725943,2512576512,61632512,813666304,291938304,943239168,1073737728,854647,49575,6,5976161,54530,0,3916891,3469,875159040,50764800,5604300,2174050,9,2,0,0,0,70393,125086
1778176726236,2512576512,61632512,813666304,291938304,943239168,1073737728,854647,49575,6,5977819,54530,0,3916891,3469,875159040,50764800,5604568,2174136,9,2,0,0,0,70393,125086
1778176726531,2512576512,61632512,813670400,291938304,943239168,1073737728,854647,49575,6,5979485,54530,0,3916891,3469,875159040,50764800,5605550,2174836,9,2,0,0,0,70393,125086
1778176726827,2512576512,61632512,813670400,291938304,943239168,1073737728,854647,49575,6,5981148,54530,0,3916891,3469,875159040,50764800,5605972,2175144,9,2,0,0,0,70393,125086
1778176727123,2512576512,61632512,813674496,291938304,943300608,1073737728,854647,49575,6,5982807,54530,0,3916891,3469,875159040,50764800,5606170,2175184,9,2,0,0,0,70393,125094
1778176727419,2512576512,61632512,813674496,291938304,943300608,1073737728,854647,49575,6,5984465,54530,0,3916891,3469,875159040,50764800,5606438,2175270,9,2,0,0,0,70393,125094
1778176727715,2512576512,61632512,813674496,291938304,943300608,1073737728,854647,49575,6,5986127,54530,0,3916892,3469,875159040,50764800,5607224,2175890,9,2,0,0,0,70393,125094
1778176728011,2512576512,61632512,813674496,291938304,943300608,1073737728,854647,49575,6,5987785,54530,0,3916892,3469,875159040,50764800,5607422,2175930,9,2,0,0,0,70393,125094
1778176728307,2512576512,61632512,813674496,291938304,943300608,1073737728,854647,49575,6,5989445,54530,0,3916892,3469,875159040,50764800,5607792,2176192,9,2,0,0,0,70393,125094
1778176728602,2512576512,61632512,813674496,291938304,943300608,1073737728,854647,49575,6,5991108,54530,0,3916892,3469,875159040,50764800,5608774,2177896,9,2,0,0,0,70393,125094
1778176728898,2512576512,61632512,813674496,291938304,943300608,1073737728,854647,49575,6,5992766,54530,0,3916892,3469,875159040,50764800,5612194,2180138,9,2,0,0,0,70393,125094
1778176729195,2512576512,61632512,813674496,291938304,943300608,1073737728,854647,49575,6,5994426,54530,0,3916892,3469,875159040,50764800,5612462,2180224,9,2,0,0,0,70393,125094
1778176729488,2512576512,61632512,813674496,291938304,943300608,1073737728,854647,49575,6,5996088,54530,0,3916892,3469,875159040,50764800,5613232,2180804,9,2,0,0,0,70393,125094
1778176729784,2512576512,61632512,813678592,291938304,943300608,1073737728,854647,49575,6,5997751,54530,0,3916892,3469,875159040,50764800,5613866,2181232,9,2,0,0,0,70393,125094
1778176730079,2512576512,61640704,813670400,291938304,943300608,1073737728,854647,49607,6,5999412,54530,0,3916892,3469,875159040,50797568,5614064,2181272,9,2,0,0,0,70393,125094
1778176730375,2512576512,61640704,813670400,291938304,943300608,1073737728,854647,49607,6,6001072,54530,0,3916892,3469,875159040,50797568,5614332,2181358,9,2,0,0,0,70393,125094
1778176730672,2512576512,61640704,813670400,291938304,943300608,1073737728,854647,49607,6,6002733,54530,0,3916892,3469,875159040,50797568,5615118,2181938,9,2,0,0,0,70393,125094
1778176730968,2512576512,61640704,813682688,291938304,943308800,1073737728,854647,49631,6,6004408,54530,0,3916892,3469,875159040,50822144,5615418,2182114,9,2,0,0,0,70393,125095
1778176731263,2512576512,61640704,813682688,291938304,943308800,1073737728,854647,49631,6,6006067,54530,0,3916892,3469,875159040,50822144,5615702,2182200,9,2,0,0,0,70393,125095
1778176731559,2512576512,61640704,813682688,291938304,943308800,1073737728,854647,49631,6,6007729,54530,0,3916892,3469,875159040,50822144,5616684,2183904,9,2,0,0,0,70393,125095
1778176731853,2512576512,61640704,813682688,291938304,943308800,1073737728,854647,49631,6,6009387,54530,0,3916892,3469,875159040,50822144,5618480,2185484,9,2,0,0,0,70393,125095
1778176732148,2512576512,61640704,813682688,291938304,943308800,1073737728,854647,49631,6,6011045,54530,0,3916893,3469,875159040,50822144,5620260,2186140,9,2,0,0,0,70393,125095
1778176732441,2512576512,61640704,813682688,291938304,943308800,1073737728,854647,49631,6,6012706,54530,0,3916893,3469,875159040,50822144,5620748,2186634,9,2,0,0,0,70393,125095
1778176732737,2512576512,61640704,813682688,291938304,943308800,1073737728,854647,49631,6,6014367,54530,0,3916893,3469,875159040,50822144,5621734,2187194,9,2,0,0,0,70393,125095
1778176733033,2512576512,61640704,813686784,291938304,943308800,1073737728,854647,49631,6,6016023,54530,0,3916893,3469,875159040,50822144,5621932,2187234,9,2,0,0,0,70393,125095
1778176733330,2512576512,61640704,813686784,291938304,943308800,1073737728,854647,49631,6,6017683,54530,0,3916893,3469,875159040,50822144,5622200,2187320,9,2,0,0,0,70393,125095
1778176733627,2512576512,61640704,813686784,291938304,943308800,1073737728,854647,49631,6,6019346,54530,0,3916893,3469,875159040,50822144,5623072,2188076,9,2,0,0,0,70393,125095
1778176733923,2512576512,61640704,813686784,291938304,943308800,1073737728,854647,49631,6,6021006,54530,0,3916893,3469,875159040,50822144,5623286,2188116,9,2,0,0,0,70393,125095
1778176734219,2512576512,61640704,813686784,291938304,943308800,1073737728,854647,49631,6,6022666,54530,0,3916893,3469,875159040,50822144,5623554,2188202,9,2,0,0,0,70393,125095
1778176734514,2512576512,61640704,813686784,291938304,943308800,1073737728,854647,49631,6,6024327,54530,0,3916894,3469,875159040,50822144,5624324,2189906,9,2,0,0,0,70393,125095
1778176734810,2512576512,61640704,813686784,291938304,943308800,1073737728,854647,49631,6,6025983,54530,0,3916894,3469,875159040,50822144,5624750,2190870,9,2,0,0,0,70393,125095
1778176735107,2512576512,61648896,813690880,291938304,943308800,1073737728,854647,49663,6,6027645,54530,0,3916894,3469,875159040,50854912,5628214,2192278,9,2,0,0,0,70393,125095
1778176735404,2512576512,61648896,813690880,291938304,943308800,1073737728,854647,49663,6,6029306,54530,0,3916894,3469,875159040,50854912,5628600,2192364,9,2,0,0,0,70393,125095
1778176735701,2512576512,61648896,813690880,291938304,943308800,1073737728,854647,49663,6,6030967,54530,0,3916894,3469,875159040,50854912,5629586,2193156,9,2,0,0,0,70393,125095
1778176736000,2512576512,61648896,813694976,291938304,943308800,1073737728,854647,49683,6,6032626,54530,0,3916894,3469,875159040,50875392,5629784,2193196,9,2,0,0,0,70393,125095
1778176736294,2512576512,61648896,813694976,291938304,943308800,1073737728,854647,49683,6,6034284,54530,0,3916894,3469,875159040,50875392,5630052,2193282,9,2,0,0,0,70393,125095
1778176736591,2512576512,61648896,813699072,291938304,943308800,1073737728,854647,49683,6,6035945,54530,0,3916895,3469,875159040,50875392,5630924,2194038,9,2,0,0,0,70393,125095
1778176736886,2512576512,61648896,813699072,291938304,943308800,1073737728,854647,49683,6,6037603,54530,0,3916895,3469,875159040,50875392,5631138,2194078,9,2,0,0,0,70393,125095
1778176737182,2512576512,61648896,813699072,291938304,943321088,1073737728,854647,49683,6,6039278,54530,0,3916895,3469,875159040,50875392,5631336,2194118,9,2,0,0,0,70393,125098
1778176737473,2512576512,61648896,813699072,291938304,943321088,1073737728,854647,49683,6,6040939,54530,0,3916895,3469,875159040,50875392,5632192,2195668,9,2,0,0,0,70393,125098
1778176737771,2512576512,61648896,813699072,291938304,943321088,1073737728,854647,49683,6,6042597,54530,0,3916895,3469,875159040,50875392,5632704,2196968,9,2,0,0,0,70393,125098
1778176738067,2512576512,61648896,813707264,291938304,943321088,1073737728,854647,49683,6,6044254,54530,0,3916895,3469,875159040,50875392,5636066,2198240,9,2,0,0,0,70393,125098
1778176738363,2512576512,61648896,813707264,291938304,943321088,1073737728,854647,49683,6,6045912,54530,0,3916895,3469,875159040,50875392,5636334,2198326,9,2,0,0,0,70393,125098
1778176738654,2512576512,61648896,813707264,291962880,943357952,1073737728,854647,49683,6,6047575,54530,0,3916903,3469,875159040,50875392,5637438,2199118,9,2,0,0,0,70399,125100
1778176738951,2512576512,61648896,813711360,291962880,943357952,1073737728,854647,49683,6,6049234,54530,0,3916903,3469,875159040,50875392,5637636,2199158,9,2,0,0,0,70399,125100
1778176739243,2512576512,61648896,813711360,291962880,943357952,1073737728,854647,49683,6,6050893,54530,0,3916903,3469,875159040,50875392,5637936,2199420,9,2,0,0,0,70399,125100
1778176739539,2512576512,61648896,813711360,291962880,943357952,1073737728,854647,49683,6,6052554,54530,0,3916903,3469,875159040,50875392,5638706,2200040,9,2,0,0,0,70399,125100
1778176739835,2512576512,61648896,813711360,291962880,943357952,1073737728,854647,49683,6,6054211,54530,0,3916903,3469,875159040,50875392,5638920,2200080,9,2,0,0,0,70399,125100
1778176740131,2512576512,61648896,813711360,291962880,943357952,1073737728,854647,49683,6,6055868,54530,0,3916903,3469,875159040,50916352,5639118,2200120,9,2,0,0,0,70399,125100
1778176740426,2512576512,61657088,813703168,291962880,943357952,1073737728,854647,49723,6,6057524,54530,0,3916903,3469,875159040,50916352,5639402,2200206,9,2,0,0,0,70399,125100
1778176740725,2512576512,61657088,813703168,291962880,943357952,1073737728,854647,49723,6,6059183,54530,0,3916903,3469,875159040,50916352,5640502,2202046,9,2,0,0,0,70399,125100
1778176741021,2512576512,61657088,813719552,291962880,943357952,1073737728,854647,49723,6,6060839,54530,0,3916903,3469,875159040,50916352,5643864,2204242,9,2,0,0,0,70399,125100
1778176741316,2512576512,61657088,813719552,291962880,943357952,1073737728,854647,49723,6,6062497,54530,0,3916903,3469,875159040,50949120,5644062,2204328,9,2,0,0,0,70399,125100
1778176741612,2512576512,61657088,813723648,291962880,943357952,1073737728,854647,49755,6,6064159,54530,0,3916903,3469,875159040,50949120,5645332,2205120,9,2,0,0,0,70399,125100
1778176741907,2512576512,61657088,813723648,291962880,943357952,1073737728,854647,49755,6,6065817,54530,0,3916903,3469,875159040,50949120,5645648,2205296,9,2,0,0,0,70399,125100
1778176742203,2512576512,61657088,813723648,291962880,943357952,1073737728,854647,49755,6,6067475,54530,0,3916903,3469,875159040,50949120,5645846,2205336,9,2,0,0,0,70399,125100
1778176742494,2512576512,61657088,813727744,291962880,943357952,1073737728,854647,49755,6,6069134,54530,0,3916903,3469,875159040,50949120,5646616,2205962,9,2,0,0,0,70399,125100
1778176742791,2512576512,61657088,813727744,291962880,943357952,1073737728,854647,49755,6,6070792,54530,0,3916903,3469,875159040,50949120,5646830,2206042,9,2,0,0,0,70399,125100
1778176743084,2512576512,61657088,813727744,291962880,943357952,1073737728,854647,49755,6,6072465,54530,0,3916903,3469,875159040,50949120,5647028,2206082,9,2,0,0,0,70399,125100
1778176743380,2512576512,61657088,813727744,291962880,943357952,1073737728,854647,49755,6,6074123,54530,0,3916904,3469,875159040,50949120,5647414,2206304,9,2,0,0,0,70399,125100
1778176743679,2512576512,61657088,813727744,291962880,943357952,1073737728,854647,49755,6,6075783,54530,0,3916904,3469,875159040,50949120,5648412,2207968,9,2,0,0,0,70399,125100
1778176743976,2512576512,61657088,813727744,291962880,943357952,1073737728,854647,49755,6,6077440,54530,0,3916904,3469,875159040,50949120,5651774,2210164,9,2,0,0,0,70399,125100
1778176744272,2512576512,61657088,813727744,291962880,943357952,1073737728,854647,49755,6,6079101,54530,0,3916904,3469,875159040,50949120,5652160,2210290,9,2,0,0,0,70399,125100
1778176744568,2512576512,61657088,813727744,291962880,943357952,1073737728,854647,49755,6,6080761,54530,0,3916904,3469,875159040,50949120,5653232,2211218,9,2,0,0,0,70399,125100
1778176744864,2512576512,61657088,813731840,291962880,943357952,1073737728,854647,49755,6,6082422,54530,0,3916904,3469,875159040,50949120,5653564,2211258,9,2,0,0,0,70399,125100
1778176745160,2512576512,61657088,813731840,291962880,943357952,1073737728,854647,49755,6,6084081,54530,0,3916904,3469,875159040,50949120,5653762,2211298,9,2,0,0,0,70399,125100
1778176745454,2512576512,61665280,813723648,291962880,943357952,1073737728,854647,49795,6,6085738,54530,0,3916904,3469,875159040,50990080,5654548,2211924,9,2,0,0,0,70399,125100
1778176745745,2512576512,61665280,813723648,291962880,943357952,1073737728,854647,49795,6,6087398,54530,0,3916904,3469,875159040,50990080,5654762,2212004,9,2,0,0,0,70399,125100
1778176746035,2512576512,61665280,813735936,291962880,943357952,1073737728,854647,49795,6,6089056,54530,0,3916904,3469,875159040,50990080,5655062,2212220,9,2,0,0,0,70399,125100
1778176746331,2512576512,61665280,813735936,291962880,943357952,1073737728,854647,49795,6,6090713,54530,0,3916904,3469,875159040,50990080,5655260,2212306,9,2,0,0,0,70399,125100
1778176746627,2512576512,61665280,813735936,291962880,943357952,1073737728,854647,49795,6,6092374,54530,0,3916904,3469,875159040,50990080,5656242,2213970,9,2,0,0,0,70399,125100
1778176746923,2512576512,61665280,813740032,291971072,943366144,1073737728,854647,49823,6,6094031,54530,0,3916904,3469,875159040,51018752,5659620,2216166,9,2,0,0,0,70401,125101
1778176747219,2512576512,61665280,813740032,291971072,943366144,1073737728,854647,49823,6,6095691,54530,0,3916904,3469,875159040,51018752,5659936,2216206,9,2,0,0,0,70401,125101
1778176747514,2512576512,61665280,813740032,291971072,943366144,1073737728,854647,49823,6,6097350,54530,0,3916904,3469,875159040,51018752,5660808,2217088,9,2,0,0,0,70401,125101
1778176747810,2512576512,61665280,813740032,291971072,943366144,1073737728,854647,49823,6,6099007,54530,0,3916904,3469,875159040,51018752,5661222,2217300,9,2,0,0,0,70401,125101
1778176748101,2512576512,61665280,813740032,291971072,943366144,1073737728,854647,49823,6,6100663,54530,0,3916904,3469,875159040,51018752,5661420,2217340,9,2,0,0,0,70401,125101
1778176748398,2512576512,61665280,813740032,291971072,943366144,1073737728,854647,49823,6,6102320,54530,0,3916904,3469,875159040,51018752,5661688,2217426,9,2,0,0,0,70401,125101
1778176748696,2512576512,61665280,813740032,291971072,943366144,1073737728,854647,49823,6,6103981,54530,0,3916905,3469,875159040,51018752,5662618,2218210,9,2,0,0,0,70401,125101
1778176748993,2512576512,61665280,813744128,291971072,943366144,1073737728,854647,49823,6,6105653,54530,0,3916905,3469,875159040,51018752,5662816,2218250,9,2,0,0,0,70401,125101
1778176749290,2512576512,61665280,813744128,291971072,943366144,1073737728,854647,49823,6,6107309,54530,0,3916905,3469,875159040,51018752,5663084,2218336,9,2,0,0,0,70401,125101
1778176749586,2512576512,61665280,813744128,291971072,943366144,1073737728,854647,49823,6,6108969,54530,0,3916905,3469,875159040,51018752,5664066,2220040,9,2,0,0,0,70401,125101
1778176749883,2512576512,61665280,813744128,291971072,943366144,1073737728,854647,49823,6,6110625,54530,0,3916905,3469,875159040,51018752,5667444,2222236,9,2,0,0,0,70401,125101
1778176750179,2512576512,61665280,813744128,291971072,943366144,1073737728,854647,49823,6,6112283,54530,0,3916905,3469,875159040,51018752,5667744,2222452,9,2,0,0,0,70401,125101
1778176750477,2512576512,61665280,813744128,291971072,943366144,1073737728,854647,49839,6,6113946,54530,0,3916905,3469,875159040,51072000,5668702,2223078,9,2,0,0,0,70401,125101
1778176750775,2512576512,61673472,813752320,291971072,943386624,1073737728,854647,49875,6,6115603,54530,0,3916906,3469,875159040,51072000,5669116,2223330,9,2,0,0,0,70401,125105
1778176751066,2512576512,61673472,813752320,291971072,943386624,1073737728,854647,49875,6,6117259,54530,0,3916906,3469,875159040,51072000,5669314,2223370,9,2,0,0,0,70401,125105
1778176751363,2512576512,61673472,813752320,291971072,943386624,1073737728,854647,49875,6,6118917,54530,0,3916906,3469,875159040,51072000,5669582,2223456,9,2,0,0,0,70401,125105
1778176751660,2512576512,61673472,813760512,291971072,943386624,1073737728,854647,49875,6,6120577,54530,0,3916906,3469,875159040,51072000,5670470,2224216,9,2,0,0,0,70401,125105
1778176751956,2512576512,61673472,813760512,291971072,943386624,1073737728,854647,49907,6,6122235,54530,0,3916906,3469,875159040,51104768,5670668,2224256,9,2,0,0,0,70401,125105
1778176752249,2512576512,61673472,813760512,291971072,943386624,1073737728,854647,49907,6,6123891,54530,0,3916906,3469,875159040,51104768,5670866,2224296,9,2,0,0,0,70401,125105
1778176752544,2512576512,61673472,813760512,291971072,943386624,1073737728,854647,49907,6,6125552,54530,0,3916906,3469,875159040,51104768,5671918,2226050,9,2,0,0,0,70401,125105
1778176752840,2512576512,61673472,813764608,291979264,943431680,1073737728,854647,49907,6,6127210,54530,0,3916906,3469,875159040,51104768,5673816,2227766,9,2,0,0,0,70403,125114
1778176753136,2512576512,61673472,813764608,291979264,943431680,1073737728,854647,49907,6,6128868,54530,0,3916906,3469,875159040,51104768,5675596,2228422,9,2,0,0,0,70403,125114
1778176753433,2512576512,61673472,813764608,291979264,943431680,1073737728,854647,49907,6,6130527,54530,0,3916906,3469,875159040,51104768,5675982,2228508,9,2,0,0,0,70403,125114
1778176753728,2512576512,61673472,813764608,291979264,943431680,1073737728,854647,49907,6,6132190,54530,0,3916907,3469,875159040,51104768,5676968,2229344,9,2,0,0,0,70403,125114
1778176754024,2512576512,61673472,813764608,291979264,943431680,1073737728,854647,49907,6,6133847,54530,0,3916907,3469,875159040,51104768,5677166,2229384,9,2,0,0,0,70403,125114
1778176754319,2512576512,61673472,813764608,291979264,943431680,1073737728,854647,49907,6,6135505,54530,0,3916907,3469,875159040,51104768,5677536,2229646,9,2,0,0,0,70403,125114
1778176754616,2512576512,61673472,813764608,291979264,943431680,1073737728,854647,49907,6,6137165,54530,0,3916907,3469,875159040,51104768,5678306,2230230,9,2,0,0,0,70403,125114
1778176754911,2512576512,61673472,813768704,291979264,943431680,1073737728,854647,49907,6,6138838,54530,0,3916907,3469,875159040,51104768,5678520,2230270,9,2,0,0,0,70403,125114
1778176755203,2512576512,61673472,813768704,291979264,943431680,1073737728,854647,49907,6,6140495,54530,0,3916907,3469,875159040,51104768,5678734,2230310,9,2,0,0,0,70403,125114
1778176755499,2512576512,61673472,813768704,291979264,943431680,1073737728,854647,49907,6,6142156,54530,0,3916907,3469,875159040,51104768,5679590,2231904,9,2,0,0,0,70403,125114
1778176755796,2512576512,61681664,813760512,291979264,943431680,1073737728,854647,49951,6,6143816,54530,0,3916907,3469,875159040,51149824,5680118,2233204,9,2,0,0,0,70403,125114
1778176756092,2512576512,61681664,813760512,291979264,943431680,1073737728,854647,49951,6,6145476,54530,0,3916907,3469,875159040,51149824,5683480,2234476,9,2,0,0,0,70403,125114
1778176756388,2512576512,61681664,813760512,291979264,943431680,1073737728,854647,49951,6,6147133,54530,0,3916907,3469,875159040,51149824,5683748,2234562,9,2,0,0,0,70403,125114
1778176756684,2512576512,61681664,813760512,291979264,943431680,1073737728,854647,49951,6,6148799,54530,0,3916907,3469,875159040,51149824,5684836,2235358,9,2,0,0,0,70403,125114
1778176756980,2512576512,61681664,813772800,291979264,943439872,1073737728,854647,49971,6,6150457,54530,0,3916907,3469,875159040,51170304,5685136,2235574,9,2,0,0,0,70403,125116
1778176757275,2512576512,61681664,813772800,291979264,943439872,1073737728,854647,49971,6,6152115,54530,0,3916907,3469,875159040,51170304,5685334,2235614,9,2,0,0,0,70403,125116
1778176757572,2512576512,61681664,813772800,291979264,943439872,1073737728,854647,49971,6,6153774,54530,0,3916907,3469,875159040,51170304,5686120,2236284,9,2,0,0,0,70403,125116
1778176757869,2512576512,61681664,813772800,291979264,943439872,1073737728,854647,49971,6,6155430,54530,0,3916907,3469,875159040,51170304,5686334,2236324,9,2,0,0,0,70403,125116
1778176758164,2512576512,61681664,813772800,291979264,943439872,1073737728,854647,49971,6,6157089,54530,0,3916907,3469,875159040,51170304,5686532,2236364,9,2,0,0,0,70403,125116
1778176758459,2512576512,61681664,813772800,291979264,943439872,1073737728,854647,49971,6,6158749,54530,0,3916907,3469,875159040,51170304,5687474,2238094,9,2,0,0,0,70403,125116
1778176758751,2512576512,61681664,813776896,291979264,943439872,1073737728,854647,49971,6,6160407,54530,0,3916907,3469,875159040,51170304,5687900,2239258,9,2,0,0,0,70403,125116
1778176759043,2512576512,61681664,813776896,291979264,943439872,1073737728,854647,49971,6,6162066,54530,0,3916907,3469,875159040,51170304,5691262,2240530,9,2,0,0,0,70403,125116
1778176759339,2512576512,61681664,813776896,291979264,943439872,1073737728,854647,49971,6,6163726,54530,0,3916907,3469,875159040,51170304,5691578,2240656,9,2,0,0,0,70403,125116
1778176759635,2512576512,61681664,813776896,291979264,943439872,1073737728,854647,49971,6,6165386,54530,0,3916907,3469,875159040,51170304,5692650,2241588,9,2,0,0,0,70403,125116
1778176759931,2512576512,61681664,813780992,291979264,943439872,1073737728,854647,49971,6,6167044,54530,0,3916907,3469,875159040,51170304,5692864,2241628,9,2,0,0,0,70403,125116
1778176760227,2512576512,61681664,813780992,291979264,943439872,1073737728,854647,49971,6,6168702,54530,0,3916907,3469,875159040,51170304,5693062,2241668,9,2,0,0,0,70403,125116
1778176760523,2512576512,61681664,813780992,291979264,943439872,1073737728,854647,49971,6,6170362,54530,0,3916907,3469,875159040,51170304,5693848,2242338,9,2,0,0,0,70403,125116
1778176760819,2512576512,61689856,813772800,291979264,943439872,1073737728,854647,49999,6,6172021,54530,0,3916907,3469,875159040,51198976,5694062,2242378,9,2,0,0,0,70403,125116
1778176761115,2512576512,61689856,813785088,291979264,943439872,1073737728,854647,49999,6,6173694,54530,0,3916907,3469,875159040,51198976,5694362,2242554,9,2,0,0,0,70403,125116
1778176761411,2512576512,61689856,813785088,291979264,943439872,1073737728,854647,49999,6,6175351,54530,0,3916908,3469,875159040,51198976,5694630,2242640,9,2,0,0,0,70403,125116
1778176761708,2512576512,61689856,813785088,291979264,943439872,1073737728,854647,49999,6,6177012,54530,0,3916909,3469,875159040,51198976,5695628,2244348,9,2,0,0,0,70403,125116
1778176762005,2512576512,61689856,813789184,291979264,943439872,1073737728,854647,49999,6,6178669,54530,0,3916909,3469,875159040,51198976,5699006,2246544,9,2,0,0,0,70403,125116
1778176762300,2512576512,61689856,813789184,291979264,943439872,1073737728,854647,49999,6,6180327,54530,0,3916909,3469,875159040,51223552,5699322,2246584,9,2,0,0,0,70403,125116
1778176762596,2512576512,61689856,813789184,291979264,943439872,1073737728,854647,50023,6,6181992,54530,0,3916909,3469,875159040,51223552,5700464,2247562,9,2,0,0,0,70403,125116
1778176762892,2512576512,61689856,813789184,291979264,943464448,1073737728,854647,50023,6,6183650,54530,0,3916909,3469,875159040,51223552,5700678,2247602,9,2,0,0,0,70403,125119
1778176763188,2512576512,61689856,813789184,291979264,943464448,1073737728,854647,50023,6,6185308,54530,0,3916909,3469,875159040,51223552,5700876,2247642,9,2,0,0,0,70403,125119
1778176763483,2512576512,61689856,813789184,291979264,943464448,1073737728,854647,50023,6,6186969,54530,0,3916909,3469,875159040,51223552,5701732,2248272,9,2,0,0,0,70403,125119
1778176763779,2512576512,61689856,813793280,291979264,943464448,1073737728,854647,50023,6,6188628,54530,0,3916909,3469,875159040,51223552,5702048,2248528,9,2,0,0,0,70403,125119
1778176764075,2512576512,61689856,813793280,291979264,943464448,1073737728,854647,50023,6,6190286,54530,0,3916909,3469,875159040,51223552,5702246,2248568,9,2,0,0,0,70403,125119
1778176764371,2512576512,61689856,813793280,291979264,943464448,1073737728,854647,50023,6,6191944,54530,0,3916909,3469,875159040,51223552,5702514,2248654,9,2,0,0,0,70403,125119
1778176764667,2512576512,61689856,813793280,291979264,943464448,1073737728,854647,50023,6,6193604,54530,0,3916919,3469,875159040,51223552,5703512,2250322,9,2,0,0,0,70403,125119
1778176764963,2512576512,61689856,813793280,291979264,943464448,1073737728,854647,50023,6,6195262,54530,0,3916919,3469,875159040,51223552,5706874,2252518,9,2,0,0,0,70403,125119
1778176765259,2512576512,61689856,813801472,292003840,943501312,1073737728,854647,50023,6,6196919,54530,0,3916919,3469,875159040,51223552,5707174,2252734,9,2,0,0,0,70409,125121
1778176765554,2512576512,61689856,813801472,292003840,943501312,1073737728,854647,50023,6,6198584,54530,0,3916919,3469,875159040,51223552,5708332,2253576,9,2,0,0,0,70409,125121
1778176765847,2512576512,61689856,813805568,292003840,943501312,1073737728,854647,50023,6,6200242,54530,0,3916919,3469,875159040,51223552,5708546,2253616,9,2,0,0,0,70409,125121
1778176766143,2512576512,61693952,813801472,292003840,943501312,1073737728,854647,50055,6,6201902,54530,0,3916919,3469,875159040,51260416,5708744,2253656,9,2,0,0,0,70409,125121
1778176766434,2512576512,61698048,813797376,292003840,943501312,1073737728,854647,50059,6,6203558,54530,0,3916919,3469,875159040,51260416,5709012,2253742,9,2,0,0,0,70409,125121
1778176766730,2512576512,61698048,813805568,292003840,943501312,1073737728,854647,50059,6,6205218,54530,0,3916919,3469,875159040,51260416,5709900,2254502,9,2,0,0,0,70409,125121
1778176767025,2512576512,61698048,813805568,292003840,943501312,1073737728,854647,50059,6,6206890,54530,0,3916919,3469,875159040,51260416,5710098,2254542,9,2,0,0,0,70409,125121
1778176767322,2512576512,61698048,813805568,292003840,943501312,1073737728,854647,50059,6,6208548,54530,0,3916920,3469,875159040,51260416,5710296,2254582,9,2,0,0,0,70409,125121
1778176767619,2512576512,61698048,813809664,292003840,943501312,1073737728,854647,50059,6,6210208,54530,0,3916920,3469,875159040,51260416,5711348,2256296,9,2,0,0,0,70409,125121
1778176767910,2512576512,61698048,813809664,292003840,943501312,1073737728,854647,50091,6,6211867,54530,0,3916920,3469,875159040,51293184,5714828,2258668,9,2,0,0,0,70409,125121
1778176768207,2512576512,61698048,813809664,292003840,943501312,1073737728,854647,50091,6,6213525,54530,0,3916920,3469,875159040,51293184,5715026,2258708,9,2,0,0,0,70409,125121
1778176768503,2512576512,61698048,813813760,292003840,943501312,1073737728,854647,50091,6,6215185,54530,0,3916920,3469,875159040,51293184,5715984,2259378,9,2,0,0,0,70409,125121
1778176768800,2512576512,61698048,813813760,292003840,943521792,1073737728,854647,50091,6,6216850,54530,0,3916920,3469,875159040,51293184,5716398,2259630,9,2,0,0,0,70409,125123
1778176769091,2512576512,61698048,813813760,292003840,943521792,1073737728,854647,50091,6,6218508,54530,0,3916920,3469,875159040,51293184,5716596,2259670,9,2,0,0,0,70409,125123
1778176769387,2512576512,61698048,813813760,292003840,943521792,1073737728,854647,50091,6,6220165,54530,0,3916920,3469,875159040,51293184,5716966,2259892,9,2,0,0,0,70409,125123
1778176769684,2512576512,61698048,813817856,292003840,943521792,1073737728,854647,50091,6,6221827,54530,0,3916920,3469,875159040,51293184,5717752,2260476,9,2,0,0,0,70409,125123
1778176769980,2512576512,61698048,813817856,292003840,943521792,1073737728,854647,50091,6,6223485,54530,0,3916920,3469,875159040,51293184,5717950,2260516,9,2,0,0,0,70409,125123
1778176770276,2512576512,61698048,813817856,292003840,943521792,1073737728,854647,50091,6,6225144,54530,0,3916920,3469,875159040,51293184,5718148,2260556,9,2,0,0,0,70409,125123
1778176770573,2512576512,61698048,813817856,292003840,943521792,1073737728,854647,50091,6,6226803,54530,0,3916920,3469,875159040,51293184,5719302,2262486,9,2,0,0,0,70409,125123
1778176770866,2512576512,61698048,813817856,292003840,943521792,1073737728,854647,50091,6,6228461,54530,0,3916920,3469,875159040,51293184,5721098,2264066,9,2,0,0,0,70409,125123
1778176771163,2512576512,61698048,813817856,292003840,943521792,1073737728,854647,50091,6,6230121,54530,0,3916920,3469,875159040,51293184,5722878,2264722,9,2,0,0,0,70409,125123
1778176771459,2512576512,61706240,813809664,292003840,943521792,1073737728,854647,50127,6,6231783,54530,0,3916920,3469,875159040,51330048,5723820,2265392,9,2,0,0,0,70409,125123
1778176771749,2512576512,61706240,813809664,292003840,943521792,1073737728,854647,50127,6,6233441,54530,0,3916920,3469,875159040,51330048,5724234,2265644,9,2,0,0,0,70409,125123
1778176772041,2512576512,61706240,813821952,292003840,943521792,1073737728,854647,50127,6,6235101,54530,0,3916920,3469,875159040,51330048,5724534,2265908,9,2,0,0,0,70409,125123
1778176772336,2512576512,61706240,813821952,292003840,943521792,1073737728,854647,50127,6,6236760,54530,0,3916920,3469,875159040,51330048,5724748,2265948,9,2,0,0,0,70409,125123
1778176772632,2512576512,61706240,813821952,292003840,943521792,1073737728,854647,50127,6,6238421,54530,0,3916920,3469,875159040,51330048,5725588,2266578,9,2,0,0,0,70409,125123
1778176772929,2512576512,61706240,813821952,292003840,943525888,1073737728,854647,50147,6,6240095,54530,0,3916920,3469,875159040,51350528,5725786,2266618,9,2,0,0,0,70409,125124
1778176773224,2512576512,61706240,813821952,292003840,943525888,1073737728,854647,50147,6,6241755,54530,0,3916920,3469,875159040,51350528,5725984,2266658,9,2,0,0,0,70409,125124
1778176773518,2512576512,61706240,813826048,292003840,943525888,1073737728,854647,50147,6,6243416,54530,0,3916920,3469,875159040,51350528,5726926,2268548,9,2,0,0,0,70409,125124
1778176773814,2512576512,61706240,813826048,292003840,943525888,1073737728,854647,50147,6,6245075,54530,0,3916920,3469,875159040,51350528,5727352,2269512,9,2,0,0,0,70409,125124
1778176774111,2512576512,61706240,813826048,292003840,943525888,1073737728,854647,50147,6,6246735,54530,0,3916921,3469,875159040,51350528,5730714,2270784,9,2,0,0,0,70409,125124
1778176774407,2512576512,61706240,813826048,292003840,943525888,1073737728,854647,50147,6,6248397,54530,0,3916921,3469,875159040,51350528,5731100,2270870,9,2,0,0,0,70409,125124
1778176774704,2512576512,61706240,813826048,292003840,943525888,1073737728,854647,50147,6,6250060,54530,0,3916921,3469,875159040,51350528,5732188,2271802,9,2,0,0,0,70409,125124
1778176775000,2512576512,61706240,813826048,292003840,943525888,1073737728,854647,50147,6,6251720,54530,0,3916921,3469,875159040,51350528,5732386,2271842,9,2,0,0,0,70409,125124
1778176775294,2512576512,61706240,813826048,292003840,943525888,1073737728,854647,50147,6,6253376,54530,0,3916921,3469,875159040,51350528,5732584,2271882,9,2,0,0,0,70409,125124
1778176775591,2512576512,61706240,813830144,292003840,943525888,1073737728,854647,50147,6,6255037,54530,0,3916921,3469,875159040,51350528,5733424,2272552,9,2,0,0,0,70409,125124
1778176775882,2512576512,61706240,813830144,292003840,943525888,1073737728,854647,50147,6,6256695,54530,0,3916921,3469,875159040,51350528,5733638,2272592,9,2,0,0,0,70409,125124
1778176776179,2512576512,61706240,813830144,292003840,943525888,1073737728,854647,50147,6,6258354,54530,0,3916921,3469,875159040,51350528,5733938,2272768,9,2,0,0,0,70409,125124
1778176776475,2512576512,61706240,813830144,292003840,943525888,1073737728,854647,50147,6,6260016,54530,0,3916921,3469,875159040,51387392,5734778,2274322,9,2,0,0,0,70409,125124
1778176776771,2512576512,61714432,813830144,292003840,943525888,1073737728,854647,50183,6,6261676,54530,0,3916921,3469,875159040,51387392,5735204,2275486,9,2,0,0,0,70409,125124
1778176777067,2512576512,61714432,813830144,292003840,943525888,1073737728,854647,50183,6,6263335,54530,0,3916921,3469,875159040,51387392,5738566,2276758,9,2,0,0,0,70409,125124
1778176777363,2512576512,61714432,813834240,292003840,943525888,1073737728,854647,50183,6,6264996,54530,0,3916921,3469,875159040,51387392,5738882,2276798,9,2,0,0,0,70409,125124
1778176777659,2512576512,61714432,813834240,292003840,943525888,1073737728,854647,50183,6,6266659,54530,0,3916921,3469,875159040,51387392,5740040,2277816,9,2,0,0,0,70409,125124
1778176777956,2512576512,61714432,813838336,292003840,943525888,1073737728,854647,50183,6,6268318,54530,0,3916921,3469,875159040,51411968,5740238,2277856,9,2,0,0,0,70409,125124
1778176778249,2512576512,61714432,813838336,292003840,943525888,1073737728,854647,50207,6,6269977,54530,0,3916921,3469,875159040,51411968,5740436,2277896,9,2,0,0,0,70409,125124
1778176778544,2512576512,61714432,813838336,292003840,943525888,1073737728,854647,50207,6,6271638,54530,0,3916921,3469,875159040,51411968,5741276,2278566,9,2,0,0,0,70409,125124
1778176778837,2512576512,61714432,813846528,292003840,943525888,1073737728,854647,50207,6,6273296,54530,0,3916921,3469,875159040,51411968,5741592,2278782,9,2,0,0,0,70409,125124
1778176779135,2512576512,61714432,813846528,292012032,943534080,1073737728,854647,50207,6,6274970,54530,0,3916921,3469,875159040,51411968,5741790,2278822,9,2,0,0,0,70411,125126
1778176779431,2512576512,61714432,813850624,292012032,943534080,1073737728,854647,50207,6,6276628,54530,0,3916921,3469,875159040,51411968,5742058,2278908,9,2,0,0,0,70411,125126
1778176779727,2512576512,61714432,813850624,292012032,943534080,1073737728,854647,50207,6,6278291,54530,0,3916921,3469,875159040,51411968,5743098,2280662,9,2,0,0,0,70411,125126
1778176780023,2512576512,61714432,813850624,292012032,943534080,1073737728,854647,50207,6,6279949,54530,0,3916921,3469,875159040,51411968,5746460,2282858,9,2,0,0,0,70411,125126
1778176780319,2512576512,61714432,813850624,292012032,943534080,1073737728,854647,50207,6,6281609,54530,0,3916921,3469,875159040,51411968,5746760,2283074,9,2,0,0,0,70411,125126
1778176780615,2512576512,61714432,813850624,292012032,943534080,1073737728,854647,50207,6,6283274,54530,0,3916921,3469,875159040,51411968,5747918,2284009,9,2,0,0,0,70411,125126
1778176780911,2512576512,61714432,813850624,292012032,943534080,1073737728,854647,50207,6,6284934,54530,0,3916921,3469,875159040,51411968,5748132,2284122,9,2,0,0,0,70411,125126
1778176781207,2512576512,61714432,813850624,292012032,943534080,1073737728,854647,50207,6,6286593,54530,0,3916921,3469,875159040,51424256,5748330,2284162,9,2,0,0,0,70411,125126
1778176781503,2512576512,61714432,813850624,292012032,943534080,1073737728,854647,50219,6,6288254,54530,0,3916921,3469,875159040,51424256,5749272,2284928,9,2,0,0,0,70411,125126
1778176781798,2512576512,61722624,813842432,292012032,943534080,1073737728,854647,50255,6,6289913,54530,0,3916921,3469,875159040,51461120,5749486,2285008,9,2,0,0,0,70411,125126
1778176782094,2512576512,61722624,813854720,292016128,943575040,1073737728,854647,50255,6,6291571,54530,0,3916921,3469,875159040,51461120,5749684,2285048,9,2,0,0,0,70412,125133
1778176782391,2512576512,61722624,813854720,292016128,943575040,1073737728,854647,50255,6,6293229,54530,0,3916921,3469,875159040,51461120,5749898,2285088,9,2,0,0,0,70412,125133
1778176782685,2512576512,61722624,813854720,292016128,943575040,1073737728,854647,50255,6,6294890,54530,0,3916921,3469,875159040,51461120,5750966,2286802,9,2,0,0,0,70412,125133
1778176782980,2512576512,61722624,813854720,292016128,943575040,1073737728,854647,50255,6,6296548,54530,0,3916921,3469,875159040,51461120,5754430,2289134,9,2,0,0,0,70412,125133
1778176783276,2512576512,61722624,813854720,292016128,943575040,1073737728,854647,50255,6,6298207,54530,0,3916921,3469,875159040,51493888,5754644,2289174,9,2,0,0,0,70412,125133
1778176783573,2512576512,61722624,813854720,292016128,943575040,1073737728,854647,50287,6,6299870,54530,0,3916921,3469,875159040,51493888,5755818,2290056,9,2,0,0,0,70412,125133
1778176783864,2512576512,61722624,813854720,292016128,943575040,1073737728,854647,50287,6,6301530,54530,0,3916921,3469,875159040,51493888,5756032,2290096,9,2,0,0,0,70412,125133
1778176784160,2512576512,61722624,813858816,292016128,943575040,1073737728,854647,50287,6,6303194,54530,0,3916921,3469,875159040,51493888,5756230,2290136,9,2,0,0,0,70412,125133
1778176784454,2512576512,61722624,813858816,292016128,943575040,1073737728,854647,50287,6,6304851,54530,0,3916921,3469,875159040,51493888,5757188,2290902,9,2,0,0,0,70412,125133
1778176784744,2512576512,61722624,813858816,292016128,943575040,1073737728,854647,50287,6,6306513,54530,0,3916921,3469,875159040,51493888,5757402,2290982,9,2,0,0,0,70412,125133
1778176785034,2512576512,61722624,813858816,292016128,943575040,1073737728,854647,50287,6,6308185,54530,0,3916921,3469,875159040,51493888,5757600,2291022,9,2,0,0,0,70412,125133
1778176785331,2512576512,61722624,813858816,292016128,943575040,1073737728,854647,50287,6,6309843,54530,0,3916921,3469,875159040,51493888,5757798,2291062,9,2,0,0,0,70412,125133
1778176785627,2512576512,61722624,813858816,292016128,943575040,1073737728,854647,50287,6,6311503,54530,0,3916921,3469,875159040,51493888,5758952,2292952,9,2,0,0,0,70412,125133
1778176785923,2512576512,61722624,813862912,292016128,943575040,1073737728,854647,50287,6,6313163,54530,0,3916921,3469,875159040,51493888,5774588,2305636,9,2,0,0,0,70412,125133
1778176786219,2512576512,61722624,813862912,292016128,943575040,1073737728,854647,50287,6,6314825,54530,0,3916922,3469,875159040,51493888,5774904,2305676,9,2,0,0,0,70412,125133
1778176786514,2512576512,61722624,813862912,292016128,943575040,1073737728,854647,50287,6,6316489,54530,0,3916922,3469,875159040,51493888,5775941,2306413,9,2,0,0,0,70412,125133
1778176786810,2512576512,61722624,813867008,292016128,943575040,1073737728,854647,50287,6,6318156,54530,0,3916922,3469,875159040,51493888,5776457,2306665,9,2,0,0,0,70412,125133
1778176787107,2512576512,61730816,813862912,292016128,943575040,1073737728,854647,50323,6,6319815,54530,0,3916922,3469,875159040,51530752,5811101,2336143,9,2,0,0,0,70412,125133
1778176787401,2512318464,61730816,813862912,292016128,944939008,1073737728,854647,50323,6,6321530,54530,0,3917539,3469,875159040,51530752,5818825,2342603,9,2,0,0,0,70412,125133
1778176787697,2512318464,61730816,813862912,292016128,943575040,1073737728,854647,50323,6,6323615,54530,0,3917601,3469,875159040,51530752,5819677,2343331,9,2,0,0,0,70412,125133
1778176787993,2512318464,61730816,814002176,292036608,943714304,1073737728,854647,50323,6,6325278,54530,0,3917601,3469,875159040,51530752,5857189,2375157,9,2,0,0,0,70417,125166
1778176788285,2512318464,61730816,814002176,292036608,943714304,1073737728,854647,50323,6,6326936,54530,0,3917601,3469,875159040,51530752,5874073,2389411,9,2,0,0,0,70417,125166
1778176788580,2512318464,61730816,814002176,292036608,943714304,1073737728,854647,50343,6,6328600,54530,0,3917601,3469,875159040,51551232,5875157,2391255,9,2,0,0,0,70417,125166
1778176788876,2512318464,61730816,814002176,292036608,943730688,1073737728,854647,50343,6,6330261,54530,0,3917601,3469,875159040,51551232,5877373,2393847,9,2,0,0,0,70417,125170
1778176789171,2512318464,61730816,814006272,292036608,943730688,1073737728,854647,50343,6,6331921,54530,0,3917601,3469,875159040,51551232,5879153,2394503,9,2,0,0,0,70417,125170
1778176789467,2512318464,61730816,814006272,292036608,943730688,1073737728,854647,50343,6,6333586,54530,0,3917601,3469,875159040,51551232,5880041,2395127,9,2,0,0,0,70417,125170
1778176789760,2512318464,61730816,814006272,292036608,943730688,1073737728,854647,50343,6,6335245,54530,0,3917601,3469,875159040,51551232,5880627,2396251,9,2,0,0,0,70417,125170
1778176790055,2512318464,61730816,814006272,292036608,943730688,1073737728,854647,50343,6,6336905,54530,0,3917601,3469,875159040,51551232,5880825,2396291,9,2,0,0,0,70417,125170
1778176790351,2512318464,61730816,814006272,292036608,943730688,1073737728,854647,50343,6,6338565,54530,0,3917601,3469,875159040,51551232,5881023,2396331,9,2,0,0,0,70417,125170
1778176790644,2512318464,61730816,814006272,292036608,943730688,1073737728,854647,50343,6,6340223,54530,0,3917601,3469,875159040,51551232,5881793,2396915,9,2,0,0,0,70417,125170
1778176790939,2512318464,61730816,814006272,292036608,943730688,1073737728,854647,50343,6,6341899,54530,0,3917601,3469,875159040,51551232,5882077,2397139,9,2,0,0,0,70417,125170
1778176791231,2512318464,61730816,814006272,292036608,943730688,1073737728,854647,50343,6,6343556,54530,0,3917601,3469,875159040,51551232,5882377,2397315,9,2,0,0,0,70417,125170
1778176791527,2512318464,61730816,814006272,292036608,943730688,1073737728,854647,50343,6,6345217,54530,0,3917601,3469,875159040,51551232,5883359,2399023,9,2,0,0,0,70417,125170
1778176791822,2512318464,61730816,814014464,292036608,943730688,1073737728,854647,50343,6,6346875,54530,0,3917601,3469,875159040,51551232,5885155,2400603,9,2,0,0,0,70417,125170
1778176792117,2512318464,61730816,814014464,292036608,943730688,1073737728,854647,50343,6,6348534,54530,0,3917601,3469,875159040,51604480,5887005,2401397,9,2,0,0,0,70417,125170
1778176792415,2512318464,61739008,814010368,292036608,943730688,1073737728,854647,50395,6,6350190,54530,0,3917601,3469,875159040,51604480,5887203,2401437,9,2,0,0,0,70417,125170
1778176792711,2512318464,61739008,814010368,292048896,943763456,1073737728,854647,50515,6,6351856,54530,0,3917601,3469,875159040,51727360,5888409,2402409,9,2,0,0,0,70420,125178
1778176793007,2512318464,61739008,814026752,292048896,943763456,1073737728,854647,50515,6,6353515,54530,0,3917601,3469,875159040,51727360,5888607,2402449,9,2,0,0,0,70420,125178
1778176793303,2512318464,61739008,814026752,292048896,943763456,1073737728,854647,50515,6,6355175,54530,0,3917601,3469,875159040,51727360,5888875,2402627,9,2,0,0,0,70420,125178
1778176793599,2512318464,61739008,814026752,292048896,943767552,1073737728,854647,50551,6,6356837,54530,0,3917601,3469,875159040,51764224,5889645,2403251,9,2,0,0,0,70420,125179
1778176793895,2512318464,61739008,814026752,292048896,943767552,1073737728,854647,50551,6,6358497,54530,0,3917601,3469,875159040,51764224,5889961,2403467,9,2,0,0,0,70420,125179
1778176794191,2512318464,61739008,814026752,292048896,943767552,1073737728,854647,50551,6,6360157,54530,0,3917601,3469,875159040,51764224,5890229,2403553,9,2,0,0,0,70420,125179
1778176794487,2512318464,61739008,814026752,292048896,943767552,1073737728,854647,50551,6,6361821,54530,0,3917601,3469,875159040,51764224,5891015,2405337,9,2,0,0,0,70420,125179
1778176794783,2512318464,61739008,814026752,292048896,943767552,1073737728,854647,50551,6,6363478,54530,0,3917601,3469,875159040,51764224,5891511,2406639,9,2,0,0,0,70420,125179
1778176795079,2512318464,61739008,814026752,292048896,943767552,1073737728,854647,50551,6,6365138,54530,0,3917601,3469,875159040,51764224,5894873,2407911,9,2,0,0,0,70420,125179
1778176795375,2512318464,61739008,814026752,292048896,943767552,1073737728,854647,50551,6,6366800,54530,0,3917601,3469,875159040,51764224,5895307,2408127,9,2,0,0,0,70420,125179
1778176795672,2512318464,61739008,814026752,292048896,943767552,1073737728,854647,50551,6,6368466,54530,0,3917613,3469,875159040,51764224,5896395,2408923,9,2,0,0,0,70420,125179
1778176795968,2512318464,61739008,814034944,292048896,943767552,1073737728,854647,50551,6,6370126,54530,0,3917614,3469,875159040,51764224,5896663,2409055,9,2,0,0,0,70420,125179
1778176796263,2512318464,61739008,814034944,292048896,943767552,1073737728,854647,50551,6,6371785,54530,0,3917614,3469,875159040,51764224,5896861,2409095,9,2,0,0,0,70420,125179
1778176796559,2512318464,61739008,814034944,292048896,943767552,1073737728,854647,50551,6,6373446,54530,0,3917614,3469,875159040,51764224,5897733,2409855,9,2,0,0,0,70420,125179
1778176796853,2512318464,61739008,814034944,292048896,943767552,1073737728,854647,50551,6,6375104,54530,0,3917614,3469,875159040,51764224,5897947,2410061,9,2,0,0,0,70420,125179
1778176797151,2512318464,61739008,814039040,292048896,943767552,1073737728,854647,50551,6,6376779,54530,0,3917614,3469,875159040,51764224,5898145,2410147,9,2,0,0,0,70420,125179
1778176797443,2512318464,61747200,814034944,292048896,943767552,1073737728,854647,50603,6,6378439,54530,0,3917614,3469,875159040,51817472,5898429,2410777,9,2,0,0,0,70420,125179
1778176797739,2512318464,61747200,814039040,292048896,943767552,1073737728,854647,50603,6,6380103,54530,0,3917614,3469,875159040,51817472,5899427,2412911,9,2,0,0,0,70420,125179
1778176798034,2512318464,61747200,814039040,292048896,943767552,1073737728,854647,50603,6,6381761,54530,0,3917614,3469,875159040,51817472,5902961,2414411,9,2,0,0,0,70420,125179
1778176798330,2512318464,61747200,814039040,292048896,943767552,1073737728,854647,50603,6,6383419,54530,0,3917614,3469,875159040,51817472,5903293,2414497,9,2,0,0,0,70420,125179
1778176798625,2512318464,61747200,814039040,292048896,943767552,1073737728,854647,50603,6,6385080,54530,0,3917614,3469,875159040,51817472,5904263,2415345,9,2,0,0,0,70420,125179
1778176798922,2512318464,61747200,814039040,292048896,943767552,1073737728,854647,50603,6,6386739,54530,0,3917614,3469,875159040,51842048,5904547,2415431,9,2,0,0,0,70420,125179
1778176799218,2512318464,61747200,814039040,292048896,943767552,1073737728,854647,50627,6,6388397,54530,0,3917614,3469,875159040,51842048,5904745,2415563,9,2,0,0,0,70420,125179
1778176799515,2512318464,61747200,814039040,292048896,943767552,1073737728,854647,50627,6,6390060,54530,0,3917614,3469,875159040,51842048,5905675,2416437,9,2,0,0,0,70420,125179
1778176799811,2512318464,61747200,814043136,292052992,943779840,1073737728,854647,50627,6,6391720,54530,0,3917614,3469,875159040,51842048,5905959,2416569,9,2,0,0,0,70421,125182
1778176800107,2512318464,61747200,814043136,292052992,943779840,1073737728,854647,50627,6,6393378,54530,0,3917614,3469,875159040,51842048,5906157,2416655,9,2,0,0,0,70421,125182
1778176800403,2512318464,61747200,814043136,292052992,943779840,1073737728,854647,50627,6,6395038,54530,0,3917614,3469,875159040,51842048,5906371,2416787,9,2,0,0,0,70421,125182
1778176800700,2512318464,61747200,814047232,292052992,943779840,1073737728,854647,50627,6,6396700,54530,0,3917614,3469,875159040,51842048,5907471,2418677,9,2,0,0,0,70421,125182
1778176800996,2512318464,61747200,814047232,292052992,943779840,1073737728,854647,50627,6,6398357,54530,0,3917614,3469,875159040,51842048,5910903,2420965,9,2,0,0,0,70421,125182
1778176801290,2512318464,61747200,814047232,292052992,943779840,1073737728,854647,50627,6,6400015,54530,0,3917614,3469,875159040,51842048,5911101,2421051,9,2,0,0,0,70421,125182
1778176801587,2512318464,61747200,814047232,292052992,943779840,1073737728,854647,50627,6,6401677,54530,0,3917614,3469,875159040,51842048,5912173,2421933,9,2,0,0,0,70421,125182
1778176801883,2512318464,61747200,814047232,292052992,943779840,1073737728,854647,50627,6,6403342,54530,0,3917614,3469,875159040,51842048,5912569,2422105,9,2,0,0,0,70421,125182
1778176802179,2512318464,61747200,814051328,292052992,943779840,1073737728,854647,50627,6,6405002,54530,0,3917614,3469,875159040,51842048,5912869,2422327,9,2,0,0,0,70421,125182
1778176802470,2512318464,61747200,814051328,292052992,943779840,1073737728,854647,50627,6,6406661,54530,0,3917614,3469,875159040,51878912,5913725,2423003,9,2,0,0,0,70421,125182
1778176802764,2512318464,61755392,814055424,292052992,943779840,1073737728,854647,50663,6,6408322,54530,0,3917614,3469,875159040,51878912,5914009,2423129,9,2,0,0,0,70421,125182
1778176803059,2512318464,61755392,814055424,292052992,943779840,1073737728,854647,50663,6,6409995,54530,0,3917615,3469,875159040,51878912,5914207,2423261,9,2,0,0,0,70421,125182
1778176803354,2512318464,61755392,814055424,292052992,943779840,1073737728,854647,50663,6,6411653,54530,0,3917615,3469,875159040,51878912,5914421,2423347,9,2,0,0,0,70421,125182
1778176803651,2512318464,61755392,814055424,292052992,943779840,1073737728,854647,50663,6,6413313,54530,0,3917615,3469,875159040,51878912,5915591,2425283,9,2,0,0,0,70421,125182
1778176803947,2512318464,61755392,814055424,292052992,943779840,1073737728,854647,50663,6,6414972,54530,0,3917615,3469,875159040,51878912,5918953,2427525,9,2,0,0,0,70421,125182
1778176804239,2512318464,61755392,814055424,292052992,943779840,1073737728,854647,50663,6,6416629,54530,0,3917615,3469,875159040,51899392,5919151,2427657,9,2,0,0,0,70421,125182
1778176804534,2512318464,61755392,814055424,292052992,943779840,1073737728,854647,50683,6,6418291,54530,0,3917615,3469,875159040,51899392,5920133,2428407,9,2,0,0,0,70421,125182
1778176804830,2512318464,61755392,814059520,292065280,943779840,1073737728,854647,50683,6,6419948,54530,0,3917615,3469,875159040,51899392,5920625,2428721,9,2,0,0,0,70424,125182
1778176805121,2512318464,61755392,814059520,292065280,943779840,1073737728,854647,50683,6,6421607,54530,0,3917615,3469,875159040,51899392,5920823,2428853,9,2,0,0,0,70424,125182
1778176805417,2512318464,61755392,814059520,292065280,943779840,1073737728,854647,50683,6,6423263,54530,0,3917615,3469,875159040,51899392,5921037,2428939,9,2,0,0,0,70424,125182
1778176805714,2512318464,61755392,814059520,292065280,943779840,1073737728,854647,50683,6,6424922,54530,0,3917615,3469,875159040,51899392,5921893,2429655,9,2,0,0,0,70424,125182
1778176806010,2512318464,61755392,814059520,292065280,943779840,1073737728,854647,50683,6,6426578,54530,0,3917615,3469,875159040,51899392,5922091,2429741,9,2,0,0,0,70424,125182
1778176806306,2512318464,61755392,814059520,292065280,943779840,1073737728,854647,50683,6,6428234,54530,0,3917615,3469,875159040,51899392,5922391,2430049,9,2,0,0,0,70424,125182
1778176806602,2512318464,61755392,814059520,292065280,943779840,1073737728,854647,50683,6,6429892,54530,0,3917615,3469,875159040,51899392,5923389,2431803,9,2,0,0,0,70424,125182
1778176806899,2512318464,61755392,814071808,292065280,943779840,1073737728,854647,50683,6,6431548,54530,0,3917615,3469,875159040,51899392,5926837,2434091,9,2,0,0,0,70424,125182
1778176807195,2512318464,61755392,814071808,292065280,943779840,1073737728,854647,50683,6,6433206,54530,0,3917615,3469,875159040,51899392,5927035,2434177,9,2,0,0,0,70424,125182
1778176807486,2512318464,61755392,814071808,292065280,943779840,1073737728,854647,50683,6,6434866,54530,0,3917615,3469,875159040,51936256,5927939,2434893,9,2,0,0,0,70424,125182
1778176807782,2512318464,61763584,814071808,292065280,943779840,1073737728,854647,50719,6,6436524,54530,0,3917615,3469,875159040,51936256,5928525,2435287,9,2,0,0,0,70424,125182
1778176808073,2512318464,61763584,814071808,292065280,943779840,1073737728,854647,50719,6,6438180,54530,0,3917615,3469,875159040,51936256,5928723,2435373,9,2,0,0,0,70424,125182
1778176808372,2512060416,61763584,814071808,292065280,943779840,1073737728,854647,50719,6,6439846,54530,0,3917615,3469,875159040,51936256,5930897,2437397,9,2,0,0,0,70424,125182
1778176808663,2512060416,61763584,814071808,292065280,943779840,1073737728,854647,50719,6,6441508,54530,0,3917615,3469,875159040,51936256,5931801,2438067,9,2,0,0,0,70424,125182
1778176808959,2512060416,61763584,814080000,292073472,943849472,1073737728,854647,50719,6,6443180,54530,0,3917615,3469,875159040,51936256,5932171,2438329,9,2,0,0,0,70426,125188
1778176809253,2512060416,61763584,814080000,292073472,943849472,1073737728,854647,50719,6,6444836,54530,0,3917615,3469,875159040,51936256,5932369,2438415,9,2,0,0,0,70426,125188
1778176809550,2512060416,61763584,814080000,292073472,943853568,1073737728,854647,50755,6,6446494,54530,0,3917615,3469,875159040,51973120,5933351,2440169,9,2,0,0,0,70426,125189
1778176809842,2512060416,61763584,814080000,292073472,943853568,1073737728,854647,50755,6,6448150,54530,0,3917615,3469,875159040,51973120,5935147,2441749,9,2,0,0,0,70426,125189
1778176810139,2512060416,61763584,814080000,292073472,943853568,1073737728,854647,50755,6,6449809,54530,0,3917615,3469,875159040,51973120,5937115,2442491,9,2,0,0,0,70426,125189
1778176810437,2512060416,61763584,814080000,292073472,943853568,1073737728,854647,50755,6,6451467,54530,0,3917615,3469,875159040,51973120,5937415,2442753,9,2,0,0,0,70426,125189
1778176810732,2512060416,61763584,814084096,292073472,943853568,1073737728,854647,50755,6,6453131,54530,0,3917616,3469,875159040,51973120,5938589,2443635,9,2,0,0,0,70426,125189
1778176811028,2512060416,61763584,814084096,292073472,943853568,1073737728,854647,50755,6,6454788,54530,0,3917616,3469,875159040,51973120,5938787,2443675,9,2,0,0,0,70426,125189
1778176811323,2512060416,61763584,814084096,292073472,943853568,1073737728,854647,50755,6,6456445,54530,0,3917616,3469,875159040,51973120,5938985,2443761,9,2,0,0,0,70426,125189
1778176811619,2512060416,61763584,814084096,292073472,943853568,1073737728,854647,50755,6,6458105,54530,0,3917616,3469,875159040,51973120,5939857,2444567,9,2,0,0,0,70426,125189
1778176811915,2512060416,61763584,814084096,292073472,943853568,1073737728,854647,50755,6,6459762,54530,0,3917616,3469,875159040,51973120,5940071,2444607,9,2,0,0,0,70426,125189
1778176812211,2512060416,61763584,814084096,292073472,943853568,1073737728,854647,50755,6,6461419,54530,0,3917616,3469,875159040,51973120,5940339,2444693,9,2,0,0,0,70426,125189
1778176812506,2512060416,61763584,814084096,292073472,943853568,1073737728,854647,50755,6,6463078,54530,0,3917616,3469,875159040,51997696,5941125,2446287,9,2,0,0,0,70426,125189
1778176812801,2512060416,61771776,814088192,292073472,943857664,1073737728,854647,50819,6,6464736,54530,0,3917616,3469,875159040,52038656,5941621,2447457,9,2,0,0,0,70426,125190
1778176813096,2512060416,61771776,814088192,292073472,943857664,1073737728,854647,50819,6,6466394,54530,0,3917616,3469,875159040,52038656,5945085,2448905,9,2,0,0,0,70426,125190
1778176813392,2512060416,61771776,814088192,292073472,943857664,1073737728,854647,50819,6,6468056,54530,0,3917616,3469,875159040,52038656,5945443,2449019,9,2,0,0,0,70426,125190
1778176813689,2512060416,61771776,814088192,292073472,943857664,1073737728,854647,50819,6,6469715,54530,0,3917616,3469,875159040,52038656,5946429,2449821,9,2,0,0,0,70426,125190
1778176813984,2512060416,61771776,814088192,292073472,943857664,1073737728,854647,50819,6,6471373,54530,0,3917616,3469,875159040,52038656,5946697,2449907,9,2,0,0,0,70426,125190
1778176814280,2512060416,61771776,814088192,292073472,943857664,1073737728,854647,50819,6,6473031,54530,0,3917616,3469,875159040,52038656,5946895,2449947,9,2,0,0,0,70426,125190
1778176814576,2512060416,61771776,814088192,292073472,943857664,1073737728,854647,50839,6,6474691,54530,0,3917616,3469,875159040,52059136,5947767,2450713,9,2,0,0,0,70426,125190
1778176814870,2512060416,61771776,814092288,292073472,943857664,1073737728,854647,50839,6,6476347,54530,0,3917617,3469,875159040,52059136,5948051,2450799,9,2,0,0,0,70426,125190
1778176815167,2511802368,61771776,814092288,292073472,943857664,1073737728,854647,50839,6,6478022,54530,0,3917617,3469,875159040,52059136,5948249,2450885,9,2,0,0,0,70426,125190
1778176815463,2511802368,61771776,814092288,292073472,943857664,1073737728,854647,50839,6,6479680,54530,0,3917617,3469,875159040,52059136,5949019,2452393,9,2,0,0,0,70426,125190
1778176815754,2511802368,61771776,814092288,292073472,943857664,1073737728,854647,50839,6,6481339,54530,0,3917617,3469,875159040,52059136,5949547,2453739,9,2,0,0,0,70426,125190
1778176816046,2511802368,61771776,814092288,292073472,943857664,1073737728,854647,50839,6,6482996,54530,0,3917617,3469,875159040,52059136,5952979,2455057,9,2,0,0,0,70426,125190
1778176816343,2511802368,61771776,814092288,292073472,943857664,1073737728,854647,50839,6,6484656,54530,0,3917617,3469,875159040,52059136,5953295,2455137,9,2,0,0,0,70426,125190
1778176816636,2511802368,61771776,814092288,292073472,943857664,1073737728,854647,50839,6,6486316,54530,0,3917617,3469,875159040,52059136,5954265,2455939,9,2,0,0,0,70426,125190
1778176816931,2511802368,61771776,814100480,292073472,943857664,1073737728,854647,50839,6,6487976,54530,0,3917617,3469,875159040,52059136,5954549,2456025,9,2,0,0,0,70426,125190
1778176817227,2511802368,61771776,814100480,292073472,943857664,1073737728,854647,50839,6,6489634,54530,0,3917617,3469,875159040,52059136,5954849,2456287,9,2,0,0,0,70426,125190
1778176817523,2511802368,61771776,814100480,292073472,943857664,1073737728,854647,50839,6,6491295,54530,0,3917617,3469,875159040,52059136,5955619,2456911,9,2,0,0,0,70426,125190
1778176817818,2511802368,61779968,814092288,292073472,943857664,1073737728,854647,50867,6,6492954,54530,0,3917617,3469,875159040,52087808,5955833,2456997,9,2,0,0,0,70426,125190
1778176818115,2511802368,61779968,814092288,292073472,943857664,1073737728,854647,50867,6,6494611,54530,0,3917617,3469,875159040,52087808,5956117,2457083,9,2,0,0,0,70426,125190
1778176818411,2511802368,61779968,814092288,292073472,943857664,1073737728,854647,50867,6,6496269,54530,0,3917617,3469,875159040,52087808,5956315,2457169,9,2,0,0,0,70426,125190
1778176818707,2511802368,61779968,814092288,292073472,943857664,1073737728,854647,50867,6,6497931,54530,0,3917617,3469,875159040,52087808,5957415,2459013,9,2,0,0,0,70426,125190
1778176819003,2511802368,61779968,814104576,292073472,943857664,1073737728,854647,50867,6,6499591,54530,0,3917617,3469,875159040,52087808,5960847,2461255,9,2,0,0,0,70426,125190
1778176819298,2511802368,61779968,814104576,292073472,943857664,1073737728,854647,50867,6,6501248,54530,0,3917617,3469,875159040,52087808,5961045,2461341,9,2,0,0,0,70426,125190
1778176819595,2511802368,61779968,814104576,292073472,943857664,1073737728,854647,50867,6,6502908,54530,0,3917617,3469,875159040,52087808,5962149,2462183,9,2,0,0,0,70426,125190
1778176819891,2511802368,61779968,814112768,292073472,943857664,1073737728,854647,50867,6,6504564,54530,0,3917617,3469,875159040,52124672,5962465,2462359,9,2,0,0,0,70426,125190
1778176820186,2511802368,61779968,814112768,292073472,943857664,1073737728,854647,50903,6,6506222,54530,0,3917617,3469,875159040,52124672,5962733,2462445,9,2,0,0,0,70426,125190
1778176820476,2511802368,61779968,814112768,292073472,943857664,1073737728,854647,50903,6,6507883,54530,0,3917617,3469,875159040,52124672,5963519,2463029,9,2,0,0,0,70426,125190
1778176820772,2511802368,61779968,814116864,292073472,943865856,1073737728,854647,50903,6,6509540,54530,0,3917617,3469,875159040,52124672,5963733,2463109,9,2,0,0,0,70426,125191
1778176821064,2511802368,61779968,814116864,292073472,943865856,1073737728,854647,50903,6,6511213,54530,0,3917617,3469,875159040,52124672,5964017,2463195,9,2,0,0,0,70426,125191
1778176821359,2511802368,61779968,814116864,292073472,943865856,1073737728,854647,50903,6,6512871,54530,0,3917617,3469,875159040,52124672,5964317,2463411,9,2,0,0,0,70426,125191
1778176821655,2511802368,61779968,814116864,292073472,943865856,1073737728,854647,50903,6,6514528,54530,0,3917631,3469,875159040,52124672,5965315,2465125,9,2,0,0,0,70426,125191
1778176821951,2511802368,61779968,814116864,292073472,943927296,1073737728,854647,50903,6,6516186,54530,0,3917631,3469,875159040,52124672,5968677,2467321,9,2,0,0,0,70426,125196
1778176822243,2511802368,61779968,814116864,292073472,943927296,1073737728,854647,50903,6,6517844,54530,0,3917631,3469,875159040,52124672,5968875,2467361,9,2,0,0,0,70426,125196
1778176822539,2511802368,61779968,814116864,292073472,943927296,1073737728,854647,50903,6,6519505,54530,0,3917631,3469,875159040,52124672,5969809,2468111,9,2,0,0,0,70426,125196
1778176822833,2511802368,61788160,814120960,292073472,943927296,1073737728,854647,50943,6,6521165,54530,0,3917631,3469,875159040,52165632,5970349,2468419,9,2,0,0,0,70426,125196
1778176823130,2511802368,61788160,814120960,292073472,943927296,1073737728,854647,50943,6,6522822,54530,0,3917631,3469,875159040,52165632,5970547,2468459,9,2,0,0,0,70426,125196
1778176823426,2511802368,61788160,814120960,292073472,943927296,1073737728,854647,50943,6,6524479,54530,0,3917631,3469,875159040,52165632,5970831,2468545,9,2,0,0,0,70426,125196
1778176823723,2511802368,61788160,814120960,292073472,943927296,1073737728,854647,50943,6,6526143,54530,0,3917631,3469,875159040,52165632,5971617,2469169,9,2,0,0,0,70426,125196
1778176824018,2511802368,61788160,814120960,292073472,943927296,1073737728,854647,50943,6,6527800,54530,0,3917631,3469,875159040,52165632,5971987,2469431,9,2,0,0,0,70426,125196
1778176824314,2511802368,61788160,814120960,292073472,943927296,1073737728,854647,50943,6,6529457,54530,0,3917631,3469,875159040,52165632,5972185,2469471,9,2,0,0,0,70426,125196
1778176824610,2511802368,61788160,814120960,292073472,943927296,1073737728,854647,50943,6,6531116,54530,0,3917632,3469,875159040,52165632,5973167,2471139,9,2,0,0,0,70426,125196
1778176824906,2511802368,61788160,814125056,292073472,943927296,1073737728,854647,50943,6,6532774,54530,0,3917632,3469,875159040,52165632,5976545,2473335,9,2,0,0,0,70426,125196
1778176825200,2511802368,61788160,814129152,292073472,943927296,1073737728,854647,50943,6,6534434,54530,0,3917632,3469,875159040,52165632,5976915,2473421,9,2,0,0,0,70426,125196
1778176825496,2511802368,61788160,814133248,292089856,943951872,1073737728,854647,50963,6,6536097,54530,0,3917632,3469,875159040,52186112,5977803,2474181,9,2,0,0,0,70430,125202
1778176825793,2511802368,61788160,814133248,292089856,943951872,1073737728,854647,50963,6,6537755,54530,0,3917632,3469,875159040,52186112,5978287,2474479,9,2,0,0,0,70430,125202
1778176826088,2511802368,61796352,814133248,292089856,943972352,1073737728,854647,51011,6,6539416,54530,0,3917636,3469,875159040,52235264,5978485,2474519,9,2,0,0,0,70430,125203
1778176826383,2511802368,61796352,814133248,292089856,943972352,1073737728,854647,51011,6,6541073,54530,0,3917636,3469,875159040,52235264,5978699,2474559,9,2,0,0,0,70430,125203
1778176826679,2511802368,61796352,814133248,292089856,943972352,1073737728,854647,51011,6,6542734,54530,0,3917636,3469,875159040,52235264,5979587,2475365,9,2,0,0,0,70430,125203
1778176826975,2511802368,61796352,814137344,292106240,944009216,1073737728,854647,51011,6,6544408,54530,0,3917636,3469,875159040,52235264,5979785,2475405,9,2,0,0,0,70434,125207
1778176827269,2511802368,61796352,814137344,292106240,944009216,1073737728,854647,51011,6,6546065,54530,0,3917636,3469,875159040,52235264,5980053,2475491,9,2,0,0,0,70434,125207
1778176827565,2511802368,61796352,814137344,292106240,944009216,1073737728,854647,51011,6,6547725,54530,0,3917636,3469,875159040,52235264,5981035,2477199,9,2,0,0,0,70434,125207
1778176827864,2511802368,61796352,814137344,292106240,944009216,1073737728,854647,51011,6,6549382,54530,0,3917636,3469,875159040,52235264,5982831,2478779,9,2,0,0,0,70434,125207
1778176828160,2511802368,61796352,814137344,292106240,944009216,1073737728,854647,51011,6,6551040,54530,0,3917636,3469,875159040,52235264,5984713,2479657,9,2,0,0,0,70434,125207
1778176828455,2511802368,61796352,814137344,292106240,944009216,1073737728,854647,51011,6,6552701,54530,0,3917636,3469,875159040,52235264,5985601,2480281,9,2,0,0,0,70434,125207
1778176828744,2511802368,61796352,814141440,292106240,944009216,1073737728,854647,51011,6,6554361,54530,0,3917636,3469,875159040,52235264,5986015,2480533,9,2,0,0,0,70434,125207
1778176829034,2511802368,61796352,814141440,292106240,944009216,1073737728,854647,51011,6,6556017,54530,0,3917636,3469,875159040,52235264,5986213,2480619,9,2,0,0,0,70434,125207
1778176829331,2511802368,61796352,814141440,292106240,944009216,1073737728,854647,51011,6,6557673,54530,0,3917636,3469,875159040,52235264,5986411,2480659,9,2,0,0,0,70434,125207
1778176829627,2511802368,61796352,814141440,292106240,944009216,1073737728,854647,51011,6,6559332,54530,0,3917636,3469,875159040,52235264,5987299,2481465,9,2,0,0,0,70434,125207
1778176829923,2511802368,61796352,814141440,292106240,944009216,1073737728,854647,51011,6,6560989,54530,0,3917636,3469,875159040,52235264,5987513,2481505,9,2,0,0,0,70434,125207
1778176830219,2511802368,61796352,814141440,292106240,944009216,1073737728,854647,51011,6,6562647,54530,0,3917636,3469,875159040,52235264,5987711,2481545,9,2,0,0,0,70434,125207
1778176830514,2511802368,61796352,814141440,292106240,944013312,1073737728,854647,51031,6,6564305,54530,0,3917636,3469,875159040,52255744,5988481,2483139,9,2,0,0,0,70434,125207
1778176830810,2511802368,61796352,814145536,292106240,944013312,1073737728,854647,51031,6,6565961,54530,0,3917636,3469,875159040,52255744,5989009,2484439,9,2,0,0,0,70434,125207
1778176831106,2511802368,61796352,814145536,292106240,944013312,1073737728,854647,51031,6,6567618,54530,0,3917636,3469,875159040,52284416,5992371,2485711,9,2,0,0,0,70434,125207
1778176831401,2511802368,61804544,814149632,292106240,944013312,1073737728,854647,51059,6,6569276,54530,0,3917636,3469,875159040,52284416,5992757,2485837,9,2,0,0,0,70434,125207
1778176831699,2511802368,61804544,814149632,292106240,944013312,1073737728,854647,51059,6,6570939,54530,0,3917636,3469,875159040,52284416,5993743,2486593,9,2,0,0,0,70434,125207
1778176831996,2511802368,61804544,814157824,292106240,944013312,1073737728,854647,51059,6,6572596,54530,0,3917636,3469,875159040,52284416,5993941,2486633,9,2,0,0,0,70434,125207
1778176832290,2511802368,61804544,814157824,292106240,944013312,1073737728,854647,51059,6,6574252,54530,0,3917636,3469,875159040,52284416,5994241,2486855,9,2,0,0,0,70434,125207
1778176832587,2511802368,61804544,814157824,292106240,944013312,1073737728,854647,51059,6,6575911,54530,0,3917636,3469,875159040,52284416,5995011,2487479,9,2,0,0,0,70434,125207
1778176832880,2511802368,61804544,814157824,292106240,944013312,1073737728,854647,51059,6,6577568,54530,0,3917636,3469,875159040,52284416,5995225,2487565,9,2,0,0,0,70434,125207
1778176833177,2511802368,61804544,814157824,292106240,944013312,1073737728,854647,51059,6,6579245,54530,0,3917636,3469,875159040,52284416,5995423,2487605,9,2,0,0,0,70434,125207
1778176833467,2511802368,61804544,814157824,292106240,944013312,1073737728,854647,51059,6,6580906,54530,0,3917636,3469,875159040,52284416,5996193,2489113,9,2,0,0,0,70434,125207
1778176833760,2511802368,61804544,814170112,292106240,944013312,1073737728,854647,51059,6,6582564,54530,0,3917637,3469,875159040,52284416,5996721,2490459,9,2,0,0,0,70434,125207
1778176834055,2511802368,61804544,814170112,292106240,944013312,1073737728,854647,51059,6,6584221,54530,0,3917637,3469,875159040,52284416,6000083,2491731,9,2,0,0,0,70434,125207
1778176834351,2511802368,61804544,814170112,292106240,944013312,1073737728,854647,51059,6,6585878,54530,0,3917637,3469,875159040,52284416,6000281,2491771,9,2,0,0,0,70434,125207
1778176834643,2511802368,61804544,814170112,292106240,944013312,1073737728,854647,51059,6,6587538,54530,0,3917637,3469,875159040,52284416,6001369,2492613,9,2,0,0,0,70434,125207
1778176834938,2511802368,61804544,814170112,292106240,944013312,1073737728,854647,51059,6,6589194,54530,0,3917637,3469,875159040,52284416,6001685,2492789,9,2,0,0,0,70434,125207
1778176835234,2511802368,61804544,814170112,292106240,944013312,1073737728,854647,51059,6,6590851,54530,0,3917637,3469,875159040,52284416,6001883,2492829,9,2,0,0,0,70434,125207
1778176835530,2511802368,61804544,814170112,292106240,944013312,1073737728,854647,51059,6,6592510,54530,0,3917637,3469,875159040,52321280,6002723,2493499,9,2,0,0,0,70434,125207
1778176835826,2511802368,61804544,814174208,292110336,944025600,1073737728,854647,51095,6,6594167,54530,0,3917637,3469,875159040,52321280,6002937,2493539,9,2,0,0,0,70435,125209
1778176836122,2511802368,61804544,814174208,292110336,944025600,1073737728,854647,51095,6,6595823,54530,0,3917637,3469,875159040,52321280,6003205,2493625,9,2,0,0,0,70435,125209
1778176836419,2511802368,61812736,814178304,292110336,944025600,1073737728,854647,51135,6,6597479,54530,0,3917637,3469,875159040,52362240,6003505,2493801,9,2,0,0,0,70435,125209
1778176836715,2511802368,61812736,814178304,292110336,944025600,1073737728,854647,51135,6,6599140,54530,0,3917637,3469,875159040,52362240,6004503,2495509,9,2,0,0,0,70435,125209
1778176837012,2511802368,61812736,814178304,292110336,944025600,1073737728,854647,51135,6,6600798,54530,0,3917637,3469,875159040,52362240,6007935,2497751,9,2,0,0,0,70435,125209
1778176837307,2511802368,61812736,814178304,292110336,944025600,1073737728,854647,51135,6,6602455,54530,0,3917637,3469,875159040,52362240,6008133,2497791,9,2,0,0,0,70435,125209
1778176837603,2511802368,61812736,814178304,292110336,944025600,1073737728,854647,51135,6,6604116,54530,0,3917637,3469,875159040,52362240,6009323,2498723,9,2,0,0,0,70435,125209
1778176837898,2511802368,61812736,814182400,292110336,944025600,1073737728,854647,51135,6,6605774,54530,0,3917637,3469,875159040,52362240,6009607,2498809,9,2,0,0,0,70435,125209
1778176838195,2511802368,61812736,814182400,292110336,944025600,1073737728,854647,51135,6,6607431,54530,0,3917637,3469,875159040,52362240,6009805,2498849,9,2,0,0,0,70435,125209
1778176838489,2511802368,61812736,814182400,292110336,944025600,1073737728,854647,51135,6,6609092,54530,0,3917637,3469,875159040,52362240,6010645,2499479,9,2,0,0,0,70435,125209
1778176838784,2511802368,61812736,814186496,292110336,944025600,1073737728,854647,51135,6,6610750,54530,0,3917637,3469,875159040,52362240,6010859,2499559,9,2,0,0,0,70435,125209
1778176839076,2511802368,61812736,814186496,292110336,944025600,1073737728,854647,51135,6,6612423,54530,0,3917637,3469,875159040,52362240,6011159,2499735,9,2,0,0,0,70435,125209
1778176839371,2511802368,61812736,814186496,292110336,944025600,1073737728,854647,51135,6,6614081,54530,0,3917637,3469,875159040,52362240,6011443,2499821,9,2,0,0,0,70435,125209
1778176839668,2511802368,61812736,814186496,292110336,944025600,1073737728,854647,51135,6,6615741,54530,0,3917637,3469,875159040,52362240,6012441,2501489,9,2,0,0,0,70435,125209
1778176839963,2511802368,61812736,814190592,292110336,944025600,1073737728,854647,51135,6,6617399,54530,0,3917637,3469,875159040,52362240,6015803,2503685,9,2,0,0,0,70435,125209
1778176840253,2511802368,61812736,814190592,292110336,944025600,1073737728,854647,51135,6,6619056,54530,0,3917637,3469,875159040,52362240,6016071,2503771,9,2,0,0,0,70435,125209
1778176840550,2511802368,61812736,814190592,292110336,944025600,1073737728,854647,51135,6,6620719,54530,0,3917637,3469,875159040,52362240,6017303,2504749,9,2,0,0,0,70435,125209
1778176840841,2511802368,61812736,814194688,292110336,944025600,1073737728,854647,51135,6,6622375,54530,0,3917637,3469,875159040,52382720,6017517,2504829,9,2,0,0,0,70435,125209
1778176841138,2511802368,61812736,814194688,292110336,944050176,1073737728,854647,51159,6,6624034,54530,0,3917637,3469,875159040,52386816,6017785,2504915,9,2,0,0,0,70435,125215
1778176841435,2511802368,61812736,814194688,292110336,944050176,1073737728,854647,51159,6,6625690,54530,0,3917637,3469,875159040,52386816,6017983,2504955,9,2,0,0,0,70435,125215
1778176841731,2511802368,61820928,814186496,292110336,944050176,1073737728,854647,51207,6,6627349,54530,0,3917637,3469,875159040,52435968,6018941,2505801,9,2,0,0,0,70435,125215
1778176842026,2511802368,61820928,814198784,292110336,944050176,1073737728,854647,51207,6,6629006,54530,0,3917637,3469,875159040,52435968,6019139,2505841,9,2,0,0,0,70435,125215
1778176842322,2511802368,61820928,814198784,292110336,944050176,1073737728,854647,51207,6,6630662,54530,0,3917637,3469,875159040,52435968,6019337,2505881,9,2,0,0,0,70435,125215
1778176842618,2511802368,61820928,814198784,292110336,944050176,1073737728,854647,51207,6,6632321,54530,0,3917637,3469,875159040,52435968,6020389,2507595,9,2,0,0,0,70435,125215
1778176842915,2511802368,61820928,814198784,292110336,944050176,1073737728,854647,51207,6,6633978,54530,0,3917637,3469,875159040,52435968,6023767,2509791,9,2,0,0,0,70435,125215
1778176843211,2511802368,61820928,814198784,292110336,944050176,1073737728,854647,51207,6,6635637,54530,0,3917637,3469,875159040,52435968,6024067,2509967,9,2,0,0,0,70435,125215
1778176843506,2511802368,61820928,814198784,292110336,944050176,1073737728,854647,51251,6,6637297,54530,0,3917638,3469,875159040,52481024,6024907,2510597,9,2,0,0,0,70435,125215
1778176843802,2511802368,61820928,814202880,292110336,944050176,1073737728,854647,51251,6,6638960,54530,0,3917638,3469,875159040,52481024,6025423,2510849,9,2,0,0,0,70435,125215
1778176844092,2511802368,61820928,814202880,292110336,944050176,1073737728,854647,51251,6,6640617,54530,0,3917638,3469,875159040,52481024,6025691,2510935,9,2,0,0,0,70435,125215
1778176844387,2511802368,61820928,814202880,292110336,944050176,1073737728,854647,51251,6,6642276,54530,0,3917638,3469,875159040,52481024,6025889,2510975,9,2,0,0,0,70435,125215
1778176844681,2511802368,61820928,814202880,292110336,944050176,1073737728,854647,51251,6,6643937,54530,0,3917638,3469,875159040,52481024,6026777,2511695,9,2,0,0,0,70435,125215
1778176844976,2511802368,61820928,814202880,292110336,944050176,1073737728,854647,51251,6,6645611,54530,0,3917638,3469,875159040,52481024,6027045,2511781,9,2,0,0,0,70435,125215
1778176845272,2511802368,61820928,814202880,292110336,944050176,1073737728,854647,51251,6,6647269,54530,0,3917638,3469,875159040,52481024,6027243,2511821,9,2,0,0,0,70435,125215
1778176845568,2511802368,61820928,814202880,292110336,944050176,1073737728,854647,51251,6,6648928,54530,0,3917638,3469,875159040,52481024,6028241,2513489,9,2,0,0,0,70435,125215
1778176845862,2511802368,61820928,814206976,292110336,944050176,1073737728,854647,51251,6,6650585,54530,0,3917638,3469,875159040,52481024,6030209,2515251,9,2,0,0,0,70435,125215
1778176846159,2511802368,61820928,814206976,292110336,944050176,1073737728,854647,51271,6,6652247,54530,0,3917638,3469,875159040,52501504,6032107,2515907,9,2,0,0,0,70435,125215
1778176846453,2511802368,61820928,814206976,292110336,944050176,1073737728,854647,51271,6,6653905,54530,0,3917638,3469,875159040,52501504,6032893,2516491,9,2,0,0,0,70435,125215
1778176846747,2511802368,61829120,814206976,292126720,944066560,1073737728,854647,51299,6,6655569,54530,0,3917638,3469,875159040,52530176,6033377,2516789,9,2,0,0,0,70439,125218
1778176847038,2511802368,61829120,814211072,292126720,944066560,1073737728,854647,51299,6,6657225,54530,0,3917638,3469,875159040,52530176,6033575,2516829,9,2,0,0,0,70439,125218
1778176847334,2511802368,61829120,814211072,292126720,944066560,1073737728,854647,51299,6,6658881,54530,0,3917638,3469,875159040,52530176,6033945,2517051,9,2,0,0,0,70439,125218
1778176847630,2511802368,61829120,814211072,292126720,944066560,1073737728,854647,51299,6,6660541,54530,0,3917638,3469,875159040,52530176,6034715,2517635,9,2,0,0,0,70439,125218
1778176847922,2511802368,61829120,814219264,292126720,944066560,1073737728,854647,51299,6,6662198,54530,0,3917638,3469,875159040,52530176,6034929,2517675,9,2,0,0,0,70439,125218
1778176848218,2511802368,61829120,814219264,292126720,944066560,1073737728,854647,51299,6,6663855,54530,0,3917638,3469,875159040,52530176,6035127,2517761,9,2,0,0,0,70439,125218
1778176848514,2511802368,61829120,814219264,292126720,944066560,1073737728,854647,51299,6,6665514,54530,0,3917639,3469,875159040,52530176,6035999,2519445,9,2,0,0,0,70439,125218
1778176848809,2511802368,61829120,814219264,292126720,944066560,1073737728,854647,51299,6,6667173,54530,0,3917639,3469,875159040,52530176,6036425,2520609,9,2,0,0,0,70439,125218
1778176849104,2511802368,61829120,814219264,292126720,944066560,1073737728,854647,51299,6,6668833,54530,0,3917639,3469,875159040,52530176,6039857,2521927,9,2,0,0,0,70439,125218
1778176849399,2511802368,61829120,814219264,292126720,944066560,1073737728,854647,51299,6,6670493,54530,0,3917639,3469,875159040,52530176,6040157,2521967,9,2,0,0,0,70439,125218
1778176849696,2511802368,61829120,814219264,292126720,944066560,1073737728,854647,51299,6,6672153,54530,0,3917639,3469,875159040,52530176,6041143,2522763,9,2,0,0,0,70439,125218
1778176849991,2511802368,61829120,814227456,292126720,944066560,1073737728,854647,51299,6,6673810,54530,0,3917639,3469,875159040,52530176,6041443,2523025,9,2,0,0,0,70439,125218
1778176850287,2511802368,61829120,814227456,292126720,944066560,1073737728,854647,51299,6,6675468,54530,0,3917639,3469,875159040,52530176,6041641,2523065,9,2,0,0,0,70439,125218
1778176850583,2511802368,61829120,814227456,292126720,944066560,1073737728,854647,51299,6,6677130,54530,0,3917639,3469,875159040,52530176,6042427,2523735,9,2,0,0,0,70439,125218
1778176850874,2511802368,61829120,814227456,292126720,944066560,1073737728,854647,51299,6,6678788,54530,0,3917639,3469,875159040,52530176,6042683,2523803,9,2,0,0,0,70439,125218
1778176851171,2511802368,61829120,814227456,292126720,944066560,1073737728,854647,51299,6,6680462,54530,0,3917639,3469,875159040,52530176,6042881,2523843,9,2,0,0,0,70439,125218
1778176851466,2511802368,61829120,814227456,292126720,944066560,1073737728,854647,51299,6,6682122,54530,0,3917639,3469,875159040,52530176,6043753,2525533,9,2,0,0,0,70439,125218
1778176851760,2511802368,61829120,814231552,292126720,944066560,1073737728,854647,51299,6,6683782,54530,0,3917639,3469,875159040,52530176,6044179,2526697,9,2,0,0,0,70439,125218
1778176852055,2511802368,61837312,814223360,292126720,944066560,1073737728,854647,51327,6,6685441,54530,0,3917639,3469,875159040,52558848,6047541,2527969,9,2,0,0,0,70439,125218
1778176852351,2511802368,61837312,814223360,292126720,944066560,1073737728,854647,51327,6,6687102,54530,0,3917639,3469,875159040,52558848,6047873,2528055,9,2,0,0,0,70439,125218
1778176852644,2511802368,61837312,814223360,292126720,944066560,1073737728,854647,51327,6,6688760,54530,0,3917639,3469,875159040,52558848,6048945,2529027,9,2,0,0,0,70439,125218
1778176852941,2511802368,61837312,814231552,292130816,944066560,1073737728,854647,51327,6,6690417,54530,0,3917639,3469,875159040,52558848,6049159,2529113,9,2,0,0,0,70440,125218
1778176853232,2511802368,61837312,814231552,292130816,944066560,1073737728,854647,51327,6,6692074,54530,0,3917639,3469,875159040,52558848,6049357,2529153,9,2,0,0,0,70440,125218
1778176853527,2511802368,61837312,814231552,292130816,944066560,1073737728,854647,51327,6,6693735,54530,0,3917639,3469,875159040,52558848,6050127,2529777,9,2,0,0,0,70440,125218
1778176853823,2511802368,61837312,814235648,292130816,944066560,1073737728,854647,51327,6,6695395,54530,0,3917639,3469,875159040,52558848,6050341,2529863,9,2,0,0,0,70440,125218
1778176854118,2511802368,61837312,814235648,292130816,944066560,1073737728,854647,51327,6,6697052,54530,0,3917639,3469,875159040,52558848,6050641,2530039,9,2,0,0,0,70440,125218
1778176854414,2511802368,61837312,814235648,292130816,944066560,1073737728,854647,51327,6,6698709,54530,0,3917639,3469,875159040,52558848,6050839,2530079,9,2,0,0,0,70440,125218
1778176854711,2511802368,61837312,814235648,292130816,944066560,1073737728,854647,51327,6,6700369,54530,0,3917639,3469,875159040,52558848,6051837,2531833,9,2,0,0,0,70440,125218
1778176855007,2511802368,61837312,814235648,292130816,944066560,1073737728,854647,51327,6,6702028,54530,0,3917639,3469,875159040,52558848,6055199,2534029,9,2,0,0,0,70440,125218
1778176855303,2511802368,61837312,814235648,292130816,944066560,1073737728,854647,51327,6,6703686,54530,0,3917639,3469,875159040,52558848,6055397,2534069,9,2,0,0,0,70440,125218
1778176855599,2511802368,61837312,814235648,292130816,944066560,1073737728,854647,51327,6,6705347,54530,0,3917639,3469,875159040,52558848,6056641,2535047,9,2,0,0,0,70440,125218
1778176855895,2511802368,61837312,814239744,292130816,944066560,1073737728,854647,51327,6,6707004,54530,0,3917639,3469,875159040,52558848,6056855,2535087,9,2,0,0,0,70440,125218
1778176856191,2511802368,61837312,814239744,292130816,944066560,1073737728,854647,51327,6,6708662,54530,0,3917639,3469,875159040,52558848,6057123,2535173,9,2,0,0,0,70440,125218
1778176856483,2511802368,61837312,814239744,292130816,944066560,1073737728,854647,51327,6,6710322,54530,0,3917639,3469,875159040,52558848,6057909,2535757,9,2,0,0,0,70440,125218
1778176856779,2511802368,61837312,814239744,292130816,944066560,1073737728,854647,51327,6,6711981,54530,0,3917639,3469,875159040,52558848,6058225,2535973,9,2,0,0,0,70440,125218
1778176857074,2511802368,61837312,814239744,292130816,944066560,1073737728,854647,51327,6,6713654,54530,0,3917639,3469,875159040,52575232,6058493,2536059,9,2,0,0,0,70440,125218
1778176857371,2511802368,61845504,814231552,292130816,944066560,1073737728,854647,51343,6,6715312,54530,0,3917639,3469,875159040,52575232,6058691,2536099,9,2,0,0,0,70440,125218
1778176857662,2511802368,61845504,814231552,292130816,944066560,1073737728,854647,51343,6,6716972,54530,0,3917639,3469,875159040,52575232,6059689,2537767,9,2,0,0,0,70440,125218
1778176857958,2511802368,61845504,814243840,292139008,944074752,1073737728,854647,51343,6,6718629,54530,0,3917639,3469,875159040,52575232,6063121,2540009,9,2,0,0,0,70442,125220
1778176858250,2511802368,61845504,814243840,292139008,944074752,1073737728,854647,51343,6,6720286,54530,0,3917639,3469,875159040,52575232,6063421,2540225,9,2,0,0,0,70442,125220
1778176858547,2511802368,61845504,814247936,292139008,944074752,1073737728,854647,51343,6,6721949,54530,0,3917639,3469,875159040,52575232,6064595,2541067,9,2,0,0,0,70442,125220
1778176858840,2511802368,61845504,814247936,292139008,944074752,1073737728,854647,51343,6,6723607,54530,0,3917639,3469,875159040,52575232,6064809,2541107,9,2,0,0,0,70442,125220
1778176859135,2511802368,61845504,814247936,292139008,944074752,1073737728,854647,51343,6,6725264,54530,0,3917639,3469,875159040,52575232,6065007,2541147,9,2,0,0,0,70442,125220
1778176859431,2511802368,61845504,814247936,292139008,944074752,1073737728,854647,51343,6,6726922,54530,0,3917639,3469,875159040,52575232,6065275,2541233,9,2,0,0,0,70442,125220
1778176859727,2511802368,61845504,814252032,292139008,944074752,1073737728,854647,51343,6,6728583,54530,0,3917639,3469,875159040,52575232,6066163,2541993,9,2,0,0,0,70442,125220
1778176860020,2511802368,61845504,814252032,292139008,944074752,1073737728,854647,51343,6,6730243,54530,0,3917639,3469,875159040,52575232,6066361,2542033,9,2,0,0,0,70442,125220
1778176860315,2511802368,61845504,814252032,292139008,944074752,1073737728,854647,51343,6,6731901,54530,0,3917639,3469,875159040,52575232,6066629,2542119,9,2,0,0,0,70442,125220
1778176860611,2511802368,61845504,814252032,292139008,944074752,1073737728,854647,51343,6,6733562,54530,0,3917639,3469,875159040,52575232,6067611,2543827,9,2,0,0,0,70442,125220
1778176860906,2511802368,61845504,814264320,292139008,944074752,1073737728,854647,51343,6,6735219,54530,0,3917639,3469,875159040,52575232,6071091,2546159,9,2,0,0,0,70442,125220
1778176861203,2511802368,61845504,814264320,292139008,944074752,1073737728,854647,51343,6,6736879,54530,0,3917639,3469,875159040,52575232,6071477,2546285,9,2,0,0,0,70442,125220
1778176861498,2511802368,61845504,814264320,292139008,944074752,1073737728,854647,51343,6,6738540,54530,0,3917639,3469,875159040,52575232,6072247,2546869,9,2,0,0,0,70442,125220
1778176861795,2511802368,61845504,814264320,292139008,944074752,1073737728,854647,51343,6,6740202,54530,0,3917639,3469,875159040,52575232,6073015,2547207,9,2,0,0,0,70442,125220
1778176862091,2511802368,61845504,814264320,292139008,944074752,1073737728,854647,51343,6,6741859,54530,0,3917639,3469,875159040,52575232,6073229,2547247,9,2,0,0,0,70442,125220
1778176862386,2511802368,61853696,814256128,292139008,944074752,1073737728,854647,51359,6,6743516,54530,0,3917640,3469,875159040,52591616,6073545,2547463,9,2,0,0,0,70442,125220
1778176862683,2511802368,61853696,814256128,292139008,944074752,1073737728,854647,51359,6,6745178,54530,0,3917640,3469,875159040,52591616,6074401,2548093,9,2,0,0,0,70442,125220
1778176862979,2511802368,61853696,814268416,292143104,944107520,1073737728,854647,51359,6,6746852,54530,0,3917640,3469,875159040,52591616,6074599,2548133,9,2,0,0,0,70443,125227
1778176863275,2511802368,61853696,814268416,292143104,944107520,1073737728,854647,51359,6,6748510,54530,0,3917640,3469,875159040,52591616,6074797,2548173,9,2,0,0,0,70443,125227
1778176863571,2511802368,61853696,814268416,292143104,944107520,1073737728,854647,51359,6,6750170,54530,0,3917640,3469,875159040,52591616,6075967,2550063,9,2,0,0,0,70443,125227
1778176863866,2511802368,61853696,814268416,292143104,944107520,1073737728,854647,51359,6,6751829,54530,0,3917640,3469,875159040,52591616,6077763,2551643,9,2,0,0,0,70443,125227
1778176864161,2511802368,61853696,814268416,292143104,944107520,1073737728,854647,51359,6,6753487,54530,0,3917640,3469,875159040,52591616,6079645,2552299,9,2,0,0,0,70443,125227
1778176864456,2511802368,61853696,814268416,292143104,944107520,1073737728,854647,51359,6,6755150,54530,0,3917640,3469,875159040,52591616,6080501,2552969,9,2,0,0,0,70443,125227
1778176864744,2511802368,61853696,814268416,292143104,944107520,1073737728,854647,51359,6,6756809,54530,0,3917640,3469,875159040,52591616,6080915,2553221,9,2,0,0,0,70443,125227
1778176865037,2511802368,61853696,814272512,292143104,944107520,1073737728,854647,51359,6,6758467,54530,0,3917640,3469,875159040,52591616,6081301,2553483,9,2,0,0,0,70443,125227
1778176865331,2511802368,61853696,814272512,292143104,944107520,1073737728,854647,51359,6,6760124,54530,0,3917640,3469,875159040,52591616,6081515,2553523,9,2,0,0,0,70443,125227
1778176865627,2511802368,61853696,814272512,292143104,944107520,1073737728,854647,51359,6,6761785,54530,0,3917640,3469,875159040,52591616,6082285,2554107,9,2,0,0,0,70443,125227
1778176865923,2511802368,61853696,814272512,292143104,944107520,1073737728,854647,51359,6,6763446,54530,0,3917640,3469,875159040,52591616,6082499,2554193,9,2,0,0,0,70443,125227
1778176866218,2511802368,61853696,814272512,292143104,944107520,1073737728,854647,51359,6,6765104,54530,0,3917640,3469,875159040,52591616,6082697,2554233,9,2,0,0,0,70443,125227
1778176866514,2511802368,61853696,814272512,292143104,944107520,1073737728,854647,51359,6,6766764,54530,0,3917640,3469,875159040,52591616,6083585,2555917,9,2,0,0,0,70443,125227
1778176866810,2511802368,61853696,814276608,292143104,944107520,1073737728,854647,51359,6,6768423,54530,0,3917640,3469,875159040,52591616,6084065,2557087,9,2,0,0,0,70443,125227
1778176867106,2511802368,61853696,814276608,292143104,944107520,1073737728,854647,51359,6,6770079,54530,0,3917640,3469,875159040,52591616,6087443,2558359,9,2,0,0,0,70443,125227
1778176867402,2511802368,61861888,814280704,292143104,944107520,1073737728,854647,51375,6,6771740,54530,0,3917640,3469,875159040,52608000,6087759,2558485,9,2,0,0,0,70443,125227
1778176867699,2511544320,61861888,814280704,292163584,944148480,1073737728,854647,51379,6,6773400,54530,0,3917658,3469,875159040,52612096,6088847,2559417,9,2,0,0,0,70448,125229
1778176867995,2511544320,61861888,814280704,292163584,944156672,1073737728,854647,51379,6,6775058,54530,0,3917658,3469,875159040,52612096,6089045,2559457,9,2,0,0,0,70448,125231
1778176868291,2511544320,61861888,814280704,292163584,944156672,1073737728,854647,51379,6,6776716,54530,0,3917658,3469,875159040,52612096,6089243,2559543,9,2,0,0,0,70448,125231
1778176868587,2511544320,61861888,814280704,292163584,944156672,1073737728,854647,51379,6,6778377,54530,0,3917658,3469,875159040,52612096,6090013,2560167,9,2,0,0,0,70448,125231
1778176868881,2511544320,61861888,814280704,292163584,944156672,1073737728,854647,51379,6,6780034,54530,0,3917658,3469,875159040,52612096,6090227,2560207,9,2,0,0,0,70448,125231
1778176869177,2511544320,61861888,814284800,292163584,944156672,1073737728,854647,51379,6,6781708,54530,0,3917658,3469,875159040,52612096,6090527,2560469,9,2,0,0,0,70448,125231
1778176869467,2511544320,61861888,814284800,292163584,944156672,1073737728,854647,51379,6,6783370,54530,0,3917658,3469,875159040,52612096,6091297,2561977,9,2,0,0,0,70448,125231
1778176869761,2511544320,61861888,814284800,292163584,944156672,1073737728,854647,51379,6,6785028,54530,0,3917658,3469,875159040,52612096,6091723,2563141,9,2,0,0,0,70448,125231
1778176870056,2511544320,61861888,814284800,292163584,944156672,1073737728,854647,51379,6,6786687,54530,0,3917658,3469,875159040,52612096,6095085,2564459,9,2,0,0,0,70448,125231
1778176870352,2511544320,61861888,814284800,292163584,944156672,1073737728,854647,51379,6,6788349,54530,0,3917658,3469,875159040,52612096,6095401,2564499,9,2,0,0,0,70448,125231
1778176870645,2511544320,61861888,814284800,292163584,944156672,1073737728,854647,51379,6,6790009,54530,0,3917658,3469,875159040,52612096,6096473,2565517,9,2,0,0,0,70448,125231
1778176870940,2511544320,61861888,814288896,292163584,944156672,1073737728,854647,51379,6,6791667,54530,0,3917658,3469,875159040,52612096,6096687,2565557,9,2,0,0,0,70448,125231
1778176871235,2511544320,61861888,814288896,292163584,944156672,1073737728,854647,51379,6,6793325,54530,0,3917658,3469,875159040,52612096,6096885,2565597,9,2,0,0,0,70448,125231
1778176871530,2511544320,61861888,814288896,292163584,944156672,1073737728,854647,51379,6,6794985,54530,0,3917658,3469,875159040,52612096,6097655,2566267,9,2,0,0,0,70448,125231
1778176871826,2511544320,61861888,814288896,292163584,944156672,1073737728,854647,51379,6,6796642,54530,0,3917658,3469,875159040,52612096,6097971,2566483,9,2,0,0,0,70448,125231
1778176872122,2511544320,61861888,814288896,292163584,944156672,1073737728,854647,51379,6,6798298,54530,0,3917658,3469,875159040,52612096,6098185,2566523,9,2,0,0,0,70448,125231
1778176872419,2511544320,61870080,814280704,292163584,944156672,1073737728,854647,51395,6,6799955,54530,0,3917658,3469,875159040,52628480,6098383,2566609,9,2,0,0,0,70448,125231
1778176872715,2511544320,61870080,814280704,292163584,944156672,1073737728,854647,51395,6,6801617,54530,0,3917658,3469,875159040,52628480,6099381,2568317,9,2,0,0,0,70448,125231
1778176873011,2511544320,61870080,814292992,292163584,944156672,1073737728,854647,51395,6,6803275,54530,0,3917658,3469,875159040,52628480,6102813,2570559,9,2,0,0,0,70448,125231
1778176873306,2511544320,61870080,814292992,292163584,944156672,1073737728,854647,51395,6,6804932,54530,0,3917658,3469,875159040,52628480,6103113,2570775,9,2,0,0,0,70448,125231
1778176873603,2511544320,61870080,814292992,292163584,944156672,1073737728,854647,51395,6,6806592,54530,0,3917658,3469,875159040,52628480,6104201,2571571,9,2,0,0,0,70448,125231
1778176873899,2511544320,61870080,814301184,292163584,944156672,1073737728,854647,51395,6,6808250,54530,0,3917658,3469,875159040,52628480,6104485,2571657,9,2,0,0,0,70448,125231
1778176874195,2511544320,61870080,814301184,292163584,944156672,1073737728,854647,51395,6,6809909,54530,0,3917658,3469,875159040,52628480,6104683,2571697,9,2,0,0,0,70448,125231
1778176874490,2511544320,61870080,814301184,292163584,944156672,1073737728,854647,51395,6,6811569,54530,0,3917658,3469,875159040,52628480,6105453,2572281,9,2,0,0,0,70448,125231
1778176874785,2511544320,61870080,814305280,292163584,944156672,1073737728,854647,51395,6,6813228,54530,0,3917658,3469,875159040,52628480,6105839,2572543,9,2,0,0,0,70448,125231
1778176875078,2511544320,61870080,814305280,292163584,944156672,1073737728,854647,51395,6,6814901,54530,0,3917658,3469,875159040,52628480,6106037,2572583,9,2,0,0,0,70448,125231
1778176875374,2511544320,61870080,814305280,292163584,944156672,1073737728,854647,51395,6,6816559,54530,0,3917658,3469,875159040,52628480,6106251,2572623,9,2,0,0,0,70448,125231
1778176875671,2511544320,61870080,814305280,292163584,944156672,1073737728,854647,51395,6,6818219,54530,0,3917658,3469,875159040,52628480,6107319,2574337,9,2,0,0,0,70448,125231
1778176875967,2511544320,61870080,814305280,292163584,944156672,1073737728,854647,51395,6,6819879,54530,0,3917659,3469,875159040,52628480,6110783,2576669,9,2,0,0,0,70448,125231
1778176876262,2511544320,61870080,814305280,292163584,944156672,1073737728,854647,51395,6,6821536,54530,0,3917659,3469,875159040,52628480,6111051,2576755,9,2,0,0,0,70448,125231
1778176876557,2511544320,61870080,814313472,292163584,944156672,1073737728,854647,51395,6,6823199,54530,0,3917659,3469,875159040,52628480,6112139,2577551,9,2,0,0,0,70448,125231
1778176876852,2511544320,61870080,814313472,292163584,944156672,1073737728,854647,51511,6,6824861,54530,0,3917659,3469,875159040,52857856,6112353,2577591,9,2,0,0,0,70448,125231
1778176877147,2511544320,61886464,814317568,292171776,944214016,1073737728,854647,51619,6,6826522,54530,0,3917659,3469,875159040,52857856,6112621,2577677,9,2,0,0,0,70450,125235
1778176877438,2511544320,61886464,814317568,292171776,944214016,1073737728,854647,51619,6,6828179,54530,0,3917659,3469,875159040,52857856,6112921,2577893,9,2,0,0,0,70450,125235
1778176877734,2511544320,61886464,814313472,292200448,944246784,1073737728,854647,51683,6,6829840,54530,0,3917659,3469,875159040,52923392,6113707,2578517,9,2,0,0,0,70457,125241
1778176878031,2511544320,61886464,814313472,292200448,944246784,1073737728,854647,51683,6,6831498,54530,0,3917659,3469,875159040,52923392,6113975,2578603,9,2,0,0,0,70457,125241
1778176878326,2511544320,61886464,814313472,292200448,944246784,1073737728,854647,51683,6,6833154,54530,0,3917659,3469,875159040,52923392,6114173,2578643,9,2,0,0,0,70457,125241
1778176878622,2511544320,61886464,814313472,292200448,944246784,1073737728,854647,51683,6,6834816,54530,0,3917659,3469,875159040,52923392,6115257,2580487,9,2,0,0,0,70457,125241
1778176878917,2511544320,61886464,814317568,292200448,944246784,1073737728,854647,51683,6,6836475,54530,0,3917659,3469,875159040,52923392,6118705,2582729,9,2,0,0,0,70457,125241
1778176879213,2511544320,61886464,814317568,292200448,944246784,1073737728,854647,51683,6,6838133,54530,0,3917659,3469,875159040,52923392,6118903,2582769,9,2,0,0,0,70457,125241
1778176879509,2511544320,61886464,814317568,292200448,944246784,1073737728,854647,51683,6,6839792,54530,0,3917659,3469,875159040,52923392,6119759,2583439,9,2,0,0,0,70457,125241
1778176879806,2511544320,61886464,814317568,292200448,944246784,1073737728,854647,51683,6,6841452,54530,0,3917659,3469,875159040,52923392,6120291,2583691,9,2,0,0,0,70457,125241
1778176880102,2511544320,61886464,814317568,292200448,944246784,1073737728,854647,51683,6,6843109,54530,0,3917659,3469,875159040,52923392,6120591,2583907,9,2,0,0,0,70457,125241
1778176880398,2511544320,61886464,814317568,292200448,944246784,1073737728,854647,51683,6,6844766,54530,0,3917659,3469,875159040,52923392,6120859,2583993,9,2,0,0,0,70457,125241
1778176880691,2511544320,61886464,814317568,292200448,944246784,1073737728,854647,51683,6,6846427,54530,0,3917659,3469,875159040,52923392,6121645,2584577,9,2,0,0,0,70457,125241
1778176880987,2511544320,61886464,814321664,292200448,944246784,1073737728,854647,51683,6,6848102,54530,0,3917659,3469,875159040,52923392,6121843,2584617,9,2,0,0,0,70457,125241
1778176881282,2511544320,61886464,814321664,292200448,944246784,1073737728,854647,51683,6,6849759,54530,0,3917659,3469,875159040,52923392,6122111,2584703,9,2,0,0,0,70457,125241
1778176881578,2511544320,61886464,814321664,292200448,944246784,1073737728,854647,51683,6,6851419,54530,0,3917660,3469,875159040,52923392,6123195,2586547,9,2,0,0,0,70457,125241
1778176881874,2511544320,61886464,814321664,292200448,944246784,1073737728,854647,51683,6,6853075,54530,0,3917660,3469,875159040,52939776,6125061,2588173,9,2,0,0,0,70457,125241
1778176882169,2511544320,61894656,814313472,292200448,944246784,1073737728,854647,51699,6,6854733,54530,0,3917660,3469,875159040,52939776,6126959,2588829,9,2,0,0,0,70457,125241
1778176882466,2511544320,61894656,814313472,292200448,944246784,1073737728,854647,51699,6,6856393,54530,0,3917660,3469,875159040,52939776,6127745,2589453,9,2,0,0,0,70457,125241
1778176882759,2511544320,61894656,814325760,292200448,944246784,1073737728,854647,51699,6,6858052,54530,0,3917660,3469,875159040,52939776,6128331,2589927,9,2,0,0,0,70457,125241
1778176883053,2511544320,61894656,814325760,292200448,944246784,1073737728,854647,51699,6,6859709,54530,0,3917660,3469,875159040,52939776,6128529,2589967,9,2,0,0,0,70457,125241
1778176883350,2511544320,61894656,814325760,292200448,944246784,1073737728,854647,51699,6,6861366,54530,0,3917660,3469,875159040,52939776,6128727,2590007,9,2,0,0,0,70457,125241
1778176883641,2511544320,61894656,814325760,292200448,944246784,1073737728,854647,51699,6,6863024,54530,0,3917660,3469,875159040,52939776,6129583,2590637,9,2,0,0,0,70457,125241
1778176883935,2511544320,61894656,814325760,292200448,944246784,1073737728,854647,51699,6,6864683,54530,0,3917660,3469,875159040,52939776,6129797,2590677,9,2,0,0,0,70457,125241
1778176884232,2511544320,61894656,814325760,292200448,944246784,1073737728,854647,51699,6,6866341,54530,0,3917660,3469,875159040,52939776,6130113,2590893,9,2,0,0,0,70457,125241
1778176884527,2511544320,61894656,814325760,292200448,944246784,1073737728,854647,51699,6,6868001,54530,0,3917660,3469,875159040,52939776,6131181,2592647,9,2,0,0,0,70457,125241
1778176884823,2511544320,61894656,814333952,292200448,944246784,1073737728,854647,51699,6,6869659,54530,0,3917660,3469,875159040,52939776,6132977,2594227,9,2,0,0,0,70457,125241
1778176885119,2511544320,61894656,814333952,292200448,944246784,1073737728,854647,51699,6,6871316,54530,0,3917660,3469,875159040,52939776,6134827,2594929,9,2,0,0,0,70457,125241
1778176885416,2511544320,61894656,814338048,292200448,944246784,1073737728,854647,51699,6,6872974,54530,0,3917660,3469,875159040,52939776,6135143,2594969,9,2,0,0,0,70457,125241
1778176885712,2511544320,61894656,814338048,292200448,944246784,1073737728,854647,51699,6,6874634,54530,0,3917660,3469,875159040,52939776,6136231,2595901,9,2,0,0,0,70457,125241
1778176886007,2511544320,61894656,814338048,292200448,944246784,1073737728,854647,51699,6,6876291,54530,0,3917660,3469,875159040,52939776,6136499,2595987,9,2,0,0,0,70457,125241
1778176886303,2511544320,61894656,814338048,292200448,944246784,1073737728,854647,51699,6,6877948,54530,0,3917660,3469,875159040,52939776,6136697,2596027,9,2,0,0,0,70457,125241
1778176886599,2511544320,61894656,814338048,292200448,944246784,1073737728,854647,51699,6,6879608,54530,0,3917660,3469,875159040,52939776,6137467,2596611,9,2,0,0,0,70457,125241
1778176886895,2511314944,61894656,814342144,292200448,944246784,1073737728,854647,51699,6,6881265,54530,0,3917660,3469,875159040,52939776,6137853,2596873,9,2,0,0,0,70457,125241
1778176887191,2511314944,61902848,814333952,292200448,944246784,1073737728,854647,51719,6,6882938,54530,0,3917660,3469,875159040,52960256,6138051,2596913,9,2,0,0,0,70457,125241
1778176887480,2511314944,61902848,814333952,292200448,944246784,1073737728,854647,51719,6,6884599,54530,0,3917660,3469,875159040,52960256,6138907,2598467,9,2,0,0,0,70457,125241
1778176887776,2511314944,61902848,814333952,292200448,944246784,1073737728,854647,51719,6,6886256,54530,0,3917660,3469,875159040,52960256,6139333,2599631,9,2,0,0,0,70457,125241
1778176888072,2511314944,61902848,814350336,292204544,944259072,1073737728,854647,51719,6,6887913,54530,0,3917660,3469,875159040,52960256,6142695,2600903,9,2,0,0,0,70458,125244
1778176888368,2511314944,61902848,814350336,292204544,944259072,1073737728,854647,51719,6,6889573,54530,0,3917660,3469,875159040,52960256,6143167,2601205,9,2,0,0,0,70458,125244
1778176888664,2511314944,61902848,814350336,292204544,944259072,1073737728,854647,51719,6,6891233,54530,0,3917660,3469,875159040,52960256,6144153,2601961,9,2,0,0,0,70458,125244
1778176888959,2511314944,61902848,814354432,292204544,944259072,1073737728,854647,51719,6,6892890,54530,0,3917660,3469,875159040,52960256,6144351,2602001,9,2,0,0,0,70458,125244
1778176889253,2511314944,61902848,814354432,292204544,944259072,1073737728,854647,51719,6,6894546,54530,0,3917660,3469,875159040,52960256,6144619,2602087,9,2,0,0,0,70458,125244
1778176889547,2511314944,61902848,814354432,292204544,944259072,1073737728,854647,51719,6,6896206,54530,0,3917660,3469,875159040,52960256,6145491,2602847,9,2,0,0,0,70458,125244
1778176889838,2511314944,61902848,814354432,292204544,944259072,1073737728,854647,51719,6,6897862,54530,0,3917660,3469,875159040,52960256,6145705,2602887,9,2,0,0,0,70458,125244
1778176890134,2511314944,61902848,814354432,292204544,944259072,1073737728,854647,51719,6,6899518,54530,0,3917660,3469,875159040,52960256,6145989,2602973,9,2,0,0,0,70458,125244
1778176890431,2511314944,61902848,814354432,292204544,944259072,1073737728,854647,51719,6,6901175,54530,0,3917660,3469,875159040,52960256,6146203,2603013,9,2,0,0,0,70458,125244
1778176890727,2511314944,61902848,814354432,292204544,944259072,1073737728,854647,51719,6,6902835,54530,0,3917660,3469,875159040,52960256,6147271,2604767,9,2,0,0,0,70458,125244
1778176891021,2511314944,61902848,814358528,292204544,944259072,1073737728,854647,51719,6,6904491,54530,0,3917660,3469,875159040,52960256,6150735,2607099,9,2,0,0,0,70458,125244
1778176891317,2511314944,61902848,814358528,292204544,944259072,1073737728,854647,51719,6,6906148,54530,0,3917660,3469,875159040,52960256,6150933,2607139,9,2,0,0,0,70458,125244
1778176891612,2511314944,61902848,814358528,292204544,944259072,1073737728,854647,51719,6,6907810,54530,0,3917660,3469,875159040,52960256,6152091,2607981,9,2,0,0,0,70458,125244
1778176891907,2511314944,61902848,814362624,292204544,944259072,1073737728,854647,51719,6,6909470,54530,0,3917660,3469,875159040,52960256,6152347,2608067,9,2,0,0,0,70458,125244
1778176892203,2511314944,61902848,814362624,292204544,944259072,1073737728,854647,51719,6,6911127,54530,0,3917660,3469,875159040,52960256,6152545,2608107,9,2,0,0,0,70458,125244
1778176892493,2511314944,61915136,814354432,292208640,944275456,1073737728,854647,51803,6,6912786,54530,0,3917660,3469,875159040,53046272,6153487,2608913,9,2,0,0,0,70459,125247
1778176892789,2511314944,61915136,814362624,292208640,944308224,1073737728,854647,51803,6,6914445,54530,0,3917660,3469,875159040,53046272,6153701,2608993,9,2,0,0,0,70459,125255
1778176893081,2511314944,61915136,814362624,292208640,944308224,1073737728,854647,51803,6,6916118,54530,0,3917660,3469,875159040,53046272,6153899,2609033,9,2,0,0,0,70459,125255
1778176893376,2511314944,61915136,814362624,292208640,944308224,1073737728,854647,51803,6,6917776,54530,0,3917660,3469,875159040,53046272,6154183,2609477,9,2,0,0,0,70459,125255
1778176893673,2511314944,61915136,814362624,292212736,944316416,1073737728,854647,51803,6,6919438,54530,0,3917660,3469,875159040,53046272,6155283,2611321,9,2,0,0,0,70460,125257
1778176893968,2511314944,61915136,814362624,292212736,944316416,1073737728,854647,51803,6,6921098,54530,0,3917660,3469,875159040,53046272,6158645,2613517,9,2,0,0,0,70460,125257
1778176894264,2511314944,61915136,814362624,292212736,944316416,1073737728,854647,51803,6,6922755,54530,0,3917660,3469,875159040,53046272,6158843,2613557,9,2,0,0,0,70460,125257
1778176894559,2511314944,61915136,814362624,292212736,944316416,1073737728,854647,51803,6,6924418,54530,0,3917660,3469,875159040,53046272,6159931,2614353,9,2,0,0,0,70460,125257
1778176894854,2511314944,61915136,814370816,292212736,944316416,1073737728,854647,51803,6,6926076,54530,0,3917660,3469,875159040,53046272,6160145,2614393,9,2,0,0,0,70460,125257
1778176895150,2511314944,61915136,814370816,292212736,944316416,1073737728,854647,51803,6,6927734,54530,0,3917660,3469,875159040,53046272,6160445,2614609,9,2,0,0,0,70460,125257
1778176895443,2511314944,61915136,814370816,292212736,944316416,1073737728,854647,51803,6,6929394,54530,0,3917660,3469,875159040,53046272,6160659,2614881,9,2,0,0,0,70460,125257
1778176895739,2511314944,61915136,814370816,292212736,944316416,1073737728,854647,51803,6,6931056,54530,0,3917660,3469,875159040,53046272,6161445,2615273,9,2,0,0,0,70460,125257
1778176896032,2511314944,61915136,814370816,292212736,944316416,1073737728,854647,51803,6,6932716,54530,0,3917660,3469,875159040,53046272,6161643,2615313,9,2,0,0,0,70460,125257
1778176896326,2511314944,61915136,814370816,292212736,944316416,1073737728,854647,51803,6,6934372,54530,0,3917660,3469,875159040,53046272,6161841,2615353,9,2,0,0,0,70460,125257
1778176896621,2511314944,61915136,814370816,292212736,944316416,1073737728,854647,51803,6,6936035,54530,0,3917660,3469,875159040,53046272,6162941,2617197,9,2,0,0,0,70460,125257
1778176896918,2511314944,61915136,814374912,292212736,944316416,1073737728,854647,51803,6,6937694,54530,0,3917660,3469,875159040,53046272,6166319,2619393,9,2,0,0,0,70460,125257
1778176897214,2511314944,61915136,814374912,292212736,944316416,1073737728,854647,51803,6,6939354,54530,0,3917660,3469,875159040,53046272,6166517,2619433,9,2,0,0,0,70460,125257
1778176897510,2511314944,61923328,814366720,292212736,944316416,1073737728,854647,51859,6,6941022,54530,0,3917660,3469,875159040,53103616,6167405,2620057,9,2,0,0,0,70460,125257
1778176897805,2511314944,61923328,814379008,292237312,944328704,1073737728,854647,51883,6,6942682,54530,0,3917660,3469,875159040,53128192,6167921,2620405,9,2,0,0,0,70466,125260
1778176898101,2511314944,61923328,814379008,292237312,944328704,1073737728,854647,51883,6,6944338,54530,0,3917660,3469,875159040,53128192,6168119,2620445,9,2,0,0,0,70466,125260
1778176898398,2511314944,61923328,814379008,292237312,944328704,1073737728,854647,51883,6,6945998,54530,0,3917660,3469,875159040,53128192,6168317,2620485,9,2,0,0,0,70466,125260
1778176898696,2511314944,61923328,814379008,292237312,944328704,1073737728,854647,51883,6,6947658,54530,0,3917660,3469,875159040,53128192,6169103,2621069,9,2,0,0,0,70466,125260
1778176898993,2511314944,61923328,814379008,292237312,944328704,1073737728,854647,51883,6,6949331,54530,0,3917660,3469,875159040,53128192,6169317,2621109,9,2,0,0,0,70466,125260
1778176899288,2511314944,61923328,814379008,292237312,944328704,1073737728,854647,51883,6,6950989,54530,0,3917660,3469,875159040,53128192,6169617,2621325,9,2,0,0,0,70466,125260
1778176899584,2511314944,61923328,814379008,292237312,944328704,1073737728,854647,51883,6,6952652,54530,0,3917660,3469,875159040,53128192,6170599,2623033,9,2,0,0,0,70466,125260
1778176899879,2511314944,61923328,814383104,292237312,944328704,1073737728,854647,51883,6,6954309,54530,0,3917660,3469,875159040,53128192,6172395,2624613,9,2,0,0,0,70466,125260
1778176900176,2511314944,61923328,814383104,292237312,944328704,1073737728,854647,51883,6,6955970,54530,0,3917660,3469,875159040,53128192,6174175,2625269,9,2,0,0,0,70466,125260
1778176900467,2511314944,61923328,814383104,292237312,944328704,1073737728,854647,51883,6,6957631,54530,0,3917661,3469,875159040,53128192,6174961,2625853,9,2,0,0,0,70466,125260
1778176900760,2511314944,61923328,814383104,292237312,944328704,1073737728,854647,51883,6,6959290,54530,0,3917661,3469,875159040,53128192,6175595,2626241,9,2,0,0,0,70466,125260
1778176901054,2511314944,61923328,814395392,292237312,944328704,1073737728,854647,51883,6,6960947,54530,0,3917661,3469,875159040,53128192,6175793,2626281,9,2,0,0,0,70466,125260
1778176901351,2511314944,61923328,814395392,292237312,944328704,1073737728,854647,51883,6,6962607,54530,0,3917661,3469,875159040,53128192,6176007,2626321,9,2,0,0,0,70466,125260
1778176901642,2511314944,61923328,814395392,292237312,944328704,1073737728,854647,51883,6,6964266,54530,0,3917661,3469,875159040,53128192,6176819,2626933,9,2,0,0,0,70466,125260
1778176901939,2511314944,61923328,814399488,292237312,944328704,1073737728,854647,51883,6,6965927,54530,0,3917661,3469,875159040,53128192,6177135,2627109,9,2,0,0,0,70466,125260
1778176902235,2511314944,61923328,814399488,292237312,944328704,1073737728,854647,51883,6,6967584,54530,0,3917661,3469,875159040,53128192,6177333,2627149,9,2,0,0,0,70466,125260
1778176902531,2511314944,61923328,814399488,292237312,944328704,1073737728,854647,51903,6,6969247,54530,0,3917661,3469,875159040,53185536,6178315,2628857,9,2,0,0,0,70466,125260
1778176902826,2511314944,61931520,814399488,292237312,944345088,1073737728,854647,51939,6,6970907,54530,0,3917661,3469,875159040,53185536,6180111,2630437,9,2,0,0,0,70466,125264
1778176903122,2511314944,61931520,814399488,292237312,944345088,1073737728,854647,51939,6,6972564,54530,0,3917661,3469,875159040,53218304,6181891,2631093,9,2,0,0,0,70466,125264
1778176903418,2511314944,61931520,814399488,292241408,944345088,1073737728,854647,51971,6,6974226,54530,0,3917661,3469,875159040,53218304,6182309,2631309,9,2,0,0,0,70467,125264
1778176903716,2511314944,61931520,814403584,292241408,944345088,1073737728,854647,51971,6,6975890,54530,0,3917661,3469,875159040,53218304,6183413,2632457,9,2,0,0,0,70467,125264
1778176904012,2511314944,61931520,814403584,292241408,944345088,1073737728,854647,51971,6,6977552,54530,0,3917661,3469,875159040,53218304,6183611,2632497,9,2,0,0,0,70467,125264
1778176904305,2511314944,61931520,814403584,292241408,944345088,1073737728,854647,51971,6,6979211,54530,0,3917661,3469,875159040,53218304,6183825,2632537,9,2,0,0,0,70467,125264
1778176904604,2511314944,61931520,814403584,292241408,944345088,1073737728,854647,51971,6,6980872,54530,0,3917661,3469,875159040,53218304,6184697,2633297,9,2,0,0,0,70467,125264
1778176904894,2511314944,61931520,814403584,292241408,944345088,1073737728,854647,51971,6,6982530,54530,0,3917661,3469,875159040,53218304,6184911,2633337,9,2,0,0,0,70467,125264
1778176905190,2511314944,61931520,814403584,292241408,944345088,1073737728,854647,51971,6,6984205,54530,0,3917661,3469,875159040,53218304,6185109,2633377,9,2,0,0,0,70467,125264
1778176905482,2511314944,61931520,814403584,292241408,944345088,1073737728,854647,51971,6,6985865,54530,0,3917661,3469,875159040,53218304,6185879,2634885,9,2,0,0,0,70467,125264
1778176905778,2511314944,61931520,814403584,292241408,944345088,1073737728,854647,51971,6,6987524,54530,0,3917661,3469,875159040,53218304,6186305,2636049,9,2,0,0,0,70467,125264
1778176906075,2511314944,61931520,814407680,292241408,944345088,1073737728,854647,51971,6,6989183,54530,0,3917661,3469,875159040,53218304,6189769,2637497,9,2,0,0,0,70467,125264
1778176906371,2511314944,61931520,814407680,292241408,944345088,1073737728,854647,51971,6,6990842,54530,0,3917661,3469,875159040,53218304,6190101,2637577,9,2,0,0,0,70467,125264
1778176906668,2511314944,61931520,814407680,292241408,944345088,1073737728,854647,51971,6,6992506,54530,0,3917661,3469,875159040,53218304,6191087,2638333,9,2,0,0,0,70467,125264
1778176906964,2511314944,61931520,814407680,292241408,944345088,1073737728,854647,51971,6,6994165,54530,0,3917661,3469,875159040,53218304,6191285,2638373,9,2,0,0,0,70467,125264
1778176907259,2511314944,61931520,814407680,292241408,944345088,1073737728,854647,51971,6,6995825,54530,0,3917661,3469,875159040,53218304,6191483,2638413,9,2,0,0,0,70467,125264
1778176907554,2511314944,61939712,814399488,292241408,944345088,1073737728,854647,52011,6,6997484,54530,0,3917661,3469,875159040,53259264,6192355,2639173,9,2,0,0,0,70467,125264
1778176907848,2511314944,61939712,814411776,292245504,944361472,1073737728,854647,52039,6,6999143,54530,0,3917661,3469,875159040,53287936,6192569,2639213,9,2,0,0,0,70468,125268
1778176908144,2511314944,61939712,814411776,292245504,944361472,1073737728,854647,52039,6,7000801,54530,0,3917661,3469,875159040,53287936,6192767,2639253,9,2,0,0,0,70468,125268
1778176908435,2511314944,61939712,814411776,292245504,944361472,1073737728,854647,52039,6,7002461,54530,0,3917661,3469,875159040,53287936,6192965,2639293,9,2,0,0,0,70468,125268
1778176908732,2511314944,61939712,814411776,292245504,944361472,1073737728,854647,52059,6,7004124,54530,0,3917661,3469,875159040,53308416,6194065,2641177,9,2,0,0,0,70468,125268
1778176909027,2511314944,61939712,814411776,292245504,944361472,1073737728,854647,52059,6,7005785,54530,0,3917661,3469,875159040,53308416,6197427,2643373,9,2,0,0,0,70468,125268
1778176909323,2511314944,61939712,814411776,292245504,944361472,1073737728,854647,52059,6,7007442,54530,0,3917661,3469,875159040,53308416,6197625,2643413,9,2,0,0,0,70468,125268
1778176909619,2511314944,61939712,814411776,292245504,944361472,1073737728,854647,52059,6,7009104,54530,0,3917661,3469,875159040,53308416,6198713,2644209,9,2,0,0,0,70468,125268
1778176909915,2511314944,61939712,814411776,292245504,944361472,1073737728,854647,52059,6,7010765,54530,0,3917661,3469,875159040,53308416,6198927,2644249,9,2,0,0,0,70468,125268
1778176910211,2511314944,61939712,814419968,292245504,944361472,1073737728,854647,52059,6,7012422,54530,0,3917661,3469,875159040,53308416,6199227,2644425,9,2,0,0,0,70468,125268
1778176910507,2511314944,61939712,814419968,292245504,944361472,1073737728,854647,52059,6,7014084,54530,0,3917661,3469,875159040,53308416,6199997,2645009,9,2,0,0,0,70468,125268
1778176910803,2511314944,61939712,814419968,292245504,944361472,1073737728,854647,52059,6,7015745,54530,0,3917661,3469,875159040,53308416,6200211,2645089,9,2,0,0,0,70468,125268
1778176911099,2511314944,61939712,814419968,292245504,944361472,1073737728,854647,52059,6,7017417,54530,0,3917661,3469,875159040,53308416,6200409,2645129,9,2,0,0,0,70468,125268
1778176911395,2511314944,61939712,814419968,292245504,944361472,1073737728,854647,52059,6,7019078,54530,0,3917661,3469,875159040,53308416,6200607,2645169,9,2,0,0,0,70468,125268
1778176911690,2511314944,61939712,814419968,292245504,944361472,1073737728,854647,52059,6,7020739,54530,0,3917661,3469,875159040,53308416,6201707,2646973,9,2,0,0,0,70468,125268
1778176911986,2511314944,61939712,814424064,292245504,944361472,1073737728,854647,52059,6,7022397,54530,0,3917661,3469,875159040,53308416,6205069,2649169,9,2,0,0,0,70468,125268
1778176912282,2511314944,61939712,814424064,292245504,944361472,1073737728,854647,52059,6,7024056,54530,0,3917661,3469,875159040,53308416,6205267,2649209,9,2,0,0,0,70468,125268
1778176912579,2511314944,61939712,814424064,292245504,944361472,1073737728,854647,52059,6,7025715,54530,0,3917661,3469,875159040,53308416,6206371,2650005,9,2,0,0,0,70468,125268
1778176912875,2511314944,61947904,814424064,292245504,944361472,1073737728,854647,52087,6,7027376,54530,0,3917661,3469,875159040,53337088,6206687,2650181,9,2,0,0,0,70468,125268
1778176913171,2511314944,61947904,814428160,292245504,944361472,1073737728,854647,52087,6,7029036,54530,0,3917661,3469,875159040,53337088,6206885,2650221,9,2,0,0,0,70468,125268
1778176913462,2511314944,61947904,814428160,292245504,944361472,1073737728,854647,52087,6,7030696,54530,0,3917661,3469,875159040,53337088,6207671,2650805,9,2,0,0,0,70468,125268
1778176913755,2511314944,61947904,814428160,292253696,944373760,1073737728,854647,52111,6,7032357,54530,0,3917661,3469,875159040,53361664,6208035,2650977,9,2,0,0,0,70470,125271
1778176914050,2511314944,61947904,814428160,292253696,944373760,1073737728,854647,52111,6,7034016,54530,0,3917661,3469,875159040,53361664,6208233,2651017,9,2,0,0,0,70470,125271
1778176914347,2511314944,61947904,814428160,292253696,944373760,1073737728,854647,52111,6,7035673,54530,0,3917661,3469,875159040,53361664,6208533,2651193,9,2,0,0,0,70470,125271
1778176914638,2511314944,61947904,814436352,292253696,944373760,1073737728,854647,52111,6,7037331,54530,0,3917661,3469,875159040,53361664,6209515,2652861,9,2,0,0,0,70470,125271
1778176914937,2511314944,61947904,814436352,292253696,944373760,1073737728,854647,52111,6,7038988,54530,0,3917661,3469,875159040,53361664,6212893,2655057,9,2,0,0,0,70470,125271
1778176915233,2511314944,61947904,814440448,292253696,944373760,1073737728,854647,52111,6,7040647,54530,0,3917661,3469,875159040,53361664,6213091,2655097,9,2,0,0,0,70470,125271
1778176915530,2511314944,61947904,814440448,292253696,944373760,1073737728,854647,52111,6,7042311,54530,0,3917661,3469,875159040,53361664,6214081,2655857,9,2,0,0,0,70470,125271
1778176915825,2511314944,61947904,814440448,292253696,944373760,1073737728,854647,52111,6,7043969,54530,0,3917661,3469,875159040,53361664,6214495,2656109,9,2,0,0,0,70470,125271
1778176916120,2511314944,61947904,814440448,292253696,944373760,1073737728,854647,52111,6,7045627,54530,0,3917661,3469,875159040,53361664,6214693,2656149,9,2,0,0,0,70470,125271
1778176916416,2511314944,61947904,814440448,292253696,944373760,1073737728,854647,52111,6,7047288,54530,0,3917661,3469,875159040,53361664,6214891,2656189,9,2,0,0,0,70470,125271
1778176916712,2511314944,61947904,814440448,292253696,944373760,1073737728,854647,52111,6,7048951,54530,0,3917661,3469,875159040,53361664,6215677,2656813,9,2,0,0,0,70470,125271
1778176917008,2511314944,61947904,814440448,292253696,944373760,1073737728,854647,52111,6,7050627,54530,0,3917661,3469,875159040,53361664,6215977,2657029,9,2,0,0,0,70470,125271
1778176917303,2511314944,61947904,814440448,292253696,944373760,1073737728,854647,52111,6,7052287,54530,0,3917661,3469,875159040,53361664,6216191,2657069,9,2,0,0,0,70470,125271
1778176917599,2511314944,61947904,814440448,292253696,944373760,1073737728,854647,52111,6,7053947,54530,0,3917661,3469,875159040,53361664,6217173,2658777,9,2,0,0,0,70470,125271
1778176917894,2511314944,61956096,814436352,292253696,944373760,1073737728,854647,52147,6,7055606,54530,0,3917661,3469,875159040,53398528,6220551,2660973,9,2,0,0,0,70470,125271
1778176918189,2511314944,61956096,814436352,292253696,944373760,1073737728,854647,52171,6,7057265,54530,0,3917661,3469,875159040,53423104,6220851,2661053,9,2,0,0,0,70470,125271
1778176918486,2511314944,61956096,814436352,292253696,944373760,1073737728,854647,52171,6,7058926,54530,0,3917661,3469,875159040,53423104,6221723,2661813,9,2,0,0,0,70470,125271
1778176918783,2511314944,61956096,814448640,292261888,944381952,1073737728,854647,52203,6,7060586,54530,0,3917661,3469,875159040,53455872,6222239,2662065,9,2,0,0,0,70472,125273
1778176919079,2511314944,61956096,814448640,292261888,944381952,1073737728,854647,52203,6,7062245,54530,0,3917661,3469,875159040,53455872,6222437,2662105,9,2,0,0,0,70472,125273
1778176919375,2511314944,61956096,814448640,292261888,944381952,1073737728,854647,52203,6,7063904,54530,0,3917662,3469,875159040,53455872,6222635,2662145,9,2,0,0,0,70472,125273
1778176919672,2511314944,61956096,814448640,292261888,944381952,1073737728,854647,52203,6,7065564,54530,0,3917662,3469,875159040,53455872,6223635,2662689,9,2,0,0,0,70472,125273
1778176919967,2511314944,61956096,814452736,292261888,944398336,1073737728,854647,52203,6,7067222,54530,0,3917662,3469,875159040,53455872,6224383,2662689,9,2,0,0,0,70472,125276
1778176920263,2511314944,61956096,814452736,292261888,944398336,1073737728,854647,52203,6,7068883,54530,0,3917662,3469,875159040,53455872,6224383,2662689,9,2,0,0,0,70472,125276
1778176920559,2511314944,61956096,814452736,292261888,944398336,1073737728,854647,52203,6,7070542,54530,0,3917662,3469,875159040,53455872,6224933,2662689,9,2,0,0,0,70472,125276
1778176920855,2511314944,61956096,814452736,292261888,944398336,1073737728,854647,52203,6,7072200,54530,0,3917662,3469,875159040,53455872,6227061,2663697,9,2,0,0,0,70472,125276
1778176921151,2511314944,61956096,814452736,292261888,944398336,1073737728,854647,52203,6,7073860,54530,0,3917662,3469,875159040,53455872,6228643,2664621,9,2,0,0,0,70472,125276
1778176921442,2511314944,61956096,814452736,292261888,944398336,1073737728,854647,52203,6,7075519,54530,0,3917662,3469,875159040,53455872,6228643,2664621,9,2,0,0,0,70472,125276
1778176921740,2511314944,61956096,814452736,292261888,944398336,1073737728,854647,52203,6,7077184,54530,0,3917664,3469,875159040,53455872,6230647,2665421,9,2,0,0,0,70472,125276
1778176922035,2511314944,61956096,814456832,292261888,944398336,1073737728,854647,52203,6,7078845,54530,0,3917664,3469,875159040,53455872,6231391,2665557,9,2,0,0,0,70472,125276
1778176922331,2511314944,61956096,814456832,292261888,944398336,1073737728,854647,52203,6,7080502,54530,0,3917664,3469,875159040,53455872,6231391,2665557,9,2,0,0,0,70472,125276
1778176922627,2511314944,61956096,814456832,292261888,944398336,1073737728,854647,52203,6,7082163,54530,0,3917670,3469,875159040,53455872,6231717,2666101,9,2,0,0,0,70472,125276
1778176922917,2511056896,61964288,814456832,292261888,944459776,1073737728,854647,52243,6,7083838,54530,0,3917686,3469,875159040,53496832,6231717,2666101,9,2,0,0,0,70472,125280
1778176923211,2511056896,61964288,814456832,292261888,944459776,1073737728,854647,52243,6,7085497,54530,0,3917686,3469,875159040,53496832,6231717,2666101,9,2,0,0,0,70472,125280
1778176923506,2511056896,61964288,814456832,292261888,944459776,1073737728,854647,52243,6,7087156,54530,0,3917686,3469,875159040,53496832,6231717,2666101,9,2,0,0,0,70472,125280
1778176923803,2511056896,61964288,814456832,292261888,944459776,1073737728,854647,52243,6,7088818,54530,0,3917686,3469,875159040,53496832,6231937,2667497,9,2,0,0,0,70472,125280
1778176924097,2511056896,61964288,814460928,292261888,944459776,1073737728,854647,52243,6,7090477,54530,0,3917686,3469,875159040,53517312,6236595,2669037,9,2,0,0,0,70472,125280
1778176924393,2511056896,61964288,814460928,292261888,944467968,1073737728,854647,52263,6,7092138,54530,0,3917686,3469,875159040,53517312,6236595,2669037,9,2,0,0,0,70472,125282
1778176924685,2511056896,61964288,814460928,292261888,944467968,1073737728,854647,52263,6,7093796,54530,0,3917686,3469,875159040,53517312,6237669,2670085,9,2,0,0,0,70472,125282
1778176924980,2511056896,61964288,814465024,292261888,944467968,1073737728,854647,52263,6,7095457,54530,0,3917686,3469,875159040,53517312,6237669,2670085,9,2,0,0,0,70472,125282
1778176925274,2511056896,61964288,814465024,292261888,944467968,1073737728,854647,52263,6,7097113,54530,0,3917686,3469,875159040,53517312,6237669,2670085,9,2,0,0,0,70472,125282
1778176925571,2511056896,61964288,814465024,292261888,944467968,1073737728,854647,52263,6,7098772,54530,0,3917686,3469,875159040,53517312,6237669,2670629,9,2,0,0,0,70472,125282
1778176925861,2511056896,61964288,814465024,292261888,944467968,1073737728,854647,52263,6,7100430,54530,0,3917686,3469,875159040,53517312,6237669,2670629,9,2,0,0,0,70472,125282
1778176926157,2511056896,61964288,814465024,292261888,944467968,1073737728,854647,52263,6,7102090,54530,0,3917686,3469,875159040,53517312,6237669,2670629,9,2,0,0,0,70472,125282
1778176926449,2511056896,61964288,814465024,292261888,944467968,1073737728,854647,52263,6,7103919,54530,0,3917686,3469,875159040,53517312,6237669,2671173,9,2,0,0,0,70472,125282
1778176926744,2511056896,61964288,814469120,292261888,944467968,1073737728,854647,52263,6,7105835,54530,0,3917686,3469,875159040,53517312,6239193,2672797,9,2,0,0,0,70472,125282
1778176927035,2511056896,61964288,814469120,292261888,944467968,1073737728,854647,52263,6,7107743,54530,0,3917686,3469,875159040,53517312,6242357,2674645,9,2,0,0,0,70472,125282
1778176927329,2511056896,61964288,814469120,292261888,944467968,1073737728,854647,52263,6,7109657,54530,0,3917686,3469,875159040,53517312,6242357,2674645,9,2,0,0,0,70472,125282
1778176927623,2511056896,61964288,814469120,292261888,944467968,1073737728,854647,52263,6,7111572,54530,0,3917686,3469,875159040,53517312,6242883,2675361,9,2,0,0,0,70472,125282
1778176927917,2511056896,61964288,814473216,292261888,944467968,1073737728,854647,52263,6,7113484,54530,0,3917686,3469,875159040,53578752,6242883,2675361,9,2,0,0,0,70472,125282
1778176928212,2511056896,61972480,814485504,292261888,944467968,1073737728,854647,52323,6,7115398,54530,0,3917686,3469,875159040,53578752,6242883,2675361,9,2,0,0,0,70472,125282
1778176928506,2511056896,61972480,814485504,292261888,944467968,1073737728,854647,52323,6,7117160,54530,0,3917694,3469,875159040,53578752,6247983,2676337,9,2,0,0,0,70472,125282
1778176928801,2511056896,61972480,814485504,292261888,944467968,1073737728,854647,52323,6,7118820,54530,0,3917694,3469,875159040,53578752,6248197,2676377,9,2,0,0,0,70472,125282
1778176929095,2511056896,61972480,814489600,292261888,944476160,1073737728,854647,52323,6,7120496,54530,0,3917694,3469,875159040,53578752,6248513,2676593,9,2,0,0,0,70472,125284
1778176929391,2511056896,61972480,814489600,292286464,944492544,1073737728,854647,52359,6,7122153,54530,0,3917694,3469,875159040,53615616,6248727,2676633,9,2,0,0,0,70478,125288
1778176929684,2511056896,61972480,814489600,292286464,944492544,1073737728,854647,52359,6,7123817,54530,0,3917694,3469,875159040,53615616,6249725,2678301,9,2,0,0,0,70478,125288
1778176929980,2511056896,61972480,814489600,292286464,944492544,1073737728,854647,52359,6,7125477,54530,0,3917694,3469,875159040,53615616,6253103,2680497,9,2,0,0,0,70478,125288
1778176930276,2511056896,61972480,814489600,292286464,944492544,1073737728,854647,52359,6,7127135,54530,0,3917694,3469,875159040,53615616,6253301,2680537,9,2,0,0,0,70478,125288
1778176930565,2511056896,61972480,814489600,292286464,944492544,1073737728,854647,52359,6,7128798,54530,0,3917694,3469,875159040,53615616,6254405,2681333,9,2,0,0,0,70478,125288
1778176930856,2511056896,61972480,814493696,292286464,944553984,1073737728,854647,52359,6,7130458,54530,0,3917694,3469,875159040,53615616,6254619,2681373,9,2,0,0,0,70478,125291
1778176931152,2511056896,61972480,814493696,292286464,944553984,1073737728,854647,52359,6,7132115,54530,0,3917694,3469,875159040,53615616,6254817,2681413,9,2,0,0,0,70478,125291
1778176931444,2511056896,61972480,814493696,292286464,944553984,1073737728,854647,52359,6,7133774,54530,0,3917694,3469,875159040,53615616,6255031,2681685,9,2,0,0,0,70478,125291
1778176931739,2511056896,61972480,814497792,292286464,944553984,1073737728,854647,52359,6,7135436,54530,0,3917694,3469,875159040,53615616,6255817,2682077,9,2,0,0,0,70478,125291
1778176932035,2511056896,61972480,814497792,292286464,944553984,1073737728,854647,52359,6,7137093,54530,0,3917694,3469,875159040,53615616,6256015,2682117,9,2,0,0,0,70478,125291
1778176932330,2511056896,61972480,814497792,292286464,944553984,1073737728,854647,52359,6,7138749,54530,0,3917694,3469,875159040,53615616,6256213,2682157,9,2,0,0,0,70478,125291
1778176932626,2511056896,61972480,814497792,292286464,944553984,1073737728,854647,52359,6,7140408,54530,0,3917695,3469,875159040,53615616,6257195,2683825,9,2,0,0,0,70478,125291
1778176932922,2511056896,61972480,814501888,292286464,944553984,1073737728,854647,52359,6,7142064,54530,0,3917695,3469,875159040,53615616,6260573,2686021,9,2,0,0,0,70478,125291
1778176933218,2511056896,61980672,814505984,292286464,944553984,1073737728,854647,52403,6,7143721,54530,0,3917695,3469,875159040,53660672,6260873,2686197,9,2,0,0,0,70478,125291
1778176933513,2511056896,61980672,814505984,292286464,944553984,1073737728,854647,52403,6,7145381,54530,0,3917695,3469,875159040,53660672,6261761,2686821,9,2,0,0,0,70478,125291
1778176933810,2511056896,61980672,814505984,292286464,944553984,1073737728,854647,52403,6,7147038,54530,0,3917695,3469,875159040,53660672,6262175,2687033,9,2,0,0,0,70478,125291
1778176934106,2511056896,61980672,814505984,292286464,944553984,1073737728,854647,52403,6,7148696,54530,0,3917695,3469,875159040,53660672,6262373,2687073,9,2,0,0,0,70478,125291
1778176934403,2511056896,61980672,814505984,292286464,944553984,1073737728,854647,52423,6,7150354,54530,0,3917695,3469,875159040,53681152,6262571,2687113,9,2,0,0,0,70478,125291
1778176934700,2511056896,61980672,814505984,292286464,944553984,1073737728,854647,52423,6,7152014,54530,0,3917695,3469,875159040,53681152,6263357,2687737,9,2,0,0,0,70478,125291
1778176934996,2511056896,61980672,814510080,292286464,944553984,1073737728,854647,52423,6,7153689,54530,0,3917695,3469,875159040,53681152,6263555,2687777,9,2,0,0,0,70478,125291
1778176935293,2511056896,61980672,814510080,292286464,944553984,1073737728,854647,52423,6,7155345,54530,0,3917695,3469,875159040,53681152,6263753,2687817,9,2,0,0,0,70478,125291
1778176935591,2511056896,61980672,814510080,292286464,944553984,1073737728,854647,52423,6,7157005,54530,0,3917695,3469,875159040,53681152,6264751,2689525,9,2,0,0,0,70478,125291
1778176935886,2511056896,61980672,814510080,292286464,944553984,1073737728,854647,52423,6,7158661,54530,0,3917695,3469,875159040,53681152,6268129,2691721,9,2,0,0,0,70478,125291
1778176936182,2511056896,61980672,814510080,292286464,944553984,1073737728,854647,52423,6,7160318,54530,0,3917695,3469,875159040,53681152,6268327,2691761,9,2,0,0,0,70478,125291
1778176936472,2511056896,61980672,814510080,292286464,944553984,1073737728,854647,52423,6,7161980,54530,0,3917695,3469,875159040,53681152,6269097,2692345,9,2,0,0,0,70478,125291
1778176936766,2511056896,61980672,814510080,292286464,944553984,1073737728,854647,52423,6,7163641,54530,0,3917695,3469,875159040,53681152,6269629,2692597,9,2,0,0,0,70478,125291
1778176937062,2511056896,61980672,814518272,292286464,944553984,1073737728,854647,52423,6,7165297,54530,0,3917695,3469,875159040,53681152,6269827,2692637,9,2,0,0,0,70478,125291
1778176937359,2511056896,61980672,814518272,292286464,944553984,1073737728,854647,52423,6,7166954,54530,0,3917695,3469,875159040,53681152,6270143,2692853,9,2,0,0,0,70478,125291
1778176937653,2511056896,61980672,814518272,292286464,944553984,1073737728,854647,52423,6,7168613,54530,0,3917695,3469,875159040,53681152,6270929,2693437,9,2,0,0,0,70478,125291
1778176937951,2511056896,61980672,814518272,292286464,944553984,1073737728,854647,52423,6,7170270,54530,0,3917695,3469,875159040,53681152,6271127,2693477,9,2,0,0,0,70478,125291
1778176938242,2511056896,61980672,814518272,292286464,944553984,1073737728,854647,52435,6,7171926,54530,0,3917695,3469,875159040,53693440,6271325,2693517,9,2,0,0,0,70478,125291
1778176938539,2511056896,61980672,814518272,292286464,944553984,1073737728,854647,52435,6,7173586,54530,0,3917695,3469,875159040,53730304,6272307,2695225,9,2,0,0,0,70478,125291
1778176938833,2511056896,61988864,814522368,292286464,944562176,1073737728,854647,52471,6,7175244,54530,0,3917695,3469,875159040,53730304,6274103,2696805,9,2,0,0,0,70478,125293
1778176939127,2511056896,61988864,814522368,292286464,944562176,1073737728,854647,52471,6,7176902,54530,0,3917695,3469,875159040,53730304,6275883,2697461,9,2,0,0,0,70478,125293
1778176939423,2511056896,61988864,814522368,292286464,944562176,1073737728,854647,52471,6,7178563,54530,0,3917695,3469,875159040,53730304,6276215,2697541,9,2,0,0,0,70478,125293
1778176939719,2511056896,61988864,814522368,292286464,944562176,1073737728,854647,52471,6,7180227,54530,0,3917695,3469,875159040,53754880,6277319,2698377,9,2,0,0,0,70478,125293
1778176940015,2511056896,61988864,814522368,292286464,944562176,1073737728,854647,52495,6,7181883,54530,0,3917695,3469,875159040,53754880,6277517,2698417,9,2,0,0,0,70478,125293
1778176940311,2511056896,61988864,814522368,292286464,944562176,1073737728,854647,52495,6,7183542,54530,0,3917695,3469,875159040,53754880,6277731,2698457,9,2,0,0,0,70478,125293
1778176940607,2511056896,61988864,814522368,292286464,944562176,1073737728,854647,52495,6,7185203,54530,0,3917695,3469,875159040,53754880,6278501,2699081,9,2,0,0,0,70478,125293
1778176940900,2511056896,61988864,814522368,292286464,944562176,1073737728,854647,52495,6,7186876,54530,0,3917695,3469,875159040,53754880,6278715,2699121,9,2,0,0,0,70478,125293
1778176941194,2511056896,61988864,814526464,292290560,944594944,1073737728,854647,52495,6,7188535,54530,0,3917695,3469,875159040,53754880,6278913,2699161,9,2,0,0,0,70479,125295
1778176941489,2511056896,61988864,814526464,292290560,944594944,1073737728,854647,52495,6,7190194,54530,0,3917695,3469,875159040,53754880,6279801,2700845,9,2,0,0,0,70479,125295
1778176941785,2511056896,61988864,814534656,292290560,944594944,1073737728,854647,52495,6,7191852,54530,0,3917695,3469,875159040,53754880,6280227,2702009,9,2,0,0,0,70479,125295
1778176942080,2511056896,61988864,814534656,292290560,944594944,1073737728,854647,52495,6,7193510,54530,0,3917695,3469,875159040,53754880,6283589,2703281,9,2,0,0,0,70479,125295
1778176942376,2511056896,61988864,814538752,292290560,944594944,1073737728,854647,52495,6,7195170,54530,0,3917695,3469,875159040,53754880,6283921,2703361,9,2,0,0,0,70479,125295
1778176942672,2511056896,61988864,814538752,292290560,944594944,1073737728,854647,52495,6,7196831,54530,0,3917695,3469,875159040,53754880,6284907,2704117,9,2,0,0,0,70479,125295
1778176942969,2511056896,61988864,814538752,292290560,944594944,1073737728,854647,52495,6,7198488,54530,0,3917695,3469,875159040,53754880,6285105,2704157,9,2,0,0,0,70479,125295
1778176943264,2511056896,61988864,814538752,292290560,944594944,1073737728,854647,52495,6,7200146,54530,0,3917695,3469,875159040,53754880,6285303,2704197,9,2,0,0,0,70479,125295
1778176943560,2511056896,61988864,814538752,292290560,944594944,1073737728,854647,52495,6,7201806,54530,0,3917695,3469,875159040,53763072,6286089,2704821,9,2,0,0,0,70479,125295
1778176943855,2511056896,61997056,814538752,292294656,944599040,1073737728,854647,52539,6,7203465,54530,0,3917695,3469,875159040,53799936,6286303,2704861,9,2,0,0,0,70480,125296
1778176944151,2511056896,61997056,814538752,292294656,944599040,1073737728,854647,52539,6,7205123,54530,0,3917695,3469,875159040,53799936,6286501,2704901,9,2,0,0,0,70480,125296
1778176944443,2511056896,61997056,814538752,292294656,944599040,1073737728,854647,52539,6,7206781,54530,0,3917695,3469,875159040,53799936,6286715,2705173,9,2,0,0,0,70480,125296
1778176944738,2511056896,61997056,814538752,292294656,944599040,1073737728,854647,52539,6,7208441,54530,0,3917695,3469,875159040,53799936,6287713,2706649,9,2,0,0,0,70480,125296
1778176945032,2511056896,61997056,814542848,292294656,944599040,1073737728,854647,52539,6,7210099,54530,0,3917695,3469,875159040,53799936,6291075,2708845,9,2,0,0,0,70480,125296
1778176945328,2511056896,61997056,814542848,292294656,944599040,1073737728,854647,52571,6,7211759,54530,0,3917695,3469,875159040,53832704,6291407,2708885,9,2,0,0,0,70480,125296
1778176945623,2511056896,61997056,814542848,292294656,944599040,1073737728,854647,52571,6,7213417,54530,0,3917695,3469,875159040,53832704,6292479,2709857,9,2,0,0,0,70480,125296
1778176945919,2511056896,61997056,814546944,292294656,944599040,1073737728,854647,52571,6,7215078,54530,0,3917695,3469,875159040,53832704,6292693,2709897,9,2,0,0,0,70480,125296
1778176946215,2511056896,61997056,814546944,292294656,944599040,1073737728,854647,52571,6,7216737,54530,0,3917695,3469,875159040,53832704,6292891,2709937,9,2,0,0,0,70480,125296
1778176946508,2511056896,61997056,814546944,292294656,944599040,1073737728,854647,52571,6,7218398,54530,0,3917695,3469,875159040,53832704,6293661,2710561,9,2,0,0,0,70480,125296
1778176946804,2511056896,61997056,814551040,292294656,944599040,1073737728,854647,52571,6,7220055,54530,0,3917695,3469,875159040,53832704,6293875,2710601,9,2,0,0,0,70480,125296
1778176947099,2511056896,61997056,814551040,292294656,944599040,1073737728,854647,52571,6,7221730,54530,0,3917695,3469,875159040,53832704,6294073,2710641,9,2,0,0,0,70480,125296
1778176947395,2511056896,61997056,814551040,292294656,944599040,1073737728,854647,52571,6,7223388,54530,0,3917695,3469,875159040,53832704,6294271,2710681,9,2,0,0,0,70480,125296
1778176947691,2511056896,61997056,814551040,292294656,944599040,1073737728,854647,52571,6,7225048,54530,0,3917695,3469,875159040,53832704,6295269,2712349,9,2,0,0,0,70480,125296
1778176947987,2511056896,61997056,814551040,292294656,944599040,1073737728,854647,52571,6,7226706,54530,0,3917695,3469,875159040,53832704,6298631,2714545,9,2,0,0,0,70480,125296
1778176948283,2511056896,61997056,814555136,292294656,944599040,1073737728,854647,52571,6,7228363,54530,0,3917695,3469,875159040,53832704,6298845,2714585,9,2,0,0,0,70480,125296
1778176948578,2511056896,61997056,814555136,292294656,944599040,1073737728,854647,52571,6,7230024,54530,0,3917695,3469,875159040,53832704,6299933,2715381,9,2,0,0,0,70480,125296
1778176948874,2511056896,62005248,814555136,292294656,944599040,1073737728,854647,52607,6,7231681,54530,0,3917695,3469,875159040,53869568,6300147,2715421,9,2,0,0,0,70480,125296
1778176949171,2511056896,62005248,814555136,292294656,944599040,1073737728,854647,52635,6,7233339,54530,0,3917695,3469,875159040,53898240,6300345,2715461,9,2,0,0,0,70480,125296
1778176949466,2511056896,62005248,814555136,292294656,944599040,1073737728,854647,52635,6,7234998,54530,0,3917695,3469,875159040,53898240,6301115,2716045,9,2,0,0,0,70480,125296
1778176949760,2511056896,62005248,814555136,292294656,944615424,1073737728,854647,52635,6,7236656,54530,0,3917695,3469,875159040,53898240,6301431,2716261,9,2,0,0,0,70480,125300
1778176950055,2511056896,62005248,814555136,292294656,944615424,1073737728,854647,52635,6,7238314,54530,0,3917695,3469,875159040,53898240,6301629,2716349,9,2,0,0,0,70480,125300
1778176950351,2511056896,62005248,814559232,292294656,944615424,1073737728,854647,52659,6,7239972,54530,0,3917695,3469,875159040,53922816,6301827,2716389,9,2,0,0,0,70480,125300
1778176950642,2511056896,62005248,814559232,292294656,944615424,1073737728,854647,52659,6,7241630,54530,0,3917695,3469,875159040,53922816,6302809,2718057,9,2,0,0,0,70480,125300
1778176950939,2511056896,62005248,814559232,292306944,944619520,1073737728,854647,52659,6,7243288,54530,0,3917695,3469,875159040,53922816,6306187,2720253,9,2,0,0,0,70483,125301
1778176951235,2511056896,62005248,814559232,292306944,944619520,1073737728,854647,52659,6,7244946,54530,0,3917695,3469,875159040,53922816,6306385,2720293,9,2,0,0,0,70483,125301
1778176951531,2511056896,62005248,814559232,292306944,944619520,1073737728,854647,52659,6,7246608,54530,0,3917695,3469,875159040,53922816,6307273,2720917,9,2,0,0,0,70483,125301
1778176951826,2511056896,62005248,814559232,292306944,944619520,1073737728,854647,52659,6,7248269,54530,0,3917695,3469,875159040,53922816,6307687,2721169,9,2,0,0,0,70483,125301
1778176952122,2511056896,62005248,814559232,292306944,944619520,1073737728,854647,52659,6,7249926,54530,0,3917695,3469,875159040,53922816,6307901,2721209,9,2,0,0,0,70483,125301
1778176952418,2511056896,62005248,814559232,292306944,944619520,1073737728,854647,52659,6,7251583,54530,0,3917695,3469,875159040,53922816,6308099,2721249,9,2,0,0,0,70483,125301
1778176952714,2511056896,62005248,814559232,292306944,944619520,1073737728,854647,52659,6,7253243,54530,0,3917695,3469,875159040,53922816,6308885,2721873,9,2,0,0,0,70483,125301
1778176953010,2511056896,62005248,814563328,292306944,944619520,1073737728,854647,52659,6,7254917,54530,0,3917695,3469,875159040,53922816,6309083,2721913,9,2,0,0,0,70483,125301
1778176953307,2511056896,62005248,814563328,292306944,944619520,1073737728,854647,52659,6,7256575,54530,0,3917695,3469,875159040,53922816,6309323,2721981,9,2,0,0,0,70483,125301
1778176953603,2511056896,62005248,814563328,292306944,944619520,1073737728,854647,52659,6,7258236,54530,0,3917695,3469,875159040,53922816,6310407,2723865,9,2,0,0,0,70483,125301
1778176953898,2511056896,62005248,814563328,292306944,944619520,1073737728,854647,52659,6,7259894,54530,0,3917695,3469,875159040,53959680,6313785,2726061,9,2,0,0,0,70483,125301
1778176954194,2511056896,62013440,814555136,292306944,944619520,1073737728,854647,52695,6,7261555,54530,0,3917695,3469,875159040,53959680,6314085,2726141,9,2,0,0,0,70483,125301
1778176954489,2511056896,62013440,814555136,292306944,944619520,1073737728,854647,52695,6,7263215,54530,0,3917695,3469,875159040,53959680,6314871,2726725,9,2,0,0,0,70483,125301
1778176954786,2511056896,62013440,814571520,292306944,944619520,1073737728,854647,52695,6,7264873,54530,0,3917695,3469,875159040,53959680,6315403,2726977,9,2,0,0,0,70483,125301
1778176955080,2511056896,62013440,814571520,292306944,944619520,1073737728,854647,52695,6,7266532,54530,0,3917695,3469,875159040,53959680,6315617,2727017,9,2,0,0,0,70483,125301
1778176955376,2511056896,62013440,814571520,292311040,944627712,1073737728,854647,52727,6,7268190,54530,0,3917695,3469,875159040,53992448,6315831,2727057,9,2,0,0,0,70484,125303
1778176955671,2511056896,62013440,814571520,292311040,944627712,1073737728,854647,52727,6,7269849,54530,0,3917695,3469,875159040,53992448,6316617,2727641,9,2,0,0,0,70484,125303
1778176955967,2511056896,62013440,814583808,292311040,944627712,1073737728,854647,52727,6,7271507,54530,0,3917695,3469,875159040,53992448,6316815,2727681,9,2,0,0,0,70484,125303
1778176956263,2511056896,62013440,814583808,292311040,944627712,1073737728,854647,52727,6,7273163,54530,0,3917695,3469,875159040,53992448,6317013,2727721,9,2,0,0,0,70484,125303
1778176956559,2511056896,62013440,814583808,292311040,944627712,1073737728,854647,52727,6,7274824,54530,0,3917695,3469,875159040,53992448,6317995,2729429,9,2,0,0,0,70484,125303
1778176956854,2511056896,62013440,814583808,292311040,944627712,1073737728,854647,52727,6,7276480,54530,0,3917695,3469,875159040,53992448,6319791,2731009,9,2,0,0,0,70484,125303
1778176957151,2511056896,62013440,814583808,292311040,944627712,1073737728,854647,52727,6,7278138,54530,0,3917695,3469,875159040,53992448,6321571,2731665,9,2,0,0,0,70484,125303
1778176957442,2511056896,62013440,814583808,292311040,944627712,1073737728,854647,52727,6,7279796,54530,0,3917695,3469,875159040,53992448,6321887,2731937,9,2,0,0,0,70484,125303
1778176957738,2511056896,62013440,814583808,292311040,944627712,1073737728,854647,52727,6,7281456,54530,0,3917695,3469,875159040,53992448,6322975,2732677,9,2,0,0,0,70484,125303
1778176958033,2511056896,62013440,814587904,292311040,944627712,1073737728,854647,52727,6,7283114,54530,0,3917695,3469,875159040,53992448,6323189,2732717,9,2,0,0,0,70484,125303
1778176958330,2511056896,62013440,814587904,292311040,944627712,1073737728,854647,52727,6,7284771,54530,0,3917695,3469,875159040,53992448,6323387,2732757,9,2,0,0,0,70484,125303
1778176958626,2511056896,62013440,814587904,292311040,944627712,1073737728,854647,52727,6,7286431,54530,0,3917695,3469,875159040,53992448,6324157,2733341,9,2,0,0,0,70484,125303
1778176958922,2511056896,62013440,814587904,292311040,944627712,1073737728,854647,52727,6,7288102,54530,0,3917695,3469,875159040,54066176,6324371,2733381,9,2,0,0,0,70484,125303
1778176959217,2511056896,62021632,814579712,292311040,944627712,1073737728,854647,52799,6,7289759,54530,0,3917695,3469,875159040,54066176,6324569,2733421,9,2,0,0,0,70484,125303
1778176959513,2511056896,62021632,814579712,292311040,944627712,1073737728,854647,52799,6,7291419,54530,0,3917695,3469,875159040,54066176,6325339,2734969,9,2,0,0,0,70484,125303
1778176959809,2511056896,62021632,814579712,292311040,944627712,1073737728,854647,52799,6,7293075,54530,0,3917695,3469,875159040,54066176,6325765,2736093,9,2,0,0,0,70484,125303
1778176960104,2511056896,62021632,814592000,292323328,944640000,1073737728,854647,52799,6,7294734,54530,0,3917695,3469,875159040,54066176,6329127,2737365,9,2,0,0,0,70487,125306
1778176960399,2511056896,62021632,814592000,292323328,944640000,1073737728,854647,52799,6,7296394,54530,0,3917695,3469,875159040,54066176,6329443,2737405,9,2,0,0,0,70487,125306
1778176960695,2511056896,62021632,814592000,292323328,944640000,1073737728,854647,52799,6,7298055,54530,0,3917695,3469,875159040,54086656,6330429,2738241,9,2,0,0,0,70487,125306
1778176960991,2511056896,62021632,814592000,292323328,944640000,1073737728,854647,52819,6,7299713,54530,0,3917695,3469,875159040,54086656,6330627,2738281,9,2,0,0,0,70487,125306
1778176961287,2511056896,62021632,814592000,292323328,944640000,1073737728,854647,52819,6,7301371,54530,0,3917695,3469,875159040,54086656,6330825,2738321,9,2,0,0,0,70487,125306
1778176961583,2511056896,62021632,814592000,292323328,944640000,1073737728,854647,52819,6,7303032,54530,0,3917695,3469,875159040,54086656,6331595,2738945,9,2,0,0,0,70487,125306
1778176961878,2511056896,62021632,814592000,292323328,944640000,1073737728,854647,52819,6,7304688,54530,0,3917695,3469,875159040,54086656,6331911,2739161,9,2,0,0,0,70487,125306
1778176962175,2511056896,62021632,814592000,292323328,944640000,1073737728,854647,52819,6,7306344,54530,0,3917695,3469,875159040,54086656,6332125,2739201,9,2,0,0,0,70487,125306
1778176962464,2511056896,62021632,814592000,292323328,944640000,1073737728,854647,52819,6,7308004,54530,0,3917695,3469,875159040,54086656,6332895,2740709,9,2,0,0,0,70487,125306
1778176962757,2511056896,62021632,814596096,292323328,944640000,1073737728,854647,52819,6,7309661,54530,0,3917695,3469,875159040,54086656,6333321,2741873,9,2,0,0,0,70487,125306
1778176963050,2511056896,62021632,814596096,292323328,944640000,1073737728,854647,52819,6,7311318,54530,0,3917695,3469,875159040,54086656,6336683,2743145,9,2,0,0,0,70487,125306
1778176963346,2511056896,62021632,814596096,292323328,944640000,1073737728,854647,52819,6,7312975,54530,0,3917695,3469,875159040,54086656,6336881,2743185,9,2,0,0,0,70487,125306
1778176963635,2511056896,62021632,814596096,292323328,944640000,1073737728,854647,52819,6,7314636,54530,0,3917695,3469,875159040,54086656,6337985,2743981,9,2,0,0,0,70487,125306
1778176963931,2511056896,62021632,814604288,292323328,944640000,1073737728,854647,52819,6,7316295,54530,0,3917695,3469,875159040,54086656,6338199,2744021,9,2,0,0,0,70487,125306
1778176964227,2511056896,62029824,814608384,292323328,944640000,1073737728,854647,52847,6,7317953,54530,0,3917695,3469,875159040,54115328,6338397,2744061,9,2,0,0,0,70487,125306
1778176964522,2511056896,62029824,814608384,292323328,944640000,1073737728,854647,52847,6,7319612,54530,0,3917695,3469,875159040,54115328,6339167,2744685,9,2,0,0,0,70487,125306
1778176964818,2511056896,62029824,814608384,292323328,944640000,1073737728,854647,52847,6,7321268,54530,0,3917695,3469,875159040,54115328,6339381,2744725,9,2,0,0,0,70487,125306
1778176965114,2511056896,62029824,814608384,292323328,944640000,1073737728,854647,52847,6,7322941,54530,0,3917695,3469,875159040,54115328,6339595,2744765,9,2,0,0,0,70487,125306
1778176965411,2511056896,62029824,814608384,292323328,944640000,1073737728,854647,52847,6,7324599,54530,0,3917695,3469,875159040,54115328,6339793,2744805,9,2,0,0,0,70487,125306
1778176965707,2511056896,62029824,814608384,292323328,944640000,1073737728,854647,52847,6,7326261,54530,0,3917695,3469,875159040,54115328,6340791,2746513,9,2,0,0,0,70487,125306
1778176966003,2511056896,62029824,814612480,292323328,944640000,1073737728,854647,52847,6,7327921,54530,0,3917695,3469,875159040,54115328,6344255,2748885,9,2,0,0,0,70487,125306
1778176966299,2511056896,62029824,814612480,292323328,944640000,1073737728,854647,52871,6,7329580,54530,0,3917695,3469,875159040,54139904,6344453,2748925,9,2,0,0,0,70487,125306
1778176966595,2511056896,62029824,814612480,292323328,944640000,1073737728,854647,52871,6,7331243,54530,0,3917695,3469,875159040,54139904,6345541,2749721,9,2,0,0,0,70487,125306
1778176966891,2511056896,62029824,814612480,292335616,944652288,1073737728,854647,52871,6,7332904,54530,0,3917695,3469,875159040,54139904,6345755,2749801,9,2,0,0,0,70490,125309
1778176967187,2511056896,62029824,814612480,292335616,944652288,1073737728,854647,52871,6,7334561,54530,0,3917695,3469,875159040,54139904,6345953,2749841,9,2,0,0,0,70490,125309
1778176967477,2511056896,62029824,814612480,292335616,944652288,1073737728,854647,52871,6,7336224,54530,0,3917695,3469,875159040,54139904,6346723,2750425,9,2,0,0,0,70490,125309
1778176967774,2511056896,62029824,814616576,292335616,944652288,1073737728,854647,52871,6,7337883,54530,0,3917695,3469,875159040,54139904,6346937,2750505,9,2,0,0,0,70490,125309
1778176968065,2511056896,62029824,814616576,292335616,944652288,1073737728,854647,52871,6,7339541,54530,0,3917695,3469,875159040,54139904,6347135,2750545,9,2,0,0,0,70490,125309
1778176968360,2511056896,62029824,814616576,292335616,944652288,1073737728,854647,52871,6,7341200,54530,0,3917695,3469,875159040,54139904,6347333,2750585,9,2,0,0,0,70490,125309
1778176968655,2511056896,62029824,814616576,292335616,944652288,1073737728,854647,52871,6,7342858,54530,0,3917695,3469,875159040,54139904,6348331,2752253,9,2,0,0,0,70490,125309
1778176968952,2511056896,62029824,814616576,292335616,944652288,1073737728,854647,52871,6,7344517,54530,0,3917695,3469,875159040,54139904,6351693,2754449,9,2,0,0,0,70490,125309
1778176969244,2511056896,62029824,814616576,292335616,944652288,1073737728,854647,52871,6,7346176,54530,0,3917695,3469,875159040,54139904,6352009,2754529,9,2,0,0,0,70490,125309
1778176969540,2511056896,62038016,814608384,292335616,944652288,1073737728,854647,52907,6,7347839,54530,0,3917695,3469,875159040,54176768,6352795,2755153,9,2,0,0,0,70490,125309
1778176969833,2511056896,62038016,814632960,292335616,944664576,1073737728,854647,52907,6,7349499,54530,0,3917695,3469,875159040,54176768,6353327,2755365,9,2,0,0,0,70490,125312
1778176970127,2511056896,62038016,814632960,292335616,944664576,1073737728,854647,52907,6,7351158,54530,0,3917695,3469,875159040,54176768,6353627,2755581,9,2,0,0,0,70490,125312
1778176970423,2511056896,62038016,814632960,292335616,944664576,1073737728,854647,52907,6,7352817,54530,0,3917695,3469,875159040,54176768,6353841,2755621,9,2,0,0,0,70490,125312
1778176970719,2511056896,62038016,814632960,292335616,944664576,1073737728,854647,52907,6,7354479,54530,0,3917695,3469,875159040,54176768,6354627,2756245,9,2,0,0,0,70490,125312
1778176971015,2511056896,62038016,814632960,292335616,944664576,1073737728,854647,52907,6,7356152,54530,0,3917695,3469,875159040,54176768,6354825,2756285,9,2,0,0,0,70490,125312
1778176971308,2511056896,62038016,814632960,292335616,944664576,1073737728,854647,52907,6,7357811,54530,0,3917695,3469,875159040,54176768,6355023,2756325,9,2,0,0,0,70490,125312
1778176971604,2511056896,62038016,814632960,292335616,944664576,1073737728,854647,52907,6,7359471,54530,0,3917695,3469,875159040,54176768,6356021,2758033,9,2,0,0,0,70490,125312
1778176971899,2511056896,62038016,814637056,292335616,944664576,1073737728,854647,52907,6,7361130,54530,0,3917695,3469,875159040,54176768,6359399,2760229,9,2,0,0,0,70490,125312
1778176972194,2511056896,62038016,814637056,292335616,944664576,1073737728,854647,52907,6,7362788,54530,0,3917695,3469,875159040,54176768,6359597,2760269,9,2,0,0,0,70490,125312
1778176972485,2511056896,62038016,814637056,292335616,944664576,1073737728,854647,52907,6,7364451,54530,0,3917695,3469,875159040,54176768,6360485,2760893,9,2,0,0,0,70490,125312
1778176972783,2511056896,62038016,814637056,292335616,944664576,1073737728,854647,52907,6,7366109,54530,0,3917695,3469,875159040,54176768,6360899,2761145,9,2,0,0,0,70490,125312
1778176973079,2511056896,62038016,814637056,292335616,944664576,1073737728,854647,52907,6,7367766,54530,0,3917695,3469,875159040,54176768,6361097,2761185,9,2,0,0,0,70490,125312
1778176973375,2511056896,62038016,814637056,292335616,944664576,1073737728,854647,52907,6,7369425,54530,0,3917695,3469,875159040,54176768,6361311,2761225,9,2,0,0,0,70490,125312
1778176973671,2511056896,62038016,814637056,292335616,944664576,1073737728,854647,52907,6,7371086,54530,0,3917695,3469,875159040,54176768,6362097,2761809,9,2,0,0,0,70490,125312
1778176973968,2511056896,62038016,814641152,292335616,944664576,1073737728,854647,52907,6,7372746,54530,0,3917695,3469,875159040,54176768,6362295,2761849,9,2,0,0,0,70490,125312
1778176974263,2511056896,62038016,814641152,292335616,944664576,1073737728,854647,52907,6,7374405,54530,0,3917695,3469,875159040,54176768,6362595,2762065,9,2,0,0,0,70490,125312
1778176974559,2511056896,62046208,814637056,292335616,944664576,1073737728,854647,52923,6,7376068,54530,0,3917695,3469,875159040,54217728,6363593,2763773,9,2,0,0,0,70490,125312
1778176974854,2511056896,62046208,814641152,292347904,944676864,1073737728,854647,52947,6,7377726,54530,0,3917695,3469,875159040,54217728,6365389,2765353,9,2,0,0,0,70493,125315
1778176975151,2511056896,62046208,814641152,292347904,944676864,1073737728,854647,52947,6,7379383,54530,0,3917695,3469,875159040,54217728,6367169,2766009,9,2,0,0,0,70493,125315
1778176975442,2511056896,62046208,814641152,292347904,944676864,1073737728,854647,52947,6,7381043,54530,0,3917695,3469,875159040,54217728,6367485,2766321,9,2,0,0,0,70493,125315
1778176975738,2511056896,62046208,814645248,292347904,944676864,1073737728,854647,52947,6,7382704,54530,0,3917695,3469,875159040,54217728,6368471,2766885,9,2,0,0,0,70493,125315
1778176976032,2511056896,62046208,814645248,292347904,944676864,1073737728,854647,52947,6,7384364,54530,0,3917695,3469,875159040,54217728,6368685,2766925,9,2,0,0,0,70493,125315
1778176976326,2511056896,62046208,814645248,292347904,944676864,1073737728,854647,52947,6,7386020,54530,0,3917695,3469,875159040,54217728,6368883,2766965,9,2,0,0,0,70493,125315
1778176976622,2511056896,62046208,814645248,292347904,944676864,1073737728,854647,52947,6,7387680,54530,0,3917695,3469,875159040,54217728,6369653,2767549,9,2,0,0,0,70493,125315
1778176976918,2511056896,62046208,814645248,292347904,944676864,1073737728,854647,52947,6,7389353,54530,0,3917695,3469,875159040,54217728,6369867,2767589,9,2,0,0,0,70493,125315
1778176977215,2511056896,62046208,814645248,292347904,944676864,1073737728,854647,52947,6,7391012,54530,0,3917695,3469,875159040,54217728,6370065,2767629,9,2,0,0,0,70493,125315
1778176977505,2511056896,62046208,814645248,292347904,944676864,1073737728,854647,52947,6,7392671,54530,0,3917695,3469,875159040,54217728,6370835,2769177,9,2,0,0,0,70493,125315
1778176977801,2511056896,62046208,814649344,292347904,944676864,1073737728,854647,52947,6,7394329,54530,0,3917695,3469,875159040,54217728,6371261,2770301,9,2,0,0,0,70493,125315
1778176978096,2511056896,62046208,814649344,292347904,944676864,1073737728,854647,52947,6,7395988,54530,0,3917695,3469,875159040,54217728,6374623,2771573,9,2,0,0,0,70493,125315
1778176978392,2511056896,62046208,814649344,292347904,944676864,1073737728,854647,52947,6,7397645,54530,0,3917695,3469,875159040,54217728,6375057,2771749,9,2,0,0,0,70493,125315
1778176978688,2511056896,62046208,814649344,292347904,944676864,1073737728,854647,52947,6,7399307,54530,0,3917695,3469,875159040,54217728,6376043,2772545,9,2,0,0,0,70493,125315
1778176978984,2511056896,62046208,814657536,292347904,944676864,1073737728,854647,52947,6,7400966,54530,0,3917695,3469,875159040,54217728,6376257,2772585,9,2,0,0,0,70493,125315
1778176979279,2511056896,62046208,814657536,292347904,944676864,1073737728,854647,52947,6,7402623,54530,0,3917695,3469,875159040,54217728,6376455,2772625,9,2,0,0,0,70493,125315
1778176979575,2511056896,62054400,814657536,292347904,944676864,1073737728,854647,52967,6,7404284,54530,0,3917695,3469,875159040,54238208,6377225,2773249,9,2,0,0,0,70493,125315
1778176979867,2511056896,62054400,814661632,292347904,944676864,1073737728,854647,52967,6,7405941,54530,0,3917695,3469,875159040,54238208,6377439,2773289,9,2,0,0,0,70493,125315
1778176980163,2511056896,62054400,814661632,292347904,944676864,1073737728,854647,52967,6,7407602,54530,0,3917695,3469,875159040,54238208,6377653,2773329,9,2,0,0,0,70493,125315
1778176980458,2511056896,62054400,814661632,292347904,944676864,1073737728,854647,52967,6,7409264,54530,0,3917695,3469,875159040,54238208,6378423,2773913,9,2,0,0,0,70493,125315
1778176980747,2511056896,62054400,814661632,292347904,944676864,1073737728,854647,52967,6,7410924,54530,0,3917695,3469,875159040,54238208,6378849,2776001,9,2,0,0,0,70493,125315
1778176981038,2511056896,62054400,814661632,292347904,944676864,1073737728,854647,52967,6,7412581,54530,0,3917695,3469,875159040,54238208,6382211,2777273,9,2,0,0,0,70493,125315
1778176981335,2511056896,62054400,814665728,292347904,944676864,1073737728,854647,52967,6,7414240,54530,0,3917695,3469,875159040,54238208,6382409,2777313,9,2,0,0,0,70493,125315
1778176981631,2511056896,62054400,814665728,292347904,944676864,1073737728,854647,52967,6,7415903,54530,0,3917695,3469,875159040,54238208,6383497,2778109,9,2,0,0,0,70493,125315
1778176981926,2511056896,62054400,814665728,292347904,944676864,1073737728,854647,52967,6,7417564,54530,0,3917695,3469,875159040,54238208,6383893,2778189,9,2,0,0,0,70493,125315
1778176982223,2511056896,62054400,814665728,292347904,944676864,1073737728,854647,52967,6,7419222,54530,0,3917695,3469,875159040,54238208,6384091,2778229,9,2,0,0,0,70493,125315
1778176982518,2511056896,62054400,814673920,292347904,944676864,1073737728,854647,52967,6,7420881,54530,0,3917695,3469,875159040,54238208,6384963,2778989,9,2,0,0,0,70493,125315
1778176982813,2511056896,62054400,814673920,292347904,944676864,1073737728,854647,52967,6,7422540,54530,0,3917695,3469,875159040,54238208,6385177,2779029,9,2,0,0,0,70493,125315
1778176983110,2511056896,62054400,814673920,292347904,944676864,1073737728,854647,52967,6,7424214,54530,0,3917695,3469,875159040,54238208,6385375,2779069,9,2,0,0,0,70493,125315
1778176983406,2511056896,62054400,814673920,292347904,944676864,1073737728,854647,52967,6,7425872,54530,0,3917695,3469,875159040,54238208,6385573,2779109,9,2,0,0,0,70493,125315
1778176983702,2511056896,62054400,814673920,292347904,944676864,1073737728,854647,52967,6,7427532,54530,0,3917695,3469,875159040,54238208,6386571,2780817,9,2,0,0,0,70493,125315
1778176983998,2511056896,62054400,814678016,292347904,944676864,1073737728,854647,52967,6,7429190,54530,0,3917695,3469,875159040,54238208,6389933,2783013,9,2,0,0,0,70493,125315
1778176984293,2511056896,62054400,814678016,292347904,944676864,1073737728,854647,52967,6,7430847,54530,0,3917695,3469,875159040,54238208,6390249,2783053,9,2,0,0,0,70493,125315
1778176984588,2511056896,62054400,814678016,292347904,944676864,1073737728,854647,52971,6,7432508,54530,0,3917695,3469,875159040,54242304,6391235,2783849,9,2,0,0,0,70493,125315
1778176984882,2511056896,62062592,814669824,292347904,944676864,1073737728,854647,52987,6,7434170,54530,0,3917695,3469,875159040,54258688,6391567,2783929,9,2,0,0,0,70493,125315
1778176985178,2511056896,62062592,814682112,292347904,944689152,1073737728,854647,52987,6,7435829,54530,0,3917695,3469,875159040,54258688,6391765,2783969,9,2,0,0,0,70493,125318
1778176985473,2511056896,62062592,814682112,292347904,944689152,1073737728,854647,52987,6,7437488,54530,0,3917695,3469,875159040,54258688,6392535,2784553,9,2,0,0,0,70493,125318
1778176985769,2511056896,62062592,814682112,292347904,944689152,1073737728,854647,52987,6,7439146,54530,0,3917695,3469,875159040,54258688,6392749,2784633,9,2,0,0,0,70493,125318
1778176986063,2511056896,62062592,814682112,292347904,944689152,1073737728,854647,52987,6,7440804,54530,0,3917695,3469,875159040,54258688,6392947,2784673,9,2,0,0,0,70493,125318
1778176986359,2511056896,62062592,814682112,292347904,944689152,1073737728,854647,52987,6,7442461,54530,0,3917695,3469,875159040,54258688,6393145,2784713,9,2,0,0,0,70493,125318
1778176986653,2511056896,62062592,814682112,292347904,944689152,1073737728,854647,52987,6,7444119,54530,0,3917695,3469,875159040,54258688,6394245,2786557,9,2,0,0,0,70493,125318
1778176986950,2511056896,62062592,814682112,292347904,944689152,1073737728,854647,52987,6,7445776,54530,0,3917695,3469,875159040,54258688,6397607,2788753,9,2,0,0,0,70493,125318
1778176987242,2511056896,62062592,814682112,292347904,944689152,1073737728,854647,52987,6,7447435,54530,0,3917695,3469,875159040,54258688,6397923,2788833,9,2,0,0,0,70493,125318
1778176987538,2511056896,62062592,814682112,292347904,944689152,1073737728,854647,52987,6,7449095,54530,0,3917695,3469,875159040,54258688,6398693,2789457,9,2,0,0,0,70493,125318
1778176987830,2511056896,62062592,814690304,292356096,944742400,1073737728,854647,52987,6,7450753,54530,0,3917695,3469,875159040,54258688,6399107,2789669,9,2,0,0,0,70495,125330
1778176988126,2511056896,62062592,814690304,292356096,944742400,1073737728,854647,52987,6,7452410,54530,0,3917695,3469,875159040,54258688,6399305,2789709,9,2,0,0,0,70495,125330
1778176988422,2511056896,62062592,814690304,292356096,944742400,1073737728,854647,52987,6,7454067,54530,0,3917695,3469,875159040,54258688,6399503,2789749,9,2,0,0,0,70495,125330
1778176988719,2511056896,62062592,814690304,292356096,944742400,1073737728,854647,52987,6,7455729,54530,0,3917695,3469,875159040,54258688,6400289,2790373,9,2,0,0,0,70495,125330
1778176989014,2511056896,62062592,814690304,292356096,944742400,1073737728,854647,52987,6,7457401,54530,0,3917695,3469,875159040,54258688,6400487,2790413,9,2,0,0,0,70495,125330
1778176989309,2511056896,62062592,814690304,292356096,944742400,1073737728,854647,52987,6,7459057,54530,0,3917695,3469,875159040,54258688,6400701,2790453,9,2,0,0,0,70495,125330
1778176989604,2511056896,62062592,814690304,292356096,944742400,1073737728,854647,52987,6,7460718,54530,0,3917695,3469,875159040,54258688,6401683,2792121,9,2,0,0,0,70495,125330
1778176989900,2511056896,62062592,814694400,292356096,944742400,1073737728,854647,52987,6,7462376,54530,0,3917695,3469,875159040,54275072,6405061,2794317,9,2,0,0,0,70495,125330
1778176990196,2511056896,62070784,814690304,292356096,944742400,1073737728,854647,53003,6,7464037,54530,0,3917695,3469,875159040,54275072,6405259,2794357,9,2,0,0,0,70495,125330
1778176990487,2511056896,62070784,814690304,292356096,944742400,1073737728,854647,53003,6,7465700,54530,0,3917695,3469,875159040,54275072,6406265,2795117,9,2,0,0,0,70495,125330
1778176990783,2511056896,62070784,814698496,292356096,944742400,1073737728,854647,53003,6,7467359,54530,0,3917695,3469,875159040,54275072,6406679,2795369,9,2,0,0,0,70495,125330
1778176991079,2511056896,62070784,814698496,292356096,944742400,1073737728,854647,53003,6,7469015,54530,0,3917695,3469,875159040,54275072,6406877,2795409,9,2,0,0,0,70495,125330
1778176991375,2511056896,62070784,814698496,292356096,944742400,1073737728,854647,53003,6,7470673,54530,0,3917695,3469,875159040,54275072,6407075,2795449,9,2,0,0,0,70495,125330
1778176991667,2511056896,62070784,814698496,292356096,944742400,1073737728,854647,53003,6,7472334,54530,0,3917695,3469,875159040,54275072,6407861,2796033,9,2,0,0,0,70495,125330
1778176991963,2511056896,62070784,814698496,292356096,944742400,1073737728,854647,53003,6,7473992,54530,0,3917695,3469,875159040,54275072,6408059,2796073,9,2,0,0,0,70495,125330
1778176992258,2511056896,62070784,814698496,292356096,944742400,1073737728,854647,53003,6,7475649,54530,0,3917695,3469,875159040,54275072,6408257,2796113,9,2,0,0,0,70495,125330
1778176992554,2511056896,62070784,814698496,292356096,944742400,1073737728,854647,53003,6,7477308,54530,0,3917695,3469,875159040,54275072,6409255,2797821,9,2,0,0,0,70495,125330
1778176992848,2511056896,62070784,814698496,292356096,944742400,1073737728,854647,53003,6,7478966,54530,0,3917695,3469,875159040,54275072,6411051,2799401,9,2,0,0,0,70495,125330
1778176993144,2511056896,62070784,814702592,292356096,944742400,1073737728,854647,53003,6,7480625,54530,0,3917695,3469,875159040,54275072,6412831,2800057,9,2,0,0,0,70495,125330
1778176993436,2511056896,62070784,814702592,292356096,944742400,1073737728,854647,53003,6,7482284,54530,0,3917695,3469,875159040,54275072,6413147,2800137,9,2,0,0,0,70495,125330
1778176993732,2511056896,62070784,814702592,292356096,944742400,1073737728,854647,53003,6,7483946,54530,0,3917695,3469,875159040,54275072,6414133,2800933,9,2,0,0,0,70495,125330
1778176994028,2511056896,62070784,814702592,292356096,944742400,1073737728,854647,53003,6,7485606,54530,0,3917695,3469,875159040,54275072,6414331,2800973,9,2,0,0,0,70495,125330
1778176994323,2511056896,62070784,814702592,292356096,944742400,1073737728,854647,53003,6,7487263,54530,0,3917695,3469,875159040,54275072,6414529,2801013,9,2,0,0,0,70495,125330
1778176994618,2511056896,62070784,814702592,292356096,944742400,1073737728,854647,53003,6,7488924,54530,0,3917695,3469,875159040,54275072,6415401,2801773,9,2,0,0,0,70495,125330
1778176994914,2511056896,62070784,814702592,292356096,944742400,1073737728,854647,53003,6,7490598,54530,0,3917695,3469,875159040,54275072,6415615,2801813,9,2,0,0,0,70495,125330
1778176995207,2511056896,62078976,814694400,292356096,944742400,1073737728,854647,53019,6,7492257,54530,0,3917695,3469,875159040,54291456,6415813,2801853,9,2,0,0,0,70495,125330
1778176995501,2511056896,62078976,814694400,292356096,944742400,1073737728,854647,53019,6,7493918,54530,0,3917695,3469,875159040,54291456,6416583,2803401,9,2,0,0,0,70495,125330
1778176995796,2511056896,62078976,814706688,292356096,944750592,1073737728,854647,53019,6,7495576,54530,0,3917695,3469,875159040,54291456,6417009,2804525,9,2,0,0,0,70495,125332
1778176996091,2511056896,62078976,814706688,292356096,944750592,1073737728,854647,53019,6,7497236,54530,0,3917695,3469,875159040,54291456,6420371,2805797,9,2,0,0,0,70495,125332
1778176996387,2511056896,62078976,814710784,292356096,944750592,1073737728,854647,53019,6,7498895,54530,0,3917695,3469,875159040,54291456,6420687,2805837,9,2,0,0,0,70495,125332
1778176996679,2511056896,62078976,814710784,292356096,944750592,1073737728,854647,53019,6,7500559,54530,0,3917695,3469,875159040,54291456,6421673,2806633,9,2,0,0,0,70495,125332
1778176996974,2511056896,62078976,814723072,292356096,944754688,1073737728,854647,53107,6,7502216,54530,0,3917695,3469,875159040,54381568,6421871,2806673,9,2,0,0,0,70495,125333
1778176997269,2511056896,62078976,814723072,292356096,944754688,1073737728,854647,53107,6,7503873,54530,0,3917695,3469,875159040,54381568,6422069,2806713,9,2,0,0,0,70495,125333
1778176997564,2511056896,62078976,814723072,292356096,944754688,1073737728,854647,53107,6,7505535,54530,0,3917695,3469,875159040,54381568,6422839,2807337,9,2,0,0,0,70495,125333
1778176997853,2511056896,62078976,814723072,292356096,944754688,1073737728,854647,53107,6,7507192,54530,0,3917695,3469,875159040,54381568,6423053,2807377,9,2,0,0,0,70495,125333
1778176998148,2511056896,62078976,814723072,292356096,944754688,1073737728,854647,53107,6,7508851,54530,0,3917695,3469,875159040,54381568,6423251,2807417,9,2,0,0,0,70495,125333
1778176998438,2511056896,62078976,814723072,292356096,944754688,1073737728,854647,53107,6,7510508,54530,0,3917695,3469,875159040,54381568,6423449,2807457,9,2,0,0,0,70495,125333
1778176998734,2511056896,62078976,814727168,292356096,944754688,1073737728,854647,53107,6,7512167,54530,0,3917695,3469,875159040,54381568,6424549,2809301,9,2,0,0,0,70495,125333
1778176999029,2511056896,62078976,814727168,292356096,944754688,1073737728,854647,53107,6,7513825,54530,0,3917695,3469,875159040,54381568,6427911,2811497,9,2,0,0,0,70495,125333
1778176999323,2511056896,62078976,814727168,292356096,944754688,1073737728,854647,53107,6,7515484,54530,0,3917695,3469,875159040,54381568,6428109,2811537,9,2,0,0,0,70495,125333
1778176999618,2511056896,62078976,814727168,292356096,944754688,1073737728,854647,53107,6,7517145,54530,0,3917695,3469,875159040,54381568,6429197,2812293,9,2,0,0,0,70495,125333
1778176999915,2511056896,62078976,814727168,292356096,944754688,1073737728,854647,53107,6,7518802,54530,0,3917695,3469,875159040,54381568,6429395,2812333,9,2,0,0,0,70495,125333
1778177000211,2511056896,62078976,814727168,292356096,944754688,1073737728,854647,53107,6,7520461,54530,0,3917695,3469,875159040,54381568,6429609,2812373,9,2,0,0,0,70495,125333
1778177000506,2511056896,62087168,814723072,292356096,944754688,1073737728,854647,53143,6,7522123,54530,0,3917695,3469,875159040,54418432,6430395,2812997,9,2,0,0,0,70495,125333
1778177000803,2511056896,62087168,814731264,292356096,944754688,1073737728,854647,53143,6,7523781,54530,0,3917695,3469,875159040,54418432,6430609,2813037,9,2,0,0,0,70495,125333
1778177001099,2511056896,62087168,814731264,292356096,944754688,1073737728,854647,53143,6,7525455,54530,0,3917695,3469,875159040,54418432,6430823,2813077,9,2,0,0,0,70495,125333
1778177001395,2511056896,62087168,814731264,292356096,944754688,1073737728,854647,53143,6,7527114,54530,0,3917695,3469,875159040,54418432,6431037,2813117,9,2,0,0,0,70495,125333
1778177001692,2511056896,62087168,814731264,292356096,944754688,1073737728,854647,53143,6,7528775,54530,0,3917695,3469,875159040,54418432,6432035,2814785,9,2,0,0,0,70495,125333
1778177001987,2511056896,62087168,814731264,292356096,944754688,1073737728,854647,53191,6,7530433,54530,0,3917695,3469,875159040,54467584,6435413,2816981,9,2,0,0,0,70495,125333
1778177002283,2511056896,62087168,814731264,292356096,944754688,1073737728,854647,53191,6,7532092,54530,0,3917695,3469,875159040,54467584,6435627,2817021,9,2,0,0,0,70495,125333
1778177002579,2511056896,62087168,814731264,292356096,944754688,1073737728,854647,53191,6,7533753,54530,0,3917695,3469,875159040,54467584,6436731,2817857,9,2,0,0,0,70495,125333
1778177002874,2511056896,62087168,814735360,292380672,944791552,1073737728,854647,53191,6,7535409,54530,0,3917695,3469,875159040,54467584,6437047,2818073,9,2,0,0,0,70501,125342
1778177003170,2511056896,62087168,814735360,292380672,944791552,1073737728,854647,53191,6,7537068,54530,0,3917695,3469,875159040,54467584,6437261,2818113,9,2,0,0,0,70501,125342
1778177003466,2511056896,62087168,814735360,292380672,944791552,1073737728,854647,53191,6,7538728,54530,0,3917695,3469,875159040,54467584,6438047,2818697,9,2,0,0,0,70501,125342
1778177003759,2510540800,62095360,814735360,292380672,944865280,1073737728,854647,53255,6,7540507,54530,0,3917903,3469,875159040,54533120,6440490,2825716,9,2,0,0,0,70501,125344
1778177004047,2510540800,62095360,814735360,292380672,944865280,1073737728,854647,53255,6,7542175,54530,0,3917910,3469,875159040,54533120,6446247,2825716,9,2,0,0,0,70501,125344
1778177004343,2510540800,62095360,814735360,292380672,944865280,1073737728,854647,53255,6,7543847,54530,0,3917910,3469,875159040,54533120,6450022,2825716,9,2,0,0,0,70501,125344
1778177004634,2510540800,62095360,814735360,292380672,944865280,1073737728,854647,53255,6,7545514,54530,0,3917910,3469,875159040,54533120,6452695,2851956,9,2,0,0,0,70501,125344
1778177004926,2508476416,62095360,814747648,292388864,947056640,1073737728,854647,53255,6,7547226,54530,0,3918468,3469,875159040,54533120,6458082,2853188,9,2,0,0,0,70503,125346
1778177005217,2508476416,62095360,814751744,292388864,947081216,1073737728,854647,53255,6,7548949,54530,0,3918519,3469,875159040,54533120,6460130,2853188,9,2,0,0,0,70503,125346
1778177005508,2508476416,62095360,814751744,292409344,947150848,1073737728,854647,53255,6,7550705,54530,0,3918594,3469,875159040,54574080,6470365,2853292,9,2,0,0,0,70508,125350
1778177005804,2507988992,62095360,814768128,292409344,947273728,1073737728,854647,53295,6,7552428,54530,0,3918648,3469,875159040,54574080,6478296,2853292,9,2,0,0,0,70508,125351
1778177006100,2507988992,62095360,814768128,292409344,947273728,1073737728,854647,53295,6,7554112,54530,0,3918650,3469,875159040,54574080,6483176,2853292,9,2,0,0,0,70508,125351
1778177006396,2507988992,62095360,814768128,292409344,947273728,1073737728,854647,53295,6,7555787,54530,0,3918650,3469,875159040,54574080,6485876,2853292,9,2,0,0,0,70508,125351
1778177006690,2507988992,62095360,814768128,292409344,947273728,1073737728,854647,53295,6,7557457,54530,0,3918650,3469,875159040,54574080,6489779,2853292,9,2,0,0,0,70508,125351
1778177006987,2507988992,62095360,814772224,292409344,947335168,1073737728,854647,53295,6,7559139,54530,0,3918666,3469,875159040,54574080,6491791,2853292,9,2,0,0,0,70508,125351
1778177007282,2507988992,62095360,814772224,292409344,947335168,1073737728,854647,53295,6,7560809,54530,0,3918666,3469,875159040,54598656,6494638,2859428,9,2,0,0,0,70508,125351
1778177007587,2507988992,62095360,814788608,292409344,947458048,1073737728,854647,53319,6,7562510,54530,0,3918742,3469,875159040,54598656,6500603,2859844,9,2,0,0,0,70508,125352
1778177007882,2507988992,62095360,814788608,292409344,947507200,1073737728,854647,53319,6,7564171,54530,0,3918742,3469,875159040,54598656,6502333,2860460,9,2,0,0,0,70508,125352
1778177008178,2507735040,62095360,814788608,292409344,947507200,1073737728,854647,53319,6,7565832,54530,0,3918742,3469,875159040,54598656,6503645,2887180,9,2,0,0,0,70508,125352
1778177008489,2506444800,62095360,814788608,292409344,948416512,1073737728,854647,53319,6,7567528,54530,0,3918990,3469,875159040,54598656,6506715,2899244,9,2,0,0,0,70508,125352
1778177008782,2505412608,62103552,814796800,292409344,949489664,1073737728,854647,53371,6,7569276,54530,0,3919274,3469,875159040,54676480,6508465,2899244,9,2,0,0,0,70508,125353
1778177009079,2504642560,62103552,814796800,292409344,949997568,1073737728,854647,53831,6,7570962,54530,0,3919403,3469,875159040,55122944,6513377,2899348,9,2,0,0,0,70508,125353
1778177009400,2504126464,62103552,814825472,292409344,950452224,1073737728,854647,53831,6,7572724,54530,0,3919597,3469,875159040,55122944,6515877,2913908,9,2,0,0,0,70508,125353
1778177009691,2503622656,62103552,814833664,292409344,951140352,1073737728,854647,53831,6,7574479,54530,0,3919809,3469,875159040,55122944,6516227,2913908,9,2,0,0,0,70508,125353
1778177009990,2503622656,62103552,814833664,292417536,951136256,1073737728,854647,53831,6,7576142,54530,0,3919809,3469,875159040,55122944,6516269,2925972,9,2,0,0,0,70510,125353
1778177010281,2502590464,62103552,814837760,292417536,952045568,1073737728,854647,53831,6,7577821,54530,0,3920036,3469,875159040,55122944,6518519,2925972,9,2,0,0,0,70510,125353
1778177010576,2502332416,62103552,814837760,292417536,952213504,1073737728,854647,53831,6,7579577,54530,0,3920156,3469,875159040,55122944,6518519,2925972,9,2,0,0,0,70510,125354
1778177010872,2502332416,62103552,814837760,292417536,952213504,1073737728,854647,53831,6,7581236,54530,0,3920156,3469,875159040,55122944,6519457,2930436,9,2,0,0,0,70510,125354
1778177011168,2501558272,62103552,814837760,292417536,952819712,1073737728,854647,53831,6,7582924,54530,0,3920319,3469,875159040,55122944,6523311,2941577,9,2,0,0,0,70510,125354
1778177011456,2500526080,62103552,814837760,292417536,953491456,1073737728,854647,53831,6,7584772,54530,0,3920614,3469,875159040,55122944,6523311,2941577,9,2,0,0,0,70510,125354
1778177011752,2500272128,62103552,814845952,292417536,953368576,1073737728,854647,53831,6,7586443,54530,0,3920660,3469,875159040,55122944,6523311,2968185,9,2,0,0,0,70510,125354
1778177012046,2499010560,62103552,814850048,292417536,954220544,1073737728,854647,53831,6,7588196,54530,0,3920941,3469,875159040,55122944,6523353,2973385,9,2,0,0,0,70510,125356
1778177012334,2499010560,62103552,814854144,292417536,954220544,1073737728,854647,53831,6,7589852,54530,0,3920941,3469,875159040,55122944,6524103,2973385,9,2,0,0,0,70510,125356
1778177012631,2499010560,62103552,814854144,292417536,954220544,1073737728,854647,53867,6,7591571,54530,0,3920941,3469,875159040,55159808,6524477,2983889,9,2,0,0,0,70510,125356
1778177012920,2499010560,62103552,814854144,292417536,954454016,1073737728,854647,53867,6,7593286,54530,0,3920986,3469,875159040,55159808,6524477,2988049,9,2,0,0,0,70510,125357
1778177013211,2499010560,62103552,814854144,292417536,954454016,1073737728,854647,53867,6,7594945,54530,0,3920986,3469,875159040,55159808,6524519,2988049,9,2,0,0,0,70510,125357
1778177013507,2499010560,62103552,814854144,292417536,954454016,1073737728,854647,53867,6,7596686,54530,0,3920986,3469,875159040,55159808,6524519,3000264,9,2,0,0,0,70510,125357
1778177013803,2499010560,62103552,814854144,292417536,954454016,1073737728,854647,53867,6,7598344,54530,0,3920986,3469,875159040,55159808,6524519,3000264,9,2,0,0,0,70510,125357
1778177014099,2499010560,62111744,814845952,292417536,954482688,1073737728,854647,53987,6,7600003,54530,0,3920986,3469,875159040,55282688,6528519,3003620,9,2,0,0,0,70510,125359
1778177014395,2499010560,62111744,814850048,292417536,954482688,1073737728,854647,53987,6,7601788,54530,0,3920986,3469,875159040,55282688,6528519,3018180,9,2,0,0,0,70510,125359
1778177014687,2499010560,62111744,814850048,292417536,954482688,1073737728,854647,53987,6,7603448,54530,0,3920986,3469,875159040,55282688,6528519,3018180,9,2,0,0,0,70510,125359
1778177014984,2499010560,62111744,814866432,292421632,954540032,1073737728,854647,53987,6,7605106,54530,0,3920986,3469,875159040,55282688,6528519,3018180,9,2,0,0,0,70511,125360
1778177015278,2499010560,62111744,814866432,292421632,954540032,1073737728,854647,53987,6,7606794,54530,0,3920986,3469,875159040,55282688,6528519,3048236,9,2,0,0,0,70511,125360
1778177015569,2499010560,62111744,814866432,292421632,954540032,1073737728,854647,53987,6,7608517,54530,0,3920986,3469,875159040,55282688,6528519,3056348,9,2,0,0,0,70511,125360
1778177015868,2499010560,62111744,814866432,292421632,954540032,1073737728,854647,53987,6,7610175,54530,0,3920986,3469,875159040,55282688,6528519,3056348,9,2,0,0,0,70511,125360
1778177016163,2499010560,62111744,814870528,292421632,954540032,1073737728,854647,53987,6,7611931,54530,0,3920986,3469,875159040,55282688,6528519,3071683,9,2,0,0,0,70511,125360
1778177016459,2499010560,62111744,814870528,292421632,954540032,1073737728,854647,53987,6,7613590,54530,0,3920986,3469,875159040,55282688,6528519,3071683,9,2,0,0,0,70511,125360
1778177016755,2499010560,62111744,814870528,292421632,954540032,1073737728,854647,53987,6,7615249,54530,0,3920986,3469,875159040,55294976,6528519,3071683,9,2,0,0,0,70511,125360
1778177017047,2499010560,62111744,814870528,292421632,954540032,1073737728,854647,53999,6,7616909,54530,0,3920986,3469,875159040,55294976,6530437,3072915,9,2,0,0,0,70511,125360
1778177017343,2499010560,62111744,814870528,292421632,954540032,1073737728,854647,53999,6,7618567,54530,0,3920986,3469,875159040,55294976,6530437,3072915,9,2,0,0,0,70511,125360
1778177017636,2499010560,62111744,814870528,292421632,954540032,1073737728,854647,54019,6,7620228,54530,0,3920986,3469,875159040,55315456,6530437,3072915,9,2,0,0,0,70511,125360
1778177017931,2499010560,62111744,814870528,292421632,954552320,1073737728,854647,54019,6,7622057,54530,0,3920986,3469,875159040,55315456,6530479,3072915,9,2,0,0,0,70511,125363
1778177018225,2499010560,62111744,814874624,292421632,954552320,1073737728,854647,54019,6,7624061,54530,0,3920986,3469,875159040,55315456,6530479,3084979,9,2,0,0,0,70511,125363
1778177018519,2499010560,62111744,814874624,292421632,954552320,1073737728,854647,54019,6,7625972,54530,0,3920986,3469,875159040,55315456,6530479,3084979,9,2,0,0,0,70511,125363
1778177018813,2499010560,62111744,814874624,292421632,954552320,1073737728,854647,54019,6,7627883,54530,0,3920986,3469,875159040,55315456,6530479,3084979,9,2,0,0,0,70511,125363
1778177019108,2499010560,62111744,814874624,292421632,954552320,1073737728,854647,54019,6,7629890,54530,0,3920986,3469,875159040,55360512,6530521,3092987,9,2,0,0,0,70511,125363
1778177019402,2499010560,62119936,814866432,292421632,954552320,1073737728,854647,54063,6,7631805,54530,0,3920986,3469,875159040,55360512,6530521,3092987,9,2,0,0,0,70511,125363
1778177019696,2499010560,62119936,814866432,292421632,954552320,1073737728,854647,54063,6,7633715,54530,0,3920986,3469,875159040,55360512,6530521,3092987,9,2,0,0,0,70511,125363
1778177019992,2499010560,62119936,814878720,292421632,954552320,1073737728,854647,54063,6,7635736,54530,0,3921016,3469,875159040,55360512,6535085,3135387,9,2,0,0,0,70511,125363
1778177020286,2499010560,62119936,814878720,292421632,954552320,1073737728,854647,54063,6,7637647,54530,0,3921016,3469,875159040,55360512,6535085,3135387,9,2,0,0,0,70511,125363
1778177020580,2499010560,62119936,814878720,292421632,954552320,1073737728,854647,54063,6,7639560,54530,0,3921016,3469,875159040,55360512,6535085,3135387,9,2,0,0,0,70511,125363
1778177020876,2499010560,62119936,814882816,292421632,954552320,1073737728,854647,54063,6,7641608,54530,0,3921016,3469,875159040,55360512,6535085,3150051,9,2,0,0,0,70511,125363
1778177021170,2499010560,62119936,814882816,292421632,954552320,1073737728,854647,54063,6,7643522,54530,0,3921016,3469,875159040,55360512,6535459,3150051,9,2,0,0,0,70511,125363
1778177021464,2499010560,62119936,814882816,292421632,954552320,1073737728,854647,54063,6,7645435,54530,0,3921018,3469,875159040,55360512,6535459,3150051,9,2,0,0,0,70511,125363
1778177021760,2499010560,62119936,814882816,292421632,954552320,1073737728,854647,54063,6,7647433,54530,0,3921018,3469,875159040,55360512,6535459,3162115,9,2,0,0,0,70511,125363
1778177022054,2499010560,62119936,814882816,292421632,954552320,1073737728,854647,54063,6,7649346,54530,0,3921018,3469,875159040,55360512,6535459,3162115,9,2,0,0,0,70511,125363
1778177022348,2499010560,62119936,814882816,292421632,954552320,1073737728,854647,54063,6,7651257,54530,0,3921018,3469,875159040,55360512,6535459,3162115,9,2,0,0,0,70511,125363
1778177022641,2499010560,62119936,814882816,292421632,954552320,1073737728,854647,54063,6,7653296,54530,0,3921020,3469,875159040,55360512,6535459,3176675,9,2,0,0,0,70511,125363
1778177022935,2499010560,62119936,814886912,292421632,954552320,1073737728,854647,54063,6,7655210,54530,0,3921020,3469,875159040,55385088,6537377,3177907,9,2,0,0,0,70511,125363
1778177023229,2499010560,62119936,814899200,292421632,954552320,1073737728,854647,54087,6,7657124,54530,0,3921020,3469,875159040,55385088,6537377,3177907,9,2,0,0,0,70511,125363
1778177023522,2499010560,62119936,814899200,292421632,954552320,1073737728,854647,54087,6,7659082,54530,0,3921020,3469,875159040,55385088,6537377,3185187,9,2,0,0,0,70511,125363
1778177023816,2499010560,62119936,814899200,292421632,954560512,1073737728,854647,54087,6,7660996,54530,0,3921020,3469,875159040,55385088,6537377,3185187,9,2,0,0,0,70511,125365
1778177024111,2499010560,62119936,814899200,292421632,954560512,1073737728,854647,54087,6,7662910,54530,0,3921020,3469,875159040,55438336,6537419,3185187,9,2,0,0,0,70511,125365
1778177024405,2499010560,62128128,814899200,292421632,954560512,1073737728,854647,54183,6,7664825,54530,0,3921020,3469,875159040,55483392,6537419,3185187,9,2,0,0,0,70511,125365
1778177024699,2499010560,62128128,814899200,292421632,954560512,1073737728,854647,54183,6,7666737,54530,0,3921020,3469,875159040,55483392,6537419,3185187,9,2,0,0,0,70511,125365
1778177024993,2499010560,62128128,814903296,292421632,954593280,1073737728,854647,54183,6,7668666,54530,0,3921020,3469,875159040,55491584,6537461,3185187,9,2,0,0,0,70511,125369
1778177025287,2499010560,62128128,814903296,292421632,954593280,1073737728,854647,54191,6,7670642,54530,0,3921020,3469,875159040,55491584,6537461,3194859,9,2,0,0,0,70511,125369
1778177025581,2499010560,62128128,814903296,292421632,954593280,1073737728,854647,54191,6,7672555,54530,0,3921020,3469,875159040,55491584,6537461,3194859,9,2,0,0,0,70511,125369
1778177025876,2499010560,62128128,814903296,292421632,954593280,1073737728,854647,54191,6,7674468,54530,0,3921020,3469,875159040,55491584,6538399,3195475,9,2,0,0,0,70511,125369
1778177026170,2499010560,62128128,814903296,292421632,954593280,1073737728,854647,54191,6,7676417,54530,0,3921020,3469,875159040,55491584,6540009,3203003,9,2,0,0,0,70511,125369
1778177026464,2499010560,62128128,814903296,292421632,954593280,1073737728,854647,54191,6,7678330,54530,0,3921020,3469,875159040,55491584,6540009,3203003,9,2,0,0,0,70511,125369
1778177026759,2499010560,62128128,814907392,292421632,954593280,1073737728,854647,54191,6,7680249,54530,0,3921020,3469,875159040,55491584,6540009,3228899,9,2,0,0,0,70511,125369
1778177027053,2499010560,62128128,814907392,292421632,954593280,1073737728,854647,54191,6,7682163,54530,0,3921020,3469,875159040,55491584,6540009,3228899,9,2,0,0,0,70511,125369
1778177027347,2499010560,62128128,814907392,292421632,954593280,1073737728,854647,54191,6,7684073,54530,0,3921020,3469,875159040,55491584,6540009,3228899,9,2,0,0,0,70511,125369
1778177027639,2499010560,62128128,814907392,292421632,954593280,1073737728,854647,54191,6,7685985,54530,0,3921020,3469,875159040,55491584,6540009,3228899,9,2,0,0,0,70511,125369
1778177027933,2499010560,62128128,814907392,292421632,954593280,1073737728,854647,54191,6,7687898,54530,0,3921020,3469,875159040,55491584,6540009,3228899,9,2,0,0,0,70511,125369
1778177028227,2499010560,62128128,814907392,292421632,954593280,1073737728,854647,54223,6,7689808,54530,0,3921020,3469,875159040,55524352,6540009,3228899,9,2,0,0,0,70511,125369
1778177028522,2499010560,62128128,814907392,292421632,954593280,1073737728,854647,54223,6,7691723,54530,0,3921020,3469,875159040,55524352,6540009,3230147,9,2,0,0,0,70511,125369
1778177028816,2499010560,62128128,814907392,292421632,954597376,1073737728,854647,54223,6,7693636,54530,0,3921020,3469,875159040,55524352,6540009,3230147,9,2,0,0,0,70511,125370
1778177029110,2499010560,62128128,814911488,292421632,954597376,1073737728,854647,54223,6,7695552,54530,0,3921020,3469,875159040,55565312,6541885,3231379,9,2,0,0,0,70511,125370
1778177029404,2499010560,62136320,814907392,292421632,954597376,1073737728,854647,54263,6,7697465,54530,0,3921020,3469,875159040,55565312,6541885,3231483,9,2,0,0,0,70511,125370
1778177029698,2499010560,62136320,814907392,292421632,954597376,1073737728,854647,54263,6,7699379,54530,0,3921020,3469,875159040,55565312,6541885,3231483,9,2,0,0,0,70511,125370
1778177029992,2499010560,62136320,814915584,292421632,954597376,1073737728,854647,54263,6,7701291,54530,0,3921020,3469,875159040,55565312,6541885,3231483,9,2,0,0,0,70511,125370
1778177030286,2499010560,62136320,814915584,292421632,954597376,1073737728,854647,54263,6,7703205,54530,0,3921020,3469,875159040,55565312,6541885,3252179,9,2,0,0,0,70511,125370
1778177030581,2499010560,62136320,814915584,292421632,954597376,1073737728,854647,54263,6,7705119,54530,0,3921020,3469,875159040,55565312,6541885,3252179,9,2,0,0,0,70511,125370
1778177030875,2499010560,62136320,814915584,292421632,954597376,1073737728,854647,54263,6,7707031,54530,0,3921020,3469,875159040,55565312,6541885,3252179,9,2,0,0,0,70511,125370
1778177031169,2499010560,62136320,814915584,292421632,954597376,1073737728,854647,54263,6,7708960,54530,0,3921020,3469,875159040,55565312,6541885,3252179,9,2,0,0,0,70511,125370
1778177031463,2499010560,62136320,814919680,292421632,954597376,1073737728,854647,54263,6,7710872,54530,0,3921020,3469,875159040,55565312,6541885,3252179,9,2,0,0,0,70511,125370
1778177031758,2499010560,62136320,814919680,292421632,954597376,1073737728,854647,54263,6,7712785,54530,0,3921020,3469,875159040,55565312,6541885,3252179,9,2,0,0,0,70511,125370
1778177032052,2499010560,62136320,814919680,292421632,954597376,1073737728,854647,54263,6,7714724,54530,0,3921020,3469,875159040,55565312,6543761,3257987,9,2,0,0,0,70511,125370
1778177032346,2499010560,62136320,814919680,292421632,954597376,1073737728,854647,54263,6,7716637,54530,0,3921020,3469,875159040,55565312,6543761,3257987,9,2,0,0,0,70511,125370
1778177032638,2499010560,62136320,814919680,292421632,954597376,1073737728,854647,54263,6,7718548,54530,0,3921020,3469,875159040,55565312,6543761,3257987,9,2,0,0,0,70511,125370
1778177032932,2499010560,62136320,814919680,292421632,954597376,1073737728,854647,54263,6,7720461,54530,0,3921020,3469,875159040,55565312,6543761,3258091,9,2,0,0,0,70511,125370
1778177033226,2499010560,62136320,814919680,292421632,954597376,1073737728,854647,54283,6,7722373,54530,0,3921020,3469,875159040,55585792,6543761,3258091,9,2,0,0,0,70511,125370
1778177033520,2499010560,62136320,814919680,292421632,954597376,1073737728,854647,54283,6,7724285,54530,0,3921020,3469,875159040,55585792,6543761,3258091,9,2,0,0,0,70511,125370
1778177033814,2499010560,62136320,814923776,292421632,954609664,1073737728,854647,54283,6,7726201,54530,0,3921020,3469,875159040,55585792,6543761,3278891,9,2,0,0,0,70511,125373
1778177034108,2499010560,62136320,814923776,292421632,954609664,1073737728,854647,54283,6,7728114,54530,0,3921020,3469,875159040,55622656,6543761,3278891,9,2,0,0,0,70511,125373
1778177034402,2499010560,62144512,814923776,292421632,954609664,1073737728,854647,54351,6,7730027,54530,0,3921020,3469,875159040,55655424,6543761,3278891,9,2,0,0,0,70511,125373
1778177034697,2499010560,62144512,814923776,292421632,954609664,1073737728,854647,54351,6,7731938,54530,0,3921020,3469,875159040,55655424,6543761,3278891,9,2,0,0,0,70511,125373
1778177034991,2499010560,62144512,814923776,292421632,954609664,1073737728,854647,54351,6,7733852,54530,0,3921020,3469,875159040,55655424,6545637,3280123,9,2,0,0,0,70511,125373
1778177035286,2499010560,62144512,814923776,292421632,954609664,1073737728,854647,54351,6,7735765,54530,0,3921020,3469,875159040,55655424,6545637,3280123,9,2,0,0,0,70511,125373
1778177035581,2499010560,62144512,814923776,292421632,954609664,1073737728,854647,54351,6,7737691,54530,0,3921020,3469,875159040,55655424,6545637,3287923,9,2,0,0,0,70511,125373
1778177035873,2499010560,62144512,814923776,292421632,954609664,1073737728,854647,54351,6,7739603,54530,0,3921020,3469,875159040,55655424,6545637,3287923,9,2,0,0,0,70511,125373
1778177036168,2499010560,62144512,814927872,292421632,954609664,1073737728,854647,54351,6,7741514,54530,0,3921020,3469,875159040,55655424,6545637,3287923,9,2,0,0,0,70511,125373
1778177036462,2499010560,62144512,814927872,292421632,954609664,1073737728,854647,54351,6,7743426,54530,0,3921020,3469,875159040,55655424,6545637,3288027,9,2,0,0,0,70511,125373
1778177036756,2499010560,62144512,814927872,292421632,954609664,1073737728,854647,54351,6,7745336,54530,0,3921020,3469,875159040,55655424,6545637,3288027,9,2,0,0,0,70511,125373
1778177037050,2499010560,62144512,814936064,292421632,954609664,1073737728,854647,54351,6,7747261,54530,0,3921020,3469,875159040,55655424,6545637,3288027,9,2,0,0,0,70511,125373
1778177037345,2499010560,62144512,814936064,292421632,954609664,1073737728,854647,54351,6,7749184,54530,0,3921020,3469,875159040,55655424,6547555,3308287,9,2,0,0,0,70511,125373
1778177037635,2499010560,62144512,814936064,292421632,954609664,1073737728,854647,54351,6,7751099,54530,0,3921020,3469,875159040,55655424,6547555,3308287,9,2,0,0,0,70511,125373
1778177037930,2499010560,62144512,814940160,292421632,954609664,1073737728,854647,54351,6,7753010,54530,0,3921020,3469,875159040,55655424,6549805,3309519,9,2,0,0,0,70511,125373
1778177038224,2499010560,62144512,814940160,292421632,954609664,1073737728,854647,54351,6,7754919,54530,0,3921020,3469,875159040,55655424,6549895,3309519,9,2,0,0,0,70511,125373
1778177038517,2499010560,62144512,814940160,292421632,954609664,1073737728,854647,54351,6,7756833,54530,0,3921020,3469,875159040,55692288,6550625,3310207,9,2,0,0,0,70511,125373
1778177038812,2499010560,62144512,814944256,292421632,954621952,1073737728,854647,54387,6,7758744,54530,0,3921020,3469,875159040,55692288,6550625,3310207,9,2,0,0,0,70511,125376
1778177039106,2499010560,62144512,814944256,292421632,954621952,1073737728,854647,54387,6,7760662,54530,0,3921020,3469,875159040,55692288,6550625,3314159,9,2,0,0,0,70511,125376
1778177039400,2499010560,62152704,814936064,292421632,954621952,1073737728,854647,54427,6,7762574,54530,0,3921020,3469,875159040,55733248,6551355,3314847,9,2,0,0,0,70511,125376
1778177039693,2499010560,62152704,814936064,292421632,954621952,1073737728,854647,54427,6,7764486,54530,0,3921020,3469,875159040,55733248,6551355,3314847,9,2,0,0,0,70511,125376
1778177039988,2499010560,62152704,814948352,292421632,954621952,1073737728,854647,54427,6,7766402,54530,0,3921020,3469,875159040,55733248,6551355,3317239,9,2,0,0,0,70511,125376
1778177040281,2499010560,62152704,814948352,292421632,954621952,1073737728,854647,54427,6,7768317,54530,0,3921020,3469,875159040,55733248,6551355,3317239,9,2,0,0,0,70511,125376
1778177040576,2499010560,62152704,814948352,292421632,954621952,1073737728,854647,54427,6,7770228,54530,0,3921020,3469,875159040,55733248,6558919,3324803,9,2,0,0,0,70511,125376
1778177040871,2499010560,62152704,814948352,292421632,954621952,1073737728,854647,54427,6,7772143,54530,0,3921021,3469,875159040,55733248,6559899,3326667,9,2,0,0,0,70511,125376
1778177041165,2499010560,62152704,814948352,292421632,954621952,1073737728,854647,54427,6,7774056,54530,0,3921021,3469,875159040,55733248,6560837,3327283,9,2,0,0,0,70511,125376
1778177041458,2499010560,62152704,814948352,292421632,954621952,1073737728,854647,54427,6,7775969,54530,0,3921021,3469,875159040,55733248,6561525,3327971,9,2,0,0,0,70511,125376
1778177041753,2499010560,62152704,814960640,292421632,954621952,1073737728,854647,54427,6,7777882,54530,0,3921021,3469,875159040,55733248,6561525,3328803,9,2,0,0,0,70511,125376
1778177042048,2499010560,62152704,814964736,292421632,954621952,1073737728,854647,54427,6,7779796,54530,0,3921021,3469,875159040,55733248,6561567,3328803,9,2,0,0,0,70511,125376
1778177042342,2499010560,62152704,814964736,292421632,954621952,1073737728,854647,54427,6,7781708,54530,0,3921021,3469,875159040,55819264,6562255,3329491,9,2,0,0,0,70511,125376
1778177042636,2499010560,62152704,814964736,292421632,954634240,1073737728,854647,54579,6,7783636,54530,0,3921021,3469,875159040,55888896,6562255,3330115,9,2,0,0,0,70511,125378
1778177042930,2499010560,62152704,814964736,292425728,954638336,1073737728,854647,54579,6,7785566,54530,0,3921021,3469,875159040,55888896,6562297,3330115,9,2,0,0,0,70512,125379
1778177043224,2499010560,62152704,814964736,292425728,954638336,1073737728,854647,54579,6,7787480,54530,0,3921021,3469,875159040,55888896,6562339,3330115,9,2,0,0,0,70512,125379
1778177043518,2499010560,62152704,814968832,292425728,954638336,1073737728,854647,54579,6,7789395,54530,0,3921021,3469,875159040,55888896,6563027,3337459,9,2,0,0,0,70512,125379
1778177043812,2499010560,62152704,814968832,292425728,954638336,1073737728,854647,54579,6,7791308,54530,0,3921021,3469,875159040,55888896,6563027,3337459,9,2,0,0,0,70512,125379
1778177044106,2499010560,62152704,814968832,292425728,954638336,1073737728,854647,54611,6,7793223,54530,0,3921021,3469,875159040,55921664,6568263,3342051,9,2,0,0,0,70512,125379
1778177044400,2499010560,62152704,814968832,292425728,954638336,1073737728,854647,54611,6,7795138,54530,0,3921021,3469,875159040,55925760,6569035,3353035,9,2,0,0,0,70512,125379
1778177044694,2499010560,62160896,814960640,292425728,954638336,1073737728,854647,54659,6,7797053,54530,0,3921021,3469,875159040,55970816,6569035,3353035,9,2,0,0,0,70512,125379
1778177044989,2499010560,62160896,814977024,292425728,954638336,1073737728,854647,54659,6,7798966,54530,0,3921021,3469,875159040,55970816,6569035,3353035,9,2,0,0,0,70512,125379
1778177045284,2499010560,62160896,814977024,292425728,954638336,1073737728,854647,54659,6,7800879,54530,0,3921021,3469,875159040,55970816,6569077,3353035,9,2,0,0,0,70512,125379
1778177045579,2499010560,62160896,814977024,292425728,954638336,1073737728,854647,54659,6,7802794,54530,0,3921021,3469,875159040,55970816,6569807,3353723,9,2,0,0,0,70512,125379
1778177045873,2499010560,62160896,814977024,292425728,954638336,1073737728,854647,54659,6,7804707,54530,0,3921021,3469,875159040,55970816,6569807,3353723,9,2,0,0,0,70512,125379
1778177046168,2499010560,62160896,814977024,292425728,954638336,1073737728,854647,54659,6,7806622,54530,0,3921021,3469,875159040,55970816,6569807,3353723,9,2,0,0,0,70512,125379
1778177046462,2499010560,62160896,814977024,292425728,954638336,1073737728,854647,54659,6,7808537,54530,0,3921021,3469,875159040,55970816,6570537,3356075,9,2,0,0,0,70512,125379
1778177046756,2499010560,62160896,814981120,292425728,954638336,1073737728,854647,54659,6,7810451,54530,0,3921021,3469,875159040,55970816,6570537,3356075,9,2,0,0,0,70512,125379
1778177047050,2499010560,62160896,814981120,292425728,954638336,1073737728,854647,54659,6,7812363,54530,0,3921021,3469,875159040,55970816,6572413,3357307,9,2,0,0,0,70512,125379
1778177047343,2499010560,62160896,814981120,292425728,954638336,1073737728,854647,54659,6,7814275,54530,0,3921021,3469,875159040,55970816,6573101,3358099,9,2,0,0,0,70512,125379
1778177047635,2499010560,62160896,814985216,292425728,954638336,1073737728,854647,54659,6,7816186,54530,0,3921021,3469,875159040,55970816,6576221,3361219,9,2,0,0,0,70512,125379
1778177047929,2499010560,62160896,814985216,292425728,954638336,1073737728,854647,54659,6,7818101,54530,0,3921021,3469,875159040,55970816,6576221,3361219,9,2,0,0,0,70512,125379
1778177048224,2498756608,62160896,814989312,292425728,954638336,1073737728,854647,54659,6,7820027,54530,0,3921021,3469,875159040,55970816,6576221,3387635,9,2,0,0,0,70512,125379
1778177048517,2498756608,62160896,814989312,292425728,954638336,1073737728,854647,54659,6,7821940,54530,0,3921021,3469,875159040,55970816,6576951,3388323,9,2,0,0,0,70512,125379
1778177048812,2498756608,62160896,814993408,292425728,954638336,1073737728,854647,54659,6,7823853,54530,0,3921021,3469,875159040,55970816,6576951,3388323,9,2,0,0,0,70512,125379
1778177049106,2498756608,62160896,814993408,292425728,954638336,1073737728,854647,54659,6,7825784,54530,0,3921021,3469,875159040,55970816,6576951,3388427,9,2,0,0,0,70512,125379
1778177049400,2498756608,62160896,814993408,292425728,954638336,1073737728,854647,54691,6,7827697,54530,0,3921021,3469,875159040,56003584,6577681,3389115,9,2,0,0,0,70512,125379
1778177049694,2498756608,62169088,814989312,292425728,954658816,1073737728,854647,54763,6,7829609,54530,0,3921021,3469,875159040,56077312,6577681,3389115,9,2,0,0,0,70512,125384
1778177049989,2498756608,62169088,814997504,292425728,954658816,1073737728,854647,54763,6,7831523,54530,0,3921021,3469,875159040,56077312,6579557,3390347,9,2,0,0,0,70512,125384
1778177050283,2498756608,62169088,815005696,292454400,954691584,1073737728,854647,54763,6,7833437,54530,0,3921021,3469,875159040,56077312,6579557,3390347,9,2,0,0,0,70519,125392
1778177050578,2498756608,62169088,815005696,292454400,954691584,1073737728,854647,54763,6,7835351,54530,0,3921021,3469,875159040,56077312,6580287,3391035,9,2,0,0,0,70519,125392
1778177050872,2498756608,62169088,815009792,292454400,954691584,1073737728,854647,54763,6,7837265,54530,0,3921021,3469,875159040,56077312,6580287,3391035,9,2,0,0,0,70519,125392
1778177051167,2498756608,62169088,815009792,292454400,954691584,1073737728,854647,54763,6,7839178,54530,0,3921021,3469,875159040,56077312,6580287,3391035,9,2,0,0,0,70519,125392
1778177051462,2498756608,62169088,815009792,292454400,954691584,1073737728,854647,54763,6,7841091,54530,0,3921021,3469,875159040,56077312,6583375,3394123,9,2,0,0,0,70519,125392
1778177051757,2498756608,62169088,815013888,292454400,954691584,1073737728,854647,54763,6,7843010,54530,0,3921021,3469,875159040,56077312,6583375,3420743,9,2,0,0,0,70519,125392
1778177052051,2498756608,62169088,815013888,292454400,954691584,1073737728,854647,54763,6,7844923,54530,0,3921021,3469,875159040,56077312,6583375,3420743,9,2,0,0,0,70519,125392
1778177052344,2498756608,62169088,815013888,292454400,954691584,1073737728,854647,54763,6,7846833,54530,0,3921021,3469,875159040,56077312,6584105,3421431,9,2,0,0,0,70519,125392
1778177052637,2498756608,62169088,815013888,292454400,954691584,1073737728,854647,54763,6,7848745,54530,0,3921021,3469,875159040,56077312,6584105,3421535,9,2,0,0,0,70519,125392
1778177052931,2498756608,62169088,815017984,292454400,954691584,1073737728,854647,54763,6,7850657,54530,0,3921021,3469,875159040,56077312,6585981,3422767,9,2,0,0,0,70519,125392
1778177053226,2498756608,62169088,815022080,292454400,954691584,1073737728,854647,54763,6,7852569,54530,0,3921021,3469,875159040,56077312,6586023,3422767,9,2,0,0,0,70519,125392
1778177053520,2498756608,62169088,815022080,292454400,954691584,1073737728,854647,54763,6,7854506,54530,0,3921021,3469,875159040,56077312,6586753,3429903,9,2,0,0,0,70519,125392
1778177053813,2498756608,62169088,815022080,292454400,954691584,1073737728,854647,54763,6,7856419,54530,0,3921021,3469,875159040,56077312,6586753,3429903,9,2,0,0,0,70519,125392
1778177054107,2498756608,62169088,815022080,292454400,954691584,1073737728,854647,54763,6,7858332,54530,0,3921021,3469,875159040,56077312,6586753,3429903,9,2,0,0,0,70519,125392
1778177054401,2498756608,62169088,815022080,292454400,954691584,1073737728,854647,54763,6,7860245,54530,0,3921021,3469,875159040,56118272,6587525,3430695,9,2,0,0,0,70519,125392
1778177054696,2498756608,62177280,815013888,292454400,954691584,1073737728,854647,54843,6,7862157,54531,0,3921021,3469,875159040,56159232,6587525,3430695,9,2,0,0,0,70519,125392
1778177054991,2498756608,62177280,815026176,292483072,954703872,1073737728,854647,54843,6,7864084,54531,0,3921021,3469,875159040,56159232,6587525,3430695,9,2,0,0,0,70526,125393
1778177055285,2498756608,62177280,815026176,292483072,954703872,1073737728,854647,54843,6,7865998,54531,0,3921021,3469,875159040,56159232,6594435,3435383,9,2,0,0,0,70526,125393
1778177055579,2498756608,62177280,815030272,292483072,954703872,1073737728,854647,54843,6,7867910,54531,0,3921021,3469,875159040,56159232,6596511,3436071,9,2,0,0,0,70526,125393
1778177055874,2498756608,62177280,815030272,292483072,954703872,1073737728,854647,54843,6,7869820,54531,0,3921021,3469,875159040,56159232,6598729,3436687,9,2,0,0,0,70526,125393
1778177056168,2498756608,62177280,815030272,292483072,954703872,1073737728,854647,54843,6,7871734,54531,0,3921021,3469,875159040,56159232,6600947,3437947,9,2,0,0,0,70526,125393
1778177056462,2498756608,62177280,815030272,292483072,954703872,1073737728,854647,54843,6,7873645,54531,0,3921021,3469,875159040,56159232,6602491,3438739,9,2,0,0,0,70526,125393
1778177056756,2498756608,62177280,815030272,292483072,954703872,1073737728,854647,54843,6,7875557,54531,0,3921021,3469,875159040,56159232,6602491,3438739,9,2,0,0,0,70526,125393
1778177057050,2498756608,62177280,815034368,292483072,954703872,1073737728,854647,54843,6,7877471,54531,0,3921021,3469,875159040,56159232,6604141,3440719,9,2,0,0,0,70526,125393
1778177057344,2498756608,62177280,815034368,292483072,954703872,1073737728,854647,54843,6,7879383,54531,0,3921021,3469,875159040,56159232,6605793,3441407,9,2,0,0,0,70526,125393
1778177057636,2498756608,62177280,815034368,292483072,954703872,1073737728,854647,54843,6,7881293,54531,0,3921021,3469,875159040,56159232,6605793,3441407,9,2,0,0,0,70526,125393
1778177057930,2498756608,62177280,815038464,292483072,954703872,1073737728,854647,54843,6,7883204,54531,0,3921021,3469,875159040,56159232,6607993,3443151,9,2,0,0,0,70526,125393
1778177058224,2498756608,62177280,815038464,292483072,954703872,1073737728,854647,54843,6,7885115,54531,0,3921021,3469,875159040,56159232,6607993,3443151,9,2,0,0,0,70526,125393
1778177058518,2498756608,62177280,815038464,292483072,954703872,1073737728,854647,54843,6,7887026,54531,0,3921021,3469,875159040,56159232,6609433,3443839,9,2,0,0,0,70526,125393
1778177058812,2498756608,62177280,815042560,292483072,954703872,1073737728,854647,54843,6,7888938,54531,0,3921021,3469,875159040,56159232,6610313,3446401,9,2,0,0,0,70526,125393
1778177059107,2498756608,62177280,815042560,292483072,954703872,1073737728,854647,54843,6,7890850,54531,0,3921021,3469,875159040,56159232,6613477,3447633,9,2,0,0,0,70526,125393
1778177059401,2498756608,62177280,815042560,292483072,954703872,1073737728,854647,54843,6,7892763,54531,0,3921021,3469,875159040,56159232,6614917,3448321,9,2,0,0,0,70526,125393
1778177059695,2498756608,62177280,815042560,292483072,954703872,1073737728,854647,54871,6,7894679,54531,0,3921021,3469,875159040,56224768,6616009,3449063,9,2,0,0,0,70526,125393
1778177059990,2498756608,62185472,815046656,292491264,954703872,1073737728,854647,54935,6,7896592,54531,0,3921021,3469,875159040,56253440,6616009,3449063,9,2,0,0,0,70528,125393
1778177060284,2498756608,62185472,815046656,292491264,954703872,1073737728,854647,54935,6,7898504,54531,0,3921021,3469,875159040,56253440,6616009,3449063,9,2,0,0,0,70528,125393
1778177060579,2498756608,62185472,815050752,292491264,954703872,1073737728,854647,54935,6,7900418,54531,0,3921021,3469,875159040,56253440,6662823,3453607,9,2,0,0,0,70528,125393
1778177060872,2498756608,62185472,815050752,292491264,954703872,1073737728,854647,54935,6,7902330,54531,0,3921021,3469,875159040,56253440,6662823,3453607,9,2,0,0,0,70528,125393
1778177061168,2498756608,62185472,815050752,292491264,954703872,1073737728,854647,54935,6,7904258,54531,0,3921021,3469,875159040,56253440,6662823,3453607,9,2,0,0,0,70528,125393
1778177061462,2498756608,62185472,815050752,292491264,954703872,1073737728,854647,54935,6,7906176,54531,0,3921021,3469,875159040,56253440,6749905,3465965,9,2,0,0,0,70528,125393
1778177061756,2498756608,62185472,815050752,292491264,954703872,1073737728,854647,54935,6,7908091,54531,0,3921021,3469,875159040,56253440,6749905,3465965,9,2,0,0,0,70528,125393
1778177062049,2498756608,62185472,815063040,292491264,954703872,1073737728,854647,54935,6,7910003,54531,0,3921021,3469,875159040,56253440,6753069,3467197,9,2,0,0,0,70528,125393
1778177062343,2498756608,62185472,815063040,292491264,954703872,1073737728,854647,54935,6,7911918,54531,0,3921022,3469,875159040,56253440,6804019,3531229,9,2,0,0,0,70528,125393
1778177062634,2498756608,62185472,815075328,292491264,954703872,1073737728,854647,54935,6,7913828,54531,0,3921022,3469,875159040,56253440,6805079,3531229,9,2,0,0,0,70528,125393
1778177062929,2498756608,62185472,815075328,292491264,954703872,1073737728,854647,54935,6,7915743,54531,0,3921022,3469,875159040,56253440,6806139,3531229,9,2,0,0,0,70528,125393
1778177063223,2498756608,62185472,815075328,292491264,954703872,1073737728,854647,54935,6,7917655,54531,0,3921022,3469,875159040,56253440,6853285,3544785,9,2,0,0,0,70528,125393
1778177063516,2498756608,62185472,815075328,292491264,954703872,1073737728,854647,54935,6,7919569,54531,0,3921022,3469,875159040,56253440,6854831,3545473,9,2,0,0,0,70528,125393
1778177063811,2498756608,62185472,815091712,292491264,954703872,1073737728,854647,54935,6,7921485,54531,0,3921022,3469,875159040,56253440,6854831,3545473,9,2,0,0,0,70528,125393
1778177064105,2498756608,62185472,815091712,292491264,954703872,1073737728,854647,54935,6,7923397,54531,0,3921022,3469,875159040,56253440,6911125,3587469,9,2,0,0,0,70528,125393
1778177064399,2498756608,62185472,815091712,292491264,954703872,1073737728,854647,54935,6,7925312,54531,0,3921022,3469,875159040,56253440,6913625,3588157,9,2,0,0,0,70528,125393
1778177064693,2498756608,62185472,815108096,292491264,954765312,1073737728,854647,54935,6,7927227,54531,0,3921022,3469,875159040,56269824,6913625,3588157,9,2,0,0,0,70528,125408
1778177064988,2498756608,62193664,815108096,292499456,954765312,1073737728,854647,55019,6,7929139,54531,0,3921022,3469,875159040,56339456,6916789,3589885,9,2,0,0,0,70530,125408
1778177065281,2498756608,62193664,815108096,292499456,954765312,1073737728,854647,55019,6,7931055,54531,0,3921022,3469,875159040,56339456,6917165,3589885,9,2,0,0,0,70530,125408
1778177065576,2498756608,62193664,815108096,292499456,954765312,1073737728,854647,55019,6,7932966,54531,0,3921022,3469,875159040,56339456,6918605,3590573,9,2,0,0,0,70530,125408
1778177065870,2498756608,62193664,815108096,292499456,954765312,1073737728,854647,55019,6,7934883,54531,0,3921023,3469,875159040,56339456,7005445,3672829,9,2,0,0,0,70530,125408
1778177066162,2498756608,62193664,815124480,292499456,954765312,1073737728,854647,55019,6,7936798,54531,0,3921023,3469,875159040,56339456,7005445,3672829,9,2,0,0,0,70530,125408
1778177066456,2498756608,62193664,815128576,292499456,954765312,1073737728,854647,55019,6,7938714,54531,0,3921023,3469,875159040,56339456,7006885,3673517,9,2,0,0,0,70530,125408
1778177066751,2498756608,62193664,815128576,292499456,954765312,1073737728,854647,55019,6,7940626,54531,0,3921023,3469,875159040,56339456,7007945,3673517,9,2,0,0,0,70530,125408
1778177067044,2498756608,62193664,815128576,292499456,954765312,1073737728,854647,55019,6,7942554,54531,0,3921023,3469,875159040,56339456,7007945,3673517,9,2,0,0,0,70530,125408
1778177067338,2498756608,62193664,815128576,292499456,954765312,1073737728,854647,55019,6,7944468,54531,0,3921023,3469,875159040,56339456,7009385,3674205,9,2,0,0,0,70530,125408
1778177067630,2498756608,62193664,815128576,292499456,954765312,1073737728,854647,55019,6,7946381,54531,0,3921023,3469,875159040,56339456,7009385,3674205,9,2,0,0,0,70530,125408
1778177067924,2498756608,62193664,815128576,292499456,954765312,1073737728,854647,55019,6,7948292,54531,0,3921023,3469,875159040,56339456,7012549,3675437,9,2,0,0,0,70530,125408
1778177068218,2498756608,62193664,815128576,292499456,954765312,1073737728,854647,55019,6,7950209,54531,0,3921023,3469,875159040,56339456,7012925,3675437,9,2,0,0,0,70530,125408
1778177068511,2498756608,62193664,815128576,292499456,954765312,1073737728,854647,55019,6,7952123,54531,0,3921023,3469,875159040,56339456,7014365,3676125,9,2,0,0,0,70530,125408
1778177068805,2498756608,62193664,815136768,292499456,954765312,1073737728,854647,55019,6,7954038,54531,0,3921023,3469,875159040,56339456,7014365,3676125,9,2,0,0,0,70530,125408
1778177069099,2498756608,62193664,815136768,292499456,954765312,1073737728,854647,55019,6,7955952,54531,0,3921023,3469,875159040,56339456,7014365,3676125,9,2,0,0,0,70530,125408
1778177069393,2498756608,62193664,815136768,292499456,954765312,1073737728,854647,55019,6,7957868,54531,0,3921023,3469,875159040,56339456,7035527,3718057,9,2,0,0,0,70530,125408
1778177069687,2498756608,62193664,815136768,292499456,954765312,1073737728,854647,55019,6,7959781,54531,0,3921023,3469,875159040,56339456,7035527,3718057,9,2,0,0,0,70530,125408
1778177069982,2498756608,62201856,815132672,292499456,954765312,1073737728,854647,55059,6,7961694,54531,0,3921023,3469,875159040,56421376,7035527,3718057,9,2,0,0,0,70530,125408
1778177070276,2498756608,62201856,815132672,292499456,954765312,1073737728,854647,55099,6,7963609,54531,0,3921023,3469,875159040,56421376,7035527,3718057,9,2,0,0,0,70530,125408
1778177070570,2498756608,62201856,815132672,292499456,954765312,1073737728,854647,55099,6,7965524,54531,0,3921023,3469,875159040,56421376,7035887,3718229,9,2,0,0,0,70530,125408
1778177070864,2498756608,62201856,815144960,292499456,954793984,1073737728,854647,55099,6,7967435,54531,0,3921023,3469,875159040,56421376,7037469,3718845,9,2,0,0,0,70530,125414
1778177071158,2498756608,62201856,815144960,292499456,954793984,1073737728,854647,55099,6,7969350,54531,0,3921023,3469,875159040,56421376,7039687,3719461,9,2,0,0,0,70530,125414
1778177071452,2498756608,62201856,815144960,292499456,954793984,1073737728,854647,55099,6,7971263,54531,0,3921023,3469,875159040,56421376,7040423,3719633,9,2,0,0,0,70530,125414
1778177071746,2498756608,62201856,815144960,292499456,954793984,1073737728,854647,55099,6,7973175,54531,0,3921023,3469,875159040,56421376,7040423,3719633,9,2,0,0,0,70530,125414
1778177072037,2498756608,62201856,815144960,292499456,954793984,1073737728,854647,55099,6,7975086,54531,0,3921023,3469,875159040,56421376,7040423,3719633,9,2,0,0,0,70530,125414
1778177072331,2498756608,62201856,815144960,292499456,954793984,1073737728,854647,55099,6,7976997,54531,0,3921023,3469,875159040,56421376,7040783,3719805,9,2,0,0,0,70530,125414
1778177072624,2498756608,62201856,815144960,292499456,954793984,1073737728,854647,55099,6,7978910,54531,0,3921023,3469,875159040,56421376,7041157,3719805,9,2,0,0,0,70530,125414
1778177072920,2498756608,62201856,815149056,292499456,954793984,1073737728,854647,55099,6,7980840,54531,0,3921023,3469,875159040,56421376,7051165,3767917,9,2,0,0,0,70530,125414
1778177073214,2498756608,62201856,815149056,292499456,954793984,1073737728,854647,55099,6,7982755,54531,0,3921023,3469,875159040,56421376,7051165,3767917,9,2,0,0,0,70530,125414
1778177073508,2498756608,62201856,815149056,292499456,954793984,1073737728,854647,55099,6,7984669,54531,0,3921023,3469,875159040,56421376,7051255,3767917,9,2,0,0,0,70530,125414
1778177073801,2498756608,62201856,815149056,292499456,954793984,1073737728,854647,55099,6,7986582,54531,0,3921023,3469,875159040,56421376,7051255,3768009,9,2,0,0,0,70530,125414
1778177074095,2498756608,62201856,815149056,292499456,954793984,1073737728,854647,55099,6,7988495,54531,0,3921023,3469,875159040,56421376,7054419,3769241,9,2,0,0,0,70530,125414
1778177074390,2498756608,62201856,815149056,292499456,954793984,1073737728,854647,55099,6,7990407,54531,0,3921023,3469,875159040,56421376,7054419,3769241,9,2,0,0,0,70530,125414
1778177074684,2498756608,62201856,815149056,292499456,954793984,1073737728,854647,55099,6,7992322,54531,0,3921023,3469,875159040,56421376,7055491,3778441,9,2,0,0,0,70530,125414
1778177074978,2498756608,62210048,815157248,292499456,954793984,1073737728,854647,55135,6,7994237,54531,0,3921023,3469,875159040,56458240,7055491,3778441,9,2,0,0,0,70530,125414
1778177075271,2498756608,62210048,815157248,292515840,954793984,1073737728,854647,55187,6,7996148,54531,0,3921023,3469,875159040,56511488,7055491,3778441,9,2,0,0,0,70534,125414
1778177075565,2498756608,62210048,815157248,292515840,954793984,1073737728,854647,55187,6,7998064,54531,0,3921023,3469,875159040,56511488,7055491,3778533,9,2,0,0,0,70534,125414
1778177075859,2498756608,62210048,815157248,292515840,954822656,1073737728,854647,55187,6,7999977,54531,0,3921023,3469,875159040,56511488,7055491,3778533,9,2,0,0,0,70534,125420
1778177076153,2498756608,62210048,815157248,292515840,954822656,1073737728,854647,55187,6,8001891,54531,0,3921023,3469,875159040,56511488,7056135,3791985,9,2,0,0,0,70534,125420
1778177076445,2498756608,62210048,815157248,292515840,954822656,1073737728,854647,55187,6,8003801,54531,0,3921023,3469,875159040,56511488,7056245,3791985,9,2,0,0,0,70534,125420
1778177076740,2498756608,62210048,815161344,292515840,954822656,1073737728,854647,55187,6,8005716,54531,0,3921023,3469,875159040,56511488,7056245,3791985,9,2,0,0,0,70534,125420
1778177077033,2498756608,62210048,815161344,292515840,954822656,1073737728,854647,55187,6,8007629,54531,0,3921023,3469,875159040,56511488,7060163,3796185,9,2,0,0,0,70534,125420
1778177077327,2498756608,62210048,815169536,292515840,954822656,1073737728,854647,55187,6,8009543,54531,0,3921023,3469,875159040,56511488,7060163,3796185,9,2,0,0,0,70534,125420
1778177077621,2498756608,62210048,815169536,292515840,954822656,1073737728,854647,55187,6,8011457,54531,0,3921023,3469,875159040,56511488,7060163,3796185,9,2,0,0,0,70534,125420
1778177077915,2498756608,62210048,815169536,292515840,954822656,1073737728,854647,55187,6,8013368,54531,0,3921023,3469,875159040,56511488,7061929,3802289,9,2,0,0,0,70534,125420
1778177078209,2498756608,62210048,815169536,292515840,954822656,1073737728,854647,55187,6,8015282,54531,0,3921023,3469,875159040,56511488,7061929,3802289,9,2,0,0,0,70534,125420
1778177078503,2498756608,62210048,815169536,292515840,954822656,1073737728,854647,55187,6,8017196,54531,0,3921023,3469,875159040,56511488,7061929,3802289,9,2,0,0,0,70534,125420
1778177078797,2498756608,62210048,815173632,292515840,954822656,1073737728,854647,55187,6,8019114,54531,0,3921023,3469,875159040,56511488,7065859,3805605,9,2,0,0,0,70534,125420
1778177079092,2498756608,62210048,815173632,292515840,954822656,1073737728,854647,55187,6,8021042,54531,0,3921023,3469,875159040,56511488,7065859,3805605,9,2,0,0,0,70534,125420
1778177079386,2498756608,62210048,815173632,292515840,954822656,1073737728,854647,55187,6,8022957,54531,0,3921023,3469,875159040,56511488,7065859,3805605,9,2,0,0,0,70534,125420
1778177079680,2498756608,62210048,815173632,292515840,954822656,1073737728,854647,55187,6,8024870,54531,0,3921023,3469,875159040,56511488,7071045,3808369,9,2,0,0,0,70534,125420
1778177079974,2498756608,62210048,815177728,292515840,954822656,1073737728,854647,55187,6,8026784,54531,0,3921023,3469,875159040,56511488,7074251,3809601,9,2,0,0,0,70534,125420
1778177080268,2498756608,62218240,815177728,292515840,954822656,1073737728,854647,55223,6,8028698,54531,0,3921023,3469,875159040,56548352,7074251,3809601,9,2,0,0,0,70534,125420
1778177080563,2498756608,62218240,815177728,292515840,954822656,1073737728,854647,55255,6,8030609,54531,0,3921024,3469,875159040,56581120,7075221,3810897,9,2,0,0,0,70534,125420
1778177080856,2498756608,62218240,815177728,292515840,954822656,1073737728,854647,55255,6,8032522,54531,0,3921024,3469,875159040,56581120,7075315,3810897,9,2,0,0,0,70534,125420
1778177081150,2498756608,62218240,815177728,292515840,954822656,1073737728,854647,55255,6,8034432,54531,0,3921024,3469,875159040,56581120,7075315,3810897,9,2,0,0,0,70534,125420
1778177081444,2498756608,62218240,815177728,292515840,954822656,1073737728,854647,55255,6,8036346,54531,0,3921024,3469,875159040,56581120,7075959,3812621,9,2,0,0,0,70534,125420
1778177081738,2498756608,62218240,815181824,292515840,954822656,1073737728,854647,55255,6,8038258,54531,0,3921024,3469,875159040,56581120,7075959,3812621,9,2,0,0,0,70534,125420
1778177082032,2498756608,62218240,815181824,292515840,954822656,1073737728,854647,55255,6,8040170,54531,0,3921024,3469,875159040,56581120,7075959,3812621,9,2,0,0,0,70534,125420
1778177082325,2498756608,62218240,815181824,292515840,954822656,1073737728,854647,55255,6,8042081,54531,0,3921024,3469,875159040,56581120,7075959,3813545,9,2,0,0,0,70534,125420
1778177082619,2498756608,62218240,815181824,292515840,954822656,1073737728,854647,55255,6,8043993,54531,0,3921024,3469,875159040,56581120,7075959,3813545,9,2,0,0,0,70534,125420
1778177082912,2498756608,62218240,815181824,292515840,954822656,1073737728,854647,55255,6,8045769,54531,0,3921024,3469,875159040,56581120,7081929,3819049,9,2,0,0,0,70534,125420
1778177083208,2498756608,62218240,815181824,292515840,954822656,1073737728,854647,55255,6,8047428,54531,0,3921024,3469,875159040,56581120,7084681,3819441,9,2,0,0,0,70534,125420
1778177083503,2498756608,62218240,815181824,292515840,954822656,1073737728,854647,55255,6,8049092,54531,0,3921024,3469,875159040,56581120,7085585,3820065,9,2,0,0,0,70534,125420
1778177083799,2498756608,62218240,815190016,292515840,954822656,1073737728,854647,55255,6,8050751,54531,0,3921024,3469,875159040,56581120,7085905,3820185,9,2,0,0,0,70534,125420
1778177084095,2498756608,62218240,815190016,292515840,954822656,1073737728,854647,55255,6,8052412,54531,0,3921024,3469,875159040,56581120,7086213,3820317,9,2,0,0,0,70534,125420
1778177084391,2498756608,62218240,815190016,292515840,954822656,1073737728,854647,55255,6,8054071,54531,0,3921024,3469,875159040,56581120,7086427,3820357,9,2,0,0,0,70534,125420
1778177084687,2498756608,62218240,815190016,292515840,954822656,1073737728,854647,55255,6,8055733,54531,0,3921024,3469,875159040,56581120,7087315,3821117,9,2,0,0,0,70534,125420
1778177084982,2498756608,62218240,815190016,292515840,954822656,1073737728,854647,55255,6,8057405,54531,0,3921024,3469,875159040,56581120,7087529,3821157,9,2,0,0,0,70534,125420
1778177085277,2498756608,62218240,815190016,292515840,954822656,1073737728,854647,55259,6,8059064,54531,0,3921024,3469,875159040,56622080,7087743,3821197,9,2,0,0,0,70534,125420
1778177085575,2498756608,62226432,815181824,292515840,954822656,1073737728,854647,55295,6,8060725,54531,0,3921024,3469,875159040,56622080,7088741,3822905,9,2,0,0,0,70534,125420
1778177085870,2498756608,62226432,815198208,292515840,954839040,1073737728,854647,55295,6,8062381,54531,0,3921024,3469,875159040,56650752,7090537,3824485,9,2,0,0,0,70534,125424
1778177086165,2498756608,62226432,815198208,292515840,954843136,1073737728,854647,55323,6,8064038,54531,0,3921024,3469,875159040,56650752,7092333,3825141,9,2,0,0,0,70534,125425
1778177086456,2498756608,62226432,815198208,292515840,954843136,1073737728,854647,55323,6,8065701,54531,0,3921024,3469,875159040,56650752,7093221,3825725,9,2,0,0,0,70534,125425
1778177086745,2498756608,62226432,815198208,292515840,954843136,1073737728,854647,55323,6,8067364,54531,0,3921024,3469,875159040,56650752,7093541,3825885,9,2,0,0,0,70534,125425
1778177087038,2498756608,62226432,815198208,292515840,954843136,1073737728,854647,55323,6,8069023,54531,0,3921024,3469,875159040,56650752,7093849,3826017,9,2,0,0,0,70534,125425
1778177087334,2498756608,62226432,815198208,292515840,954843136,1073737728,854647,55323,6,8070680,54531,0,3921024,3469,875159040,56650752,7094063,3826057,9,2,0,0,0,70534,125425
1778177087630,2498756608,62226432,815198208,292515840,954843136,1073737728,854647,55323,6,8072338,54531,0,3921024,3469,875159040,56650752,7094833,3826641,9,2,0,0,0,70534,125425
1778177087922,2498756608,62226432,815202304,292515840,954843136,1073737728,854647,55323,6,8073998,54531,0,3921024,3469,875159040,56650752,7095047,3826681,9,2,0,0,0,70534,125425
1778177088218,2498756608,62226432,815202304,292515840,954843136,1073737728,854647,55323,6,8075657,54531,0,3921024,3469,875159040,56650752,7095245,3826721,9,2,0,0,0,70534,125425
1778177088514,2498756608,62226432,815202304,292515840,954843136,1073737728,854647,55323,6,8077317,54531,0,3921024,3469,875159040,56650752,7096015,3828229,9,2,0,0,0,70534,125425
1778177088810,2498756608,62226432,815202304,292515840,954843136,1073737728,854647,55323,6,8078973,54531,0,3921024,3469,875159040,56650752,7096441,3829393,9,2,0,0,0,70534,125425
1778177089107,2498756608,62226432,815202304,292515840,954843136,1073737728,854647,55323,6,8080629,54531,0,3921024,3469,875159040,56650752,7099803,3830665,9,2,0,0,0,70534,125425
1778177089402,2498756608,62226432,815202304,292515840,954843136,1073737728,854647,55323,6,8082288,54531,0,3921024,3469,875159040,56650752,7100017,3830705,9,2,0,0,0,70534,125425
1778177089699,2498756608,62226432,815202304,292515840,954843136,1073737728,854647,55323,6,8083952,54531,0,3921024,3469,875159040,56650752,7101011,3831409,9,2,0,0,0,70534,125425
1778177089995,2498756608,62226432,815206400,292515840,954843136,1073737728,854647,55323,6,8085610,54531,0,3921025,3469,875159040,56650752,7101405,3831717,9,2,0,0,0,70534,125425
1778177090291,2498756608,62226432,815206400,292515840,954843136,1073737728,854647,55323,6,8087268,54531,0,3921025,3469,875159040,56695808,7101603,3831757,9,2,0,0,0,70534,125425
1778177090587,2498756608,62234624,815206400,292515840,954843136,1073737728,854647,55407,6,8088929,54531,0,3921025,3469,875159040,56736768,7102389,3832381,9,2,0,0,0,70534,125425
1778177090883,2498756608,62234624,815214592,292515840,954843136,1073737728,854647,55407,6,8090588,54531,0,3921025,3469,875159040,56736768,7102603,3832421,9,2,0,0,0,70534,125425
1778177091179,2498756608,62234624,815214592,292515840,954871808,1073737728,854647,55439,6,8092263,54531,0,3921025,3469,875159040,56769536,7102817,3832461,9,2,0,0,0,70534,125431
1778177091475,2498756608,62234624,815214592,292515840,954871808,1073737728,854647,55439,6,8093924,54531,0,3921025,3469,875159040,56769536,7103587,3833969,9,2,0,0,0,70534,125431
1778177091770,2498756608,62234624,815218688,292515840,954871808,1073737728,854647,55439,6,8095582,54531,0,3921025,3469,875159040,56769536,7104013,3835133,9,2,0,0,0,70534,125431
1778177092065,2498756608,62234624,815218688,292515840,954871808,1073737728,854647,55439,6,8097239,54531,0,3921025,3469,875159040,56769536,7107375,3836405,9,2,0,0,0,70534,125431
1778177092360,2498756608,62234624,815218688,292515840,954871808,1073737728,854647,55439,6,8098897,54531,0,3921025,3469,875159040,56769536,7107573,3836445,9,2,0,0,0,70534,125431
1778177092655,2498756608,62234624,815222784,292515840,954871808,1073737728,854647,55439,6,8100559,54531,0,3921025,3469,875159040,56769536,7108583,3837149,9,2,0,0,0,70534,125431
1778177092951,2498756608,62234624,815222784,292515840,954871808,1073737728,854647,55439,6,8102218,54531,0,3921025,3469,875159040,56769536,7108875,3837281,9,2,0,0,0,70534,125431
1778177093244,2498756608,62234624,815222784,292515840,954871808,1073737728,854647,55439,6,8103875,54531,0,3921025,3469,875159040,56769536,7109073,3837321,9,2,0,0,0,70534,125431
1778177093540,2498756608,62234624,815222784,292515840,954871808,1073737728,854647,55439,6,8105537,54531,0,3921025,3469,875159040,56769536,7109843,3837945,9,2,0,0,0,70534,125431
1778177093833,2498756608,62234624,815226880,292515840,954871808,1073737728,854647,55439,6,8107193,54531,0,3921025,3469,875159040,56769536,7110057,3837985,9,2,0,0,0,70534,125431
1778177094128,2498756608,62234624,815226880,292515840,954871808,1073737728,854647,55439,6,8108855,54531,0,3921025,3469,875159040,56769536,7110255,3838025,9,2,0,0,0,70534,125431
1778177094424,2498756608,62234624,815226880,292515840,954871808,1073737728,854647,55439,6,8110514,54531,0,3921025,3469,875159040,56769536,7110469,3838065,9,2,0,0,0,70534,125431
1778177094720,2498756608,62234624,815226880,292515840,954871808,1073737728,854647,55439,6,8112181,54531,0,3921025,3469,875159040,56769536,7111467,3839773,9,2,0,0,0,70534,125431
1778177095015,2498756608,62234624,815226880,292515840,954871808,1073737728,854647,55439,6,8113838,54531,0,3921025,3469,875159040,56769536,7114829,3841969,9,2,0,0,0,70534,125431
1778177095311,2498756608,62234624,815226880,292515840,954871808,1073737728,854647,55439,6,8115497,54531,0,3921025,3469,875159040,56769536,7115145,3842009,9,2,0,0,0,70534,125431
1778177095607,2498756608,62242816,815226880,292536320,954912768,1073737728,854647,55475,6,8117160,54531,0,3921025,3469,875159040,56806400,7116241,3842849,9,2,0,0,0,70539,125441
1778177095903,2498756608,62242816,815230976,292536320,954912768,1073737728,854647,55475,6,8118823,54531,0,3921025,3469,875159040,56806400,7116549,3843021,9,2,0,0,0,70539,125441
1778177096199,2498756608,62242816,815230976,292552704,954941440,1073737728,854647,55495,6,8120484,54531,0,3921025,3469,875159040,56826880,7116747,3843061,9,2,0,0,0,70543,125447
1778177096494,2498756608,62242816,815230976,292552704,954941440,1073737728,854647,55495,6,8122146,54531,0,3921025,3469,875159040,56826880,7117533,3843645,9,2,0,0,0,70543,125447
1778177096792,2498756608,62242816,815235072,292552704,954941440,1073737728,854647,55495,6,8123806,54531,0,3921025,3469,875159040,56826880,7117747,3843725,9,2,0,0,0,70543,125447
1778177097089,2498756608,62242816,815235072,292552704,954941440,1073737728,854647,55495,6,8125481,54531,0,3921025,3469,875159040,56826880,7117961,3843765,9,2,0,0,0,70543,125447
1778177097384,2498756608,62242816,815235072,292552704,954941440,1073737728,854647,55495,6,8127139,54531,0,3921025,3469,875159040,56826880,7118159,3843805,9,2,0,0,0,70543,125447
1778177097678,2498498560,62242816,815235072,292552704,954941440,1073737728,854647,55495,6,8128799,54531,0,3921050,3469,875159040,56826880,7119157,3845473,9,2,0,0,0,70543,125447
1778177097975,2498498560,62242816,815235072,292552704,955002880,1073737728,854647,55495,6,8130458,54531,0,3921050,3469,875159040,56826880,7122519,3847669,9,2,0,0,0,70543,125447
1778177098270,2498498560,62242816,815235072,292552704,955002880,1073737728,854647,55495,6,8132117,54531,0,3921050,3469,875159040,56826880,7122819,3847749,9,2,0,0,0,70543,125447
1778177098565,2498498560,62242816,815235072,292552704,955002880,1073737728,854647,55495,6,8133778,54531,0,3921050,3469,875159040,56826880,7123711,3848453,9,2,0,0,0,70543,125447
1778177098862,2498498560,62242816,815239168,292552704,955002880,1073737728,854647,55495,6,8135437,54531,0,3921050,3469,875159040,56826880,7124019,3848585,9,2,0,0,0,70543,125447
1778177099158,2498498560,62242816,815239168,292552704,955002880,1073737728,854647,55495,6,8137094,54531,0,3921050,3469,875159040,56826880,7124217,3848625,9,2,0,0,0,70543,125447
1778177099451,2498498560,62242816,815239168,292552704,955002880,1073737728,854647,55495,6,8138755,54531,0,3921050,3469,875159040,56826880,7125003,3849209,9,2,0,0,0,70543,125447
1778177099742,2498498560,62242816,815239168,292552704,955002880,1073737728,854647,55495,6,8140417,54531,0,3921050,3469,875159040,56826880,7125217,3849289,9,2,0,0,0,70543,125447
1778177100036,2498498560,62242816,815239168,292552704,955002880,1073737728,854647,55495,6,8142079,54531,0,3921050,3469,875159040,56826880,7125457,3849357,9,2,0,0,0,70543,125447
1778177100332,2498498560,62242816,815239168,292552704,955002880,1073737728,854647,55495,6,8143739,54531,0,3921050,3469,875159040,56826880,7125671,3849397,9,2,0,0,0,70543,125447
1778177100627,2498498560,62251008,815235072,292552704,955002880,1073737728,854647,55531,6,8145402,54531,0,3921050,3469,875159040,56863744,7126653,3851065,9,2,0,0,0,70543,125447
1778177100923,2498498560,62251008,815243264,292552704,955002880,1073737728,854647,55559,6,8147063,54531,0,3921050,3469,875159040,56892416,7130133,3853437,9,2,0,0,0,70543,125447
1778177101219,2498498560,62251008,815243264,292552704,955002880,1073737728,854647,55559,6,8148724,54531,0,3921050,3469,875159040,56892416,7130331,3853477,9,2,0,0,0,70543,125447
1778177101515,2498498560,62251008,815247360,292552704,955002880,1073737728,854647,55559,6,8150390,54531,0,3921050,3469,875159040,56916992,7131219,3854141,9,2,0,0,0,70543,125447
1778177101811,2498498560,62251008,815247360,292560896,955011072,1073737728,854647,55583,6,8152056,54531,0,3921050,3469,875159040,56916992,7131721,3854301,9,2,0,0,0,70545,125449
1778177102108,2498498560,62251008,815247360,292560896,955011072,1073737728,854647,55583,6,8153718,54531,0,3921050,3469,875159040,56916992,7132029,3854433,9,2,0,0,0,70545,125449
1778177102404,2498498560,62251008,815247360,292560896,955011072,1073737728,854647,55583,6,8155378,54531,0,3921050,3469,875159040,56916992,7132243,3854473,9,2,0,0,0,70545,125449
1778177102700,2498498560,62251008,815247360,292560896,955011072,1073737728,854647,55583,6,8157040,54531,0,3921050,3469,875159040,56916992,7133029,3855057,9,2,0,0,0,70545,125449
1778177102994,2498498560,62251008,815251456,292560896,955011072,1073737728,854647,55583,6,8158715,54531,0,3921050,3469,875159040,56916992,7133227,3855097,9,2,0,0,0,70545,125449
1778177103290,2498498560,62251008,815251456,292560896,955011072,1073737728,854647,55583,6,8160376,54531,0,3921050,3469,875159040,56916992,7133425,3855137,9,2,0,0,0,70545,125449
1778177103587,2498498560,62251008,815251456,292560896,955011072,1073737728,854647,55583,6,8162038,54531,0,3921050,3469,875159040,56916992,7134407,3856845,9,2,0,0,0,70545,125449
1778177103883,2498498560,62251008,815251456,292560896,955011072,1073737728,854647,55583,6,8163699,54531,0,3921050,3469,875159040,56916992,7136203,3858425,9,2,0,0,0,70545,125449
1778177104178,2498498560,62251008,815251456,292560896,955011072,1073737728,854647,55583,6,8165360,54531,0,3921050,3469,875159040,56916992,7137983,3859081,9,2,0,0,0,70545,125449
1778177104471,2498240512,62251008,815263744,292560896,955011072,1073737728,854647,55583,6,8167025,54531,0,3921050,3469,875159040,56916992,7138887,3859705,9,2,0,0,0,70545,125449
1778177104766,2498240512,62251008,815263744,292560896,955011072,1073737728,854647,55583,6,8168689,54531,0,3921050,3469,875159040,56916992,7139207,3859865,9,2,0,0,0,70545,125449
1778177105062,2498240512,62251008,815263744,292560896,955011072,1073737728,854647,55583,6,8170353,54531,0,3921050,3469,875159040,56916992,7139499,3859997,9,2,0,0,0,70545,125449
1778177105358,2498240512,62251008,815263744,292560896,955011072,1073737728,854647,55583,6,8172022,54531,0,3921050,3469,875159040,56916992,7139697,3860037,9,2,0,0,0,70545,125449
1778177105655,2498240512,62259200,815255552,292560896,955011072,1073737728,854647,55619,6,8173687,54531,0,3921050,3469,875159040,56953856,7140483,3860621,9,2,0,0,0,70545,125449
1778177105950,2498240512,62259200,815263744,292560896,955011072,1073737728,854647,55619,6,8175351,54531,0,3921050,3469,875159040,56953856,7140681,3860661,9,2,0,0,0,70545,125449
1778177106242,2498240512,62259200,815263744,292560896,955011072,1073737728,854647,55619,6,8177016,54531,0,3921050,3469,875159040,56953856,7140879,3860701,9,2,0,0,0,70545,125449
1778177106539,2498240512,62259200,815263744,292560896,955011072,1073737728,854647,55619,6,8178686,54531,0,3921050,3469,875159040,56953856,7141963,3862545,9,2,0,0,0,70545,125449
1778177106831,2498240512,62259200,815267840,292560896,955011072,1073737728,854647,55619,6,8180348,54531,0,3921050,3469,875159040,56986624,7143759,3864125,9,2,0,0,0,70545,125449
1778177107127,2498240512,62259200,815267840,292560896,955011072,1073737728,854647,55651,6,8182010,54531,0,3921050,3469,875159040,56986624,7145539,3864781,9,2,0,0,0,70545,125449
1778177107423,2498240512,62259200,815267840,292560896,955011072,1073737728,854647,55651,6,8183673,54531,0,3921050,3469,875159040,56986624,7145855,3864821,9,2,0,0,0,70545,125449
1778177107719,2498240512,62259200,815267840,292560896,955011072,1073737728,854647,55651,6,8185336,54531,0,3921050,3469,875159040,56986624,7146747,3865565,9,2,0,0,0,70545,125449
1778177108016,2498240512,62259200,815271936,292560896,955064320,1073737728,854647,55651,6,8186995,54531,0,3921050,3469,875159040,56986624,7147039,3865697,9,2,0,0,0,70545,125453
1778177108311,2498240512,62259200,815271936,292569088,955072512,1073737728,854647,55651,6,8188663,54531,0,3921050,3469,875159040,56986624,7149213,3867629,9,2,0,0,0,70547,125455
1778177108607,2498240512,62259200,815271936,292569088,955072512,1073737728,854647,55651,6,8190326,54531,0,3921050,3469,875159040,56986624,7150101,3868253,9,2,0,0,0,70547,125455
1778177108898,2498240512,62259200,815276032,292569088,955072512,1073737728,854647,55651,6,8192001,54531,0,3921050,3469,875159040,56986624,7150299,3868293,9,2,0,0,0,70547,125455
1778177109192,2498240512,62259200,815276032,292569088,955072512,1073737728,854647,55651,6,8193661,54531,0,3921050,3469,875159040,56986624,7150497,3868333,9,2,0,0,0,70547,125455
1778177109488,2498240512,62259200,815276032,292569088,955072512,1073737728,854647,55651,6,8195325,54531,0,3921050,3469,875159040,56986624,7151267,3869841,9,2,0,0,0,70547,125455
1778177109784,2498240512,62259200,815276032,292569088,955072512,1073737728,854647,55651,6,8196988,54531,0,3921050,3469,875159040,56986624,7151693,3871005,9,2,0,0,0,70547,125455
1778177110080,2498240512,62259200,815280128,292569088,955072512,1073737728,854647,55651,6,8198651,54531,0,3921050,3469,875159040,56986624,7155071,3872277,9,2,0,0,0,70547,125455
1778177110375,2498240512,62259200,815280128,292569088,955072512,1073737728,854647,55651,6,8200312,54531,0,3921050,3469,875159040,56986624,7155269,3872317,9,2,0,0,0,70547,125455
1778177110667,2498240512,62259200,815280128,292569088,955072512,1073737728,854647,55651,6,8201976,54531,0,3921050,3469,875159040,57023488,7156279,3873021,9,2,0,0,0,70547,125455
1778177110963,2498240512,62267392,815280128,292569088,955076608,1073737728,854647,55719,6,8203642,54531,0,3921050,3469,875159040,57056256,7156587,3873153,9,2,0,0,0,70547,125456
1778177111257,2498240512,62267392,815280128,292569088,955076608,1073737728,854647,55719,6,8205311,54531,0,3921050,3469,875159040,57056256,7156785,3873193,9,2,0,0,0,70547,125456
1778177111554,2498240512,62267392,815280128,292569088,955076608,1073737728,854647,55719,6,8206988,54531,0,3921050,3469,875159040,57056256,7157555,3873817,9,2,0,0,0,70547,125456
1778177111846,2498240512,62267392,815280128,292569088,955076608,1073737728,854647,55719,6,8208650,54531,0,3921050,3469,875159040,57056256,7157871,3873993,9,2,0,0,0,70547,125456
1778177112143,2498240512,62267392,815280128,292569088,955076608,1073737728,854647,55743,6,8210312,54531,0,3921050,3469,875159040,57080832,7158069,3874033,9,2,0,0,0,70547,125456
1778177112436,2498240512,62267392,815280128,292569088,955076608,1073737728,854647,55743,6,8211970,54531,0,3921050,3469,875159040,57080832,7158267,3874073,9,2,0,0,0,70547,125456
1778177112732,2498240512,62267392,815280128,292569088,955076608,1073737728,854647,55743,6,8213633,54531,0,3921050,3469,875159040,57080832,7159265,3875781,9,2,0,0,0,70547,125456
1778177113028,2498240512,62267392,815284224,292573184,955084800,1073737728,854647,55743,6,8215293,54531,0,3921050,3469,875159040,57080832,7162627,3877977,9,2,0,0,0,70548,125458
1778177113323,2498240512,62267392,815284224,292573184,955084800,1073737728,854647,55743,6,8216958,54531,0,3921050,3469,875159040,57080832,7162883,3878045,9,2,0,0,0,70548,125458
1778177113619,2498240512,62267392,815284224,292573184,955084800,1073737728,854647,55743,6,8218620,54531,0,3921050,3469,875159040,57080832,7163877,3878709,9,2,0,0,0,70548,125458
1778177113915,2498240512,62267392,815288320,292573184,955084800,1073737728,854647,55743,6,8220278,54531,0,3921050,3469,875159040,57080832,7164185,3878881,9,2,0,0,0,70548,125458
1778177114211,2498240512,62267392,815288320,292573184,955084800,1073737728,854647,55743,6,8221942,54531,0,3921050,3469,875159040,57080832,7164383,3878921,9,2,0,0,0,70548,125458
1778177114507,2498240512,62267392,815288320,292573184,955084800,1073737728,854647,55743,6,8223604,54531,0,3921050,3469,875159040,57080832,7165153,3879545,9,2,0,0,0,70548,125458
1778177114802,2498240512,62267392,815292416,292573184,955084800,1073737728,854647,55743,6,8225264,54531,0,3921050,3469,875159040,57080832,7165367,3879585,9,2,0,0,0,70548,125458
1778177115099,2498240512,62267392,815292416,292573184,955084800,1073737728,854647,55743,6,8226963,54531,0,3921050,3469,875159040,57080832,7165565,3879973,9,2,0,0,0,70548,125458
1778177115395,2498240512,62267392,815292416,292573184,955084800,1073737728,854647,55743,6,8228623,54531,0,3921050,3469,875159040,57080832,7165779,3880245,9,2,0,0,0,70548,125458
1778177115691,2498240512,62267392,815292416,292573184,955084800,1073737728,854647,55743,6,8230286,54531,0,3921050,3469,875159040,57080832,7166777,3881913,9,2,0,0,0,70548,125458
1778177115987,2498240512,62275584,815288320,292573184,955084800,1073737728,854647,55779,6,8231954,54531,0,3921050,3469,875159040,57117696,7170139,3884109,9,2,0,0,0,70548,125458
1778177116283,2498240512,62275584,815288320,292573184,955084800,1073737728,854647,55779,6,8233616,54531,0,3921050,3469,875159040,57117696,7170439,3884149,9,2,0,0,0,70548,125458
1778177116579,2498240512,62275584,815288320,292573184,955084800,1073737728,854647,55779,6,8235279,54531,0,3921050,3469,875159040,57117696,7171331,3884853,9,2,0,0,0,70548,125458
1778177116875,2498240512,62275584,815296512,292573184,955084800,1073737728,854647,55779,6,8236948,54531,0,3921050,3469,875159040,57117696,7171757,3884985,9,2,0,0,0,70548,125458
1778177117171,2498240512,62275584,815296512,292581376,955097088,1073737728,854647,55799,6,8238613,54531,0,3921050,3469,875159040,57138176,7171955,3885025,9,2,0,0,0,70550,125461
1778177117466,2498240512,62275584,815296512,292581376,955097088,1073737728,854647,55799,6,8240283,54531,0,3921050,3469,875159040,57138176,7172827,3885785,9,2,0,0,0,70550,125461
1778177117755,2498240512,62275584,815296512,292581376,955097088,1073737728,854647,55799,6,8241945,54531,0,3921050,3469,875159040,57138176,7173041,3885865,9,2,0,0,0,70550,125461
1778177118048,2498240512,62275584,815308800,292581376,955097088,1073737728,854647,55799,6,8243607,54531,0,3921050,3469,875159040,57138176,7173239,3885905,9,2,0,0,0,70550,125461
1778177118343,2498240512,62275584,815308800,292581376,955097088,1073737728,854647,55799,6,8245272,54531,0,3921050,3469,875159040,57138176,7173453,3885945,9,2,0,0,0,70550,125461
1778177118637,2498240512,62275584,815308800,292581376,955097088,1073737728,854647,55799,6,8246945,54531,0,3921051,3469,875159040,57138176,7174435,3887613,9,2,0,0,0,70550,125461
1778177118932,2498240512,62275584,815308800,292581376,955097088,1073737728,854647,55799,6,8248607,54531,0,3921051,3469,875159040,57138176,7177813,3889809,9,2,0,0,0,70550,125461
1778177119228,2498240512,62275584,815308800,292581376,955097088,1073737728,854647,55799,6,8250267,54531,0,3921051,3469,875159040,57138176,7178129,3889849,9,2,0,0,0,70550,125461
1778177119522,2498240512,62275584,815308800,292581376,955097088,1073737728,854647,55799,6,8251929,54531,0,3921051,3469,875159040,57138176,7178899,3890513,9,2,0,0,0,70550,125461
1778177119818,2498240512,62275584,815312896,292581376,955097088,1073737728,854647,55799,6,8253589,54531,0,3921051,3469,875159040,57138176,7179219,3890633,9,2,0,0,0,70550,125461
1778177120114,2498240512,62275584,815312896,292581376,955097088,1073737728,854647,55799,6,8255250,54531,0,3921051,3469,875159040,57138176,7179511,3890765,9,2,0,0,0,70550,125461
1778177120411,2498240512,62275584,815312896,292581376,955097088,1073737728,854647,55799,6,8256909,54531,0,3921051,3469,875159040,57138176,7179709,3890805,9,2,0,0,0,70550,125461
1778177120708,2498240512,62275584,815312896,292581376,955097088,1073737728,854647,55799,6,8258572,54531,0,3921051,3469,875159040,57138176,7180495,3891429,9,2,0,0,0,70550,125461
1778177121004,2498240512,62283776,815304704,292581376,955105280,1073737728,854647,55859,6,8260251,54531,0,3921051,3469,875159040,57199616,7180693,3891469,9,2,0,0,0,70550,125463
1778177121299,2498240512,62283776,815304704,292581376,955105280,1073737728,854647,55859,6,8261913,54531,0,3921051,3469,875159040,57199616,7180891,3891509,9,2,0,0,0,70550,125463
1778177121595,2498240512,62283776,815304704,292581376,955105280,1073737728,854647,55859,6,8263574,54531,0,3921051,3469,875159040,57199616,7181873,3893217,9,2,0,0,0,70550,125463
1778177121891,2498240512,62283776,815316992,292581376,955105280,1073737728,854647,55859,6,8265231,54531,0,3921051,3469,875159040,57199616,7183669,3894797,9,2,0,0,0,70550,125463
1778177122187,2498240512,62283776,815316992,292581376,955105280,1073737728,854647,55859,6,8266892,54531,0,3921051,3469,875159040,57199616,7185449,3895453,9,2,0,0,0,70550,125463
1778177122482,2498240512,62283776,815321088,292581376,955105280,1073737728,854647,55859,6,8268557,54531,0,3921051,3469,875159040,57236480,7186353,3896077,9,2,0,0,0,70550,125463
1778177122778,2498240512,62283776,815321088,292589568,955105280,1073737728,854647,55895,6,8270221,54531,0,3921051,3469,875159040,57236480,7186759,3896373,9,2,0,0,0,70552,125463
1778177123072,2498240512,62283776,815321088,292589568,955105280,1073737728,854647,55895,6,8271882,54531,0,3921051,3469,875159040,57236480,7187051,3896505,9,2,0,0,0,70552,125463
1778177123368,2498240512,62283776,815321088,292589568,955105280,1073737728,854647,55895,6,8273543,54531,0,3921051,3469,875159040,57236480,7187265,3896545,9,2,0,0,0,70552,125463
1778177123665,2498240512,62283776,815321088,292589568,955105280,1073737728,854647,55895,6,8275205,54531,0,3921051,3469,875159040,57236480,7188051,3897129,9,2,0,0,0,70552,125463
1778177123960,2498240512,62283776,815325184,292589568,955105280,1073737728,854647,55895,6,8276872,54531,0,3921051,3469,875159040,57236480,7188249,3897169,9,2,0,0,0,70552,125463
1778177124254,2498240512,62283776,815325184,292589568,955105280,1073737728,854647,55895,6,8278543,54531,0,3921051,3469,875159040,57236480,7188447,3897209,9,2,0,0,0,70552,125463
1778177124550,2498240512,62283776,815325184,292589568,955105280,1073737728,854647,55895,6,8280213,54531,0,3921051,3469,875159040,57236480,7189429,3898917,9,2,0,0,0,70552,125463
1778177124843,2498240512,62283776,815325184,292589568,955105280,1073737728,854647,55895,6,8281883,54531,0,3921051,3469,875159040,57236480,7191225,3900809,9,2,0,0,0,70552,125463
1778177125139,2498240512,62283776,815325184,292589568,955105280,1073737728,854647,55895,6,8283547,54531,0,3921051,3469,875159040,57236480,7193005,3902465,9,2,0,0,0,70552,125463
1778177125435,2498240512,62283776,815325184,292589568,955105280,1073737728,854647,55895,6,8285211,54531,0,3921051,3469,875159040,57236480,7193519,3902465,9,2,0,0,0,70552,125463
1778177125731,2498240512,62283776,815325184,292589568,955105280,1073737728,854647,55895,6,8286874,54531,0,3921051,3469,875159040,57236480,7193925,3902465,9,2,0,0,0,70552,125463
1778177126027,2498240512,62291968,815321088,292589568,955105280,1073737728,854647,55935,6,8288535,54531,0,3921051,3469,875159040,57277440,7194425,3902569,9,2,0,0,0,70552,125463
1778177126322,2498240512,62291968,815321088,292589568,955105280,1073737728,854647,55935,6,8290193,54531,0,3921051,3469,875159040,57277440,7194425,3902569,9,2,0,0,0,70552,125463
1778177126618,2498240512,62291968,815321088,292589568,955105280,1073737728,854647,55935,6,8291853,54531,0,3921051,3469,875159040,57277440,7194425,3902569,9,2,0,0,0,70552,125463
1778177126915,2498240512,62291968,815333376,292589568,955105280,1073737728,854647,55935,6,8293531,54531,0,3921051,3469,875159040,57277440,7194425,3928985,9,2,0,0,0,70552,125463
1778177127211,2498240512,62291968,815333376,292589568,955105280,1073737728,854647,55935,6,8295192,54531,0,3921051,3469,875159040,57277440,7194831,3928985,9,2,0,0,0,70552,125463
1778177127507,2498240512,62291968,815333376,292589568,955105280,1073737728,854647,55935,6,8296850,54531,0,3921051,3469,875159040,57277440,7194831,3928985,9,2,0,0,0,70552,125463
1778177127803,2498240512,62291968,815337472,292593664,955142144,1073737728,854647,55955,6,8298512,54532,0,3921051,3469,875159040,57297920,7194831,3929089,9,2,0,0,0,70553,125471
1778177128098,2498240512,62291968,815337472,292593664,955142144,1073737728,854647,55955,6,8300172,54532,0,3921051,3469,875159040,57297920,7197995,3930321,9,2,0,0,0,70553,125471
1778177128394,2498240512,62291968,815337472,292593664,955142144,1073737728,854647,55955,6,8301832,54532,0,3921051,3469,875159040,57297920,7197995,3930321,9,2,0,0,0,70553,125471
1778177128690,2498240512,62291968,815337472,292593664,955142144,1073737728,854647,55955,6,8303497,54532,0,3921051,3469,875159040,57297920,7197995,3930321,9,2,0,0,0,70553,125471
1778177128987,2498240512,62291968,815337472,292593664,955142144,1073737728,854647,55955,6,8305159,54532,0,3921051,3469,875159040,57297920,7198089,3930321,9,2,0,0,0,70553,125471
1778177129282,2498240512,62291968,815337472,292593664,955142144,1073737728,854647,55955,6,8306820,54532,0,3921051,3469,875159040,57297920,7198495,3930321,9,2,0,0,0,70553,125471
1778177129580,2498240512,62291968,815337472,292593664,955142144,1073737728,854647,55955,6,8308572,54532,0,3921051,3469,875159040,57297920,7198495,3941033,9,2,0,0,0,70553,125471
1778177129875,2498240512,62291968,815341568,292593664,955142144,1073737728,854647,55955,6,8310237,54532,0,3921051,3469,875159040,57297920,7198495,3941033,9,2,0,0,0,70553,125471
1778177130171,2498240512,62291968,815341568,292593664,955142144,1073737728,854647,55955,6,8311903,54532,0,3921051,3469,875159040,57297920,7198495,3941033,9,2,0,0,0,70553,125471
1778177130462,2498240512,62291968,815341568,292593664,955142144,1073737728,854647,55955,6,8313678,54532,0,3921051,3469,875159040,57297920,7198495,3979825,9,2,0,0,0,70553,125471
1778177130759,2498240512,62291968,815341568,292593664,955142144,1073737728,854647,55955,6,8315347,54532,0,3921051,3469,875159040,57297920,7198495,3979825,9,2,0,0,0,70553,125471
1778177131052,2498240512,62300160,815341568,292593664,955142144,1073737728,854647,56011,6,8317017,54532,0,3921051,3469,875159040,57355264,7201659,3981057,9,2,0,0,0,70553,125471
1778177131348,2498240512,62300160,815345664,292593664,955142144,1073737728,854647,56011,6,8318783,54532,0,3921051,3469,875159040,57355264,7201659,3995097,9,2,0,0,0,70553,125471
1778177131644,2498240512,62300160,815345664,292593664,955142144,1073737728,854647,56011,6,8320443,54532,0,3921051,3469,875159040,57355264,7201659,3995097,9,2,0,0,0,70553,125471
1778177131940,2498240512,62300160,815357952,292593664,955142144,1073737728,854647,56011,6,8322108,54532,0,3921051,3469,875159040,57355264,7201753,3995097,9,2,0,0,0,70553,125471
1778177132237,2498240512,62300160,815357952,292593664,955142144,1073737728,854647,56011,6,8323882,54532,0,3921051,3469,875159040,57355264,7201753,4007577,9,2,0,0,0,70553,125471
1778177132532,2498240512,62300160,815357952,292593664,955142144,1073737728,854647,56011,6,8325543,54532,0,3921051,3469,875159040,57355264,7201753,4007577,9,2,0,0,0,70553,125471
1778177132827,2498240512,62300160,815357952,292593664,955142144,1073737728,854647,56047,6,8327203,54532,0,3921051,3469,875159040,57392128,7201753,4007577,9,2,0,0,0,70553,125471
1778177133122,2498240512,62300160,815362048,292593664,955154432,1073737728,854647,56047,6,8328997,54532,0,3921051,3469,875159040,57392128,7201753,4021721,9,2,0,0,0,70553,125474
1778177133418,2498240512,62300160,815362048,292593664,955154432,1073737728,854647,56047,6,8330655,54532,0,3921051,3469,875159040,57392128,7202159,4021721,9,2,0,0,0,70553,125474
1778177133715,2498240512,62300160,815362048,292593664,955154432,1073737728,854647,56047,6,8332316,54532,0,3921051,3469,875159040,57392128,7202159,4021721,9,2,0,0,0,70553,125474
1778177134013,2497986560,62300160,815362048,292593664,955154432,1073737728,854647,56047,6,8334118,54532,0,3921105,3469,875159040,57392128,7205323,4061745,9,2,0,0,0,70553,125474
1778177134310,2497986560,62300160,815362048,292593664,955154432,1073737728,854647,56047,6,8335777,54532,0,3921105,3469,875159040,57392128,7205323,4061745,9,2,0,0,0,70553,125474
1778177134606,2497986560,62300160,815362048,292593664,955154432,1073737728,854647,56047,6,8337437,54532,0,3921105,3469,875159040,57392128,7205323,4061745,9,2,0,0,0,70553,125474
1778177134905,2497986560,62300160,815366144,292593664,955154432,1073737728,854647,56047,6,8339222,54532,0,3921105,3469,875159040,57392128,7205323,4075889,9,2,0,0,0,70553,125474
1778177135200,2497986560,62300160,815366144,292593664,955154432,1073737728,854647,56047,6,8340880,54532,0,3921105,3469,875159040,57392128,7205323,4075889,9,2,0,0,0,70553,125474
1778177135495,2497986560,62300160,815366144,292593664,955154432,1073737728,854647,56047,6,8342538,54532,0,3921105,3469,875159040,57392128,7205323,4075889,9,2,0,0,0,70553,125474
1778177135790,2497986560,62300160,815366144,292593664,955154432,1073737728,854647,56047,6,8344310,54532,0,3921105,3469,875159040,57392128,7205323,4088369,9,2,0,0,0,70553,125474
1778177136086,2497986560,62308352,815357952,292593664,955154432,1073737728,854647,56103,6,8345972,54532,0,3921105,3469,875159040,57449472,7205323,4088369,9,2,0,0,0,70553,125474
1778177136383,2497986560,62308352,815357952,292593664,955154432,1073737728,854647,56103,6,8347634,54532,0,3921105,3469,875159040,57449472,7205323,4088369,9,2,0,0,0,70553,125474
1778177136676,2497986560,62308352,815357952,292593664,955154432,1073737728,854647,56103,6,8349429,54532,0,3921105,3469,875159040,57449472,7205323,4102513,9,2,0,0,0,70553,125474
1778177136972,2497986560,62308352,815370240,292593664,955154432,1073737728,854647,56103,6,8351090,54532,0,3921105,3469,875159040,57449472,7208487,4103745,9,2,0,0,0,70553,125474
1778177137265,2497986560,62308352,815370240,292593664,955154432,1073737728,854647,56103,6,8352747,54532,0,3921105,3469,875159040,57449472,7208487,4103745,9,2,0,0,0,70553,125474
1778177137563,2497986560,62308352,815370240,292593664,955154432,1073737728,854647,56103,6,8354526,54532,0,3921105,3469,875159040,57449472,7208487,4142537,9,2,0,0,0,70553,125474
1778177137858,2497986560,62308352,815374336,292593664,955154432,1073737728,854647,56103,6,8356186,54532,0,3921105,3469,875159040,57449472,7208487,4142537,9,2,0,0,0,70553,125474
1778177138155,2497986560,62308352,815374336,292593664,955158528,1073737728,854647,56123,6,8357845,54532,0,3921105,3469,875159040,57469952,7208487,4142641,9,2,0,0,0,70553,125475
1778177138448,2497986560,62308352,815374336,292593664,955158528,1073737728,854647,56123,6,8359617,54532,0,3921105,3469,875159040,57469952,7208487,4155949,9,2,0,0,0,70553,125475
1778177138744,2497986560,62308352,815378432,292593664,955158528,1073737728,854647,56123,6,8361274,54532,0,3921105,3469,875159040,57469952,7208487,4155949,9,2,0,0,0,70553,125475
1778177139037,2497986560,62308352,815378432,292597760,955166720,1073737728,854647,56131,6,8362948,54532,0,3921105,3469,875159040,57478144,7208487,4155949,9,2,0,0,0,70554,125477
1778177139334,2497986560,62308352,815378432,292597760,955166720,1073737728,854647,56131,6,8364614,54532,0,3921105,3469,875159040,57478144,7208487,4156989,9,2,0,0,0,70554,125477
1778177139630,2497986560,62308352,815378432,292597760,955166720,1073737728,854647,56131,6,8366270,54532,0,3921105,3469,875159040,57478144,7208487,4156989,9,2,0,0,0,70554,125477
1778177139927,2497986560,62308352,815378432,292597760,955166720,1073737728,854647,56131,6,8367929,54532,0,3921105,3469,875159040,57478144,7211651,4158221,9,2,0,0,0,70554,125477
1778177140224,2497986560,62308352,815378432,292597760,955166720,1073737728,854647,56131,6,8369697,54532,0,3921105,3469,875159040,57478144,7211651,4170805,9,2,0,0,0,70554,125477
1778177140519,2497986560,62308352,815382528,292597760,955166720,1073737728,854647,56131,6,8371359,54532,0,3921105,3469,875159040,57478144,7211651,4170805,9,2,0,0,0,70554,125477
1778177140815,2497986560,62308352,815382528,292597760,955166720,1073737728,854647,56131,6,8373190,54532,0,3921105,3469,875159040,57478144,7211651,4188797,9,2,0,0,0,70554,125477
1778177141106,2497986560,62316544,815382528,292597760,955183104,1073737728,854647,56227,6,8375115,54532,0,3921129,3469,875159040,57576448,7211651,4205021,9,2,0,0,0,70554,125481
1778177141400,2497986560,62316544,815382528,292597760,955183104,1073737728,854647,56227,6,8377028,54532,0,3921129,3469,875159040,57576448,7211651,4205021,9,2,0,0,0,70554,125481
1778177141694,2497986560,62316544,815382528,292597760,955183104,1073737728,854647,56227,6,8378940,54532,0,3921129,3469,875159040,57576448,7212057,4205021,9,2,0,0,0,70554,125481
1778177141989,2497986560,62316544,815390720,292597760,955183104,1073737728,854647,56227,6,8381018,54532,0,3921129,3469,875159040,57576448,7212099,4223741,9,2,0,0,0,70554,125481
1778177142282,2497986560,62316544,815394816,292597760,955183104,1073737728,854647,56227,6,8382931,54532,0,3921129,3469,875159040,57576448,7212099,4223741,9,2,0,0,0,70554,125481
1778177142577,2497986560,62316544,815394816,292597760,955183104,1073737728,854647,56227,6,8384842,54532,0,3921129,3469,875159040,57576448,7212099,4223741,9,2,0,0,0,70554,125481
1778177142871,2497986560,62316544,815394816,292597760,955183104,1073737728,854647,56227,6,8386799,54532,0,3921129,3469,875159040,57576448,7213681,4232157,9,2,0,0,0,70554,125481
1778177143165,2497986560,62316544,815394816,292597760,955183104,1073737728,854647,56227,6,8388713,54532,0,3921129,3469,875159040,57576448,7215305,4232773,9,2,0,0,0,70554,125481
1778177143459,2497986560,62316544,815394816,292597760,955183104,1073737728,854647,56227,6,8390627,54532,0,3921129,3469,875159040,57596928,7215305,4232773,9,2,0,0,0,70554,125481
1778177143753,2497986560,62316544,815394816,292597760,955183104,1073737728,854647,56247,6,8392685,54532,0,3921129,3469,875159040,57596928,7215305,4251597,9,2,0,0,0,70554,125481
1778177144046,2497986560,62316544,815394816,292597760,955183104,1073737728,854647,56247,6,8394607,54532,0,3921129,3469,875159040,57596928,7215347,4251597,9,2,0,0,0,70554,125481
1778177144341,2497986560,62316544,815398912,292597760,955183104,1073737728,854647,56247,6,8396519,54532,0,3921129,3469,875159040,57596928,7215347,4251597,9,2,0,0,0,70554,125481
1778177144632,2497986560,62316544,815398912,292597760,955183104,1073737728,854647,56247,6,8398510,54532,0,3921129,3469,875159040,57596928,7220137,4288393,9,2,0,0,0,70554,125481
1778177144926,2497986560,62316544,815398912,292597760,955183104,1073737728,854647,56247,6,8400439,54532,0,3921129,3469,875159040,57596928,7220773,4288393,9,2,0,0,0,70554,125481
1778177145221,2497986560,62316544,815407104,292597760,955183104,1073737728,854647,56247,6,8402352,54532,0,3921129,3469,875159040,57596928,7221409,4288393,9,2,0,0,0,70554,125481
1778177145515,2497986560,62316544,815407104,292597760,955183104,1073737728,854647,56247,6,8404432,54532,0,3921129,3469,875159040,57596928,7222139,4308009,9,2,0,0,0,70554,125481
1778177145810,2497986560,62316544,815411200,292597760,955183104,1073737728,854647,56247,6,8406345,54532,0,3921129,3469,875159040,57596928,7222139,4308009,9,2,0,0,0,70554,125481
1778177146104,2497986560,62316544,815411200,292597760,955203584,1073737728,854647,56263,6,8408260,54532,0,3921129,3469,875159040,57670656,7224015,4309241,9,2,0,0,0,70554,125486
1778177146399,2497986560,62324736,815415296,292597760,955203584,1073737728,854647,56319,6,8410186,54532,0,3921129,3469,875159040,57670656,7224015,4313921,9,2,0,0,0,70554,125486
1778177146694,2497986560,62324736,815415296,292597760,955203584,1073737728,854647,56319,6,8412097,54532,0,3921129,3469,875159040,57670656,7224745,4314609,9,2,0,0,0,70554,125486
1778177146988,2497986560,62324736,815415296,292597760,955203584,1073737728,854647,56319,6,8414010,54532,0,3921129,3469,875159040,57670656,7224745,4314609,9,2,0,0,0,70554,125486
1778177147282,2497986560,62324736,815415296,292597760,955203584,1073737728,854647,56319,6,8415932,54532,0,3921129,3469,875159040,57670656,7224745,4317729,9,2,0,0,0,70554,125486
1778177147576,2497986560,62324736,815415296,292597760,955203584,1073737728,854647,56319,6,8417845,54532,0,3921129,3469,875159040,57670656,7225475,4318417,9,2,0,0,0,70554,125486
1778177147870,2497986560,62324736,815415296,292597760,955203584,1073737728,854647,56319,6,8419757,54532,0,3921129,3469,875159040,57670656,7225475,4318417,9,2,0,0,0,70554,125486
1778177148164,2497986560,62324736,815415296,292597760,955203584,1073737728,854647,56319,6,8421683,54532,0,3921129,3469,875159040,57670656,7225475,4344833,9,2,0,0,0,70554,125486
1778177148459,2497986560,62324736,815415296,292597760,955203584,1073737728,854647,56319,6,8423599,54532,0,3921129,3469,875159040,57670656,7225475,4344833,9,2,0,0,0,70554,125486
1778177148754,2497986560,62324736,815423488,292597760,955203584,1073737728,854647,56359,6,8425511,54532,0,3921129,3469,875159040,57711616,7232403,4351761,9,2,0,0,0,70554,125486
1778177149048,2497986560,62324736,815423488,292597760,955203584,1073737728,854647,56359,6,8427424,54532,0,3921129,3469,875159040,57711616,7234321,4353097,9,2,0,0,0,70554,125486
1778177149342,2497986560,62324736,815431680,292597760,955203584,1073737728,854647,56359,6,8429334,54532,0,3921129,3469,875159040,57711616,7234321,4353097,9,2,0,0,0,70554,125486
1778177149633,2497986560,62324736,815431680,292597760,955203584,1073737728,854647,56359,6,8431245,54532,0,3921129,3469,875159040,57711616,7235009,4353785,9,2,0,0,0,70554,125486
1778177149927,2497986560,62324736,815431680,292597760,955203584,1073737728,854647,56359,6,8433157,54532,0,3921129,3469,875159040,57711616,7235051,4353785,9,2,0,0,0,70554,125486
1778177150221,2497986560,62324736,815431680,292597760,955203584,1073737728,854647,56359,6,8435071,54532,0,3921129,3469,875159040,57711616,7235051,4353785,9,2,0,0,0,70554,125486
1778177150514,2497986560,62324736,815431680,292597760,955203584,1073737728,854647,56359,6,8436982,54532,0,3921129,3469,875159040,57711616,7235739,4354473,9,2,0,0,0,70554,125486
1778177150808,2497986560,62324736,815431680,292597760,955203584,1073737728,854647,56359,6,8438895,54532,0,3921129,3469,875159040,57711616,7235739,4354473,9,2,0,0,0,70554,125486
1778177151103,2497986560,62324736,815439872,292597760,955203584,1073737728,854647,56359,6,8440824,54532,0,3921129,3469,875159040,57748480,7235781,4354473,9,2,0,0,0,70554,125486
1778177151397,2497986560,62332928,815431680,292597760,955211776,1073737728,854647,56423,6,8442738,54532,0,3921129,3469,875159040,57777152,7235781,4354473,9,2,0,0,0,70554,125488
1778177151692,2497986560,62332928,815431680,292597760,955211776,1073737728,854647,56423,6,8444662,54532,0,3921129,3469,875159040,57777152,7236469,4381577,9,2,0,0,0,70554,125488
1778177151986,2497986560,62332928,815439872,292638720,955232256,1073737728,854647,56423,6,8446576,54532,0,3921129,3469,875159040,57777152,7244345,4388809,9,2,0,0,0,70564,125492
1778177152281,2497986560,62332928,815439872,292638720,955232256,1073737728,854647,56423,6,8448489,54532,0,3921129,3469,875159040,57777152,7244345,4388809,9,2,0,0,0,70564,125492
1778177152574,2497986560,62332928,815439872,292638720,955232256,1073737728,854647,56423,6,8450401,54532,0,3921129,3469,875159040,57777152,7245075,4389601,9,2,0,0,0,70564,125492
1778177152868,2497986560,62332928,815452160,292638720,955232256,1073737728,854647,56423,6,8452314,54532,0,3921129,3469,875159040,57777152,7245075,4389601,9,2,0,0,0,70564,125492
1778177153163,2497986560,62332928,815456256,292638720,955232256,1073737728,854647,56423,6,8454225,54532,0,3921129,3469,875159040,57777152,7245075,4389601,9,2,0,0,0,70564,125492
1778177153457,2497986560,62332928,815456256,292638720,955232256,1073737728,854647,56423,6,8456137,54532,0,3921129,3469,875159040,57777152,7245075,4389601,9,2,0,0,0,70564,125492
1778177153751,2497986560,62332928,815456256,292638720,955232256,1073737728,854647,56423,6,8458050,54532,0,3921129,3469,875159040,57818112,7245805,4390289,9,2,0,0,0,70564,125492
1778177154043,2497986560,62332928,815456256,292646912,955228160,1073737728,854647,56463,6,8459960,54533,0,3921129,3469,875159040,57818112,7245805,4390289,9,2,0,0,0,70566,125491
1778177154337,2497986560,62332928,815456256,292646912,955228160,1073737728,854647,56463,6,8461872,54533,0,3921129,3469,875159040,57818112,7245805,4390289,9,2,0,0,0,70566,125491
1778177154632,2497986560,62332928,815464448,292646912,955228160,1073737728,854647,56463,6,8463785,54533,0,3921129,3469,875159040,57818112,7246535,4390977,9,2,0,0,0,70566,125491
1778177154925,2497986560,62332928,815464448,292646912,955228160,1073737728,854647,56463,6,8465697,54533,0,3921129,3469,875159040,57818112,7248411,4392209,9,2,0,0,0,70566,125491
1778177155220,2497986560,62332928,815464448,292646912,955228160,1073737728,854647,56463,6,8467608,54533,0,3921129,3469,875159040,57818112,7248411,4392209,9,2,0,0,0,70566,125491
1778177155514,2497986560,62332928,815464448,292646912,955228160,1073737728,854647,56463,6,8469549,54533,0,3921129,3469,875159040,57818112,7249099,4419313,9,2,0,0,0,70566,125491
1778177155808,2497986560,62332928,815468544,292646912,955228160,1073737728,854647,56463,6,8471462,54533,0,3921129,3469,875159040,57818112,7254619,4424833,9,2,0,0,0,70566,125491
1778177156102,2497986560,62332928,815476736,292646912,955228160,1073737728,854647,56463,6,8473376,54533,0,3921129,3469,875159040,57854976,7254619,4424833,9,2,0,0,0,70566,125491
1778177156397,2497986560,62341120,815472640,292646912,955281408,1073737728,854647,56531,6,8475292,54533,0,3921129,3469,875159040,57887744,7254619,4424937,9,2,0,0,0,70566,125504
1778177156691,2497986560,62341120,815476736,292646912,955281408,1073737728,854647,56531,6,8477202,54533,0,3921129,3469,875159040,57887744,7255349,4425625,9,2,0,0,0,70566,125504
1778177156985,2497986560,62341120,815480832,292646912,955281408,1073737728,854647,56531,6,8479132,54533,0,3921129,3469,875159040,57887744,7255349,4425625,9,2,0,0,0,70566,125504
1778177157279,2497986560,62341120,815480832,292646912,955281408,1073737728,854647,56531,6,8481048,54533,0,3921129,3469,875159040,57887744,7255349,4425625,9,2,0,0,0,70566,125504
1778177157573,2497986560,62341120,815480832,292646912,955281408,1073737728,854647,56531,6,8482959,54533,0,3921129,3469,875159040,57887744,7256079,4426313,9,2,0,0,0,70566,125504
1778177157866,2497986560,62341120,815480832,292646912,955281408,1073737728,854647,56531,6,8484873,54533,0,3921129,3469,875159040,57887744,7257423,4426929,9,2,0,0,0,70566,125504
1778177158161,2497986560,62341120,815480832,292646912,955281408,1073737728,854647,56531,6,8486784,54533,0,3921129,3469,875159040,57887744,7258361,4427545,9,2,0,0,0,70566,125504
1778177158454,2497986560,62341120,815480832,292646912,955281408,1073737728,854647,56531,6,8488698,54533,0,3921129,3469,875159040,57887744,7258361,4427545,9,2,0,0,0,70566,125504
1778177158749,2497986560,62341120,815493120,292646912,955281408,1073737728,854647,56531,6,8490614,54533,0,3921129,3469,875159040,57887744,7259091,4447057,9,2,0,0,0,70566,125504
1778177159036,2497986560,62341120,815493120,292646912,955281408,1073737728,854647,56531,6,8492520,54533,0,3921129,3469,875159040,57887744,7259091,4447577,9,2,0,0,0,70566,125504
1778177159330,2497986560,62341120,815493120,292646912,955281408,1073737728,854647,56579,6,8494431,54533,0,3921129,3469,875159040,57936896,7259091,4447577,9,2,0,0,0,70566,125504
1778177159625,2497986560,62341120,815493120,292646912,955281408,1073737728,854647,56579,6,8496346,54533,0,3921129,3469,875159040,57936896,7264579,4453065,9,2,0,0,0,70566,125504
1778177159918,2497986560,62341120,815497216,292646912,955289600,1073737728,854647,56579,6,8498257,54533,0,3921129,3469,875159040,57936896,7264579,4453065,9,2,0,0,0,70566,125506
1778177160213,2497986560,62341120,815505408,292646912,955289600,1073737728,854647,56579,6,8500169,54533,0,3921129,3469,875159040,57936896,7264579,4453065,9,2,0,0,0,70566,125506
1778177160507,2497986560,62341120,815505408,292646912,955289600,1073737728,854647,56579,6,8502089,54533,0,3921129,3469,875159040,57936896,7265309,4457289,9,2,0,0,0,70566,125506
1778177160797,2497986560,62341120,815509504,292646912,955289600,1073737728,854647,56579,6,8504019,54533,0,3921129,3469,875159040,57936896,7265309,4457289,9,2,0,0,0,70566,125506
1778177161092,2497986560,62341120,815509504,292646912,955289600,1073737728,854647,56579,6,8505933,54533,0,3921129,3469,875159040,57936896,7267185,4458521,9,2,0,0,0,70566,125506
1778177161387,2497986560,62349312,815509504,292646912,955289600,1073737728,854647,56619,6,8507849,54533,0,3921129,3469,875159040,57977856,7267185,4458521,9,2,0,0,0,70566,125506
1778177161682,2497986560,62349312,815509504,292646912,955289600,1073737728,854647,56619,6,8509765,54533,0,3921129,3469,875159040,57977856,7267915,4465969,9,2,0,0,0,70566,125506
1778177161976,2497986560,62349312,815509504,292646912,955289600,1073737728,854647,56619,6,8511679,54533,0,3921129,3469,875159040,57977856,7267915,4465969,9,2,0,0,0,70566,125506
1778177162269,2497986560,62349312,815509504,292646912,955289600,1073737728,854647,56619,6,8513590,54533,0,3921129,3469,875159040,57977856,7267915,4465969,9,2,0,0,0,70566,125506
1778177162564,2497986560,62349312,815509504,292646912,955289600,1073737728,854647,56619,6,8515504,54533,0,3921129,3469,875159040,57977856,7268645,4468009,9,2,0,0,0,70566,125506
1778177162858,2497986560,62349312,815513600,292646912,955289600,1073737728,854647,56619,6,8517416,54533,0,3921129,3469,875159040,57977856,7268645,4468009,9,2,0,0,0,70566,125506
1778177163152,2497986560,62349312,815513600,292646912,955289600,1073737728,854647,56619,6,8519343,54533,0,3921129,3469,875159040,57977856,7268645,4468009,9,2,0,0,0,70566,125506
1778177163445,2497986560,62349312,815513600,292646912,955289600,1073737728,854647,56619,6,8521256,54533,0,3921129,3469,875159040,57977856,7268645,4468009,9,2,0,0,0,70566,125506
1778177163739,2497986560,62349312,815517696,292646912,955289600,1073737728,854647,56619,6,8523167,54533,0,3921129,3469,875159040,57977856,7274853,4474217,9,2,0,0,0,70566,125506
1778177164030,2497986560,62349312,815517696,292646912,955289600,1073737728,854647,56619,6,8525080,54533,0,3921129,3469,875159040,57977856,7276771,4475449,9,2,0,0,0,70566,125506
1778177164325,2497986560,62349312,815517696,292646912,955289600,1073737728,854647,56619,6,8526995,54533,0,3921129,3469,875159040,57977856,7276771,4482105,9,2,0,0,0,70566,125506
1778177164619,2497986560,62349312,815517696,292646912,955305984,1073737728,854647,56811,6,8528907,54533,0,3921129,3469,875159040,58174464,7276771,4482105,9,2,0,0,0,70566,125510
1778177164912,2497986560,62349312,815525888,292646912,955322368,1073737728,854647,56811,6,8530817,54533,0,3921129,3469,875159040,58174464,7276813,4482105,9,2,0,0,0,70566,125514
1778177165205,2497986560,62349312,815525888,292646912,955322368,1073737728,854647,56811,6,8532732,54533,0,3921129,3469,875159040,58174464,7276813,4485121,9,2,0,0,0,70566,125514
1778177165499,2497986560,62349312,815525888,292646912,955322368,1073737728,854647,56811,6,8534646,54533,0,3921129,3469,875159040,58174464,7276813,4485121,9,2,0,0,0,70566,125514
1778177165794,2497986560,62349312,815525888,292646912,955322368,1073737728,854647,56811,6,8536557,54533,0,3921129,3469,875159040,58174464,7276813,4485121,9,2,0,0,0,70566,125514
1778177166088,2497986560,62349312,815529984,292646912,955322368,1073737728,854647,56811,6,8538472,54533,0,3921129,3469,875159040,58174464,7276855,4485121,9,2,0,0,0,70566,125514
1778177166383,2497986560,62357504,815529984,292646912,955322368,1073737728,854647,56855,6,8540383,54533,0,3921129,3469,875159040,58219520,7276855,4485121,9,2,0,0,0,70566,125514
1778177166677,2497986560,62357504,815529984,292646912,955326464,1073737728,854647,56891,6,8542299,54533,0,3921129,3469,875159040,58256384,7276855,4485121,9,2,0,0,0,70566,125515
1778177166971,2497986560,62357504,815529984,292646912,955326464,1073737728,854647,56891,6,8544217,54533,0,3921129,3469,875159040,58256384,7280075,4498097,9,2,0,0,0,70566,125515
1778177167266,2497986560,62357504,815529984,292646912,955326464,1073737728,854647,56891,6,8546132,54533,0,3921129,3469,875159040,58256384,7280075,4498097,9,2,0,0,0,70566,125515
1778177167561,2497986560,62357504,815534080,292646912,955326464,1073737728,854647,56891,6,8548045,54533,0,3921129,3469,875159040,58256384,7280075,4498097,9,2,0,0,0,70566,125515
1778177167855,2497986560,62357504,815534080,292646912,955326464,1073737728,854647,56891,6,8549958,54533,0,3921129,3469,875159040,58256384,7280075,4503921,9,2,0,0,0,70566,125515
1778177168150,2497986560,62357504,815534080,292646912,955326464,1073737728,854647,56891,6,8551869,54533,0,3921129,3469,875159040,58256384,7280075,4503921,9,2,0,0,0,70566,125515
1778177168441,2497986560,62357504,815538176,292646912,955326464,1073737728,854647,56891,6,8553777,54533,0,3921129,3469,875159040,58256384,7280075,4503921,9,2,0,0,0,70566,125515
1778177168735,2497986560,62357504,815538176,292646912,955326464,1073737728,854647,56891,6,8555692,54533,0,3921129,3469,875159040,58256384,7280075,4509953,9,2,0,0,0,70566,125515
1778177169029,2497986560,62357504,815538176,292646912,955326464,1073737728,854647,56891,6,8557622,54533,0,3921129,3469,875159040,58256384,7280075,4509953,9,2,0,0,0,70566,125515
1778177169324,2497986560,62357504,815538176,292646912,955326464,1073737728,854647,56891,6,8559534,54533,0,3921129,3469,875159040,58256384,7280075,4509953,9,2,0,0,0,70566,125515
1778177169618,2497986560,62357504,815538176,292646912,955326464,1073737728,854647,56891,6,8561450,54533,0,3921129,3469,875159040,58276864,7280075,4510057,9,2,0,0,0,70566,125515
1778177169913,2497986560,62357504,815538176,292646912,955330560,1073737728,854647,56911,6,8563364,54533,0,3921129,3469,875159040,58276864,7281951,4511289,9,2,0,0,0,70566,125516
1778177170207,2497986560,62357504,815538176,292646912,955330560,1073737728,854647,56911,6,8565277,54533,0,3921129,3469,875159040,58276864,7281951,4511289,9,2,0,0,0,70566,125516
1778177170497,2497986560,62357504,815538176,292646912,955330560,1073737728,854647,56911,6,8567191,54533,0,3921129,3469,875159040,58276864,7281951,4529801,9,2,0,0,0,70566,125516
1778177170792,2497986560,62357504,815542272,292646912,955330560,1073737728,854647,56911,6,8569102,54533,0,3921129,3469,875159040,58276864,7281951,4529801,9,2,0,0,0,70566,125516
1778177171085,2497986560,62357504,815542272,292646912,955330560,1073737728,854647,56911,6,8571013,54533,0,3921129,3469,875159040,58276864,7281951,4529801,9,2,0,0,0,70566,125516
1778177171380,2497986560,62357504,815542272,292646912,955330560,1073737728,854647,56911,6,8572924,54533,0,3921129,3469,875159040,58276864,7281951,4529801,9,2,0,0,0,70566,125516
1778177171673,2497986560,62365696,815542272,292646912,955330560,1073737728,854647,56947,6,8574836,54533,0,3921129,3469,875159040,58313728,7281951,4529801,9,2,0,0,0,70566,125516
1778177171967,2497986560,62365696,815542272,292646912,955330560,1073737728,854647,56947,6,8576747,54533,0,3921129,3469,875159040,58313728,7281951,4529801,9,2,0,0,0,70566,125516
1778177172261,2497986560,62365696,815550464,292646912,955330560,1073737728,854647,56947,6,8578656,54533,0,3921129,3469,875159040,58313728,7281951,4529801,9,2,0,0,0,70566,125516
1778177172556,2497986560,62365696,815550464,292646912,955330560,1073737728,854647,56947,6,8580570,54533,0,3921129,3469,875159040,58313728,7281951,4529801,9,2,0,0,0,70566,125516
1778177172850,2497986560,62365696,815554560,292646912,955330560,1073737728,854647,56947,6,8582482,54533,0,3921129,3469,875159040,58313728,7282889,4530417,9,2,0,0,0,70566,125516
1778177173143,2497986560,62365696,815554560,292646912,955330560,1073737728,854647,56947,6,8584395,54533,0,3921129,3469,875159040,58313728,7283827,4531033,9,2,0,0,0,70566,125516
1778177173434,2497986560,62365696,815554560,292646912,955330560,1073737728,854647,56947,6,8586306,54533,0,3921129,3469,875159040,58313728,7283827,4531033,9,2,0,0,0,70566,125516
1778177173730,2497986560,62365696,815558656,292646912,955330560,1073737728,854647,56947,6,8588219,54533,0,3921129,3469,875159040,58313728,7283827,4531033,9,2,0,0,0,70566,125516
1778177174024,2497986560,62365696,815558656,292646912,955330560,1073737728,854647,56947,6,8590148,54533,0,3921129,3469,875159040,58313728,7285745,4555869,9,2,0,0,0,70566,125516
1778177174318,2497986560,62365696,815558656,292646912,955330560,1073737728,854647,56947,6,8592059,54533,0,3921129,3469,875159040,58313728,7285745,4555869,9,2,0,0,0,70566,125516
1778177174612,2497986560,62365696,815558656,292646912,955330560,1073737728,854647,56947,6,8593970,54533,0,3921129,3469,875159040,58313728,7285745,4555869,9,2,0,0,0,70566,125516
1778177174906,2497986560,62365696,815562752,292646912,955330560,1073737728,854647,56983,6,8595896,54533,0,3921129,3469,875159040,58350592,7285745,4555869,9,2,0,0,0,70566,125516
1778177175199,2497986560,62365696,815562752,292646912,955330560,1073737728,854647,56983,6,8597807,54533,0,3921129,3469,875159040,58350592,7286475,4556557,9,2,0,0,0,70566,125516
1778177175493,2497986560,62365696,815562752,292646912,955330560,1073737728,854647,56983,6,8599718,54533,0,3921129,3469,875159040,58350592,7286475,4556557,9,2,0,0,0,70566,125516
1778177175787,2497986560,62365696,815562752,292671488,955338752,1073737728,854647,56983,6,8601629,54533,0,3921129,3469,875159040,58350592,7288351,4558097,9,2,0,0,0,70572,125518
1778177176081,2497986560,62365696,815562752,292671488,955338752,1073737728,854647,56983,6,8603540,54533,0,3921129,3469,875159040,58350592,7290957,4560017,9,2,0,0,0,70572,125518
1778177176376,2497986560,62365696,815566848,292671488,955338752,1073737728,854647,56983,6,8605451,54533,0,3921129,3469,875159040,58350592,7290957,4560017,9,2,0,0,0,70572,125518
1778177176671,2497986560,62373888,815558656,292671488,955338752,1073737728,854647,57051,6,8607363,54533,0,3921129,3469,875159040,58420224,7290957,4560633,9,2,0,0,0,70572,125518
1778177176965,2497986560,62390272,815546368,292683776,955346944,1073737728,854647,57135,6,8609275,54533,0,3921129,3469,875159040,58506240,7291645,4561321,9,2,0,0,0,70575,125520
1778177177259,2497986560,62390272,815546368,292683776,955346944,1073737728,854647,57135,6,8611186,54533,0,3921129,3469,875159040,58506240,7298213,4567889,9,2,0,0,0,70575,125520
1778177177553,2497986560,62390272,815546368,292683776,955346944,1073737728,854647,57135,6,8613095,54533,0,3921129,3469,875159040,58506240,7298213,4567889,9,2,0,0,0,70575,125520
1778177177846,2497728512,62390272,815587328,292683776,955351040,1073737728,854647,57135,6,8615006,54533,0,3921129,3469,875159040,58506240,7298255,4567889,9,2,0,0,0,70575,125521
1778177178141,2497728512,62390272,815587328,292683776,955351040,1073737728,854647,57135,6,8616917,54533,0,3921129,3469,875159040,58506240,7298943,4568577,9,2,0,0,0,70575,125521
1778177178433,2497728512,62390272,815587328,292683776,955351040,1073737728,854647,57135,6,8618827,54533,0,3921129,3469,875159040,58506240,7298943,4569193,9,2,0,0,0,70575,125521
1778177178727,2497728512,62390272,815587328,292683776,955351040,1073737728,854647,57135,6,8620738,54533,0,3921129,3469,875159040,58506240,7298943,4569193,9,2,0,0,0,70575,125521
1778177179020,2497728512,62390272,815587328,292683776,955351040,1073737728,854647,57135,6,8622647,54533,0,3921129,3469,875159040,58506240,7301549,4571113,9,2,0,0,0,70575,125521
1778177179314,2497728512,62390272,815587328,292683776,955351040,1073737728,854647,57135,6,8624559,54533,0,3921129,3469,875159040,58506240,7306493,4571781,9,2,0,0,0,70575,125521
1778177179608,2497728512,62390272,815587328,292683776,955351040,1073737728,854647,57135,6,8626470,54533,0,3921129,3469,875159040,58506240,7306493,4571781,9,2,0,0,0,70575,125521
1778177179902,2497728512,62390272,815591424,292683776,955351040,1073737728,854647,57135,6,8628380,54533,0,3921129,3469,875159040,58506240,7306493,4571781,9,2,0,0,0,70575,125521
1778177180196,2497728512,62390272,815591424,292683776,955351040,1073737728,854647,57167,6,8630292,54533,0,3921129,3469,875159040,58539008,7309025,4573137,9,2,0,0,0,70575,125521
1778177180490,2497728512,62390272,815591424,292683776,955351040,1073737728,854647,57167,6,8632203,54533,0,3921129,3469,875159040,58539008,7309025,4573137,9,2,0,0,0,70575,125521
1778177180785,2497728512,62390272,815595520,292687872,955379712,1073737728,854647,57167,6,8634113,54533,0,3921129,3469,875159040,58539008,7309025,4573137,9,2,0,0,0,70576,125528
1778177181078,2497728512,62390272,815595520,292687872,955379712,1073737728,854647,57167,6,8636038,54533,0,3921129,3469,875159040,58539008,7311345,4576313,9,2,0,0,0,70576,125528
1778177181373,2497728512,62390272,815595520,292687872,955379712,1073737728,854647,57167,6,8637949,54533,0,3921129,3469,875159040,58539008,7311345,4576313,9,2,0,0,0,70576,125528
1778177181667,2497728512,62390272,815595520,292687872,955379712,1073737728,854647,57167,6,8639860,54533,0,3921129,3469,875159040,58539008,7311345,4576313,9,2,0,0,0,70576,125528
1778177181961,2497728512,62398464,815587328,292687872,955379712,1073737728,854647,57231,6,8641771,54533,0,3921129,3469,875159040,58604544,7316829,4578901,9,2,0,0,0,70576,125528
1778177182255,2497728512,62398464,815587328,292687872,955379712,1073737728,854647,57231,6,8643682,54533,0,3921129,3469,875159040,58604544,7316829,4578901,9,2,0,0,0,70576,125528
1778177182549,2497728512,62398464,815587328,292687872,955379712,1073737728,854647,57231,6,8645592,54533,0,3921129,3469,875159040,58604544,7316829,4578901,9,2,0,0,0,70576,125528
1778177182841,2497728512,62398464,815603712,292687872,955383808,1073737728,854647,57231,6,8647504,54533,0,3921129,3469,875159040,58604544,7317709,4579569,9,2,0,0,0,70576,125529
1778177183134,2497728512,62398464,815603712,292687872,955383808,1073737728,854647,57231,6,8649413,54533,0,3921129,3469,875159040,58604544,7319361,4580257,9,2,0,0,0,70576,125529
1778177183428,2497728512,62398464,815603712,292687872,955383808,1073737728,854647,57231,6,8651325,54533,0,3921129,3469,875159040,58604544,7319361,4580257,9,2,0,0,0,70576,125529
1778177183722,2497728512,62398464,815603712,292687872,955383808,1073737728,854647,57231,6,8653236,54533,0,3921129,3469,875159040,58604544,7320241,4582773,9,2,0,0,0,70576,125529
1778177184016,2497728512,62398464,815603712,292687872,955383808,1073737728,854647,57231,6,8655147,54533,0,3921129,3469,875159040,58604544,7321681,4583461,9,2,0,0,0,70576,125529
1778177184310,2497728512,62398464,815603712,292687872,955383808,1073737728,854647,57231,6,8657058,54533,0,3921129,3469,875159040,58604544,7321681,4583461,9,2,0,0,0,70576,125529
1778177184604,2497728512,62398464,815603712,292687872,955383808,1073737728,854647,57231,6,8658969,54533,0,3921129,3469,875159040,58604544,7408985,4607053,9,2,0,0,0,70576,125529
1778177184898,2497728512,62398464,815620096,292687872,955383808,1073737728,854647,57231,6,8660881,54533,0,3921129,3469,875159040,58604544,7412149,4608285,9,2,0,0,0,70576,125529
1778177185192,2497728512,62398464,815620096,292687872,955383808,1073737728,854647,57231,6,8662793,54533,0,3921129,3469,875159040,58641408,7413589,4608973,9,2,0,0,0,70576,125529
1778177185486,2497728512,62398464,815624192,292687872,955424768,1073737728,854647,57267,6,8664704,54533,0,3921129,3469,875159040,58641408,7413589,4609497,9,2,0,0,0,70576,125539
1778177185781,2497728512,62398464,815632384,292687872,955424768,1073737728,854647,57267,6,8666614,54533,0,3921129,3469,875159040,58641408,7413589,4609497,9,2,0,0,0,70576,125539
1778177186075,2497728512,62398464,815632384,292687872,955424768,1073737728,854647,57267,6,8668524,54533,0,3921129,3469,875159040,58641408,7415029,4610185,9,2,0,0,0,70576,125539
1778177186368,2497728512,62398464,815632384,292687872,955424768,1073737728,854647,57267,6,8670439,54533,0,3921130,3469,875159040,58641408,7481301,4675033,9,2,0,0,0,70576,125539
1778177186663,2497728512,62398464,815632384,292687872,955424768,1073737728,854647,57267,6,8672355,54533,0,3921130,3469,875159040,58641408,7483421,4675033,9,2,0,0,0,70576,125539
1778177186957,2497728512,62406656,815648768,292687872,955424768,1073737728,854647,57303,6,8674282,54533,0,3921130,3469,875159040,58690560,7484481,4675033,9,2,0,0,0,70576,125539
1778177187251,2497728512,62406656,815648768,292687872,955424768,1073737728,854647,57331,6,8676193,54533,0,3921130,3469,875159040,58706944,7486027,4675801,9,2,0,0,0,70576,125539
1778177187546,2497728512,62406656,815648768,292687872,955424768,1073737728,854647,57331,6,8678103,54533,0,3921130,3469,875159040,58706944,7487463,4675801,9,2,0,0,0,70576,125539
1778177187836,2497728512,62406656,815648768,292687872,955428864,1073737728,854647,57331,6,8680011,54533,0,3921130,3469,875159040,58706944,7489045,4676417,9,2,0,0,0,70576,125540
1778177188130,2497728512,62406656,815648768,292687872,955428864,1073737728,854647,57331,6,8681922,54533,0,3921130,3469,875159040,58706944,7558299,4744205,9,2,0,0,0,70576,125540
1778177188424,2497728512,62406656,815648768,292687872,955428864,1073737728,854647,57331,6,8683833,54533,0,3921130,3469,875159040,58706944,7558299,4744205,9,2,0,0,0,70576,125540
1778177188718,2497728512,62406656,815648768,292687872,955428864,1073737728,854647,57331,6,8685744,54533,0,3921130,3469,875159040,58706944,7559359,4744205,9,2,0,0,0,70576,125540
1778177189012,2497728512,62406656,815665152,292687872,955428864,1073737728,854647,57331,6,8687655,54533,0,3921130,3469,875159040,58706944,7560905,4744973,9,2,0,0,0,70576,125540
1778177189306,2497728512,62406656,815665152,292687872,955428864,1073737728,854647,57331,6,8689565,54533,0,3921130,3469,875159040,58706944,7560905,4744973,9,2,0,0,0,70576,125540
1778177189600,2497728512,62406656,815665152,292687872,955428864,1073737728,854647,57331,6,8691476,54533,0,3921130,3469,875159040,58706944,7560905,4744973,9,2,0,0,0,70576,125540
1778177189894,2497728512,62406656,815665152,292687872,955428864,1073737728,854647,57331,6,8693386,54533,0,3921130,3469,875159040,58706944,7560905,4744973,9,2,0,0,0,70576,125540
1778177190189,2497728512,62406656,815665152,292687872,955428864,1073737728,854647,57331,6,8695298,54533,0,3921130,3469,875159040,58706944,7562345,4745661,9,2,0,0,0,70576,125540
1778177190482,2497728512,62406656,815665152,292687872,955428864,1073737728,854647,57387,6,8697208,54533,0,3921130,3469,875159040,58764288,7562721,4745661,9,2,0,0,0,70576,125540
1778177190777,2497728512,62406656,815673344,292712448,955453440,1073737728,854647,57387,6,8699119,54533,0,3921130,3469,875159040,58764288,7563781,4745661,9,2,0,0,0,70582,125546
1778177191071,2497728512,62406656,815673344,292712448,955453440,1073737728,854647,57387,6,8701030,54533,0,3921130,3469,875159040,58764288,7568385,4747581,9,2,0,0,0,70582,125546
1778177191365,2497728512,62406656,815673344,292712448,955453440,1073737728,854647,57387,6,8702941,54533,0,3921130,3469,875159040,58764288,7568385,4747581,9,2,0,0,0,70582,125546
1778177191659,2497728512,62406656,815673344,292712448,955453440,1073737728,854647,57387,6,8704858,54533,0,3921130,3469,875159040,58764288,7639463,4818185,9,2,0,0,0,70582,125546
1778177191954,2497728512,62406656,815673344,292712448,955453440,1073737728,854647,57387,6,8706770,54533,0,3921130,3469,875159040,58764288,7639463,4818185,9,2,0,0,0,70582,125546
1778177192248,2497728512,62414848,815665152,292712448,955453440,1073737728,854647,57427,6,8708681,54533,0,3921130,3469,875159040,58805248,7640903,4818873,9,2,0,0,0,70582,125546
1778177192543,2497728512,62414848,815665152,292712448,955453440,1073737728,854647,57427,6,8710593,54533,0,3921130,3469,875159040,58805248,7641009,4818953,9,2,0,0,0,70582,125546
1778177192834,2497728512,62414848,815665152,292712448,955453440,1073737728,854647,57427,6,8712502,54533,0,3921130,3469,875159040,58805248,7641009,4818953,9,2,0,0,0,70582,125546
1778177193128,2497728512,62414848,815665152,292712448,955453440,1073737728,854647,57427,6,8714428,54533,0,3921130,3469,875159040,58805248,7642449,4819641,9,2,0,0,0,70582,125546
1778177193423,2497728512,62414848,815665152,292712448,955453440,1073737728,854647,57427,6,8716339,54533,0,3921130,3469,875159040,58805248,7642449,4819641,9,2,0,0,0,70582,125546
1778177193717,2497728512,62414848,815665152,292712448,955453440,1073737728,854647,57427,6,8718258,54533,0,3921130,3469,875159040,58805248,7642825,4819641,9,2,0,0,0,70582,125546
1778177194010,2497728512,62414848,815693824,292712448,955453440,1073737728,854647,57427,6,8720167,54533,0,3921130,3469,875159040,58805248,7647429,4821561,9,2,0,0,0,70582,125546
1778177194303,2497728512,62414848,815697920,292712448,955453440,1073737728,854647,57427,6,8722079,54533,0,3921130,3469,875159040,58805248,7647429,4821561,9,2,0,0,0,70582,125546
1778177194598,2497728512,62414848,815702016,292712448,955453440,1073737728,854647,57427,6,8723990,54533,0,3921130,3469,875159040,58805248,7647429,4821561,9,2,0,0,0,70582,125546
1778177194892,2497728512,62414848,815702016,292712448,955453440,1073737728,854647,57427,6,8725901,54533,0,3921130,3469,875159040,58805248,7647429,4821561,9,2,0,0,0,70582,125546
1778177195187,2497728512,62414848,815702016,292712448,955453440,1073737728,854647,57427,6,8727810,54533,0,3921130,3469,875159040,58805248,7720661,4890677,9,2,0,0,0,70582,125546
1778177195481,2497728512,62414848,815702016,292712448,955453440,1073737728,854647,57427,6,8729721,54533,0,3921130,3469,875159040,58850304,7720979,4890677,9,2,0,0,0,70582,125546
1778177195776,2497728512,62414848,815702016,292712448,955453440,1073737728,854647,57471,6,8731631,54533,0,3921130,3469,875159040,58850304,7720979,4890677,9,2,0,0,0,70582,125546
1778177196069,2497728512,62414848,815714304,292712448,955457536,1073737728,854647,57471,6,8733540,54533,0,3921130,3469,875159040,58850304,7724211,4891805,9,2,0,0,0,70582,125547
1778177196363,2497728512,62414848,815718400,292712448,955457536,1073737728,854647,57471,6,8735450,54533,0,3921130,3469,875159040,58850304,7724211,4891805,9,2,0,0,0,70582,125547
1778177196657,2497728512,62414848,815718400,292712448,955457536,1073737728,854647,57471,6,8737360,54533,0,3921130,3469,875159040,58850304,7724629,4891805,9,2,0,0,0,70582,125547
1778177196951,2497728512,62414848,815718400,292712448,955457536,1073737728,854647,57471,6,8739270,54533,0,3921130,3469,875159040,58850304,7727793,4893037,9,2,0,0,0,70582,125547
1778177197243,2497728512,62414848,815718400,292712448,955457536,1073737728,854647,57471,6,8741179,54533,0,3921130,3469,875159040,58854400,7729233,4893725,9,2,0,0,0,70582,125547
1778177197537,2497728512,62423040,815710208,292712448,955457536,1073737728,854647,57511,6,8743091,54533,0,3921130,3469,875159040,58891264,7729275,4893725,9,2,0,0,0,70582,125547
1778177197831,2497728512,62423040,815722496,292728832,955473920,1073737728,854647,57511,6,8745001,54533,0,3921130,3469,875159040,58891264,7729275,4893725,9,2,0,0,0,70586,125551
1778177198125,2497728512,62423040,815722496,292728832,955473920,1073737728,854647,57511,6,8746911,54533,0,3921130,3469,875159040,58891264,7730715,4894413,9,2,0,0,0,70586,125551
1778177198420,2497728512,62423040,815722496,292728832,955473920,1073737728,854647,57511,6,8748823,54533,0,3921130,3469,875159040,58891264,7730715,4894413,9,2,0,0,0,70586,125551
1778177198714,2497728512,62423040,815722496,292728832,955473920,1073737728,854647,57511,6,8750734,54533,0,3921130,3469,875159040,58891264,7739347,4942477,9,2,0,0,0,70586,125551
1778177199008,2497728512,62423040,815726592,292728832,955535360,1073737728,854647,57511,6,8752660,54533,0,3921130,3469,875159040,58891264,7739347,4942477,9,2,0,0,0,70586,125565
1778177199302,2497728512,62423040,815726592,292728832,955535360,1073737728,854647,57511,6,8754571,54533,0,3921130,3469,875159040,58891264,7739347,4942477,9,2,0,0,0,70586,125565
1778177199597,2497728512,62423040,815726592,292728832,955535360,1073737728,854647,57511,6,8756482,54533,0,3921130,3469,875159040,58891264,7739347,4942569,9,2,0,0,0,70586,125565
1778177199891,2497728512,62423040,815734784,292728832,955535360,1073737728,854647,57511,6,8758393,54533,0,3921130,3469,875159040,58891264,7740929,4943185,9,2,0,0,0,70586,125565
1778177200186,2497728512,62423040,815734784,292728832,955535360,1073737728,854647,57511,6,8760304,54533,0,3921130,3469,875159040,58891264,7742511,4943801,9,2,0,0,0,70586,125565
1778177200480,2497728512,62423040,815734784,292728832,955535360,1073737728,854647,57511,6,8762216,54533,0,3921130,3469,875159040,58891264,7742511,4943801,9,2,0,0,0,70586,125565
1778177200775,2497728512,62423040,815742976,292737024,955535360,1073737728,854647,57563,6,8764127,54533,0,3921130,3469,875159040,58944512,7742511,4943801,9,2,0,0,0,70586,125565
1778177201068,2497728512,62423040,815742976,292737024,955535360,1073737728,854647,57563,6,8766037,54533,0,3921130,3469,875159040,58944512,7742511,4943801,9,2,0,0,0,70588,125565
1778177201363,2497728512,62423040,815742976,292737024,955535360,1073737728,854647,57563,6,8767948,54533,0,3921130,3469,875159040,58944512,7742511,4943801,9,2,0,0,0,70588,125565
1778177201657,2497728512,62423040,815742976,292737024,955535360,1073737728,854647,57563,6,8769858,54533,0,3921130,3469,875159040,58944512,7742511,4943801,9,2,0,0,0,70588,125565
1778177201951,2497728512,62423040,815742976,292737024,955535360,1073737728,854647,57563,6,8771769,54533,0,3921130,3469,875159040,58944512,7742511,4943801,9,2,0,0,0,70588,125565
1778177202245,2497728512,62423040,815742976,292737024,955535360,1073737728,854647,57563,6,8773680,54533,0,3921130,3469,875159040,58944512,7742511,4943801,9,2,0,0,0,70588,125565
1778177202539,2497728512,62431232,815734784,292737024,955535360,1073737728,854647,57635,6,8775591,54533,0,3921130,3469,875159040,59018240,7742511,4943801,9,2,0,0,0,70588,125565
1778177202831,2497728512,62431232,815747072,292737024,955547648,1073737728,854647,57635,6,8777499,54533,0,3921130,3469,875159040,59018240,7742511,4943801,9,2,0,0,0,70588,125568
1778177203129,2497728512,62431232,815747072,292737024,955547648,1073737728,854647,57635,6,8779413,54533,0,3921130,3469,875159040,59018240,7748187,4960685,9,2,0,0,0,70588,125568
1778177203435,2497728512,62431232,815751168,292737024,955547648,1073737728,854647,57635,6,8781218,54533,0,3921131,3469,875159040,59018240,7762529,4989101,9,2,0,0,0,70588,125568
1778177203732,2497728512,62431232,815751168,292737024,955547648,1073737728,854647,57635,6,8782879,54533,0,3921131,3469,875159040,59018240,7763539,4989805,9,2,0,0,0,70588,125568
1778177204028,2497728512,62431232,815751168,292737024,955547648,1073737728,854647,57635,6,8784537,54533,0,3921131,3469,875159040,59018240,7763753,4989845,9,2,0,0,0,70588,125568
1778177204323,2497728512,62431232,815751168,292737024,955547648,1073737728,854647,57635,6,8786194,54533,0,3921131,3469,875159040,59018240,7763967,4989885,9,2,0,0,0,70588,125568
1778177204618,2497728512,62431232,815751168,292737024,955547648,1073737728,854647,57635,6,8787853,54533,0,3921131,3469,875159040,59018240,7764737,4990469,9,2,0,0,0,70588,125568
1778177204914,2497728512,62431232,815755264,292737024,955547648,1073737728,854647,57635,6,8789525,54533,0,3921131,3469,875159040,59018240,7764951,4990509,9,2,0,0,0,70588,125568
1778177205208,2497728512,62431232,815755264,292737024,955547648,1073737728,854647,57635,6,8791182,54533,0,3921131,3469,875159040,59018240,7765149,4990549,9,2,0,0,0,70588,125568
1778177205502,2497728512,62431232,815755264,292737024,955547648,1073737728,854647,57635,6,8792840,54533,0,3921131,3469,875159040,59018240,7765919,4992097,9,2,0,0,0,70588,125568
1778177205799,2497728512,62431232,815759360,292737024,955547648,1073737728,854647,57635,6,8794496,54533,0,3921131,3469,875159040,59018240,7766345,4993221,9,2,0,0,0,70588,125568
1778177206095,2497728512,62431232,815759360,292737024,955551744,1073737728,854647,57659,6,8796153,54533,0,3921131,3469,875159040,59042816,7769707,4994493,9,2,0,0,0,70588,125569
1778177206391,2497728512,62431232,815759360,292737024,955551744,1073737728,854647,57659,6,8797810,54533,0,3921131,3469,875159040,59042816,7769999,4994625,9,2,0,0,0,70588,125569
1778177206684,2497728512,62431232,815759360,292737024,955551744,1073737728,854647,57659,6,8799471,54533,0,3921131,3469,875159040,59042816,7771111,4995465,9,2,0,0,0,70588,125569
1778177206980,2497728512,62431232,815759360,292737024,955551744,1073737728,854647,57659,6,8801132,54533,0,3921131,3469,875159040,59042816,7771309,4995505,9,2,0,0,0,70588,125569
1778177207275,2497728512,62431232,815759360,292737024,955551744,1073737728,854647,57659,6,8802789,54533,0,3921131,3469,875159040,59042816,7771507,4995545,9,2,0,0,0,70588,125569
1778177207571,2497728512,62439424,815759360,292737024,955551744,1073737728,854647,57707,6,8804449,54533,0,3921131,3469,875159040,59091968,7772277,4996169,9,2,0,0,0,70588,125569
1778177207866,2497728512,62439424,815763456,292737024,955551744,1073737728,854647,57707,6,8806105,54533,0,3921131,3469,875159040,59091968,7772491,4996209,9,2,0,0,0,70588,125569
1778177208163,2497728512,62439424,815763456,292737024,955551744,1073737728,854647,57707,6,8807761,54533,0,3921131,3469,875159040,59091968,7772705,4996249,9,2,0,0,0,70588,125569
1778177208458,2497728512,62439424,815763456,292737024,955551744,1073737728,854647,57707,6,8809418,54533,0,3921131,3469,875159040,59091968,7773491,4996833,9,2,0,0,0,70588,125569
1778177208751,2497728512,62439424,815763456,292737024,955551744,1073737728,854647,57707,6,8811077,54533,0,3921131,3469,875159040,59091968,7773917,4997997,9,2,0,0,0,70588,125569
1778177209043,2497728512,62439424,815763456,292737024,955551744,1073737728,854647,57707,6,8812734,54533,0,3921131,3469,875159040,59091968,7777279,5000193,9,2,0,0,0,70588,125569
1778177209339,2497728512,62439424,815763456,292737024,955551744,1073737728,854647,57707,6,8814391,54533,0,3921131,3469,875159040,59091968,7777571,5000325,9,2,0,0,0,70588,125569
1778177209633,2497728512,62439424,815763456,292737024,955551744,1073737728,854647,57707,6,8816051,54533,0,3921131,3469,875159040,59091968,7778565,5000989,9,2,0,0,0,70588,125569
1778177209929,2497728512,62439424,815771648,292737024,955551744,1073737728,854647,57707,6,8817707,54533,0,3921131,3469,875159040,59091968,7778779,5001069,9,2,0,0,0,70588,125569
1778177210223,2497728512,62439424,815771648,292737024,955551744,1073737728,854647,57707,6,8819364,54533,0,3921131,3469,875159040,59091968,7778977,5001109,9,2,0,0,0,70588,125569
1778177210516,2497728512,62439424,815771648,292737024,955551744,1073737728,854647,57707,6,8821023,54533,0,3921131,3469,875159040,59091968,7779747,5001733,9,2,0,0,0,70588,125569
1778177210811,2497728512,62439424,815771648,292737024,955551744,1073737728,854647,57707,6,8822680,54533,0,3921131,3469,875159040,59091968,7779961,5001773,9,2,0,0,0,70588,125569
1778177211108,2497728512,62439424,815771648,292737024,955551744,1073737728,854647,57707,6,8824354,54533,0,3921131,3469,875159040,59091968,7780159,5001813,9,2,0,0,0,70588,125569
1778177211404,2497728512,62439424,815771648,292737024,955551744,1073737728,854647,57731,6,8826011,54533,0,3921131,3469,875159040,59116544,7780357,5001853,9,2,0,0,0,70588,125569
1778177211701,2497728512,62439424,815771648,292737024,955551744,1073737728,854647,57731,6,8827670,54533,0,3921131,3469,875159040,59116544,7781355,5003561,9,2,0,0,0,70588,125569
1778177211998,2497728512,62439424,815775744,292737024,955555840,1073737728,854647,57731,6,8829326,54533,0,3921131,3469,875159040,59116544,7784717,5005757,9,2,0,0,0,70588,125570
1778177212293,2497728512,62439424,815775744,292737024,955555840,1073737728,854647,57731,6,8830984,54533,0,3921131,3469,875159040,59116544,7785127,5005929,9,2,0,0,0,70588,125570
1778177212590,2497728512,62447616,815779840,292737024,955555840,1073737728,854647,57767,6,8832643,54533,0,3921131,3469,875159040,59198464,7786003,5006633,9,2,0,0,0,70588,125570
1778177212886,2497728512,62447616,815788032,292761600,955564032,1073737728,854647,57811,6,8834299,54533,0,3921131,3469,875159040,59198464,7786217,5006673,9,2,0,0,0,70594,125572
1778177213183,2497728512,62447616,815788032,292761600,955564032,1073737728,854647,57811,6,8835956,54533,0,3921131,3469,875159040,59198464,7786415,5006713,9,2,0,0,0,70594,125572
1778177213478,2497728512,62447616,815788032,292761600,955564032,1073737728,854647,57811,6,8837614,54533,0,3921131,3469,875159040,59198464,7787201,5007297,9,2,0,0,0,70594,125572
1778177213774,2497728512,62447616,815792128,292761600,955564032,1073737728,854647,57811,6,8839270,54533,0,3921131,3469,875159040,59198464,7787517,5007513,9,2,0,0,0,70594,125572
1778177214069,2497728512,62447616,815792128,292761600,955564032,1073737728,854647,57811,6,8840927,54533,0,3921131,3469,875159040,59198464,7787715,5007553,9,2,0,0,0,70594,125572
1778177214366,2497728512,62447616,815792128,292761600,955564032,1073737728,854647,57811,6,8842583,54533,0,3921131,3469,875159040,59198464,7787913,5007593,9,2,0,0,0,70594,125572
1778177214664,2497728512,62447616,815792128,292761600,955564032,1073737728,854647,57811,6,8844243,54533,0,3921131,3469,875159040,59198464,7788911,5009261,9,2,0,0,0,70594,125572
1778177214960,2497728512,62447616,815792128,292761600,955564032,1073737728,854647,57811,6,8845900,54533,0,3921131,3469,875159040,59198464,7792273,5011457,9,2,0,0,0,70594,125572
1778177215255,2497728512,62447616,815792128,292761600,955564032,1073737728,854647,57811,6,8847556,54533,0,3921131,3469,875159040,59198464,7792565,5011589,9,2,0,0,0,70594,125572
1778177215551,2497728512,62447616,815792128,292761600,955564032,1073737728,854647,57811,6,8849219,54533,0,3921131,3469,875159040,59198464,7793469,5012333,9,2,0,0,0,70594,125572
1778177215842,2497728512,62447616,815796224,292761600,955564032,1073737728,854647,57811,6,8850877,54533,0,3921131,3469,875159040,59198464,7793789,5012373,9,2,0,0,0,70594,125572
1778177216139,2497728512,62447616,815796224,292761600,955564032,1073737728,854647,57811,6,8852536,54533,0,3921131,3469,875159040,59198464,7794003,5012413,9,2,0,0,0,70594,125572
1778177216435,2497728512,62447616,815796224,292761600,955564032,1073737728,854647,57811,6,8854194,54533,0,3921131,3469,875159040,59198464,7794201,5012453,9,2,0,0,0,70594,125572
1778177216731,2497728512,62447616,815796224,292761600,955564032,1073737728,854647,57811,6,8855852,54533,0,3921131,3469,875159040,59227136,7794987,5013077,9,2,0,0,0,70594,125572
1778177217025,2497728512,62447616,815800320,292761600,955584512,1073737728,854647,57839,6,8857527,54533,0,3921131,3469,875159040,59227136,7795185,5013117,9,2,0,0,0,70594,125577
1778177217322,2497728512,62447616,815800320,292761600,955584512,1073737728,854647,57839,6,8859183,54533,0,3921131,3469,875159040,59227136,7795383,5013157,9,2,0,0,0,70594,125577
1778177217617,2497728512,62447616,815800320,292761600,955584512,1073737728,854647,57839,6,8860842,54533,0,3921131,3469,875159040,59227136,7796365,5014825,9,2,0,0,0,70594,125577
1778177217916,2497728512,62455808,815800320,292761600,955584512,1073737728,854647,57871,6,8862502,54533,0,3921131,3469,875159040,59259904,7799743,5017021,9,2,0,0,0,70594,125577
1778177218210,2497728512,62455808,815800320,292761600,955584512,1073737728,854647,57871,6,8864158,54533,0,3921131,3469,875159040,59259904,7800035,5017153,9,2,0,0,0,70594,125577
1778177218506,2497728512,62455808,815804416,292761600,955584512,1073737728,854647,57871,6,8865820,54533,0,3921131,3469,875159040,59259904,7800907,5017737,9,2,0,0,0,70594,125577
1778177218803,2497728512,62455808,815804416,292761600,955584512,1073737728,854647,57871,6,8867479,54533,0,3921131,3469,875159040,59259904,7801211,5017897,9,2,0,0,0,70594,125577
1778177219098,2497728512,62455808,815804416,292761600,955584512,1073737728,854647,57871,6,8869136,54533,0,3921131,3469,875159040,59259904,7801409,5017937,9,2,0,0,0,70594,125577
1778177219394,2497728512,62455808,815804416,292761600,955584512,1073737728,854647,57871,6,8870794,54533,0,3921131,3469,875159040,59259904,7801623,5017977,9,2,0,0,0,70594,125577
1778177219692,2497728512,62455808,815804416,292761600,955584512,1073737728,854647,57871,6,8872456,54533,0,3921131,3469,875159040,59259904,7802409,5018561,9,2,0,0,0,70594,125577
1778177219988,2497728512,62455808,815808512,292761600,955584512,1073737728,854647,57871,6,8874113,54533,0,3921131,3469,875159040,59259904,7802607,5018601,9,2,0,0,0,70594,125577
1778177220283,2497728512,62455808,815808512,292761600,955584512,1073737728,854647,57871,6,8875774,54533,0,3921131,3469,875159040,59259904,7802805,5018641,9,2,0,0,0,70594,125577
1778177220579,2497728512,62455808,815808512,292761600,955584512,1073737728,854647,57871,6,8877435,54533,0,3921131,3469,875159040,59259904,7803905,5020445,9,2,0,0,0,70594,125577
1778177220875,2497470464,62455808,815808512,292761600,955584512,1073737728,854647,57871,6,8879094,54533,0,3921131,3469,875159040,59259904,7805701,5022025,9,2,0,0,0,70594,125577
1778177221171,2497470464,62455808,815808512,292761600,955584512,1073737728,854647,57871,6,8880754,54533,0,3921131,3469,875159040,59259904,7807575,5022773,9,2,0,0,0,70594,125577
1778177221466,2497470464,62455808,815808512,292761600,955584512,1073737728,854647,57871,6,8882414,54533,0,3921131,3469,875159040,59259904,7808463,5023397,9,2,0,0,0,70594,125577
1778177221761,2497470464,62455808,815812608,292761600,955584512,1073737728,854647,57871,6,8884077,54533,0,3921131,3469,875159040,59259904,7808965,5023557,9,2,0,0,0,70594,125577
1778177222055,2497470464,62455808,815812608,292761600,955584512,1073737728,854647,57895,6,8885736,54533,0,3921131,3469,875159040,59284480,7809163,5023637,9,2,0,0,0,70594,125577
1778177222349,2497470464,62455808,815812608,292761600,955584512,1073737728,854647,57895,6,8887392,54533,0,3921131,3469,875159040,59284480,7809361,5023677,9,2,0,0,0,70594,125577
1778177222641,2497470464,62455808,815812608,292761600,955584512,1073737728,854647,57895,6,8889053,54533,0,3921131,3469,875159040,59284480,7810131,5024261,9,2,0,0,0,70594,125577
1778177222935,2497470464,62455808,815816704,292761600,955588608,1073737728,854647,57895,6,8890726,54533,0,3921131,3469,875159040,59317248,7810345,5024301,9,2,0,0,0,70594,125578
1778177223231,2497470464,62464000,815816704,292761600,955588608,1073737728,854647,57927,6,8892386,54533,0,3921131,3469,875159040,59317248,7810543,5024341,9,2,0,0,0,70594,125578
1778177223526,2497470464,62464000,815816704,292761600,955588608,1073737728,854647,57927,6,8894045,54533,0,3921131,3469,875159040,59317248,7811313,5025889,9,2,0,0,0,70594,125578
1778177223822,2497470464,62464000,815816704,292761600,955588608,1073737728,854647,57927,6,8895705,54533,0,3921131,3469,875159040,59317248,7811781,5027041,9,2,0,0,0,70594,125578
1778177224119,2497470464,62464000,815816704,292761600,955588608,1073737728,854647,57927,6,8897364,54533,0,3921131,3469,875159040,59317248,7815143,5028313,9,2,0,0,0,70594,125578
1778177224416,2497470464,62464000,815816704,292761600,955588608,1073737728,854647,57927,6,8899023,54533,0,3921131,3469,875159040,59317248,7815435,5028445,9,2,0,0,0,70594,125578
1778177224712,2497470464,62464000,815816704,292761600,955588608,1073737728,854647,57927,6,8900687,54533,0,3921131,3469,875159040,59317248,7816445,5029149,9,2,0,0,0,70594,125578
1778177225007,2497470464,62464000,815820800,292761600,955588608,1073737728,854647,57927,6,8902346,54533,0,3921131,3469,875159040,59317248,7816643,5029189,9,2,0,0,0,70594,125578
1778177225303,2497470464,62464000,815820800,292761600,955588608,1073737728,854647,57927,6,8904003,54533,0,3921131,3469,875159040,59317248,7816857,5029229,9,2,0,0,0,70594,125578
1778177225599,2497470464,62464000,815820800,292761600,955588608,1073737728,854647,57927,6,8905664,54533,0,3921131,3469,875159040,59317248,7817627,5029853,9,2,0,0,0,70594,125578
1778177225891,2497470464,62464000,815820800,292761600,955588608,1073737728,854647,57927,6,8907322,54533,0,3921131,3469,875159040,59317248,7817841,5029893,9,2,0,0,0,70594,125578
1778177226187,2497470464,62464000,815820800,292761600,955588608,1073737728,854647,57927,6,8908980,54533,0,3921131,3469,875159040,59317248,7818039,5029933,9,2,0,0,0,70594,125578
1778177226477,2497470464,62464000,815828992,292761600,955588608,1073737728,854647,57927,6,8910639,54533,0,3921131,3469,875159040,59317248,7818809,5031441,9,2,0,0,0,70594,125578
1778177226773,2497470464,62464000,815833088,292761600,955588608,1073737728,854647,57927,6,8912298,54533,0,3921131,3469,875159040,59317248,7819235,5032605,9,2,0,0,0,70594,125578
1778177227068,2497470464,62464000,815833088,292761600,955588608,1073737728,854647,57959,6,8913955,54533,0,3921131,3469,875159040,59350016,7822699,5034013,9,2,0,0,0,70594,125578
1778177227364,2497470464,62464000,815833088,292761600,955588608,1073737728,854647,57959,6,8915615,54533,0,3921131,3469,875159040,59350016,7823007,5034145,9,2,0,0,0,70594,125578
1778177227659,2497470464,62464000,815833088,292761600,955588608,1073737728,854647,57959,6,8917276,54533,0,3921131,3469,875159040,59350016,7824001,5034849,9,2,0,0,0,70594,125578
1778177227955,2497470464,62472192,815837184,292769792,955613184,1073737728,854647,57991,6,8918936,54533,0,3921131,3469,875159040,59382784,7824199,5034889,9,2,0,0,0,70596,125584
1778177228249,2497470464,62472192,815837184,292769792,955613184,1073737728,854647,57991,6,8920592,54533,0,3921131,3469,875159040,59382784,7824397,5034929,9,2,0,0,0,70596,125584
1778177228546,2497470464,62472192,815837184,292769792,955613184,1073737728,854647,57991,6,8922252,54533,0,3921131,3469,875159040,59382784,7825167,5035553,9,2,0,0,0,70596,125584
1778177228838,2497470464,62472192,815841280,292769792,955613184,1073737728,854647,57991,6,8923908,54533,0,3921131,3469,875159040,59382784,7825381,5035593,9,2,0,0,0,70596,125584
1778177229134,2497470464,62472192,815841280,292769792,955613184,1073737728,854647,57991,6,8925583,54533,0,3921131,3469,875159040,59382784,7825595,5035633,9,2,0,0,0,70596,125584
1778177229430,2497470464,62472192,815841280,292769792,955613184,1073737728,854647,57991,6,8927241,54533,0,3921131,3469,875159040,59382784,7825793,5035673,9,2,0,0,0,70596,125584
1778177229727,2497470464,62472192,815841280,292769792,955613184,1073737728,854647,57991,6,8928903,54533,0,3921131,3469,875159040,59382784,7826791,5037381,9,2,0,0,0,70596,125584
1778177230022,2497470464,62472192,815841280,292769792,955613184,1073737728,854647,57991,6,8930561,54533,0,3921131,3469,875159040,59382784,7830169,5039577,9,2,0,0,0,70596,125584
1778177230318,2497470464,62472192,815841280,292769792,955613184,1073737728,854647,57991,6,8932220,54533,0,3921131,3469,875159040,59382784,7830563,5039709,9,2,0,0,0,70596,125584
1778177230615,2497470464,62472192,815841280,292769792,955613184,1073737728,854647,57991,6,8933882,54533,0,3921131,3469,875159040,59382784,7831573,5040373,9,2,0,0,0,70596,125584
1778177230910,2497470464,62472192,815849472,292769792,955613184,1073737728,854647,57991,6,8935543,54533,0,3921131,3469,875159040,59382784,7831787,5040453,9,2,0,0,0,70596,125584
1778177231207,2497470464,62472192,815849472,292769792,955613184,1073737728,854647,57991,6,8937201,54533,0,3921131,3469,875159040,59382784,7831985,5040493,9,2,0,0,0,70596,125584
1778177231502,2497470464,62472192,815849472,292769792,955613184,1073737728,854647,57991,6,8938861,54533,0,3921131,3469,875159040,59382784,7832755,5041117,9,2,0,0,0,70596,125584
1778177231798,2497470464,62472192,815849472,292769792,955613184,1073737728,854647,57991,6,8940519,54533,0,3921131,3469,875159040,59382784,7832969,5041157,9,2,0,0,0,70596,125584
1778177232094,2497470464,62472192,815849472,292769792,955613184,1073737728,854647,57991,6,8942177,54533,0,3921131,3469,875159040,59382784,7833183,5041197,9,2,0,0,0,70596,125584
1778177232391,2497470464,62472192,815849472,292769792,955613184,1073737728,854647,58015,6,8943834,54533,0,3921131,3469,875159040,59407360,7833397,5041237,9,2,0,0,0,70596,125584
1778177232686,2497470464,62472192,815849472,292769792,955613184,1073737728,854647,58015,6,8945494,54533,0,3921131,3469,875159040,59407360,7834395,5042905,9,2,0,0,0,70596,125584
1778177232983,2497470464,62480384,815853568,292769792,955617280,1073737728,854647,58047,6,8947153,54533,0,3921131,3469,875159040,59440128,7837757,5045101,9,2,0,0,0,70596,125585
1778177233278,2497470464,62480384,815857664,292769792,955617280,1073737728,854647,58047,6,8948812,54533,0,3921132,3469,875159040,59440128,7838167,5045273,9,2,0,0,0,70596,125585
1778177233574,2497470464,62480384,815857664,292769792,955617280,1073737728,854647,58047,6,8950471,54533,0,3921132,3469,875159040,59440128,7839059,5045977,9,2,0,0,0,70596,125585
1778177233871,2497470464,62480384,815857664,292769792,955617280,1073737728,854647,58047,6,8952130,54533,0,3921132,3469,875159040,59440128,7839375,5046193,9,2,0,0,0,70596,125585
1778177234167,2497470464,62480384,815857664,292769792,955617280,1073737728,854647,58047,6,8953789,54533,0,3921132,3469,875159040,59440128,7839573,5046233,9,2,0,0,0,70596,125585
1778177234462,2497470464,62480384,815857664,292769792,955617280,1073737728,854647,58047,6,8955450,54533,0,3921132,3469,875159040,59440128,7840359,5046817,9,2,0,0,0,70596,125585
1778177234754,2497470464,62480384,815861760,292769792,955617280,1073737728,854647,58047,6,8957107,54533,0,3921132,3469,875159040,59440128,7840573,5046897,9,2,0,0,0,70596,125585
1778177235049,2497470464,62480384,815861760,292769792,955617280,1073737728,854647,58047,6,8958782,54533,0,3921132,3469,875159040,59440128,7840771,5046937,9,2,0,0,0,70596,125585
1778177235345,2497470464,62480384,815861760,292769792,955617280,1073737728,854647,58047,6,8960438,54533,0,3921132,3469,875159040,59440128,7840985,5046977,9,2,0,0,0,70596,125585
1778177235636,2497470464,62480384,815861760,292769792,955617280,1073737728,854647,58047,6,8962098,54533,0,3921132,3469,875159040,59440128,7841967,5048645,9,2,0,0,0,70596,125585
1778177235931,2497470464,62480384,815861760,292769792,955617280,1073737728,854647,58047,6,8963783,54533,0,3921132,3469,875159040,59440128,7845345,5050841,9,2,0,0,0,70596,125585
1778177236227,2497470464,62480384,815865856,292769792,955617280,1073737728,854647,58047,6,8965439,54533,0,3921132,3469,875159040,59440128,7845637,5050973,9,2,0,0,0,70596,125585
1778177236523,2497470464,62480384,815865856,292769792,955617280,1073737728,854647,58047,6,8967100,54533,0,3921132,3469,875159040,59440128,7846525,5051597,9,2,0,0,0,70596,125585
1778177236819,2497470464,62480384,815865856,292769792,955617280,1073737728,854647,58047,6,8968760,54533,0,3921132,3469,875159040,59440128,7846845,5051717,9,2,0,0,0,70596,125585
1778177237115,2497470464,62480384,815865856,292769792,955617280,1073737728,854647,58047,6,8970418,54533,0,3921132,3469,875159040,59440128,7847043,5051757,9,2,0,0,0,70596,125585
1778177237411,2497470464,62480384,815865856,292769792,955617280,1073737728,854647,58047,6,8972075,54533,0,3921132,3469,875159040,59440128,7847241,5051797,9,2,0,0,0,70596,125585
1778177237708,2497470464,62480384,815865856,292769792,955617280,1073737728,854647,58047,6,8973736,54533,0,3921132,3469,875159040,59460608,7848027,5052421,9,2,0,0,0,70596,125585
1778177238004,2497470464,62480384,815865856,292769792,955617280,1073737728,854647,58067,6,8975394,54533,0,3921132,3469,875159040,59460608,7848225,5052461,9,2,0,0,0,70596,125585
1778177238299,2497470464,62488576,815857664,292769792,955617280,1073737728,854647,58099,6,8977051,54533,0,3921132,3469,875159040,59493376,7848423,5052501,9,2,0,0,0,70596,125585
1778177238595,2497470464,62488576,815857664,292769792,955617280,1073737728,854647,58099,6,8978712,54533,0,3921132,3469,875159040,59493376,7849405,5054209,9,2,0,0,0,70596,125585
1778177238891,2497470464,62488576,815869952,292777984,955637760,1073737728,854647,58099,6,8980368,54533,0,3921132,3469,875159040,59493376,7851201,5055789,9,2,0,0,0,70598,125590
1778177239187,2497470464,62488576,815869952,292777984,955637760,1073737728,854647,58099,6,8982027,54533,0,3921132,3469,875159040,59493376,7853075,5056537,9,2,0,0,0,70598,125590
1778177239482,2497470464,62488576,815869952,292777984,955637760,1073737728,854647,58099,6,8983687,54533,0,3921132,3469,875159040,59493376,7853979,5057161,9,2,0,0,0,70598,125590
1778177239778,2497470464,62488576,815869952,292777984,955637760,1073737728,854647,58099,6,8985345,54533,0,3921132,3469,875159040,59493376,7854299,5057321,9,2,0,0,0,70598,125590
1778177240073,2497470464,62488576,815869952,292777984,955637760,1073737728,854647,58099,6,8987002,54533,0,3921132,3469,875159040,59493376,7854497,5057361,9,2,0,0,0,70598,125590
1778177240369,2497470464,62488576,815869952,292777984,955637760,1073737728,854647,58099,6,8988659,54533,0,3921132,3469,875159040,59493376,7854695,5057401,9,2,0,0,0,70598,125590
1778177240664,2497470464,62488576,815869952,292777984,955637760,1073737728,854647,58099,6,8990319,54533,0,3921132,3469,875159040,59493376,7855583,5058161,9,2,0,0,0,70598,125590
1778177240959,2497470464,62488576,815882240,292777984,955637760,1073737728,854647,58099,6,8991993,54533,0,3921132,3469,875159040,59493376,7855781,5058201,9,2,0,0,0,70598,125590
1778177241253,2497470464,62488576,815882240,292777984,955637760,1073737728,854647,58099,6,8993649,54533,0,3921132,3469,875159040,59493376,7855979,5058241,9,2,0,0,0,70598,125590
1778177241549,2497470464,62488576,815882240,292777984,955637760,1073737728,854647,58099,6,8995308,54533,0,3921132,3469,875159040,59493376,7856961,5059949,9,2,0,0,0,70598,125590
1778177241842,2497470464,62488576,815886336,292777984,955637760,1073737728,854647,58099,6,8996965,54533,0,3921132,3469,875159040,59493376,7858757,5061529,9,2,0,0,0,70598,125590
1778177242138,2497470464,62488576,815886336,292777984,955637760,1073737728,854647,58099,6,8998622,54533,0,3921132,3469,875159040,59493376,7860537,5062185,9,2,0,0,0,70598,125590
1778177242434,2497470464,62488576,815886336,292777984,955637760,1073737728,854647,58099,6,9000279,54533,0,3921132,3469,875159040,59493376,7860963,5062317,9,2,0,0,0,70598,125590
1778177242729,2497470464,62488576,815886336,292777984,955637760,1073737728,854647,58099,6,9001938,54533,0,3921132,3469,875159040,59493376,7861855,5063021,9,2,0,0,0,70598,125590
1778177243026,2497470464,62488576,815890432,292777984,955670528,1073737728,854647,58135,6,9003595,54533,0,3921132,3469,875159040,59530240,7862053,5063061,9,2,0,0,0,70598,125598
1778177243322,2497470464,62488576,815890432,292777984,955670528,1073737728,854647,58135,6,9005252,54533,0,3921132,3469,875159040,59567104,7862267,5063101,9,2,0,0,0,70598,125598
1778177243618,2497470464,62496768,815890432,292777984,955670528,1073737728,854647,58171,6,9006913,54533,0,3921132,3469,875159040,59567104,7863037,5063685,9,2,0,0,0,70598,125598
1778177243914,2497470464,62496768,815894528,292777984,955670528,1073737728,854647,58171,6,9008569,54533,0,3921132,3469,875159040,59567104,7863251,5063725,9,2,0,0,0,70598,125598
1778177244210,2497470464,62496768,815894528,292777984,955670528,1073737728,854647,58171,6,9010227,54533,0,3921132,3469,875159040,59567104,7863449,5063765,9,2,0,0,0,70598,125598
1778177244505,2497470464,62496768,815894528,292777984,955670528,1073737728,854647,58171,6,9011886,54533,0,3921132,3469,875159040,59567104,7864219,5065313,9,2,0,0,0,70598,125598
1778177244802,2497470464,62496768,815894528,292777984,955670528,1073737728,854647,58171,6,9013544,54533,0,3921132,3469,875159040,59567104,7864645,5066437,9,2,0,0,0,70598,125598
1778177245098,2497470464,62496768,815894528,292777984,955670528,1073737728,854647,58171,6,9015202,54533,0,3921132,3469,875159040,59567104,7868007,5067709,9,2,0,0,0,70598,125598
1778177245395,2497470464,62496768,815894528,292777984,955670528,1073737728,854647,58171,6,9016859,54533,0,3921132,3469,875159040,59567104,7868315,5067841,9,2,0,0,0,70598,125598
1778177245685,2497470464,62496768,815894528,292777984,955670528,1073737728,854647,58171,6,9018522,54533,0,3921132,3469,875159040,59567104,7869325,5068545,9,2,0,0,0,70598,125598
1778177245982,2497470464,62496768,815902720,292777984,955670528,1073737728,854647,58171,6,9020178,54533,0,3921132,3469,875159040,59567104,7869598,5068919,9,2,0,0,0,70598,125598
1778177246278,2497470464,62496768,815902720,292777984,955670528,1073737728,854647,58171,6,9021835,54533,0,3921132,3469,875159040,59567104,7869796,5068959,9,2,0,0,0,70598,125598
1778177246574,2497470464,62496768,815902720,292777984,955670528,1073737728,854647,58171,6,9023493,54533,0,3921132,3469,875159040,59567104,7870582,5069583,9,2,0,0,0,70598,125598
1778177246870,2497470464,62496768,815902720,292777984,955670528,1073737728,854647,58171,6,9025149,54533,0,3921132,3469,875159040,59567104,7870796,5069623,9,2,0,0,0,70598,125598
1778177247167,2497470464,62496768,815902720,292777984,955670528,1073737728,854647,58171,6,9026822,54533,0,3921132,3469,875159040,59567104,7870994,5069663,9,2,0,0,0,70598,125598
1778177247462,2497470464,62496768,815902720,292777984,955670528,1073737728,854647,58171,6,9028481,54533,0,3921132,3469,875159040,59567104,7871866,5070383,9,2,0,0,0,70598,125598
1778177247755,2497470464,62496768,815902720,292777984,955670528,1073737728,854647,58171,6,9030139,54533,0,3921132,3469,875159040,59567104,7872292,5071855,9,2,0,0,0,70598,125598
1778177248049,2497470464,62496768,815906816,292786176,955674624,1073737728,854647,58195,6,9031796,54533,0,3921132,3469,875159040,59591680,7875654,5073743,9,2,0,0,0,70600,125599
1778177248343,2497470464,62496768,815906816,292786176,955674624,1073737728,854647,58195,6,9033455,54533,0,3921132,3469,875159040,59591680,7875946,5073875,9,2,0,0,0,70600,125599
1778177248636,2497470464,62504960,815906816,292786176,955674624,1073737728,854647,58247,6,9035115,54533,0,3921132,3469,875159040,59644928,7876956,5074579,9,2,0,0,0,70600,125599
1778177248932,2497470464,62504960,815906816,292786176,955674624,1073737728,854647,58247,6,9036773,54533,0,3921132,3469,875159040,59644928,7877170,5074619,9,2,0,0,0,70600,125599
1778177249228,2497470464,62504960,815910912,292786176,955674624,1073737728,854647,58247,6,9038431,54533,0,3921132,3469,875159040,59644928,7877368,5074659,9,2,0,0,0,70600,125599
1778177249522,2497470464,62504960,815910912,292786176,955674624,1073737728,854647,58247,6,9040089,54533,0,3921132,3469,875159040,59644928,7878154,5075283,9,2,0,0,0,70600,125599
1778177249819,2497470464,62504960,815910912,292786176,955674624,1073737728,854647,58247,6,9041747,54533,0,3921132,3469,875159040,59644928,7878368,5075323,9,2,0,0,0,70600,125599
1778177250114,2497470464,62504960,815910912,292786176,955674624,1073737728,854647,58247,6,9043403,54533,0,3921132,3469,875159040,59644928,7878566,5075363,9,2,0,0,0,70600,125599
1778177250411,2497470464,62504960,815910912,292786176,955674624,1073737728,854647,58247,6,9045059,54533,0,3921132,3469,875159040,59644928,7878780,5075403,9,2,0,0,0,70600,125599
1778177250708,2497470464,62504960,815910912,292786176,955674624,1073737728,854647,58247,6,9046718,54533,0,3921132,3469,875159040,59644928,7879778,5077111,9,2,0,0,0,70600,125599
1778177251003,2497470464,62504960,815910912,292786176,955674624,1073737728,854647,58247,6,9048376,54533,0,3921132,3469,875159040,59644928,7883156,5079307,9,2,0,0,0,70600,125599
1778177251299,2497470464,62504960,815910912,292786176,955674624,1073737728,854647,58247,6,9050037,54533,0,3921132,3469,875159040,59644928,7883592,5079485,9,2,0,0,0,70600,125599
1778177251595,2497470464,62504960,815910912,292786176,955674624,1073737728,854647,58247,6,9051697,54533,0,3921132,3469,875159040,59644928,7884468,5080149,9,2,0,0,0,70600,125599
1778177251891,2497470464,62504960,815919104,292786176,955674624,1073737728,854647,58247,6,9053358,54533,0,3921132,3469,875159040,59644928,7884784,5080189,9,2,0,0,0,70600,125599
1778177252187,2497470464,62504960,815919104,292786176,955674624,1073737728,854647,58247,6,9055015,54533,0,3921132,3469,875159040,59644928,7884982,5080229,9,2,0,0,0,70600,125599
1778177252482,2497470464,62504960,815919104,292786176,955674624,1073737728,854647,58247,6,9056675,54533,0,3921132,3469,875159040,59644928,7885768,5080813,9,2,0,0,0,70600,125599
1778177252778,2497470464,62504960,815919104,292786176,955674624,1073737728,854647,58247,6,9058331,54533,0,3921132,3469,875159040,59644928,7885982,5080893,9,2,0,0,0,70600,125599
1778177253073,2497470464,62504960,815919104,292786176,955674624,1073737728,854647,58247,6,9060004,54533,0,3921132,3469,875159040,59644928,7886180,5080933,9,2,0,0,0,70600,125599
1778177253370,2497470464,62504960,815919104,292786176,955674624,1073737728,854647,58271,6,9061661,54533,0,3921132,3469,875159040,59669504,7886394,5080973,9,2,0,0,0,70600,125599
1778177253661,2497470464,62504960,815927296,292786176,955674624,1073737728,854647,58271,6,9063321,54533,0,3921132,3469,875159040,59702272,7887392,5082641,9,2,0,0,0,70600,125599
1778177253958,2497470464,62513152,815931392,292810752,955707392,1073737728,854647,58303,6,9064977,54533,0,3921132,3469,875159040,59702272,7890754,5084837,9,2,0,0,0,70606,125607
1778177254254,2497470464,62513152,815931392,292810752,955707392,1073737728,854647,58303,6,9066636,54533,0,3921132,3469,875159040,59702272,7891164,5084969,9,2,0,0,0,70606,125607
1778177254550,2497470464,62513152,815931392,292810752,955707392,1073737728,854647,58303,6,9068295,54533,0,3921132,3469,875159040,59702272,7892036,5085769,9,2,0,0,0,70606,125607
1778177254845,2497470464,62513152,815931392,292810752,955707392,1073737728,854647,58303,6,9069953,54533,0,3921132,3469,875159040,59702272,7892356,5085889,9,2,0,0,0,70606,125607
1778177255140,2497470464,62513152,815931392,292810752,955707392,1073737728,854647,58303,6,9071611,54533,0,3921132,3469,875159040,59702272,7892554,5085929,9,2,0,0,0,70606,125607
1778177255435,2497470464,62513152,815931392,292810752,955707392,1073737728,854647,58303,6,9073268,54533,0,3921132,3469,875159040,59702272,7892768,5085969,9,2,0,0,0,70606,125607
1778177255735,2497470464,62513152,815931392,292810752,955707392,1073737728,854647,58303,6,9074929,54533,0,3921132,3469,875159040,59702272,7893554,5086593,9,2,0,0,0,70606,125607
1778177256031,2497470464,62513152,815935488,292810752,955707392,1073737728,854647,58303,6,9076586,54533,0,3921132,3469,875159040,59702272,7893752,5086633,9,2,0,0,0,70606,125607
1778177256326,2497470464,62513152,815935488,292810752,955707392,1073737728,854647,58303,6,9078242,54533,0,3921132,3469,875159040,59702272,7893950,5086673,9,2,0,0,0,70606,125607
1778177256622,2497470464,62513152,815935488,292810752,955707392,1073737728,854647,58303,6,9079903,54533,0,3921132,3469,875159040,59702272,7894948,5088341,9,2,0,0,0,70606,125607
1778177256918,2497470464,62513152,815939584,292810752,955707392,1073737728,854647,58303,6,9081559,54533,0,3921132,3469,875159040,59702272,7898326,5090537,9,2,0,0,0,70606,125607
1778177257215,2497470464,62513152,815939584,292810752,955707392,1073737728,854647,58303,6,9083218,54533,0,3921132,3469,875159040,59702272,7898634,5090669,9,2,0,0,0,70606,125607
1778177257510,2497470464,62513152,815939584,292810752,955707392,1073737728,854647,58303,6,9084879,54533,0,3921132,3469,875159040,59702272,7899522,5091293,9,2,0,0,0,70606,125607
1778177257805,2497470464,62513152,815939584,292810752,955707392,1073737728,854647,58303,6,9086537,54533,0,3921132,3469,875159040,59702272,7899842,5091413,9,2,0,0,0,70606,125607
1778177258102,2497470464,62513152,815939584,292810752,955707392,1073737728,854647,58303,6,9088194,54533,0,3921132,3469,875159040,59702272,7900040,5091453,9,2,0,0,0,70606,125607
1778177258399,2497470464,62513152,815939584,292810752,955707392,1073737728,854647,58303,6,9089851,54533,0,3921132,3469,875159040,59730944,7900238,5091493,9,2,0,0,0,70606,125607
1778177258695,2497470464,62513152,815939584,292810752,955707392,1073737728,854647,58331,6,9091510,54533,0,3921132,3469,875159040,59730944,7901024,5092077,9,2,0,0,0,70606,125607
1778177258991,2497212416,62521344,815943680,292818944,955715584,1073737728,854647,58363,6,9093184,54533,0,3921132,3469,875159040,59763712,7901222,5092117,9,2,0,0,0,70608,125609
1778177259287,2497212416,62521344,815943680,292818944,955715584,1073737728,854647,58363,6,9094840,54533,0,3921132,3469,875159040,59763712,7901420,5092157,9,2,0,0,0,70608,125609
1778177259582,2497212416,62521344,815943680,292818944,955715584,1073737728,854647,58363,6,9096499,54533,0,3921132,3469,875159040,59763712,7902418,5093865,9,2,0,0,0,70608,125609
1778177259878,2497212416,62521344,815943680,292818944,955715584,1073737728,854647,58363,6,9098155,54533,0,3921132,3469,875159040,59763712,7904214,5095445,9,2,0,0,0,70608,125609
1778177260174,2497212416,62521344,815943680,292818944,955715584,1073737728,854647,58363,6,9099812,54533,0,3921132,3469,875159040,59763712,7906088,5096193,9,2,0,0,0,70608,125609
1778177260470,2497212416,62521344,815943680,292818944,955715584,1073737728,854647,58363,6,9101473,54533,0,3921132,3469,875159040,59763712,7906992,5096817,9,2,0,0,0,70608,125609
1778177260766,2497212416,62521344,815943680,292818944,955715584,1073737728,854647,58363,6,9103130,54533,0,3921132,3469,875159040,59763712,7907312,5096977,9,2,0,0,0,70608,125609
1778177261056,2497212416,62521344,815951872,292818944,955715584,1073737728,854647,58363,6,9104787,54533,0,3921132,3469,875159040,59763712,7907510,5097017,9,2,0,0,0,70608,125609
1778177261351,2497212416,62521344,815951872,292818944,955715584,1073737728,854647,58363,6,9106444,54533,0,3921132,3469,875159040,59763712,7907810,5097233,9,2,0,0,0,70608,125609
1778177261644,2497212416,62521344,815951872,292818944,955715584,1073737728,854647,58363,6,9108102,54533,0,3921132,3469,875159040,59763712,7908580,5097817,9,2,0,0,0,70608,125609
1778177261940,2497212416,62521344,815951872,292818944,955715584,1073737728,854647,58363,6,9109759,54533,0,3921132,3469,875159040,59763712,7908794,5097857,9,2,0,0,0,70608,125609
1778177262235,2497212416,62521344,815951872,292818944,955715584,1073737728,854647,58363,6,9111416,54533,0,3921132,3469,875159040,59763712,7908992,5097897,9,2,0,0,0,70608,125609
1778177262531,2497212416,62521344,815951872,292818944,955715584,1073737728,854647,58363,6,9113077,54533,0,3921132,3469,875159040,59763712,7909778,5099445,9,2,0,0,0,70608,125609
1778177262826,2497212416,62521344,815955968,292818944,955715584,1073737728,854647,58363,6,9114735,54533,0,3921132,3469,875159040,59763712,7910204,5100569,9,2,0,0,0,70608,125609
1778177263121,2497212416,62521344,815955968,292818944,955715584,1073737728,854647,58363,6,9116392,54533,0,3921132,3469,875159040,59763712,7913566,5101841,9,2,0,0,0,70608,125609
1778177263418,2497212416,62521344,815955968,292818944,955715584,1073737728,854647,58363,6,9118049,54533,0,3921132,3469,875159040,59763712,7913976,5101973,9,2,0,0,0,70608,125609
1778177263714,2497212416,62521344,815955968,292818944,955715584,1073737728,854647,58387,6,9119711,54533,0,3921132,3469,875159040,59788288,7914868,5102677,9,2,0,0,0,70608,125609
1778177264010,2497212416,62521344,815955968,292835328,955719680,1073737728,854647,58387,6,9121369,54533,0,3921132,3469,875159040,59788288,7915066,5102717,9,2,0,0,0,70612,125610
1778177264305,2497212416,62529536,815947776,292835328,955719680,1073737728,854647,58419,6,9123026,54533,0,3921132,3469,875159040,59821056,7915264,5102757,9,2,0,0,0,70612,125610
1778177264602,2497212416,62529536,815951872,292835328,955719680,1073737728,854647,58419,6,9124685,54533,0,3921132,3469,875159040,59821056,7916034,5103381,9,2,0,0,0,70612,125610
1778177264894,2497212416,62529536,815960064,292835328,955719680,1073737728,854647,58419,6,9126349,54533,0,3921132,3469,875159040,59821056,7916290,5103449,9,2,0,0,0,70612,125610
1778177265189,2497212416,62529536,815960064,292835328,955719680,1073737728,854647,58419,6,9128014,54533,0,3921132,3469,875159040,59821056,7916488,5103489,9,2,0,0,0,70612,125610
1778177265483,2497212416,62529536,815960064,292835328,955719680,1073737728,854647,58419,6,9129674,54533,0,3921132,3469,875159040,59821056,7917274,5104997,9,2,0,0,0,70612,125610
1778177265778,2497212416,62529536,815960064,292835328,955719680,1073737728,854647,58419,6,9131330,54533,0,3921132,3469,875159040,59821056,7917700,5106161,9,2,0,0,0,70612,125610
1778177266074,2497212416,62529536,815960064,292835328,955719680,1073737728,854647,58419,6,9132986,54533,0,3921132,3469,875159040,59821056,7921062,5107433,9,2,0,0,0,70612,125610
1778177266370,2497212416,62529536,815960064,292835328,955719680,1073737728,854647,58419,6,9134643,54533,0,3921132,3469,875159040,59821056,7921354,5107565,9,2,0,0,0,70612,125610
1778177266667,2497212416,62529536,815960064,292835328,955719680,1073737728,854647,58419,6,9136305,54533,0,3921132,3469,875159040,59821056,7922364,5108269,9,2,0,0,0,70612,125610
1778177266963,2497212416,62529536,815964160,292835328,955719680,1073737728,854647,58419,6,9137967,54533,0,3921132,3469,875159040,59821056,7922578,5108309,9,2,0,0,0,70612,125610
1778177267258,2497212416,62529536,815972352,292835328,955719680,1073737728,854647,58419,6,9139624,54533,0,3921132,3469,875159040,59821056,7922776,5108349,9,2,0,0,0,70612,125610
1778177267555,2497212416,62529536,815972352,292835328,955719680,1073737728,854647,58419,6,9141284,54533,0,3921132,3469,875159040,59821056,7923546,5108973,9,2,0,0,0,70612,125610
1778177267848,2497212416,62529536,815972352,292835328,955719680,1073737728,854647,58419,6,9142941,54533,0,3921132,3469,875159040,59821056,7923760,5109013,9,2,0,0,0,70612,125610
1778177268143,2497212416,62529536,815972352,292835328,955719680,1073737728,854647,58419,6,9144598,54533,0,3921132,3469,875159040,59821056,7924060,5109229,9,2,0,0,0,70612,125610
1778177268436,2497212416,62529536,815972352,292835328,955719680,1073737728,854647,58419,6,9146254,54533,0,3921132,3469,875159040,59821056,7924258,5109269,9,2,0,0,0,70612,125610
1778177268733,2497212416,62529536,815972352,292835328,955719680,1073737728,854647,58419,6,9147915,54533,0,3921132,3469,875159040,59821056,7925256,5110977,9,2,0,0,0,70612,125610
1778177269028,2497212416,62529536,815976448,292835328,955744256,1073737728,854647,58451,6,9149572,54533,0,3921132,3469,875159040,59853824,7928618,5113173,9,2,0,0,0,70612,125616
1778177269322,2497212416,62529536,815976448,292835328,955744256,1073737728,854647,58451,6,9151229,54533,0,3921132,3469,875159040,59886592,7928910,5113305,9,2,0,0,0,70612,125616
1778177269618,2497212416,62537728,815968256,292835328,955744256,1073737728,854647,58483,6,9152891,54533,0,3921132,3469,875159040,59886592,7929904,5113969,9,2,0,0,0,70612,125616
1778177269914,2497212416,62537728,815980544,292835328,955744256,1073737728,854647,58483,6,9154548,54533,0,3921132,3469,875159040,59886592,7930118,5114049,9,2,0,0,0,70612,125616
1778177270211,2497212416,62537728,815980544,292835328,955744256,1073737728,854647,58483,6,9156206,54533,0,3921132,3469,875159040,59886592,7930316,5114089,9,2,0,0,0,70612,125616
1778177270507,2497212416,62537728,815980544,292835328,955744256,1073737728,854647,58483,6,9157866,54533,0,3921132,3469,875159040,59886592,7931102,5114713,9,2,0,0,0,70612,125616
1778177270803,2497212416,62537728,815984640,292835328,955744256,1073737728,854647,58483,6,9159524,54533,0,3921132,3469,875159040,59886592,7931316,5114753,9,2,0,0,0,70612,125616
1778177271098,2497212416,62537728,815984640,292835328,955744256,1073737728,854647,58483,6,9161195,54533,0,3921132,3469,875159040,59886592,7931514,5114793,9,2,0,0,0,70612,125616
1778177271395,2497212416,62537728,815984640,292835328,955744256,1073737728,854647,58483,6,9162851,54533,0,3921132,3469,875159040,59886592,7931728,5114833,9,2,0,0,0,70612,125616
1778177271684,2497212416,62537728,815984640,292835328,955744256,1073737728,854647,58483,6,9164512,54533,0,3921132,3469,875159040,59886592,7932726,5116501,9,2,0,0,0,70612,125616
1778177271980,2497212416,62537728,815984640,292835328,955744256,1073737728,854647,58483,6,9166169,54533,0,3921132,3469,875159040,59886592,7936088,5118697,9,2,0,0,0,70612,125616
1778177272275,2497212416,62537728,815984640,292835328,955744256,1073737728,854647,58483,6,9167830,54533,0,3921132,3469,875159040,59886592,7936482,5118869,9,2,0,0,0,70612,125616
1778177272571,2497212416,62537728,815984640,292835328,955744256,1073737728,854647,58483,6,9169491,54533,0,3921132,3469,875159040,59886592,7937358,5119573,9,2,0,0,0,70612,125616
1778177272866,2497212416,62537728,815988736,292835328,955744256,1073737728,854647,58483,6,9171147,54533,0,3921132,3469,875159040,59886592,7937572,5119613,9,2,0,0,0,70612,125616
1778177273163,2497212416,62537728,815988736,292835328,955744256,1073737728,854647,58483,6,9172805,54533,0,3921132,3469,875159040,59886592,7937770,5119653,9,2,0,0,0,70612,125616
1778177273458,2497212416,62537728,815988736,292835328,955744256,1073737728,854647,58483,6,9174462,54533,0,3921132,3469,875159040,59886592,7938540,5120237,9,2,0,0,0,70612,125616
1778177273750,2497212416,62537728,815988736,292835328,955744256,1073737728,854647,58483,6,9176121,54533,0,3921132,3469,875159040,59886592,7938754,5120317,9,2,0,0,0,70612,125616
1778177274041,2497212416,62537728,815988736,292835328,955744256,1073737728,854647,58483,6,9177778,54533,0,3921132,3469,875159040,59886592,7938952,5120357,9,2,0,0,0,70612,125616
1778177274338,2497212416,62537728,815988736,292835328,955744256,1073737728,854647,58483,6,9179435,54533,0,3921132,3469,875159040,59911168,7939150,5120397,9,2,0,0,0,70612,125616
1778177274634,2497212416,62545920,815980544,292835328,955744256,1073737728,854647,58539,6,9181094,54533,0,3921132,3469,875159040,59943936,7940132,5122065,9,2,0,0,0,70612,125616
1778177274929,2497212416,62545920,815992832,292851712,955768832,1073737728,854647,58539,6,9182750,54533,0,3921132,3469,875159040,59943936,7943612,5124397,9,2,0,0,0,70616,125622
1778177275225,2497212416,62545920,815992832,292851712,955768832,1073737728,854647,58539,6,9184406,54533,0,3921132,3469,875159040,59943936,7943920,5124529,9,2,0,0,0,70616,125622
1778177275521,2497212416,62545920,815992832,292851712,955768832,1073737728,854647,58539,6,9186069,54533,0,3921132,3469,875159040,59943936,7944808,5125193,9,2,0,0,0,70616,125622
1778177275816,2497212416,62545920,815992832,292851712,955768832,1073737728,854647,58539,6,9187729,54533,0,3921132,3469,875159040,59943936,7945128,5125313,9,2,0,0,0,70616,125622
1778177276111,2497212416,62545920,815992832,292851712,955768832,1073737728,854647,58539,6,9189385,54533,0,3921132,3469,875159040,59943936,7945326,5125353,9,2,0,0,0,70616,125622
1778177276407,2497212416,62545920,815992832,292851712,955768832,1073737728,854647,58539,6,9191044,54533,0,3921132,3469,875159040,59943936,7945524,5125393,9,2,0,0,0,70616,125622
1778177276703,2497212416,62545920,815992832,292851712,955768832,1073737728,854647,58539,6,9192703,54533,0,3921132,3469,875159040,59943936,7946310,5126017,9,2,0,0,0,70616,125622
1778177276999,2497212416,62545920,815996928,292851712,955768832,1073737728,854647,58539,6,9194374,54533,0,3921132,3469,875159040,59943936,7946508,5126057,9,2,0,0,0,70616,125622
1778177277295,2497212416,62545920,815996928,292851712,955768832,1073737728,854647,58539,6,9196031,54533,0,3921132,3469,875159040,59943936,7946706,5126097,9,2,0,0,0,70616,125622
1778177277591,2497212416,62545920,815996928,292851712,955768832,1073737728,854647,58539,6,9197691,54533,0,3921132,3469,875159040,59943936,7947688,5127805,9,2,0,0,0,70616,125622
1778177277886,2497212416,62545920,816001024,292851712,955768832,1073737728,854647,58539,6,9199347,54533,0,3921132,3469,875159040,59943936,7949484,5129385,9,2,0,0,0,70616,125622
1778177278183,2497212416,62545920,816001024,292851712,955768832,1073737728,854647,58539,6,9201005,54533,0,3921132,3469,875159040,59943936,7951358,5130133,9,2,0,0,0,70616,125622
1778177278476,2497212416,62545920,816005120,292851712,955768832,1073737728,854647,58539,6,9202668,54533,0,3921132,3469,875159040,59943936,7952246,5130757,9,2,0,0,0,70616,125622
1778177278772,2497212416,62545920,816005120,292851712,955768832,1073737728,854647,58539,6,9204326,54533,0,3921132,3469,875159040,59943936,7952566,5130917,9,2,0,0,0,70616,125622
1778177279063,2497212416,62545920,816005120,292851712,955768832,1073737728,854647,58539,6,9205983,54533,0,3921132,3469,875159040,59943936,7952764,5130957,9,2,0,0,0,70616,125622
1778177279359,2497212416,62545920,816005120,292851712,955768832,1073737728,854647,58575,6,9207640,54533,0,3921132,3469,875159040,59980800,7952962,5130997,9,2,0,0,0,70616,125622
1778177279653,2497212416,62545920,816005120,292851712,955768832,1073737728,854647,58595,6,9209297,54533,0,3921132,3469,875159040,60034048,7953748,5131581,9,2,0,0,0,70616,125622
1778177279949,2497212416,62554112,816013312,292851712,955801600,1073737728,854647,58627,6,9210954,54533,0,3921132,3469,875159040,60034048,7953946,5131621,9,2,0,0,0,70616,125630
1778177280242,2497212416,62554112,816013312,292851712,955801600,1073737728,854647,58627,6,9212611,54533,0,3921132,3469,875159040,60034048,7954144,5131661,9,2,0,0,0,70616,125630
1778177280539,2497212416,62554112,816013312,292851712,955801600,1073737728,854647,58627,6,9214272,54533,0,3921132,3469,875159040,60034048,7954930,5133369,9,2,0,0,0,70616,125630
1778177280835,2497212416,62554112,816021504,292851712,955801600,1073737728,854647,58627,6,9215929,54533,0,3921132,3469,875159040,60034048,7955356,5134333,9,2,0,0,0,70616,125630
1778177281131,2497212416,62554112,816021504,292851712,955801600,1073737728,854647,58627,6,9217589,54533,0,3921132,3469,875159040,60034048,7958718,5135605,9,2,0,0,0,70616,125630
1778177281427,2497212416,62554112,816021504,292851712,955801600,1073737728,854647,58627,6,9219248,54533,0,3921132,3469,875159040,60034048,7959128,5135737,9,2,0,0,0,70616,125630
1778177281722,2497212416,62554112,816021504,292851712,955801600,1073737728,854647,58627,6,9220910,54533,0,3921132,3469,875159040,60034048,7960122,5136577,9,2,0,0,0,70616,125630
1778177282018,2497212416,62554112,816025600,292851712,955801600,1073737728,854647,58627,6,9222570,54533,0,3921132,3469,875159040,60034048,7960518,5136657,9,2,0,0,0,70616,125630
1778177282314,2497212416,62554112,816025600,292851712,955801600,1073737728,854647,58627,6,9224227,54533,0,3921132,3469,875159040,60034048,7960716,5136697,9,2,0,0,0,70616,125630
1778177282610,2497212416,62554112,816025600,292851712,955801600,1073737728,854647,58627,6,9225887,54533,0,3921132,3469,875159040,60034048,7961502,5137281,9,2,0,0,0,70616,125630
1778177282901,2497212416,62554112,816025600,292851712,955801600,1073737728,854647,58627,6,9227557,54533,0,3921132,3469,875159040,60034048,7961716,5137321,9,2,0,0,0,70616,125630
1778177283197,2497212416,62554112,816025600,292851712,955801600,1073737728,854647,58627,6,9229216,54533,0,3921132,3469,875159040,60034048,7961914,5137361,9,2,0,0,0,70616,125630
1778177283494,2497212416,62554112,816025600,292851712,955801600,1073737728,854647,58627,6,9230877,54533,0,3921132,3469,875159040,60034048,7962700,5138869,9,2,0,0,0,70616,125630
1778177283790,2497212416,62554112,816029696,292851712,955801600,1073737728,854647,58627,6,9232534,54533,0,3921132,3469,875159040,60034048,7963126,5140033,9,2,0,0,0,70616,125630
1778177284086,2497212416,62554112,816029696,292851712,955801600,1073737728,854647,58627,6,9234190,54533,0,3921132,3469,875159040,60034048,7966488,5141305,9,2,0,0,0,70616,125630
1778177284382,2497212416,62554112,816029696,292851712,955801600,1073737728,854647,58627,6,9235847,54533,0,3921132,3469,875159040,60034048,7966780,5141437,9,2,0,0,0,70616,125630
1778177284674,2497212416,62554112,816029696,292851712,955801600,1073737728,854647,58659,6,9237507,54533,0,3921132,3469,875159040,60066816,7967790,5142141,9,2,0,0,0,70616,125630
1778177284969,2497212416,62562304,816021504,292851712,955801600,1073737728,854647,58691,6,9239164,54533,0,3921132,3469,875159040,60099584,7967988,5142181,9,2,0,0,0,70616,125630
1778177285262,2497212416,62562304,816021504,292851712,955801600,1073737728,854647,58691,6,9240822,54533,0,3921132,3469,875159040,60099584,7968186,5142221,9,2,0,0,0,70616,125630
1778177285558,2497212416,62562304,816025600,292851712,955801600,1073737728,854647,58691,6,9242483,54533,0,3921132,3469,875159040,60099584,7968956,5142845,9,2,0,0,0,70616,125630
1778177285852,2497212416,62562304,816033792,292851712,955801600,1073737728,854647,58691,6,9244141,54533,0,3921132,3469,875159040,60099584,7969170,5142885,9,2,0,0,0,70616,125630
1778177286147,2497212416,62562304,816033792,292851712,955801600,1073737728,854647,58691,6,9245799,54533,0,3921132,3469,875159040,60099584,7969368,5142925,9,2,0,0,0,70616,125630
1778177286438,2497212416,62562304,816033792,292851712,955801600,1073737728,854647,58691,6,9247456,54533,0,3921132,3469,875159040,60099584,7969582,5142965,9,2,0,0,0,70616,125630
1778177286733,2497212416,62562304,816033792,292851712,955801600,1073737728,854647,58691,6,9249118,54533,0,3921132,3469,875159040,60099584,7970580,5144673,9,2,0,0,0,70616,125630
1778177287029,2497212416,62562304,816033792,292851712,955801600,1073737728,854647,58691,6,9250775,54533,0,3921132,3469,875159040,60099584,7973958,5146869,9,2,0,0,0,70616,125630
1778177287326,2496954368,62562304,816033792,292851712,955801600,1073737728,854647,58691,6,9252431,54533,0,3921132,3469,875159040,60099584,7974250,5147001,9,2,0,0,0,70616,125630
1778177287622,2496954368,62562304,816033792,292851712,955801600,1073737728,854647,58691,6,9254093,54533,0,3921132,3469,875159040,60099584,7975244,5147705,9,2,0,0,0,70616,125630
1778177287917,2496954368,62562304,816041984,292851712,955801600,1073737728,854647,58691,6,9255750,54533,0,3921132,3469,875159040,60099584,7975458,5147745,9,2,0,0,0,70616,125630
1778177288214,2496954368,62562304,816041984,292851712,955801600,1073737728,854647,58691,6,9257408,54533,0,3921132,3469,875159040,60099584,7975656,5147785,9,2,0,0,0,70616,125630
1778177288511,2496954368,62562304,816041984,292851712,955801600,1073737728,854647,58691,6,9259068,54533,0,3921132,3469,875159040,60099584,7976426,5148409,9,2,0,0,0,70616,125630
1778177288807,2496954368,62562304,816041984,292851712,955801600,1073737728,854647,58691,6,9260727,54533,0,3921132,3469,875159040,60099584,7976726,5148585,9,2,0,0,0,70616,125630
1778177289103,2496954368,62562304,816041984,292851712,955801600,1073737728,854647,58691,6,9262400,54533,0,3921132,3469,875159040,60099584,7976924,5148625,9,2,0,0,0,70616,125630
1778177289399,2496954368,62562304,816041984,292851712,955801600,1073737728,854647,58691,6,9264058,54533,0,3921132,3469,875159040,60099584,7977122,5148665,9,2,0,0,0,70616,125630
1778177289695,2496954368,62562304,816041984,292851712,955801600,1073737728,854647,58691,6,9265719,54533,0,3921132,3469,875159040,60099584,7978120,5150333,9,2,0,0,0,70616,125630
1778177289991,2496954368,62562304,816046080,292851712,955801600,1073737728,854647,58715,6,9267378,54533,0,3921132,3469,875159040,60124160,7981498,5152529,9,2,0,0,0,70616,125630
1778177290286,2496954368,62570496,816037888,292851712,955801600,1073737728,854647,58747,6,9269038,54533,0,3921132,3469,875159040,60156928,7981892,5152661,9,2,0,0,0,70616,125630
1778177290582,2496954368,62570496,816037888,292851712,955801600,1073737728,854647,58747,6,9270698,54533,0,3921132,3469,875159040,60156928,7982784,5153365,9,2,0,0,0,70616,125630
1778177290878,2496954368,62570496,816046080,292859904,955805696,1073737728,854647,58747,6,9272358,54533,0,3921132,3469,875159040,60156928,7983116,5153445,9,2,0,0,0,70618,125631
1778177291174,2496954368,62570496,816050176,292859904,955805696,1073737728,854647,58747,6,9274015,54533,0,3921132,3469,875159040,60156928,7983330,5153485,9,2,0,0,0,70618,125631
1778177291470,2496954368,62570496,816050176,292859904,955805696,1073737728,854647,58747,6,9275675,54533,0,3921132,3469,875159040,60156928,7984100,5154069,9,2,0,0,0,70618,125631
1778177291764,2496954368,62570496,816050176,292859904,955805696,1073737728,854647,58747,6,9277333,54533,0,3921132,3469,875159040,60156928,7984314,5154149,9,2,0,0,0,70618,125631
1778177292059,2496954368,62570496,816050176,292859904,955805696,1073737728,854647,58747,6,9278991,54533,0,3921132,3469,875159040,60156928,7984512,5154189,9,2,0,0,0,70618,125631
1778177292355,2496954368,62570496,816050176,292859904,955805696,1073737728,854647,58747,6,9280649,54533,0,3921132,3469,875159040,60156928,7984726,5154229,9,2,0,0,0,70618,125631
1778177292647,2496954368,62570496,816050176,292859904,955805696,1073737728,854647,58747,6,9282309,54533,0,3921132,3469,875159040,60156928,7985724,5155897,9,2,0,0,0,70618,125631
1778177292943,2496954368,62570496,816054272,292859904,955805696,1073737728,854647,58747,6,9283966,54533,0,3921132,3469,875159040,60156928,7989086,5158093,9,2,0,0,0,70618,125631
1778177293236,2496954368,62570496,816054272,292859904,955805696,1073737728,854647,58747,6,9285627,54533,0,3921132,3469,875159040,60156928,7989480,5158265,9,2,0,0,0,70618,125631
1778177293532,2496954368,62570496,816054272,292859904,955805696,1073737728,854647,58747,6,9287287,54533,0,3921132,3469,875159040,60156928,7990250,5158889,9,2,0,0,0,70618,125631
1778177293828,2496954368,62570496,816058368,292859904,955805696,1073737728,854647,58747,6,9288947,54533,0,3921132,3469,875159040,60156928,7990570,5159009,9,2,0,0,0,70618,125631
1778177294124,2496954368,62570496,816058368,292859904,955805696,1073737728,854647,58747,6,9290606,54533,0,3921132,3469,875159040,60156928,7990784,5159049,9,2,0,0,0,70618,125631
1778177294421,2496954368,62570496,816066560,292859904,955805696,1073737728,854647,58747,6,9292263,54533,0,3921132,3469,875159040,60156928,7990982,5159089,9,2,0,0,0,70618,125631
1778177294718,2496954368,62570496,816066560,292859904,955805696,1073737728,854647,58747,6,9293922,54533,0,3921132,3469,875159040,60156928,7991768,5159713,9,2,0,0,0,70618,125631
1778177295014,2496954368,62570496,816066560,292859904,955805696,1073737728,854647,58747,6,9295596,54533,0,3921132,3469,875159040,60156928,7991966,5159753,9,2,0,0,0,70618,125631
1778177295309,2496954368,62578688,816058368,292859904,955805696,1073737728,854647,58767,6,9297253,54533,0,3921132,3469,875159040,60214272,7992180,5159793,9,2,0,0,0,70618,125631
1778177295604,2496954368,62578688,816058368,292859904,955805696,1073737728,854647,58803,6,9298914,54534,0,3921132,3469,875159040,60214272,7993264,5161597,9,2,0,0,0,70618,125631
1778177295899,2496954368,62578688,816070656,292892672,955834368,1073737728,854647,58803,6,9300572,54534,0,3921132,3469,875159040,60214272,7995690,5163485,9,2,0,0,0,70626,125638
1778177296195,2496954368,62578688,816070656,292892672,955834368,1073737728,854647,58803,6,9302232,54534,0,3921132,3469,875159040,60214272,7996934,5163925,9,2,0,0,0,70626,125638
1778177296491,2496954368,62578688,816074752,292892672,955834368,1073737728,854647,58803,6,9303895,54534,0,3921132,3469,875159040,60214272,7997822,5164509,9,2,0,0,0,70626,125638
1778177296787,2496954368,62578688,816078848,292892672,955834368,1073737728,854647,58803,6,9305558,54534,0,3921132,3469,875159040,60214272,7998142,5164669,9,2,0,0,0,70626,125638
1778177297082,2496954368,62578688,816078848,292892672,955834368,1073737728,854647,58803,6,9307214,54534,0,3921132,3469,875159040,60214272,7998340,5164709,9,2,0,0,0,70626,125638
1778177297378,2496954368,62578688,816078848,292892672,955834368,1073737728,854647,58803,6,9308870,54534,0,3921132,3469,875159040,60214272,7998538,5164749,9,2,0,0,0,70626,125638
1778177297669,2496954368,62578688,816078848,292892672,955834368,1073737728,854647,58803,6,9310531,54534,0,3921132,3469,875159040,60214272,7999324,5165333,9,2,0,0,0,70626,125638
1778177297964,2496954368,62578688,816078848,292892672,955834368,1073737728,854647,58803,6,9312189,54534,0,3921132,3469,875159040,60214272,7999522,5165373,9,2,0,0,0,70626,125638
1778177298258,2496954368,62578688,816078848,292892672,955834368,1073737728,854647,58803,6,9313847,54534,0,3921132,3469,875159040,60214272,7999720,5165413,9,2,0,0,0,70626,125638
1778177298554,2496954368,62578688,816078848,292892672,955834368,1073737728,854647,58803,6,9315506,54534,0,3921132,3469,875159040,60214272,8000718,5167121,9,2,0,0,0,70626,125638
1778177298847,2496954368,62578688,816082944,292892672,955834368,1073737728,854647,58803,6,9317164,54534,0,3921132,3469,875159040,60214272,8002514,5168701,9,2,0,0,0,70626,125638
1778177299142,2496954368,62578688,816082944,292892672,955834368,1073737728,854647,58803,6,9318822,54534,0,3921132,3469,875159040,60214272,8004294,5169357,9,2,0,0,0,70626,125638
1778177299436,2496954368,62578688,816082944,292892672,955834368,1073737728,854647,58803,6,9320485,54534,0,3921132,3469,875159040,60214272,8004704,5169529,9,2,0,0,0,70626,125638
1778177299731,2496954368,62578688,816082944,292892672,955834368,1073737728,854647,58803,6,9322145,54534,0,3921132,3469,875159040,60214272,8005596,5170233,9,2,0,0,0,70626,125638
1778177300027,2496954368,62578688,816082944,292892672,955834368,1073737728,854647,58803,6,9323802,54534,0,3921132,3469,875159040,60214272,8005794,5170273,9,2,0,0,0,70626,125638
1778177300321,2496954368,62586880,816074752,292892672,955834368,1073737728,854647,58851,6,9325460,54534,0,3921132,3469,875159040,60263424,8006008,5170313,9,2,0,0,0,70626,125638
1778177300618,2496954368,62586880,816074752,292892672,955834368,1073737728,854647,58875,6,9327119,54534,0,3921132,3469,875159040,60288000,8006778,5170897,9,2,0,0,0,70626,125638
1778177300913,2496954368,62586880,816091136,292892672,955842560,1073737728,854647,58875,6,9328790,54534,0,3921132,3469,875159040,60288000,8006992,5170937,9,2,0,0,0,70626,125640
1778177301208,2496954368,62586880,816091136,292892672,955842560,1073737728,854647,58875,6,9330450,54534,0,3921132,3469,875159040,60288000,8007206,5170977,9,2,0,0,0,70626,125640
1778177301503,2496954368,62586880,816091136,292892672,955842560,1073737728,854647,58875,6,9332108,54534,0,3921132,3469,875159040,60288000,8007976,5172525,9,2,0,0,0,70626,125640
1778177301798,2496954368,62586880,816091136,292892672,955842560,1073737728,854647,58875,6,9333765,54534,0,3921132,3469,875159040,60288000,8008402,5173649,9,2,0,0,0,70626,125640
1778177302094,2496954368,62586880,816091136,292892672,955842560,1073737728,854647,58875,6,9335423,54534,0,3921132,3469,875159040,60288000,8011764,5174921,9,2,0,0,0,70626,125640
1778177302391,2496954368,62586880,816091136,292892672,955842560,1073737728,854647,58875,6,9337080,54534,0,3921132,3469,875159040,60288000,8012158,5175229,9,2,0,0,0,70626,125640
1778177302688,2496954368,62586880,816091136,292892672,955842560,1073737728,854647,58875,6,9338742,54534,0,3921159,3469,875159040,60288000,8013168,5175933,9,2,0,0,0,70626,125640
1778177302983,2496954368,62586880,816099328,292892672,955904000,1073737728,854647,58875,6,9340402,54534,0,3921159,3469,875159040,60288000,8013366,5175973,9,2,0,0,0,70626,125640
1778177303278,2496954368,62586880,816099328,292892672,955904000,1073737728,854647,58875,6,9342059,54534,0,3921159,3469,875159040,60288000,8013564,5176013,9,2,0,0,0,70626,125640
1778177303574,2496954368,62586880,816099328,292892672,955904000,1073737728,854647,58875,6,9343719,54534,0,3921159,3469,875159040,60288000,8014334,5176637,9,2,0,0,0,70626,125640
1778177303866,2496954368,62595072,816099328,292909056,955977728,1073737728,854647,58915,6,9345376,54534,0,3921161,3469,875159040,60328960,8014548,5176677,9,2,0,0,0,70630,125646
1778177304162,2496954368,62595072,816103424,292909056,955977728,1073737728,854647,58915,6,9347035,54534,0,3921161,3469,875159040,60328960,8014746,5176717,9,2,0,0,0,70630,125646
1778177304458,2496954368,62595072,816103424,292909056,955977728,1073737728,854647,58915,6,9348694,54534,0,3921161,3469,875159040,60328960,8015516,5177301,9,2,0,0,0,70630,125646
1778177304749,2496954368,62595072,816103424,292909056,955977728,1073737728,854647,58915,6,9350352,54534,0,3921162,3469,875159040,60328960,8015942,5178465,9,2,0,0,0,70630,125646
1778177305040,2496954368,62595072,816103424,292909056,955977728,1073737728,854647,58915,6,9352011,54534,0,3921162,3469,875159040,60328960,8019320,5180661,9,2,0,0,0,70630,125646
1778177305335,2496954368,62595072,816103424,292909056,955977728,1073737728,854647,58915,6,9353671,54534,0,3921162,3469,875159040,60328960,8019612,5180793,9,2,0,0,0,70630,125646
1778177305631,2496954368,62595072,816103424,292909056,955977728,1073737728,854647,58935,6,9355334,54534,0,3921162,3469,875159040,60349440,8020622,5181497,9,2,0,0,0,70630,125646
1778177305927,2496954368,62595072,816103424,292909056,955977728,1073737728,854647,58935,6,9356992,54534,0,3921162,3469,875159040,60349440,8020836,5181537,9,2,0,0,0,70630,125646
1778177306222,2496954368,62595072,816103424,292909056,955977728,1073737728,854647,58935,6,9358649,54534,0,3921162,3469,875159040,60349440,8021034,5181577,9,2,0,0,0,70630,125646
1778177306518,2496954368,62595072,816103424,292909056,955977728,1073737728,854647,58935,6,9360309,54534,0,3921162,3469,875159040,60349440,8021804,5182201,9,2,0,0,0,70630,125646
1778177306814,2496954368,62595072,816107520,292909056,955977728,1073737728,854647,58935,6,9361966,54534,0,3921162,3469,875159040,60349440,8022018,5182241,9,2,0,0,0,70630,125646
1778177307109,2496954368,62595072,816107520,292909056,955977728,1073737728,854647,58935,6,9363638,54534,0,3921162,3469,875159040,60349440,8022216,5182281,9,2,0,0,0,70630,125646
1778177307404,2496954368,62595072,816107520,292909056,955977728,1073737728,854647,58935,6,9365298,54534,0,3921162,3469,875159040,60349440,8022414,5182321,9,2,0,0,0,70630,125646
1778177307700,2496954368,62595072,816107520,292909056,955977728,1073737728,854647,58935,6,9366960,54534,0,3921162,3469,875159040,60349440,8023412,5184029,9,2,0,0,0,70630,125646
1778177307996,2496954368,62595072,816115712,292909056,955977728,1073737728,854647,58935,6,9368618,54534,0,3921162,3469,875159040,60349440,8026774,5186225,9,2,0,0,0,70630,125646
1778177308291,2496954368,62595072,816115712,292909056,955977728,1073737728,854647,58935,6,9370278,54534,0,3921162,3469,875159040,60349440,8027066,5186357,9,2,0,0,0,70630,125646
1778177308587,2496954368,62595072,816115712,292909056,955977728,1073737728,854647,58935,6,9371942,54534,0,3921162,3469,875159040,60349440,8028060,5187061,9,2,0,0,0,70630,125646
1778177308883,2496954368,62603264,816119808,292909056,955977728,1073737728,854647,58967,6,9373599,54534,0,3921162,3469,875159040,60382208,8028274,5187141,9,2,0,0,0,70630,125646
1778177309179,2496954368,62603264,816119808,292909056,955977728,1073737728,854647,58967,6,9375258,54534,0,3921162,3469,875159040,60382208,8028574,5187357,9,2,0,0,0,70630,125646
1778177309475,2496954368,62603264,816119808,292909056,955977728,1073737728,854647,58967,6,9376919,54534,0,3921162,3469,875159040,60382208,8029344,5187941,9,2,0,0,0,70630,125646
1778177309770,2496954368,62603264,816119808,292909056,955977728,1073737728,854647,58967,6,9378576,54534,0,3921162,3469,875159040,60382208,8029558,5188021,9,2,0,0,0,70630,125646
1778177310066,2496954368,62603264,816119808,292909056,955977728,1073737728,854647,58967,6,9380233,54534,0,3921162,3469,875159040,60382208,8029756,5188061,9,2,0,0,0,70630,125646
1778177310362,2496954368,62603264,816119808,292909056,955977728,1073737728,854647,58967,6,9381891,54534,0,3921162,3469,875159040,60427264,8029954,5188101,9,2,0,0,0,70630,125646
1778177310659,2496954368,62603264,816119808,292909056,955977728,1073737728,854647,59011,6,9383553,54534,0,3921162,3469,875159040,60427264,8030952,5189769,9,2,0,0,0,70630,125646
1778177310955,2496954368,62603264,816123904,292909056,955998208,1073737728,854647,59043,6,9385211,54534,0,3921162,3469,875159040,60460032,8034314,5191965,9,2,0,0,0,70630,125651
1778177311248,2496954368,62603264,816123904,292909056,955998208,1073737728,854647,59043,6,9386873,54534,0,3921162,3469,875159040,60460032,8034724,5192137,9,2,0,0,0,70630,125651
1778177311544,2496954368,62603264,816123904,292909056,955998208,1073737728,854647,59043,6,9388537,54534,0,3921162,3469,875159040,60460032,8035552,5192789,9,2,0,0,0,70630,125651
1778177311836,2496954368,62603264,816128000,292909056,955998208,1073737728,854647,59043,6,9390200,54534,0,3921162,3469,875159040,60460032,8035974,5192909,9,2,0,0,0,70630,125651
1778177312132,2496954368,62603264,816128000,292909056,955998208,1073737728,854647,59043,6,9391860,54534,0,3921162,3469,875159040,60460032,8036172,5192949,9,2,0,0,0,70630,125651
1778177312427,2496954368,62603264,816128000,292909056,955998208,1073737728,854647,59043,6,9393520,54534,0,3921162,3469,875159040,60460032,8036370,5192989,9,2,0,0,0,70630,125651
1778177312723,2496954368,62603264,816128000,292909056,955998208,1073737728,854647,59043,6,9395182,54534,0,3921162,3469,875159040,60460032,8037156,5193613,9,2,0,0,0,70630,125651
1778177313018,2496954368,62603264,816132096,292909056,955998208,1073737728,854647,59043,6,9396856,54534,0,3921162,3469,875159040,60460032,8037354,5193653,9,2,0,0,0,70630,125651
1778177313313,2496954368,62603264,816132096,292909056,955998208,1073737728,854647,59043,6,9398513,54534,0,3921162,3469,875159040,60460032,8037568,5193693,9,2,0,0,0,70630,125651
1778177313610,2496954368,62603264,816132096,292909056,955998208,1073737728,854647,59043,6,9400173,54534,0,3921162,3469,875159040,60460032,8038550,5195361,9,2,0,0,0,70630,125651
1778177313906,2496954368,62603264,816136192,292917248,956014592,1073737728,854647,59043,6,9401830,54534,0,3921162,3469,875159040,60492800,8041928,5197557,9,2,0,0,0,70632,125655
1778177314201,2496954368,62611456,816128000,292917248,956014592,1073737728,854647,59075,6,9403491,54534,0,3921162,3469,875159040,60492800,8042220,5197689,9,2,0,0,0,70632,125655
1778177314495,2496954368,62611456,816128000,292917248,956014592,1073737728,854647,59075,6,9405158,54534,0,3921162,3469,875159040,60492800,8043124,5198273,9,2,0,0,0,70632,125655
1778177314790,2496954368,62611456,816136192,292917248,956014592,1073737728,854647,59075,6,9406817,54534,0,3921162,3469,875159040,60492800,8043444,5198433,9,2,0,0,0,70632,125655
1778177315084,2496954368,62611456,816136192,292917248,956014592,1073737728,854647,59075,6,9408476,54534,0,3921162,3469,875159040,60492800,8043642,5198473,9,2,0,0,0,70632,125655
1778177315379,2496954368,62611456,816136192,292917248,956014592,1073737728,854647,59075,6,9410135,54534,0,3921162,3469,875159040,60492800,8043856,5198513,9,2,0,0,0,70632,125655
1778177315676,2496954368,62611456,816136192,292917248,956014592,1073737728,854647,59075,6,9411797,54534,0,3921162,3469,875159040,60492800,8044642,5199097,9,2,0,0,0,70632,125655
1778177315971,2496954368,62611456,816140288,292917248,956014592,1073737728,854647,59075,6,9413454,54534,0,3921162,3469,875159040,60492800,8044942,5199273,9,2,0,0,0,70632,125655
1778177316266,2496954368,62611456,816140288,292917248,956014592,1073737728,854647,59075,6,9415113,54534,0,3921162,3469,875159040,60517376,8045140,5199313,9,2,0,0,0,70632,125655
1778177316562,2496954368,62611456,816140288,292917248,956014592,1073737728,854647,59099,6,9416773,54534,0,3921162,3469,875159040,60517376,8046122,5201021,9,2,0,0,0,70632,125655
1778177316858,2496954368,62611456,816140288,292925440,956039168,1073737728,854647,59099,6,9418429,54534,0,3921162,3469,875159040,60517376,8047918,5202601,9,2,0,0,0,70634,125660
1778177317153,2496954368,62611456,816140288,292925440,956039168,1073737728,854647,59099,6,9420087,54534,0,3921162,3469,875159040,60517376,8049808,5203257,9,2,0,0,0,70634,125660
1778177317445,2496954368,62611456,816140288,292925440,956039168,1073737728,854647,59099,6,9421746,54534,0,3921162,3469,875159040,60517376,8050124,5203621,9,2,0,0,0,70634,125660
1778177317739,2496954368,62611456,816144384,292925440,956039168,1073737728,854647,59099,6,9423408,54534,0,3921162,3469,875159040,60517376,8051016,5204093,9,2,0,0,0,70634,125660
1778177318032,2496954368,62611456,816144384,292925440,956039168,1073737728,854647,59099,6,9425066,54534,0,3921162,3469,875159040,60517376,8051214,5204133,9,2,0,0,0,70634,125660
1778177318327,2496954368,62611456,816144384,292925440,956039168,1073737728,854647,59099,6,9426724,54534,0,3921162,3469,875159040,60517376,8051412,5204173,9,2,0,0,0,70634,125660
1778177318623,2496954368,62611456,816144384,292925440,956039168,1073737728,854647,59099,6,9428385,54534,0,3921162,3469,875159040,60517376,8052182,5204757,9,2,0,0,0,70634,125660
1778177318919,2496954368,62611456,816144384,292925440,956039168,1073737728,854647,59099,6,9430057,54534,0,3921162,3469,875159040,60517376,8052396,5204797,9,2,0,0,0,70634,125660
1778177319215,2496954368,62619648,816136192,292925440,956039168,1073737728,854647,59131,6,9431716,54534,0,3921162,3469,875159040,60550144,8052594,5204837,9,2,0,0,0,70634,125660
1778177319511,2496954368,62619648,816136192,292925440,956039168,1073737728,854647,59131,6,9433378,54534,0,3921162,3469,875159040,60550144,8053364,5206385,9,2,0,0,0,70634,125660
1778177319807,2496954368,62619648,816148480,292925440,956039168,1073737728,854647,59131,6,9435038,54534,0,3921162,3469,875159040,60550144,8053790,5207509,9,2,0,0,0,70634,125660
1778177320103,2496954368,62619648,816148480,292925440,956039168,1073737728,854647,59131,6,9436697,54534,0,3921162,3469,875159040,60550144,8057152,5208781,9,2,0,0,0,70634,125660
1778177320399,2496954368,62619648,816148480,292925440,956039168,1073737728,854647,59131,6,9438357,54534,0,3921162,3469,875159040,60550144,8057444,5208913,9,2,0,0,0,70634,125660
1778177320694,2496954368,62619648,816152576,292925440,956039168,1073737728,854647,59131,6,9440021,54534,0,3921162,3469,875159040,60550144,8058454,5209617,9,2,0,0,0,70634,125660
1778177320991,2496954368,62619648,816152576,292925440,956039168,1073737728,854647,59131,6,9441678,54534,0,3921162,3469,875159040,60550144,8058652,5209657,9,2,0,0,0,70634,125660
1778177321287,2496954368,62619648,816152576,292925440,956039168,1073737728,854647,59131,6,9443337,54534,0,3921162,3469,875159040,60550144,8058850,5209697,9,2,0,0,0,70634,125660
1778177321583,2496954368,62619648,816160768,292925440,956039168,1073737728,854647,59167,6,9444996,54534,0,3921162,3469,875159040,60587008,8059620,5210321,9,2,0,0,0,70634,125660
1778177321872,2496954368,62619648,816164864,292925440,956047360,1073737728,854647,59167,6,9446653,54534,0,3921162,3469,875159040,60587008,8059834,5210361,9,2,0,0,0,70634,125662
1778177322168,2496954368,62619648,816164864,292925440,956047360,1073737728,854647,59167,6,9448311,54534,0,3921162,3469,875159040,60587008,8060032,5210401,9,2,0,0,0,70634,125662
1778177322464,2496954368,62619648,816164864,292925440,956047360,1073737728,854647,59167,6,9449972,54534,0,3921162,3469,875159040,60587008,8060802,5210985,9,2,0,0,0,70634,125662
1778177322755,2496954368,62619648,816164864,292925440,956047360,1073737728,854647,59167,6,9451632,54534,0,3921162,3469,875159040,60587008,8061330,5212285,9,2,0,0,0,70634,125662
1778177323047,2496954368,62619648,816164864,292925440,956047360,1073737728,854647,59167,6,9453289,54534,0,3921162,3469,875159040,60587008,8064692,5214481,9,2,0,0,0,70634,125662
1778177323343,2496954368,62619648,816164864,292925440,956047360,1073737728,854647,59167,6,9454948,54534,0,3921162,3469,875159040,60587008,8065000,5214613,9,2,0,0,0,70634,125662
1778177323636,2496954368,62619648,816164864,292925440,956047360,1073737728,854647,59167,6,9456607,54534,0,3921162,3469,875159040,60587008,8065994,5215317,9,2,0,0,0,70634,125662
1778177323931,2496954368,62619648,816168960,292925440,956047360,1073737728,854647,59167,6,9458266,54534,0,3921162,3469,875159040,60587008,8066208,5215357,9,2,0,0,0,70634,125662
1778177324227,2496954368,62619648,816168960,292925440,956047360,1073737728,854647,59167,6,9459923,54534,0,3921162,3469,875159040,60587008,8066406,5215397,9,2,0,0,0,70634,125662
1778177324522,2496954368,62627840,816168960,292925440,956047360,1073737728,854647,59203,6,9461585,54534,0,3921162,3469,875159040,60623872,8067176,5216021,9,2,0,0,0,70634,125662
1778177324818,2496954368,62627840,816168960,292925440,956047360,1073737728,854647,59203,6,9463242,54534,0,3921162,3469,875159040,60623872,8067390,5216061,9,2,0,0,0,70634,125662
1778177325114,2496954368,62627840,816168960,292925440,956047360,1073737728,854647,59203,6,9464914,54534,0,3921162,3469,875159040,60623872,8067604,5216101,9,2,0,0,0,70634,125662
1778177325410,2496954368,62627840,816168960,292925440,956047360,1073737728,854647,59203,6,9466570,54534,0,3921162,3469,875159040,60623872,8067802,5216141,9,2,0,0,0,70634,125662
1778177325707,2496954368,62627840,816168960,292925440,956047360,1073737728,854647,59203,6,9468233,54534,0,3921162,3469,875159040,60623872,8068800,5217849,9,2,0,0,0,70634,125662
1778177326003,2496954368,62627840,816173056,292925440,956047360,1073737728,854647,59203,6,9469892,54534,0,3921162,3469,875159040,60623872,8072162,5220045,9,2,0,0,0,70634,125662
1778177326299,2496954368,62627840,816173056,292925440,956047360,1073737728,854647,59203,6,9471550,54534,0,3921162,3469,875159040,60623872,8072572,5220217,9,2,0,0,0,70634,125662
1778177326595,2496954368,62627840,816173056,292925440,956047360,1073737728,854647,59219,6,9473212,54534,0,3921162,3469,875159040,60640256,8073448,5220921,9,2,0,0,0,70634,125662
1778177326890,2496954368,62627840,816173056,292925440,956047360,1073737728,854647,59219,6,9474870,54534,0,3921162,3469,875159040,60640256,8073662,5220961,9,2,0,0,0,70634,125662
1778177327187,2496954368,62627840,816173056,292925440,956047360,1073737728,854647,59219,6,9476528,54534,0,3921163,3469,875159040,60640256,8073860,5221001,9,2,0,0,0,70634,125662
1778177327480,2496954368,62627840,816173056,292925440,956047360,1073737728,854647,59219,6,9478190,54534,0,3921163,3469,875159040,60640256,8074630,5221585,9,2,0,0,0,70634,125662
1778177327776,2496954368,62627840,816177152,292925440,956047360,1073737728,854647,59219,6,9479848,54534,0,3921163,3469,875159040,60640256,8074844,5221665,9,2,0,0,0,70634,125662
1778177328071,2496954368,62627840,816177152,292925440,956047360,1073737728,854647,59219,6,9481505,54534,0,3921163,3469,875159040,60640256,8075042,5221705,9,2,0,0,0,70634,125662
1778177328367,2496954368,62627840,816177152,292925440,956047360,1073737728,854647,59219,6,9483163,54534,0,3921163,3469,875159040,60640256,8075240,5221745,9,2,0,0,0,70634,125662
1778177328663,2496954368,62627840,816177152,292925440,956047360,1073737728,854647,59219,6,9484824,54534,0,3921163,3469,875159040,60640256,8076238,5223413,9,2,0,0,0,70634,125662
1778177328959,2496954368,62627840,816177152,292925440,956047360,1073737728,854647,59219,6,9486482,54534,0,3921163,3469,875159040,60640256,8079600,5225609,9,2,0,0,0,70634,125662
1778177329254,2496954368,62627840,816177152,292925440,956047360,1073737728,854647,59219,6,9488138,54534,0,3921163,3469,875159040,60640256,8079892,5225741,9,2,0,0,0,70634,125662
1778177329550,2496954368,62636032,816168960,292925440,956047360,1073737728,854647,59247,6,9489800,54534,0,3921163,3469,875159040,60668928,8080882,5226541,9,2,0,0,0,70634,125662
1778177329841,2496954368,62636032,816168960,292925440,956047360,1073737728,854647,59247,6,9491457,54534,0,3921163,3469,875159040,60668928,8081202,5226661,9,2,0,0,0,70634,125662
1778177330135,2496954368,62636032,816185344,292945920,956088320,1073737728,854647,59247,6,9493116,54534,0,3921163,3469,875159040,60668928,8081400,5226701,9,2,0,0,0,70639,125671
1778177330432,2496954368,62636032,816185344,292945920,956088320,1073737728,854647,59247,6,9494775,54534,0,3921163,3469,875159040,60668928,8081598,5226741,9,2,0,0,0,70639,125671
1778177330726,2496954368,62636032,816185344,292945920,956088320,1073737728,854647,59247,6,9496434,54534,0,3921163,3469,875159040,60668928,8082384,5227365,9,2,0,0,0,70639,125671
1778177331022,2496954368,62636032,816185344,292945920,956088320,1073737728,854647,59247,6,9498108,54534,0,3921163,3469,875159040,60668928,8082582,5227405,9,2,0,0,0,70639,125671
1778177331318,2496954368,62636032,816185344,292945920,956088320,1073737728,854647,59247,6,9499765,54534,0,3921163,3469,875159040,60668928,8082780,5227445,9,2,0,0,0,70639,125671
1778177331614,2496954368,62636032,816185344,292945920,956088320,1073737728,854647,59247,6,9501426,54534,0,3921163,3469,875159040,60668928,8083762,5229113,9,2,0,0,0,70639,125671
1778177331910,2496954368,62636032,816189440,292945920,956088320,1073737728,854647,59247,6,9503084,54534,0,3921163,3469,875159040,60693504,8087140,5231309,9,2,0,0,0,70639,125671
1778177332206,2496954368,62636032,816189440,292950016,956084224,1073737728,854647,59271,6,9504743,54535,0,3921163,3469,875159040,60693504,8087432,5231441,9,2,0,0,0,70640,125670
1778177332502,2496954368,62636032,816189440,292950016,956084224,1073737728,854647,59271,6,9506405,54535,0,3921163,3469,875159040,60693504,8088304,5232065,9,2,0,0,0,70640,125670
1778177332798,2496954368,62636032,816193536,292950016,956084224,1073737728,854647,59271,6,9508061,54535,0,3921163,3469,875159040,60693504,8088624,5232225,9,2,0,0,0,70640,125670
1778177333094,2496954368,62636032,816193536,292950016,956084224,1073737728,854647,59271,6,9509719,54535,0,3921163,3469,875159040,60693504,8088838,5232265,9,2,0,0,0,70640,125670
1778177333389,2496954368,62636032,816193536,292950016,956084224,1073737728,854647,59271,6,9511376,54535,0,3921163,3469,875159040,60693504,8089052,5232305,9,2,0,0,0,70640,125670
1778177333687,2496954368,62636032,816193536,292950016,956084224,1073737728,854647,59271,6,9513038,54535,0,3921163,3469,875159040,60693504,8089838,5232889,9,2,0,0,0,70640,125670
1778177333983,2496954368,62636032,816193536,292950016,956084224,1073737728,854647,59271,6,9514697,54535,0,3921163,3469,875159040,60693504,8090036,5232929,9,2,0,0,0,70640,125670
1778177334278,2496954368,62636032,816193536,292950016,956084224,1073737728,854647,59271,6,9516355,54535,0,3921163,3469,875159040,60693504,8090234,5232969,9,2,0,0,0,70640,125670
1778177334573,2496954368,62636032,816197632,292950016,956084224,1073737728,854647,59271,6,9518014,54535,0,3921163,3469,875159040,60693504,8091232,5234677,9,2,0,0,0,70640,125670
1778177334870,2496954368,62644224,816189440,292950016,956084224,1073737728,854647,59303,6,9519673,54535,0,3921163,3469,875159040,60726272,8093028,5236257,9,2,0,0,0,70640,125670
1778177335167,2496954368,62644224,816197632,292950016,956084224,1073737728,854647,59303,6,9521332,54535,0,3921163,3469,875159040,60726272,8094902,5237005,9,2,0,0,0,70640,125670
1778177335462,2496954368,62644224,816197632,292950016,956084224,1073737728,854647,59303,6,9522993,54535,0,3921163,3469,875159040,60726272,8095806,5237589,9,2,0,0,0,70640,125670
1778177336645,2496954368,62652416,816197632,292950016,956084224,1073737728,854647,59335,6,9524655,54535,0,3921209,3469,875159040,60759040,8096216,5237825,9,2,0,0,0,70640,125670
1778177336937,2496954368,62652416,816201728,292958208,956084224,1073737728,854647,59335,6,9526312,54535,0,3921209,3469,875159040,60759040,8096564,5238245,9,2,0,0,0,70642,125670
1778177337232,2496954368,62652416,816201728,292958208,956084224,1073737728,854647,59335,6,9527969,54535,0,3921209,3469,875159040,60759040,8096762,5238285,9,2,0,0,0,70642,125670
1778177337528,2496954368,62652416,816201728,292958208,956084224,1073737728,854647,59335,6,9529628,54535,0,3921209,3469,875159040,60759040,8097650,5239045,9,2,0,0,0,70642,125670
1778177337824,2496954368,62652416,816209920,292958208,956104704,1073737728,854647,59335,6,9531302,54535,0,3921209,3469,875159040,60759040,8097864,5239085,9,2,0,0,0,70642,125675
1778177338120,2496954368,62652416,816209920,292958208,956104704,1073737728,854647,59335,6,9532959,54535,0,3921209,3469,875159040,60791808,8098062,5239125,9,2,0,0,0,70642,125675
1778177338417,2496954368,62652416,816209920,292958208,956108800,1073737728,854647,59367,6,9534621,54535,0,3921209,3469,875159040,60791808,8098832,5240673,9,2,0,0,0,70642,125676
1778177338713,2496954368,62652416,816209920,292958208,956108800,1073737728,854647,59367,6,9536279,54535,0,3921209,3469,875159040,60791808,8099242,5241797,9,2,0,0,0,70642,125676
1778177339009,2496954368,62652416,816209920,292958208,956108800,1073737728,854647,59367,6,9537939,54535,0,3921209,3469,875159040,60791808,8102604,5243069,9,2,0,0,0,70642,125676
1778177339306,2496954368,62652416,816209920,292958208,956108800,1073737728,854647,59367,6,9539598,54535,0,3921209,3469,875159040,60791808,8102896,5243201,9,2,0,0,0,70642,125676
1778177339603,2496954368,62652416,816209920,292958208,956108800,1073737728,854647,59367,6,9541258,54535,0,3921209,3469,875159040,60791808,8103890,5243905,9,2,0,0,0,70642,125676
1778177339900,2496954368,62652416,816222208,292958208,956108800,1073737728,854647,59367,6,9542916,54535,0,3921209,3469,875159040,60791808,8104088,5243945,9,2,0,0,0,70642,125676
1778177340194,2496954368,62652416,816222208,292958208,956108800,1073737728,854647,59367,6,9544574,54535,0,3921209,3469,875159040,60791808,8104286,5243985,9,2,0,0,0,70642,125676
1778177340489,2496954368,62652416,816222208,292958208,956108800,1073737728,854647,59367,6,9546235,54535,0,3921209,3469,875159040,60791808,8105072,5244609,9,2,0,0,0,70642,125676
1778177340785,2496954368,62652416,816222208,292958208,956108800,1073737728,854647,59367,6,9547893,54535,0,3921209,3469,875159040,60791808,8105286,5244649,9,2,0,0,0,70642,125676
1778177341074,2496954368,62652416,816222208,292958208,956108800,1073737728,854647,59367,6,9549552,54535,0,3921209,3469,875159040,60791808,8105484,5244689,9,2,0,0,0,70642,125676
1778177341369,2496954368,62652416,816222208,292958208,956108800,1073737728,854647,59367,6,9551214,54535,0,3921209,3469,875159040,60791808,8106254,5246197,9,2,0,0,0,70642,125676
1778177341664,2496954368,62652416,816226304,292958208,956108800,1073737728,854647,59367,6,9552871,54535,0,3921209,3469,875159040,60836864,8106680,5247361,9,2,0,0,0,70642,125676
1778177341959,2496696320,62660608,816218112,292958208,956108800,1073737728,854647,59415,6,9554529,54535,0,3921209,3469,875159040,60840960,8110084,5248679,9,2,0,0,0,70642,125676
1778177342253,2496696320,62660608,816218112,292958208,956108800,1073737728,854647,59415,6,9556188,54535,0,3921209,3469,875159040,60840960,8110376,5248811,9,2,0,0,0,70642,125676
1778177342550,2496696320,62660608,816218112,292958208,956108800,1073737728,854647,59415,6,9557850,54535,0,3921209,3469,875159040,60840960,8111370,5249515,9,2,0,0,0,70642,125676
1778177342842,2496696320,62660608,816226304,292958208,956112896,1073737728,854647,59415,6,9559510,54535,0,3921209,3469,875159040,60840960,8111750,5249555,9,2,0,0,0,70642,125677
1778177343138,2496696320,62660608,816230400,292958208,956112896,1073737728,854647,59415,6,9561169,54535,0,3921209,3469,875159040,60840960,8111964,5249595,9,2,0,0,0,70642,125677
1778177343432,2496696320,62660608,816230400,292958208,956112896,1073737728,854647,59415,6,9562830,54535,0,3921209,3469,875159040,60840960,8112750,5250219,9,2,0,0,0,70642,125677
1778177343728,2496696320,62660608,816230400,292958208,956133376,1073737728,854647,59443,6,9564486,54535,0,3921209,3469,875159040,60869632,8112964,5250259,9,2,0,0,0,70642,125682
1778177344025,2496696320,62660608,816230400,292958208,956133376,1073737728,854647,59443,6,9566160,54535,0,3921209,3469,875159040,60869632,8113264,5250475,9,2,0,0,0,70642,125682
1778177344320,2496696320,62660608,816230400,292958208,956133376,1073737728,854647,59443,6,9567818,54535,0,3921209,3469,875159040,60869632,8113462,5250515,9,2,0,0,0,70642,125682
1778177344619,2496696320,62660608,816230400,292958208,956133376,1073737728,854647,59443,6,9569478,54535,0,3921209,3469,875159040,60869632,8114460,5252223,9,2,0,0,0,70642,125682
1778177344913,2496696320,62660608,816230400,292958208,956133376,1073737728,854647,59443,6,9571137,54535,0,3921209,3469,875159040,60869632,8117822,5254419,9,2,0,0,0,70642,125682
1778177345209,2496696320,62660608,816230400,292958208,956133376,1073737728,854647,59443,6,9572797,54535,0,3921209,3469,875159040,60869632,8118232,5254591,9,2,0,0,0,70642,125682
1778177345505,2496696320,62660608,816230400,292958208,956133376,1073737728,854647,59443,6,9574460,54535,0,3921209,3469,875159040,60869632,8119124,5255255,9,2,0,0,0,70642,125682
1778177345801,2496696320,62660608,816234496,292958208,956137472,1073737728,854647,59463,6,9576120,54535,0,3921209,3469,875159040,60890112,8119338,5255295,9,2,0,0,0,70642,125683
1778177346093,2496696320,62660608,816234496,292958208,956137472,1073737728,854647,59463,6,9577779,54535,0,3921209,3469,875159040,60890112,8119536,5255335,9,2,0,0,0,70642,125683
1778177346388,2496696320,62660608,816234496,292958208,956137472,1073737728,854647,59463,6,9579440,54535,0,3921209,3469,875159040,60890112,8120306,5255919,9,2,0,0,0,70642,125683
1778177346684,2496696320,62660608,816234496,292958208,956137472,1073737728,854647,59463,6,9581099,54535,0,3921209,3469,875159040,60890112,8120520,5255999,9,2,0,0,0,70642,125683
1778177346982,2496696320,62668800,816238592,292958208,956137472,1073737728,854647,59507,6,9582758,54535,0,3921209,3469,875159040,60935168,8120718,5256039,9,2,0,0,0,70642,125683
1778177347271,2496696320,62668800,816238592,292958208,956137472,1073737728,854647,59507,6,9584417,54535,0,3921209,3469,875159040,60935168,8120916,5256079,9,2,0,0,0,70642,125683
1778177347566,2496696320,62668800,816238592,292958208,956137472,1073737728,854647,59507,6,9586078,54535,0,3921209,3469,875159040,60935168,8121914,5257747,9,2,0,0,0,70642,125683
1778177347861,2496696320,62668800,816238592,292958208,956137472,1073737728,854647,59507,6,9587735,54535,0,3921209,3469,875159040,60935168,8125276,5259943,9,2,0,0,0,70642,125683
1778177348156,2496696320,62668800,816238592,292958208,956137472,1073737728,854647,59507,6,9589395,54535,0,3921209,3469,875159040,60935168,8125568,5260075,9,2,0,0,0,70642,125683
1778177348450,2496696320,62668800,816238592,292958208,956137472,1073737728,854647,59507,6,9591059,54535,0,3921209,3469,875159040,60935168,8126546,5260779,9,2,0,0,0,70642,125683
1778177348745,2496696320,62668800,816246784,292958208,956137472,1073737728,854647,59507,6,9592716,54535,0,3921209,3469,875159040,60935168,8126760,5260819,9,2,0,0,0,70642,125683
1778177349036,2496696320,62668800,816246784,292958208,956137472,1073737728,854647,59531,6,9594375,54535,0,3921209,3469,875159040,60959744,8126958,5260859,9,2,0,0,0,70642,125683
1778177349332,2496696320,62668800,816246784,292958208,956137472,1073737728,854647,59531,6,9596032,54535,0,3921209,3469,875159040,60959744,8127156,5261131,9,2,0,0,0,70642,125683
1778177349628,2496696320,62668800,816246784,292958208,956137472,1073737728,854647,59531,6,9597694,54535,0,3921209,3469,875159040,60959744,8127942,5261523,9,2,0,0,0,70642,125683
1778177349923,2496696320,62668800,816254976,292962304,956141568,1073737728,854647,59531,6,9599366,54535,0,3921209,3469,875159040,60959744,8128140,5261563,9,2,0,0,0,70643,125684
1778177350218,2496696320,62668800,816254976,292962304,956141568,1073737728,854647,59531,6,9601024,54535,0,3921209,3469,875159040,60959744,8128338,5261603,9,2,0,0,0,70643,125684
1778177350512,2496696320,62668800,816254976,292962304,956141568,1073737728,854647,59531,6,9602686,54535,0,3921209,3469,875159040,60959744,8129320,5263271,9,2,0,0,0,70643,125684
1778177350809,2496696320,62668800,816259072,292962304,956141568,1073737728,854647,59531,6,9604345,54535,0,3921209,3469,875159040,60959744,8132800,5265603,9,2,0,0,0,70643,125684
1778177351104,2496696320,62668800,816259072,292962304,956141568,1073737728,854647,59531,6,9606003,54535,0,3921209,3469,875159040,60959744,8133092,5265735,9,2,0,0,0,70643,125684
1778177351401,2496696320,62668800,816259072,292962304,956141568,1073737728,854647,59531,6,9607667,54535,0,3921209,3469,875159040,60959744,8133980,5266359,9,2,0,0,0,70643,125684
1778177351697,2496696320,62668800,816259072,292962304,956141568,1073737728,854647,59531,6,9609327,54535,0,3921209,3469,875159040,60959744,8134300,5266519,9,2,0,0,0,70643,125684
1778177351993,2496696320,62668800,816259072,292962304,956141568,1073737728,854647,59531,6,9610986,54535,0,3921209,3469,875159040,60959744,8134498,5266559,9,2,0,0,0,70643,125684
1778177352282,2496696320,62676992,816250880,292962304,956141568,1073737728,854647,59563,6,9612644,54535,0,3921209,3469,875159040,60992512,8134696,5266599,9,2,0,0,0,70643,125684
1778177352578,2496696320,62676992,816250880,292962304,956141568,1073737728,854647,59563,6,9614306,54535,0,3921209,3469,875159040,60992512,8135482,5267183,9,2,0,0,0,70643,125684
1778177352867,2496696320,62676992,816263168,292962304,956141568,1073737728,854647,59563,6,9615962,54535,0,3921209,3469,875159040,60992512,8135680,5267223,9,2,0,0,0,70643,125684
1778177353161,2496696320,62676992,816263168,292962304,956141568,1073737728,854647,59563,6,9617621,54535,0,3921209,3469,875159040,60992512,8135878,5267263,9,2,0,0,0,70643,125684
1778177353456,2496696320,62676992,816263168,292962304,956141568,1073737728,854647,59563,6,9619282,54535,0,3921209,3469,875159040,60992512,8136860,5268971,9,2,0,0,0,70643,125684
1778177353752,2496696320,62676992,816263168,292962304,956141568,1073737728,854647,59563,6,9620940,54535,0,3921209,3469,875159040,60992512,8138656,5270551,9,2,0,0,0,70643,125684
1778177354045,2496696320,62676992,816263168,292962304,956141568,1073737728,854647,59563,6,9622599,54535,0,3921209,3469,875159040,60992512,8140664,5271207,9,2,0,0,0,70643,125684
1778177354341,2496696320,62676992,816263168,292990976,956153856,1073737728,854647,59591,6,9624262,54535,0,3921209,3469,875159040,61021184,8141434,5271923,9,2,0,0,0,70650,125687
1778177354631,2496696320,62676992,816267264,292990976,956153856,1073737728,854647,59591,6,9625922,54535,0,3921209,3469,875159040,61021184,8141856,5272123,9,2,0,0,0,70650,125687
1778177354926,2496696320,62676992,816267264,292990976,956153856,1073737728,854647,59591,6,9627584,54535,0,3921209,3469,875159040,61021184,8142054,5272163,9,2,0,0,0,70650,125687
1778177355220,2496696320,62676992,816267264,292990976,956153856,1073737728,854647,59591,6,9629241,54535,0,3921209,3469,875159040,61021184,8142268,5272203,9,2,0,0,0,70650,125687
1778177355510,2496696320,62676992,816267264,292990976,956153856,1073737728,854647,59591,6,9630904,54535,0,3921209,3469,875159040,61021184,8143038,5272787,9,2,0,0,0,70650,125687
1778177355805,2496696320,62676992,816267264,292990976,956153856,1073737728,854647,59591,6,9632576,54535,0,3921209,3469,875159040,61021184,8143252,5272827,9,2,0,0,0,70650,125687
1778177356099,2496696320,62676992,816267264,292990976,956153856,1073737728,854647,59591,6,9634235,54535,0,3921209,3469,875159040,61021184,8143466,5272867,9,2,0,0,0,70650,125687
1778177356396,2496696320,62676992,816267264,292990976,956153856,1073737728,854647,59591,6,9635894,54535,0,3921209,3469,875159040,61021184,8144236,5274375,9,2,0,0,0,70650,125687
1778177356692,2496696320,62676992,816271360,292990976,956153856,1073737728,854647,59591,6,9637553,54535,0,3921209,3469,875159040,61021184,8144662,5275539,9,2,0,0,0,70650,125687
1778177356989,2496696320,62676992,816271360,292990976,956153856,1073737728,854647,59591,6,9639210,54535,0,3921209,3469,875159040,61021184,8148024,5276811,9,2,0,0,0,70650,125687
1778177357279,2496696320,62685184,816267264,292990976,956153856,1073737728,854647,59623,6,9640871,54535,0,3921209,3469,875159040,61053952,8148418,5276943,9,2,0,0,0,70650,125687
1778177357575,2496696320,62685184,816267264,292990976,956153856,1073737728,854647,59623,6,9642532,54535,0,3921209,3469,875159040,61053952,8149412,5277783,9,2,0,0,0,70650,125687
1778177357872,2496696320,62685184,816279552,292990976,956153856,1073737728,854647,59623,6,9644191,54535,0,3921209,3469,875159040,61053952,8149610,5277823,9,2,0,0,0,70650,125687
1778177358165,2496696320,62685184,816279552,292990976,956153856,1073737728,854647,59623,6,9645851,54535,0,3921209,3469,875159040,61053952,8149808,5277863,9,2,0,0,0,70650,125687
1778177358454,2496696320,62685184,816279552,292990976,956153856,1073737728,854647,59623,6,9647511,54535,0,3921209,3469,875159040,61053952,8150594,5278487,9,2,0,0,0,70650,125687
1778177358750,2496696320,62685184,816283648,292990976,956153856,1073737728,854647,59623,6,9649168,54535,0,3921209,3469,875159040,61053952,8150808,5278527,9,2,0,0,0,70650,125687
1778177359041,2496696320,62685184,816283648,292990976,956153856,1073737728,854647,59623,6,9650826,54535,0,3921209,3469,875159040,61053952,8151022,5278567,9,2,0,0,0,70650,125687
1778177359337,2496696320,62685184,816283648,292990976,956153856,1073737728,854647,59623,6,9652485,54535,0,3921209,3469,875159040,61053952,8151220,5279151,9,2,0,0,0,70650,125687
1778177359630,2496696320,62685184,816283648,292990976,956170240,1073737728,854647,59647,6,9654148,54535,0,3921209,3469,875159040,61078528,8152260,5280343,9,2,0,0,0,70650,125691
1778177359925,2496696320,62685184,816283648,292990976,956170240,1073737728,854647,59647,6,9655807,54535,0,3921209,3469,875159040,61078528,8155622,5282539,9,2,0,0,0,70650,125691
1778177360221,2496696320,62685184,816283648,292990976,956170240,1073737728,854647,59647,6,9657465,54535,0,3921209,3469,875159040,61078528,8156032,5282671,9,2,0,0,0,70650,125691
1778177360515,2496696320,62685184,816283648,292990976,956170240,1073737728,854647,59647,6,9659128,54535,0,3921209,3469,875159040,61078528,8156924,5283375,9,2,0,0,0,70650,125691
1778177360811,2496696320,62685184,816287744,292990976,956170240,1073737728,854647,59647,6,9660785,54535,0,3921209,3469,875159040,61078528,8157138,5283415,9,2,0,0,0,70650,125691
1778177361108,2496696320,62685184,816287744,292990976,956170240,1073737728,854647,59647,6,9662443,54535,0,3921209,3469,875159040,61078528,8157336,5283455,9,2,0,0,0,70650,125691
1778177361404,2496696320,62685184,816287744,292990976,956170240,1073737728,854647,59647,6,9664103,54535,0,3921209,3469,875159040,61078528,8158106,5284079,9,2,0,0,0,70650,125691
1778177361700,2496696320,62685184,816287744,292990976,956170240,1073737728,854647,59647,6,9665761,54535,0,3921209,3469,875159040,61078528,8158320,5284119,9,2,0,0,0,70650,125691
1778177361997,2496696320,62685184,816287744,292990976,956170240,1073737728,854647,59647,6,9667434,54535,0,3921209,3469,875159040,61078528,8158518,5284159,9,2,0,0,0,70650,125691
1778177362292,2496696320,62685184,816287744,292990976,956170240,1073737728,854647,59647,6,9669090,54535,0,3921209,3469,875159040,61111296,8158716,5284199,9,2,0,0,0,70650,125691
1778177362590,2496696320,62693376,816279552,292990976,956170240,1073737728,854647,59679,6,9670751,54535,0,3921209,3469,875159040,61111296,8159714,5285907,9,2,0,0,0,70650,125691
1778177362880,2496696320,62693376,816291840,292990976,956170240,1073737728,854647,59679,6,9672409,54535,0,3921209,3469,875159040,61111296,8163076,5288103,9,2,0,0,0,70650,125691
1778177363175,2496696320,62693376,816300032,292990976,956170240,1073737728,854647,59679,6,9674065,54535,0,3921209,3469,875159040,61111296,8163368,5288235,9,2,0,0,0,70650,125691
1778177363465,2496696320,62693376,816300032,292990976,956170240,1073737728,854647,59679,6,9675728,54535,0,3921209,3469,875159040,61111296,8164362,5288939,9,2,0,0,0,70650,125691
1778177363762,2496696320,62693376,816300032,292990976,956170240,1073737728,854647,59679,6,9677387,54535,0,3921209,3469,875159040,61111296,8164576,5288979,9,2,0,0,0,70650,125691
1778177364056,2496696320,62693376,816300032,292990976,956170240,1073737728,854647,59679,6,9679045,54535,0,3921209,3469,875159040,61111296,8164790,5289019,9,2,0,0,0,70650,125691
1778177364351,2496696320,62693376,816300032,292990976,956170240,1073737728,854647,59679,6,9680705,54535,0,3921209,3469,875159040,61111296,8165576,5289603,9,2,0,0,0,70650,125691
1778177364643,2496696320,62693376,816304128,292990976,956170240,1073737728,854647,59711,6,9682365,54535,0,3921209,3469,875159040,61144064,8165892,5289819,9,2,0,0,0,70650,125691
1778177364938,2496696320,62693376,816304128,292990976,956170240,1073737728,854647,59711,6,9684024,54535,0,3921209,3469,875159040,61144064,8166090,5289859,9,2,0,0,0,70650,125691
1778177365232,2496696320,62693376,816304128,292990976,956170240,1073737728,854647,59711,6,9685683,54535,0,3921209,3469,875159040,61144064,8166304,5289899,9,2,0,0,0,70650,125691
1778177365528,2496696320,62693376,816304128,292990976,956170240,1073737728,854647,59711,6,9687340,54535,0,3921209,3469,875159040,61144064,8167302,5291567,9,2,0,0,0,70650,125691
1778177365824,2496696320,62693376,816304128,292990976,956170240,1073737728,854647,59711,6,9688998,54535,0,3921209,3469,875159040,61144064,8170680,5293763,9,2,0,0,0,70650,125691
1778177366120,2496696320,62693376,816304128,292990976,956170240,1073737728,854647,59711,6,9690656,54535,0,3921209,3469,875159040,61144064,8170972,5293895,9,2,0,0,0,70650,125691
1778177366414,2496696320,62693376,816304128,292990976,956170240,1073737728,854647,59711,6,9692317,54535,0,3921209,3469,875159040,61144064,8171758,5294519,9,2,0,0,0,70650,125691
1778177366708,2496696320,62693376,816304128,292990976,956170240,1073737728,854647,59711,6,9693976,54535,0,3921209,3469,875159040,61144064,8172196,5294679,9,2,0,0,0,70650,125691
1778177367003,2496696320,62693376,816312320,292990976,956170240,1073737728,854647,59711,6,9695633,54535,0,3921209,3469,875159040,61144064,8172394,5294719,9,2,0,0,0,70650,125691
1778177367291,2496696320,62693376,816312320,292990976,956170240,1073737728,854647,59711,6,9697290,54535,0,3921209,3469,875159040,61144064,8172592,5294759,9,2,0,0,0,70650,125691
1778177367589,2496696320,62701568,816320512,292995072,956207104,1073737728,854647,59839,6,9698952,54535,0,3921209,3469,875159040,61275136,8173378,5295383,9,2,0,0,0,70651,125700
1778177367883,2496696320,62701568,816320512,292995072,956207104,1073737728,854647,59839,6,9700625,54535,0,3921209,3469,875159040,61275136,8173576,5295423,9,2,0,0,0,70651,125700
1778177368178,2496696320,62701568,816320512,292995072,956207104,1073737728,854647,59839,6,9702284,54535,0,3921209,3469,875159040,61275136,8173774,5295463,9,2,0,0,0,70651,125700
1778177368473,2496696320,62701568,816320512,292995072,956207104,1073737728,854647,59839,6,9703944,54535,0,3921209,3469,875159040,61275136,8174772,5297171,9,2,0,0,0,70651,125700
1778177368768,2496696320,62701568,816320512,292995072,956207104,1073737728,854647,59839,6,9705602,54535,0,3921209,3469,875159040,61275136,8176568,5298751,9,2,0,0,0,70651,125700
1778177369064,2496696320,62701568,816320512,292995072,956207104,1073737728,854647,59839,6,9707260,54535,0,3921209,3469,875159040,61275136,8178650,5299575,9,2,0,0,0,70651,125700
1778177369359,2496696320,62701568,816320512,292995072,956207104,1073737728,854647,59839,6,9708922,54535,0,3921209,3469,875159040,61275136,8179420,5300199,9,2,0,0,0,70651,125700
1778177369652,2496696320,62701568,816320512,292995072,956207104,1073737728,854647,59839,6,9710578,54535,0,3921209,3469,875159040,61275136,8179724,5300359,9,2,0,0,0,70651,125700
1778177369948,2496696320,62701568,816324608,292995072,956207104,1073737728,854647,59839,6,9712236,54535,0,3921209,3469,875159040,61299712,8179922,5300399,9,2,0,0,0,70651,125700
1778177370240,2496696320,62701568,816324608,293003264,956211200,1073737728,854647,59863,6,9713894,54535,0,3921209,3469,875159040,61299712,8180120,5300439,9,2,0,0,0,70653,125701
1778177370535,2496696320,62701568,816324608,293003264,956211200,1073737728,854647,59863,6,9715552,54535,0,3921209,3469,875159040,61299712,8180890,5301023,9,2,0,0,0,70653,125701
1778177370831,2496696320,62701568,816324608,293003264,956211200,1073737728,854647,59863,6,9717210,54535,0,3921209,3469,875159040,61299712,8181104,5301063,9,2,0,0,0,70653,125701
1778177371126,2496696320,62701568,816324608,293003264,956211200,1073737728,854647,59863,6,9718870,54535,0,3921209,3469,875159040,61299712,8181302,5301103,9,2,0,0,0,70653,125701
1778177371421,2496696320,62701568,816324608,293003264,956211200,1073737728,854647,59863,6,9720529,54535,0,3921209,3469,875159040,61299712,8182174,5302787,9,2,0,0,0,70653,125701
1778177371717,2496696320,62701568,816328704,293003264,956211200,1073737728,854647,59863,6,9722187,54535,0,3921209,3469,875159040,61299712,8182600,5303911,9,2,0,0,0,70653,125701
1778177372013,2496696320,62701568,816328704,293003264,956211200,1073737728,854647,59863,6,9723844,54535,0,3921209,3469,875159040,61299712,8185962,5305183,9,2,0,0,0,70653,125701
1778177372308,2496696320,62701568,816332800,293003264,956211200,1073737728,854647,59863,6,9725504,54535,0,3921209,3469,875159040,61299712,8186372,5305315,9,2,0,0,0,70653,125701
1778177372605,2496696320,62709760,816332800,293003264,956211200,1073737728,854647,59899,6,9727168,54535,0,3921209,3469,875159040,61336576,8187264,5306019,9,2,0,0,0,70653,125701
1778177372893,2496696320,62709760,816332800,293003264,956211200,1073737728,854647,59899,6,9728830,54535,0,3921209,3469,875159040,61336576,8187462,5306059,9,2,0,0,0,70653,125701
1778177373188,2496696320,62709760,816332800,293003264,956211200,1073737728,854647,59899,6,9730486,54535,0,3921209,3469,875159040,61336576,8187660,5306099,9,2,0,0,0,70653,125701
1778177373483,2496696320,62709760,816332800,293003264,956211200,1073737728,854647,59899,6,9732148,54535,0,3921209,3469,875159040,61336576,8188446,5306683,9,2,0,0,0,70653,125701
1778177373781,2496696320,62709760,816332800,293003264,956211200,1073737728,854647,59899,6,9733805,54535,0,3921209,3469,875159040,61336576,8188660,5306723,9,2,0,0,0,70653,125701
1778177374070,2496696320,62709760,816336896,293003264,956211200,1073737728,854647,59899,6,9735479,54535,0,3921209,3469,875159040,61336576,8188858,5306763,9,2,0,0,0,70653,125701
1778177374365,2496696320,62709760,816336896,293003264,956211200,1073737728,854647,59899,6,9737141,54535,0,3921209,3469,875159040,61336576,8189628,5308271,9,2,0,0,0,70653,125701
1778177374659,2496696320,62709760,816336896,293003264,956211200,1073737728,854647,59899,6,9738800,54535,0,3921209,3469,875159040,61336576,8190054,5309435,9,2,0,0,0,70653,125701
1778177374954,2496696320,62709760,816336896,293003264,956211200,1073737728,854647,59899,6,9740457,54535,0,3921209,3469,875159040,61336576,8193416,5310707,9,2,0,0,0,70653,125701
1778177375248,2496696320,62709760,816336896,293003264,956211200,1073737728,854647,59899,6,9742119,54535,0,3921209,3469,875159040,61361152,8193842,5310839,9,2,0,0,0,70653,125701
1778177375545,2496696320,62709760,816336896,293003264,956211200,1073737728,854647,59923,6,9743780,54535,0,3921209,3469,875159040,61361152,8194734,5311543,9,2,0,0,0,70653,125701
1778177375837,2496696320,62709760,816340992,293011456,956223488,1073737728,854647,59923,6,9745439,54535,0,3921209,3469,875159040,61361152,8194932,5311583,9,2,0,0,0,70655,125704
1778177376133,2496696320,62709760,816340992,293011456,956223488,1073737728,854647,59923,6,9747098,54535,0,3921209,3469,875159040,61361152,8195130,5311623,9,2,0,0,0,70655,125704
1778177376429,2496696320,62709760,816340992,293011456,956223488,1073737728,854647,59923,6,9748759,54535,0,3921209,3469,875159040,61361152,8195900,5312247,9,2,0,0,0,70655,125704
1778177376724,2496696320,62709760,816349184,293011456,956223488,1073737728,854647,59923,6,9750416,54535,0,3921209,3469,875159040,61361152,8196114,5312287,9,2,0,0,0,70655,125704
1778177377019,2496696320,62709760,816349184,293011456,956223488,1073737728,854647,59923,6,9752074,54535,0,3921209,3469,875159040,61361152,8196312,5312327,9,2,0,0,0,70655,125704
1778177377316,2496696320,62709760,816349184,293011456,956223488,1073737728,854647,59923,6,9753733,54535,0,3921209,3469,875159040,61361152,8196510,5312367,9,2,0,0,0,70655,125704
1778177377612,2496696320,62709760,816349184,293011456,956223488,1073737728,854647,59923,6,9755392,54535,0,3921209,3469,875159040,61389824,8197802,5314211,9,2,0,0,0,70655,125704
1778177377904,2496696320,62717952,816353280,293015552,956223488,1073737728,854647,59983,6,9757053,54535,0,3921209,3469,875159040,61422592,8201180,5316407,9,2,0,0,0,70656,125704
1778177378200,2496696320,62717952,816353280,293015552,956223488,1073737728,854647,59983,6,9758711,54535,0,3921209,3469,875159040,61422592,8201472,5316539,9,2,0,0,0,70656,125704
1778177378496,2496696320,62717952,816353280,293015552,956223488,1073737728,854647,59983,6,9760370,54535,0,3921209,3469,875159040,61422592,8202466,5317243,9,2,0,0,0,70656,125704
1778177378793,2496696320,62717952,816353280,293015552,956223488,1073737728,854647,59983,6,9762029,54535,0,3921209,3469,875159040,61422592,8202680,5317283,9,2,0,0,0,70656,125704
1778177379088,2496696320,62717952,816353280,293015552,956223488,1073737728,854647,59983,6,9763687,54535,0,3921209,3469,875159040,61422592,8202878,5317323,9,2,0,0,0,70656,125704
1778177379385,2496696320,62717952,816353280,293015552,956223488,1073737728,854647,59983,6,9765347,54535,0,3921209,3469,875159040,61422592,8203648,5317907,9,2,0,0,0,70656,125704
1778177379680,2496696320,62717952,816357376,293015552,956223488,1073737728,854647,59983,6,9767004,54535,0,3921209,3469,875159040,61422592,8203862,5317987,9,2,0,0,0,70656,125704
1778177379976,2496696320,62717952,816357376,293015552,956223488,1073737728,854647,59983,6,9768679,54535,0,3921209,3469,875159040,61422592,8204060,5318027,9,2,0,0,0,70656,125704
1778177380272,2496696320,62717952,816357376,293015552,956223488,1073737728,854647,59983,6,9770336,54535,0,3921209,3469,875159040,61422592,8204258,5318067,9,2,0,0,0,70656,125704
1778177380569,2496696320,62717952,816357376,293015552,956227584,1073737728,854647,60011,6,9771998,54535,0,3921209,3469,875159040,61451264,8205256,5319735,9,2,0,0,0,70656,125705
1778177380858,2496696320,62717952,816357376,293015552,956227584,1073737728,854647,60011,6,9773655,54535,0,3921209,3469,875159040,61451264,8208618,5321931,9,2,0,0,0,70656,125705
1778177381153,2496696320,62717952,816361472,293015552,956227584,1073737728,854647,60011,6,9775314,54535,0,3921209,3469,875159040,61451264,8208926,5322063,9,2,0,0,0,70656,125705
1778177381446,2496696320,62717952,816365568,293015552,956227584,1073737728,854647,60011,6,9776978,54535,0,3921209,3469,875159040,61451264,8209814,5322767,9,2,0,0,0,70656,125705
1778177381743,2496696320,62717952,816365568,293015552,956227584,1073737728,854647,60011,6,9778634,54535,0,3921209,3469,875159040,61451264,8210134,5322847,9,2,0,0,0,70656,125705
1778177382034,2496696320,62717952,816365568,293015552,956227584,1073737728,854647,60011,6,9780295,54535,0,3921209,3469,875159040,61451264,8210332,5322887,9,2,0,0,0,70656,125705
1778177382329,2496696320,62717952,816365568,293015552,956227584,1073737728,854647,60011,6,9781954,54535,0,3921209,3469,875159040,61451264,8210530,5322927,9,2,0,0,0,70656,125705
1778177382625,2496696320,62717952,816365568,293015552,956227584,1073737728,854647,60011,6,9783615,54535,0,3921209,3469,875159040,61451264,8211316,5323551,9,2,0,0,0,70656,125705
1778177382920,2496696320,62726144,816357376,293015552,956227584,1073737728,854647,60043,6,9785272,54535,0,3921209,3469,875159040,61484032,8211514,5323591,9,2,0,0,0,70656,125705
1778177383216,2496696320,62726144,816357376,293015552,956227584,1073737728,854647,60043,6,9786928,54535,0,3921209,3469,875159040,61484032,8211712,5323631,9,2,0,0,0,70656,125705
1778177383512,2496696320,62726144,816357376,293015552,956227584,1073737728,854647,60043,6,9788590,54535,0,3921209,3469,875159040,61484032,8212694,5325299,9,2,0,0,0,70656,125705
1778177383809,2496696320,62726144,816369664,293015552,956227584,1073737728,854647,60043,6,9790248,54535,0,3921209,3469,875159040,61484032,8216072,5327495,9,2,0,0,0,70656,125705
1778177384104,2496696320,62726144,816369664,293015552,956227584,1073737728,854647,60043,6,9791909,54535,0,3921209,3469,875159040,61484032,8216466,5327667,9,2,0,0,0,70656,125705
1778177384400,2496696320,62726144,816369664,293015552,956227584,1073737728,854647,60043,6,9793569,54535,0,3921209,3469,875159040,61484032,8217338,5328387,9,2,0,0,0,70656,125705
1778177384697,2496696320,62726144,816369664,293015552,956227584,1073737728,854647,60043,6,9795230,54535,0,3921209,3469,875159040,61484032,8217760,5328547,9,2,0,0,0,70656,125705
1778177384992,2496696320,62726144,816369664,293015552,956227584,1073737728,854647,60043,6,9796888,54535,0,3921209,3469,875159040,61484032,8217958,5328587,9,2,0,0,0,70656,125705
1778177385282,2496696320,62726144,816369664,293015552,956227584,1073737728,854647,60043,6,9798547,54535,0,3921209,3469,875159040,61484032,8218156,5328627,9,2,0,0,0,70656,125705
1778177385579,2496696320,62726144,816369664,293015552,956227584,1073737728,854647,60067,6,9800207,54535,0,3921209,3469,875159040,61508608,8218942,5329211,9,2,0,0,0,70656,125705
1778177385876,2496696320,62726144,816373760,293015552,956231680,1073737728,854647,60067,6,9801879,54535,0,3921209,3469,875159040,61508608,8219140,5329251,9,2,0,0,0,70656,125706
1778177386172,2496696320,62726144,816373760,293015552,956231680,1073737728,854647,60067,6,9803537,54535,0,3921209,3469,875159040,61508608,8219338,5329291,9,2,0,0,0,70656,125706
1778177386461,2496696320,62726144,816377856,293015552,956231680,1073737728,854647,60067,6,9805200,54535,0,3921209,3469,875159040,61508608,8220320,5330999,9,2,0,0,0,70656,125706
1778177386757,2496696320,62726144,816381952,293015552,956231680,1073737728,854647,60067,6,9806859,54535,0,3921209,3469,875159040,61508608,8222116,5332579,9,2,0,0,0,70656,125706
1778177387052,2496696320,62726144,816381952,293015552,956231680,1073737728,854647,60067,6,9808517,54535,0,3921209,3469,875159040,61508608,8224006,5333235,9,2,0,0,0,70656,125706
1778177387348,2496696320,62726144,816381952,293015552,956231680,1073737728,854647,60067,6,9810179,54535,0,3921209,3469,875159040,61508608,8224894,5333951,9,2,0,0,0,70656,125706
1778177387638,2496696320,62726144,816381952,293015552,956231680,1073737728,854647,60067,6,9811839,54535,0,3921209,3469,875159040,61508608,8225214,5334111,9,2,0,0,0,70656,125706
1778177387932,2496696320,62734336,816381952,293015552,956231680,1073737728,854647,60103,6,9813500,54535,0,3921209,3469,875159040,61545472,8225412,5334151,9,2,0,0,0,70656,125706
1778177388227,2496696320,62734336,816381952,293015552,956231680,1073737728,854647,60103,6,9815156,54535,0,3921209,3469,875159040,61545472,8225610,5334191,9,2,0,0,0,70656,125706
1778177388524,2496696320,62734336,816381952,293015552,956231680,1073737728,854647,60103,6,9816815,54535,0,3921209,3469,875159040,61545472,8226380,5334775,9,2,0,0,0,70656,125706
1778177388819,2496696320,62734336,816386048,293015552,956231680,1073737728,854647,60103,6,9818474,54535,0,3921209,3469,875159040,61545472,8226594,5334815,9,2,0,0,0,70656,125706
1778177389110,2496696320,62734336,816386048,293015552,956231680,1073737728,854647,60103,6,9820132,54535,0,3921209,3469,875159040,61545472,8226792,5334855,9,2,0,0,0,70656,125706
1778177389406,2496696320,62734336,816386048,293015552,956231680,1073737728,854647,60103,6,9821793,54535,0,3921209,3469,875159040,61545472,8227562,5336403,9,2,0,0,0,70656,125706
1778177389702,2496696320,62734336,816386048,293015552,956231680,1073737728,854647,60103,6,9823453,54535,0,3921209,3469,875159040,61545472,8227988,5337527,9,2,0,0,0,70656,125706
1778177389998,2496696320,62734336,816386048,293015552,956231680,1073737728,854647,60103,6,9825112,54535,0,3921209,3469,875159040,61545472,8231350,5338799,9,2,0,0,0,70656,125706
1778177390293,2496696320,62734336,816386048,293015552,956231680,1073737728,854647,60103,6,9826771,54535,0,3921209,3469,875159040,61545472,8231760,5338931,9,2,0,0,0,70656,125706
1778177390590,2496696320,62734336,816386048,293015552,956231680,1073737728,854647,60103,6,9828431,54535,0,3921209,3469,875159040,61545472,8232652,5339635,9,2,0,0,0,70656,125706
1778177390885,2496696320,62734336,816402432,293040128,956268544,1073737728,854647,60103,6,9830089,54535,0,3921209,3469,875159040,61586432,8232850,5339675,9,2,0,0,0,70662,125715
1778177391181,2496696320,62734336,816402432,293040128,956268544,1073737728,854647,60143,6,9831747,54535,0,3921209,3469,875159040,61586432,8233048,5339715,9,2,0,0,0,70662,125715
1778177391470,2496696320,62734336,816402432,293040128,956268544,1073737728,854647,60143,6,9833407,54535,0,3921209,3469,875159040,61586432,8233920,5340475,9,2,0,0,0,70662,125715
1778177391766,2496696320,62734336,816402432,293040128,956268544,1073737728,854647,60143,6,9835064,54535,0,3921209,3469,875159040,61586432,8234134,5340515,9,2,0,0,0,70662,125715
1778177392055,2496696320,62734336,816402432,293040128,956268544,1073737728,854647,60143,6,9836738,54535,0,3921209,3469,875159040,61586432,8234332,5340555,9,2,0,0,0,70662,125715
1778177392352,2496696320,62734336,816402432,293040128,956268544,1073737728,854647,60143,6,9838398,54535,0,3921209,3469,875159040,61586432,8235118,5341139,9,2,0,0,0,70662,125715
1778177392643,2496696320,62734336,816406528,293040128,956268544,1073737728,854647,60143,6,9840056,54535,0,3921209,3469,875159040,61586432,8235544,5342303,9,2,0,0,0,70662,125715
1778177392938,2496696320,62742528,816398336,293040128,956268544,1073737728,854647,60191,6,9841715,54535,0,3921209,3469,875159040,61635584,8238922,5344499,9,2,0,0,0,70662,125715
1778177393233,2496696320,62742528,816398336,293040128,956268544,1073737728,854647,60191,6,9843373,54535,0,3921209,3469,875159040,61635584,8239214,5344631,9,2,0,0,0,70662,125715
1778177393528,2496696320,62742528,816398336,293040128,956268544,1073737728,854647,60191,6,9845032,54535,0,3921209,3469,875159040,61635584,8240208,5345335,9,2,0,0,0,70662,125715
1778177393824,2496696320,62742528,816406528,293040128,956268544,1073737728,854647,60191,6,9846688,54535,0,3921209,3469,875159040,61635584,8240422,5345375,9,2,0,0,0,70662,125715
1778177394120,2496696320,62742528,816406528,293040128,956268544,1073737728,854647,60191,6,9848345,54535,0,3921209,3469,875159040,61635584,8240620,5345415,9,2,0,0,0,70662,125715
1778177394417,2496696320,62742528,816406528,293040128,956268544,1073737728,854647,60191,6,9850006,54535,0,3921209,3469,875159040,61635584,8241406,5346039,9,2,0,0,0,70662,125715
1778177394712,2496696320,62742528,816410624,293040128,956268544,1073737728,854647,60191,6,9851663,54535,0,3921209,3469,875159040,61635584,8241620,5346079,9,2,0,0,0,70662,125715
1778177395009,2496696320,62742528,816410624,293040128,956268544,1073737728,854647,60191,6,9853322,54535,0,3921209,3469,875159040,61635584,8241834,5346119,9,2,0,0,0,70662,125715
1778177395298,2496696320,62742528,816410624,293040128,956268544,1073737728,854647,60191,6,9854980,54535,0,3921209,3469,875159040,61635584,8242048,5346159,9,2,0,0,0,70662,125715
1778177395595,2496696320,62742528,816410624,293040128,956268544,1073737728,854647,60191,6,9856640,54535,0,3921209,3469,875159040,61635584,8243046,5347867,9,2,0,0,0,70662,125715
1778177395889,2496696320,62742528,816410624,293040128,956268544,1073737728,854647,60191,6,9858299,54535,0,3921209,3469,875159040,61635584,8246424,5350063,9,2,0,0,0,70662,125715
1778177396184,2496696320,62742528,816410624,293040128,956268544,1073737728,854647,60191,6,9859956,54535,0,3921209,3469,875159040,61635584,8246716,5350195,9,2,0,0,0,70662,125715
1778177396473,2496696320,62742528,816410624,293040128,956268544,1073737728,854647,60211,6,9861619,54535,0,3921209,3469,875159040,61656064,8247726,5350939,9,2,0,0,0,70662,125715
1778177396769,2496696320,62742528,816414720,293040128,956284928,1073737728,854647,60211,6,9863277,54535,0,3921209,3469,875159040,61656064,8247940,5350979,9,2,0,0,0,70662,125719
1778177397064,2496696320,62742528,816414720,293040128,956284928,1073737728,854647,60211,6,9864933,54535,0,3921209,3469,875159040,61656064,8248154,5351019,9,2,0,0,0,70662,125719
1778177397360,2496696320,62742528,816414720,293040128,956284928,1073737728,854647,60211,6,9866594,54535,0,3921209,3469,875159040,61656064,8248940,5351603,9,2,0,0,0,70662,125719
1778177397654,2496696320,62742528,816414720,293040128,956284928,1073737728,854647,60211,6,9868252,54535,0,3921209,3469,875159040,61656064,8249154,5351683,9,2,0,0,0,70662,125719
1778177397949,2496696320,62750720,816406528,293040128,956284928,1073737728,854647,60239,6,9869926,54535,0,3921209,3469,875159040,61684736,8249368,5351723,9,2,0,0,0,70662,125719
1778177398240,2496696320,62750720,816406528,293040128,956284928,1073737728,854647,60239,6,9871583,54535,0,3921209,3469,875159040,61684736,8249668,5351939,9,2,0,0,0,70662,125719
1778177398537,2496696320,62750720,816406528,293040128,956284928,1073737728,854647,60239,6,9873241,54535,0,3921209,3469,875159040,61684736,8250666,5353607,9,2,0,0,0,70662,125719
1778177398831,2496696320,62750720,816418816,293040128,956284928,1073737728,854647,60239,6,9874899,54535,0,3921209,3469,875159040,61684736,8254028,5355803,9,2,0,0,0,70662,125719
1778177399126,2496696320,62750720,816418816,293040128,956284928,1073737728,854647,60239,6,9876557,54535,0,3921209,3469,875159040,61684736,8254336,5355935,9,2,0,0,0,70662,125719
1778177399421,2496696320,62750720,816418816,293040128,956284928,1073737728,854647,60239,6,9878218,54535,0,3921209,3469,875159040,61684736,8255122,5356559,9,2,0,0,0,70662,125719
1778177399717,2496696320,62750720,816422912,293040128,956284928,1073737728,854647,60239,6,9879880,54535,0,3921209,3469,875159040,61684736,8255560,5356679,9,2,0,0,0,70662,125719
1778177400013,2496696320,62750720,816422912,293040128,956284928,1073737728,854647,60239,6,9881538,54535,0,3921209,3469,875159040,61684736,8255758,5356719,9,2,0,0,0,70662,125719
1778177400308,2496696320,62750720,816422912,293040128,956284928,1073737728,854647,60239,6,9883196,54535,0,3921209,3469,875159040,61684736,8255972,5356759,9,2,0,0,0,70662,125719
1778177400605,2496696320,62750720,816427008,293040128,956284928,1073737728,854647,60239,6,9884858,54535,0,3921209,3469,875159040,61684736,8256758,5357383,9,2,0,0,0,70662,125719
1778177400901,2496696320,62750720,816427008,293040128,956284928,1073737728,854647,60239,6,9886515,54535,0,3921209,3469,875159040,61684736,8256956,5357423,9,2,0,0,0,70662,125719
1778177401197,2496696320,62750720,816427008,293040128,956284928,1073737728,854647,60239,6,9888174,54535,0,3921209,3469,875159040,61684736,8257154,5357463,9,2,0,0,0,70662,125719
1778177401492,2496696320,62750720,816427008,293040128,956289024,1073737728,854647,60259,6,9889833,54535,0,3921209,3469,875159040,61705216,8258152,5359131,9,2,0,0,0,70662,125720
1778177401788,2496696320,62750720,816431104,293040128,956289024,1073737728,854647,60259,6,9891489,54535,0,3921209,3469,875159040,61705216,8259948,5360711,9,2,0,0,0,70662,125720
1778177402084,2496696320,62750720,816431104,293040128,956289024,1073737728,854647,60259,6,9893148,54535,0,3921209,3469,875159040,61705216,8261838,5361459,9,2,0,0,0,70662,125720
1778177402381,2496696320,62750720,816431104,293040128,956289024,1073737728,854647,60259,6,9894811,54535,0,3921209,3469,875159040,61705216,8262710,5362083,9,2,0,0,0,70662,125720
1778177402676,2496696320,62750720,816431104,293040128,956289024,1073737728,854647,60259,6,9896471,54535,0,3921209,3469,875159040,61705216,8263212,5362243,9,2,0,0,0,70662,125720
1778177402973,2496696320,62758912,816422912,293040128,956289024,1073737728,854647,60291,6,9898128,54535,0,3921209,3469,875159040,61737984,8263410,5362323,9,2,0,0,0,70662,125720
1778177403261,2496696320,62758912,816422912,293040128,956289024,1073737728,854647,60291,6,9899786,54535,0,3921209,3469,875159040,61737984,8263608,5362363,9,2,0,0,0,70662,125720
1778177403557,2496696320,62758912,816422912,293040128,956289024,1073737728,854647,60291,6,9901446,54535,0,3921209,3469,875159040,61737984,8264394,5362947,9,2,0,0,0,70662,125720
1778177403852,2496696320,62758912,816443392,293040128,956289024,1073737728,854647,60291,6,9903119,54535,0,3921209,3469,875159040,61737984,8264592,5362987,9,2,0,0,0,70662,125720
1778177404148,2496696320,62758912,816443392,293040128,956289024,1073737728,854647,60291,6,9904778,54535,0,3921209,3469,875159040,61737984,8264790,5363027,9,2,0,0,0,70662,125720
1778177404440,2496696320,62758912,816443392,293040128,956289024,1073737728,854647,60291,6,9906438,54535,0,3921209,3469,875159040,61737984,8265788,5364735,9,2,0,0,0,70662,125720
1778177404735,2496696320,62758912,816443392,293040128,956289024,1073737728,854647,60291,6,9908094,54535,0,3921209,3469,875159040,61737984,8267686,5366451,9,2,0,0,0,70662,125720
1778177405031,2496696320,62758912,816443392,293040128,956289024,1073737728,854647,60291,6,9909753,54535,0,3921209,3469,875159040,61737984,8269466,5367107,9,2,0,0,0,70662,125720
1778177405325,2496696320,62758912,816443392,293040128,956289024,1073737728,854647,60291,6,9911415,54535,0,3921209,3469,875159040,61737984,8269892,5367239,9,2,0,0,0,70662,125720
1778177405620,2496696320,62758912,816443392,293040128,956289024,1073737728,854647,60291,6,9913073,54535,0,3921209,3469,875159040,61737984,8270784,5367943,9,2,0,0,0,70662,125720
1778177405915,2496696320,62758912,816447488,293040128,956289024,1073737728,854647,60291,6,9914731,54535,0,3921209,3469,875159040,61737984,8270982,5367983,9,2,0,0,0,70662,125720
1778177406211,2496696320,62758912,816447488,293040128,956289024,1073737728,854647,60291,6,9916389,54535,0,3921209,3469,875159040,61737984,8271180,5368023,9,2,0,0,0,70662,125720
1778177406507,2496696320,62758912,816447488,293040128,956289024,1073737728,854647,60291,6,9918049,54535,0,3921209,3469,875159040,61770752,8271950,5368607,9,2,0,0,0,70662,125720
1778177406802,2496696320,62758912,816447488,293040128,956289024,1073737728,854647,60323,6,9919709,54535,0,3921209,3469,875159040,61770752,8272206,5368675,9,2,0,0,0,70662,125720
1778177407097,2496696320,62758912,816447488,293056512,956309504,1073737728,854647,60323,6,9921366,54535,0,3921209,3469,875159040,61770752,8272404,5368715,9,2,0,0,0,70666,125725
1778177407392,2496696320,62758912,816451584,293056512,956309504,1073737728,854647,60323,6,9923026,54535,0,3921209,3469,875159040,61770752,8273174,5370263,9,2,0,0,0,70666,125725
1778177407688,2496696320,62758912,816451584,293056512,956309504,1073737728,854647,60323,6,9924684,54535,0,3921209,3469,875159040,61770752,8273600,5371387,9,2,0,0,0,70666,125725
1778177407984,2496696320,62758912,816451584,293056512,956309504,1073737728,854647,60323,6,9926340,54535,0,3921209,3469,875159040,61770752,8276962,5372659,9,2,0,0,0,70666,125725
1778177408273,2496696320,62767104,816455680,293056512,956309504,1073737728,854647,60355,6,9928003,54535,0,3921209,3469,875159040,61836288,8277372,5372791,9,2,0,0,0,70666,125725
1778177408570,2496696320,62767104,816455680,293060608,956309504,1073737728,854647,60387,6,9929662,54535,0,3921209,3469,875159040,61836288,8278264,5373495,9,2,0,0,0,70667,125725
1778177408865,2496696320,62767104,816455680,293060608,956309504,1073737728,854647,60387,6,9931321,54535,0,3921209,3469,875159040,61836288,8278462,5373535,9,2,0,0,0,70667,125725
1778177409160,2496696320,62767104,816455680,293068800,956350464,1073737728,854647,60387,6,9932986,54535,0,3921209,3469,875159040,61836288,8280636,5375467,9,2,0,0,0,70669,125735
1778177409456,2496696320,62767104,816455680,293068800,956350464,1073737728,854647,60387,6,9934648,54535,0,3921209,3469,875159040,61836288,8281524,5376091,9,2,0,0,0,70669,125735
1778177409752,2496696320,62767104,816455680,293068800,956350464,1073737728,854647,60387,6,9936305,54535,0,3921209,3469,875159040,61836288,8281738,5376131,9,2,0,0,0,70669,125735
1778177410046,2496696320,62767104,816459776,293081088,956350464,1073737728,854647,60387,6,9937979,54535,0,3921209,3469,875159040,61836288,8281936,5376171,9,2,0,0,0,70672,125735
1778177410343,2496696320,62767104,816459776,293081088,956350464,1073737728,854647,60387,6,9939638,54535,0,3921209,3469,875159040,61836288,8282706,5376755,9,2,0,0,0,70672,125735
1778177410634,2496696320,62767104,816459776,293081088,956350464,1073737728,854647,60387,6,9941298,54535,0,3921209,3469,875159040,61836288,8283132,5377919,9,2,0,0,0,70672,125735
1778177410930,2496696320,62767104,816459776,293081088,956350464,1073737728,854647,60387,6,9942955,54535,0,3921209,3469,875159040,61836288,8286494,5380115,9,2,0,0,0,70672,125735
1778177411225,2496696320,62767104,816459776,293081088,956350464,1073737728,854647,60387,6,9944615,54535,0,3921209,3469,875159040,61836288,8286786,5380247,9,2,0,0,0,70672,125735
1778177411521,2496696320,62767104,816459776,293081088,956350464,1073737728,854647,60387,6,9946278,54535,0,3921209,3469,875159040,61836288,8287866,5381087,9,2,0,0,0,70672,125735
1778177411816,2496696320,62767104,816467968,293081088,956350464,1073737728,854647,60387,6,9947936,54535,0,3921209,3469,875159040,61836288,8288080,5381127,9,2,0,0,0,70672,125735
1778177412112,2496696320,62767104,816467968,293081088,956350464,1073737728,854647,60415,6,9949592,54535,0,3921209,3469,875159040,61864960,8288278,5381167,9,2,0,0,0,70672,125735
1778177412408,2496696320,62767104,816467968,293081088,956350464,1073737728,854647,60415,6,9951254,54535,0,3921209,3469,875159040,61864960,8289048,5381791,9,2,0,0,0,70672,125735
1778177412704,2496696320,62767104,816467968,293081088,956350464,1073737728,854647,60415,6,9952912,54535,0,3921209,3469,875159040,61864960,8289262,5381831,9,2,0,0,0,70672,125735
1778177413001,2496696320,62767104,816467968,293081088,956350464,1073737728,854647,60415,6,9954569,54535,0,3921209,3469,875159040,61864960,8289460,5381871,9,2,0,0,0,70672,125735
1778177413296,2496696320,62775296,816463872,293081088,956350464,1073737728,854647,60447,6,9956226,54535,0,3921209,3469,875159040,61897728,8289658,5381911,9,2,0,0,0,70672,125735
1778177413596,2496696320,62775296,816463872,293081088,956350464,1073737728,854647,60447,6,9957886,54535,0,3921209,3469,875159040,61897728,8290656,5383619,9,2,0,0,0,70672,125735
1778177413886,2496696320,62775296,816476160,293081088,956350464,1073737728,854647,60447,6,9959545,54535,0,3921209,3469,875159040,61897728,8294018,5385815,9,2,0,0,0,70672,125735
1778177414182,2496696320,62775296,816476160,293081088,956350464,1073737728,854647,60447,6,9961202,54535,0,3921209,3469,875159040,61897728,8294310,5385947,9,2,0,0,0,70672,125735
1778177414476,2496696320,62775296,816476160,293081088,956350464,1073737728,854647,60447,6,9962864,54535,0,3921209,3469,875159040,61897728,8295244,5386679,9,2,0,0,0,70672,125735
1778177414772,2496696320,62775296,816476160,293081088,956350464,1073737728,854647,60447,6,9964524,54535,0,3921209,3469,875159040,61897728,8295576,5386759,9,2,0,0,0,70672,125735
1778177415061,2496696320,62775296,816476160,293081088,956350464,1073737728,854647,60447,6,9966184,54535,0,3921209,3469,875159040,61897728,8295774,5386799,9,2,0,0,0,70672,125735
1778177415356,2496696320,62775296,816476160,293081088,956350464,1073737728,854647,60447,6,9967845,54535,0,3921209,3469,875159040,61897728,8296560,5387383,9,2,0,0,0,70672,125735
1778177415650,2496696320,62775296,816476160,293081088,956350464,1073737728,854647,60447,6,9969504,54535,0,3921209,3469,875159040,61897728,8296774,5387463,9,2,0,0,0,70672,125735
1778177415945,2496696320,62775296,816480256,293081088,956350464,1073737728,854647,60447,6,9971177,54535,0,3921209,3469,875159040,61897728,8296972,5387503,9,2,0,0,0,70672,125735
1778177416234,2496696320,62775296,816480256,293081088,956350464,1073737728,854647,60447,6,9972834,54535,0,3921209,3469,875159040,61897728,8297170,5387543,9,2,0,0,0,70672,125735
1778177416529,2496696320,62775296,816480256,293081088,956350464,1073737728,854647,60447,6,9974494,54535,0,3921209,3469,875159040,61897728,8298152,5389211,9,2,0,0,0,70672,125735
1778177416825,2496696320,62775296,816480256,293081088,956350464,1073737728,854647,60447,6,9976151,54535,0,3921209,3469,875159040,61897728,8301530,5391407,9,2,0,0,0,70672,125735
1778177417120,2496696320,62775296,816480256,293081088,956350464,1073737728,854647,60467,6,9977812,54535,0,3921209,3469,875159040,61918208,8301940,5391539,9,2,0,0,0,70672,125735
1778177417416,2496696320,62775296,816488448,293081088,956350464,1073737728,854647,60467,6,9979474,54535,0,3921209,3469,875159040,61918208,8302726,5392203,9,2,0,0,0,70672,125735
1778177417712,2496696320,62775296,816492544,293085184,956387328,1073737728,854647,60467,6,9981133,54535,0,3921209,3469,875159040,61918208,8303046,5392323,9,2,0,0,0,70672,125735
1778177418008,2496696320,62775296,816492544,293085184,956387328,1073737728,854647,60467,6,9982793,54535,0,3921209,3469,875159040,61918208,8303244,5392363,9,2,0,0,0,70673,125744
1778177418305,2496696320,62783488,816488448,293085184,956387328,1073737728,854647,60495,6,9984453,54535,0,3921209,3469,875159040,61946880,8303442,5392403,9,2,0,0,0,70673,125744
1778177418602,2496696320,62783488,816488448,293085184,956387328,1073737728,854647,60495,6,9986112,54535,0,3921209,3469,875159040,61946880,8304330,5393163,9,2,0,0,0,70673,125744
1778177418893,2496438272,62783488,816492544,293085184,956387328,1073737728,854647,60495,6,9987771,54535,0,3921209,3469,875159040,61946880,8304528,5393203,9,2,0,0,0,70673,125744
1778177419188,2496438272,62783488,816492544,293085184,956387328,1073737728,854647,60495,6,9989428,54535,0,3921209,3469,875159040,61946880,8304726,5393243,9,2,0,0,0,70673,125744
1778177419484,2496438272,62783488,816492544,293085184,956387328,1073737728,854647,60495,6,9991088,54535,0,3921210,3469,875159040,61946880,8305708,5394951,9,2,0,0,0,70673,125744
1778177419777,2496438272,62783488,816496640,293085184,956387328,1073737728,854647,60495,6,9992746,54535,0,3921210,3469,875159040,61946880,8307504,5396531,9,2,0,0,0,70673,125744
1778177420073,2496438272,62783488,816496640,293085184,956387328,1073737728,854647,60495,6,9994406,54535,0,3921210,3469,875159040,61946880,8309378,5397279,9,2,0,0,0,70673,125744
1778177420369,2496438272,62783488,816500736,293085184,956387328,1073737728,854647,60495,6,9996068,54535,0,3921210,3469,875159040,61946880,8310250,5397863,9,2,0,0,0,70673,125744
1778177420664,2496438272,62783488,816500736,293085184,956387328,1073737728,854647,60495,6,9997728,54535,0,3921210,3469,875159040,61946880,8310570,5398023,9,2,0,0,0,70673,125744
1778177420960,2496438272,62783488,816500736,293085184,956387328,1073737728,854647,60495,6,9999387,54535,0,3921210,3469,875159040,61946880,8310768,5398063,9,2,0,0,0,70673,125744
1778177421256,2496438272,62783488,816500736,293085184,956387328,1073737728,854647,60495,6,10001045,54535,0,3921210,3469,875159040,61946880,8310966,5398103,9,2,0,0,0,70673,125744
1778177421556,2496438272,62783488,816500736,293085184,956387328,1073737728,854647,60495,6,10002705,54535,0,3921210,3469,875159040,61946880,8311752,5398687,9,2,0,0,0,70673,125744
1778177421852,2496438272,62783488,816504832,293085184,956387328,1073737728,854647,60495,6,10004380,54535,0,3921210,3469,875159040,61946880,8311950,5398727,9,2,0,0,0,70673,125744
1778177422148,2496438272,62783488,816504832,293085184,956387328,1073737728,854647,60495,6,10006036,54535,0,3921210,3469,875159040,61946880,8312148,5398767,9,2,0,0,0,70673,125744
1778177422439,2496438272,62783488,816504832,293085184,956387328,1073737728,854647,60495,6,10007698,54535,0,3921210,3469,875159040,61946880,8313146,5400475,9,2,0,0,0,70673,125744
1778177422735,2496438272,62783488,816508928,293085184,956387328,1073737728,854647,60495,6,10009357,54535,0,3921210,3469,875159040,61946880,8314942,5402055,9,2,0,0,0,70673,125744
1778177423031,2496438272,62783488,816508928,293085184,956387328,1073737728,854647,60495,6,10011014,54535,0,3921210,3469,875159040,61946880,8316722,5402711,9,2,0,0,0,70673,125744
1778177423325,2496438272,62783488,816508928,293085184,956387328,1073737728,854647,60495,6,10012676,54535,0,3921210,3469,875159040,61963264,8317148,5402843,9,2,0,0,0,70673,125744
1778177423620,2496438272,62791680,816500736,293085184,956387328,1073737728,854647,60511,6,10014337,54535,0,3921210,3469,875159040,61963264,8318040,5403547,9,2,0,0,0,70673,125744
1778177423916,2496438272,62791680,816508928,293085184,956387328,1073737728,854647,60511,6,10015994,54535,0,3921210,3469,875159040,61963264,8318238,5403587,9,2,0,0,0,70673,125744
1778177424213,2496438272,62791680,816508928,293085184,956387328,1073737728,854647,60511,6,10017651,54535,0,3921210,3469,875159040,61963264,8318436,5403627,9,2,0,0,0,70673,125744
1778177424504,2496438272,62791680,816508928,293085184,956387328,1073737728,854647,60511,6,10019311,54535,0,3921210,3469,875159040,61963264,8319206,5404211,9,2,0,0,0,70673,125744
1778177424801,2496438272,62791680,816513024,293085184,956387328,1073737728,854647,60511,6,10020970,54535,0,3921210,3469,875159040,61963264,8319420,5404251,9,2,0,0,0,70673,125744
1778177425096,2496438272,62791680,816513024,293085184,956387328,1073737728,854647,60511,6,10022629,54535,0,3921210,3469,875159040,61963264,8319618,5404291,9,2,0,0,0,70673,125744
1778177425393,2496438272,62791680,816513024,293085184,956387328,1073737728,854647,60511,6,10024289,54535,0,3921210,3469,875159040,61963264,8320490,5405975,9,2,0,0,0,70673,125744
1778177425688,2496438272,62791680,816513024,293085184,956387328,1073737728,854647,60511,6,10025949,54535,0,3921210,3469,875159040,61963264,8320916,5407099,9,2,0,0,0,70673,125744
1778177425984,2496438272,62791680,816513024,293085184,956387328,1073737728,854647,60511,6,10027608,54535,0,3921210,3469,875159040,61963264,8324278,5408371,9,2,0,0,0,70673,125744
1778177426280,2496438272,62791680,816513024,293085184,956387328,1073737728,854647,60511,6,10029267,54535,0,3921210,3469,875159040,61963264,8324570,5408503,9,2,0,0,0,70673,125744
1778177426578,2496438272,62791680,816513024,293085184,956387328,1073737728,854647,60511,6,10030930,54535,0,3921210,3469,875159040,61963264,8325580,5409207,9,2,0,0,0,70673,125744
1778177426867,2496438272,62791680,816517120,293085184,956387328,1073737728,854647,60511,6,10032588,54535,0,3921210,3469,875159040,61963264,8325778,5409247,9,2,0,0,0,70673,125744
1778177427162,2496438272,62791680,816517120,293085184,956387328,1073737728,854647,60511,6,10034247,54535,0,3921210,3469,875159040,61963264,8326067,5409419,9,2,0,0,0,70673,125744
1778177427458,2496438272,62791680,816517120,293085184,956387328,1073737728,854647,60511,6,10035908,54535,0,3921210,3469,875159040,61963264,8326837,5410043,9,2,0,0,0,70673,125744
1778177427754,2496438272,62791680,816517120,293085184,956387328,1073737728,854647,60511,6,10037566,54535,0,3921210,3469,875159040,61963264,8327051,5410083,9,2,0,0,0,70673,125744
1778177428049,2496438272,62791680,816517120,293085184,956387328,1073737728,854647,60511,6,10039242,54535,0,3921210,3469,875159040,61963264,8327249,5410123,9,2,0,0,0,70673,125744
1778177428345,2496438272,62799872,816513024,293085184,956387328,1073737728,854647,60527,6,10040900,54535,0,3921210,3469,875159040,61979648,8328035,5410707,9,2,0,0,0,70673,125744
1778177428635,2496438272,62799872,816521216,293085184,956387328,1073737728,854647,60527,6,10042562,54535,0,3921210,3469,875159040,61979648,8328461,5411871,9,2,0,0,0,70673,125744
1778177428932,2496438272,62799872,816521216,293085184,956387328,1073737728,854647,60527,6,10044218,54535,0,3921210,3469,875159040,61979648,8331823,5414067,9,2,0,0,0,70673,125744
1778177429227,2496438272,62799872,816521216,293085184,956387328,1073737728,854647,60527,6,10045878,54535,0,3921210,3469,875159040,61979648,8332115,5414199,9,2,0,0,0,70673,125744
1778177429521,2496438272,62799872,816525312,293085184,956387328,1073737728,854647,60527,6,10047543,54535,0,3921210,3469,875159040,61979648,8333109,5414863,9,2,0,0,0,70673,125744
1778177429817,2496438272,62799872,816525312,293085184,956387328,1073737728,854647,60527,6,10049201,54535,0,3921210,3469,875159040,61979648,8333323,5414943,9,2,0,0,0,70673,125744
1778177430113,2496438272,62799872,816525312,293085184,956387328,1073737728,854647,60527,6,10050861,54535,0,3921210,3469,875159040,61979648,8333521,5414983,9,2,0,0,0,70673,125744
1778177430409,2496438272,62799872,816525312,293085184,956387328,1073737728,854647,60527,6,10052521,54535,0,3921210,3469,875159040,61979648,8334291,5415607,9,2,0,0,0,70673,125744
1778177430705,2496438272,62799872,816533504,293085184,956387328,1073737728,854647,60527,6,10054180,54535,0,3921210,3469,875159040,61979648,8334505,5415647,9,2,0,0,0,70673,125744
1778177431001,2496438272,62799872,816537600,293085184,956387328,1073737728,854647,60527,6,10055840,54535,0,3921210,3469,875159040,61979648,8334703,5415687,9,2,0,0,0,70673,125744
1778177431293,2496438272,62799872,816537600,293085184,956387328,1073737728,854647,60527,6,10057500,54535,0,3921210,3469,875159040,61979648,8334901,5415727,9,2,0,0,0,70673,125744
1778177431590,2496438272,62799872,816537600,293085184,956387328,1073737728,854647,60527,6,10059159,54535,0,3921210,3469,875159040,61979648,8335899,5417395,9,2,0,0,0,70673,125744
1778177431883,2496438272,62799872,816537600,293085184,956387328,1073737728,854647,60527,6,10060817,54535,0,3921210,3469,875159040,61979648,8339261,5419591,9,2,0,0,0,70673,125744
1778177432177,2496438272,62799872,816537600,293085184,956387328,1073737728,854647,60527,6,10062482,54535,0,3921210,3469,875159040,61979648,8339799,5419945,9,2,0,0,0,70673,125744
1778177432473,2496438272,62799872,816537600,293085184,956387328,1073737728,854647,60527,6,10064142,54535,0,3921210,3469,875159040,61979648,8340675,5420649,9,2,0,0,0,70673,125744
1778177432768,2496438272,62799872,816545792,293085184,956387328,1073737728,854647,60527,6,10065802,54535,0,3921210,3469,875159040,61979648,8340889,5420689,9,2,0,0,0,70673,125744
1778177433064,2496438272,62799872,816545792,293085184,956387328,1073737728,854647,60527,6,10067460,54535,0,3921210,3469,875159040,61979648,8341087,5420729,9,2,0,0,0,70673,125744
1778177433361,2496438272,62799872,816545792,293085184,956387328,1073737728,854647,60527,6,10069123,54535,0,3921210,3469,875159040,61979648,8341947,5421389,9,2,0,0,0,70673,125744
1778177433655,2496438272,62808064,816545792,293085184,956387328,1073737728,854647,60551,6,10070781,54535,0,3921210,3469,875159040,62004224,8342161,5421469,9,2,0,0,0,70673,125744
1778177433949,2496438272,62808064,816545792,293085184,956387328,1073737728,854647,60551,6,10072456,54535,0,3921210,3469,875159040,62004224,8342359,5421509,9,2,0,0,0,70673,125744
1778177434240,2496438272,62808064,816545792,293085184,956387328,1073737728,854647,60551,6,10074112,54535,0,3921210,3469,875159040,62004224,8342557,5421549,9,2,0,0,0,70673,125744
1778177434536,2496438272,62808064,816545792,293085184,956387328,1073737728,854647,60551,6,10075771,54535,0,3921210,3469,875159040,62004224,8343539,5423217,9,2,0,0,0,70673,125744
1778177434831,2496438272,62808064,816549888,293085184,956387328,1073737728,854647,60551,6,10077430,54535,0,3921210,3469,875159040,62004224,8346917,5425413,9,2,0,0,0,70673,125744
1778177435126,2496438272,62808064,816549888,293085184,956387328,1073737728,854647,60551,6,10079088,54535,0,3921210,3469,875159040,62004224,8347209,5425545,9,2,0,0,0,70673,125744
1778177435422,2496438272,62808064,816549888,293085184,956387328,1073737728,854647,60551,6,10080753,54535,0,3921210,3469,875159040,62004224,8348097,5426209,9,2,0,0,0,70673,125744
1778177435718,2496438272,62808064,816549888,293085184,956387328,1073737728,854647,60551,6,10082413,54535,0,3921210,3469,875159040,62004224,8348417,5426329,9,2,0,0,0,70673,125744
1778177436013,2496438272,62808064,816549888,293085184,956387328,1073737728,854647,60551,6,10084071,54535,0,3921210,3469,875159040,62004224,8348631,5426369,9,2,0,0,0,70673,125744
1778177436309,2496438272,62808064,816549888,293085184,956387328,1073737728,854647,60551,6,10085732,54535,0,3921210,3469,875159040,62004224,8348829,5426409,9,2,0,0,0,70673,125744
1778177436605,2496438272,62808064,816549888,293085184,956387328,1073737728,854647,60551,6,10087392,54535,0,3921210,3469,875159040,62004224,8349615,5427033,9,2,0,0,0,70673,125744
1778177436894,2496438272,62808064,816553984,293085184,956387328,1073737728,854647,60551,6,10089051,54535,0,3921210,3469,875159040,62004224,8349813,5427073,9,2,0,0,0,70673,125744
1778177437188,2496438272,62808064,816553984,293085184,956387328,1073737728,854647,60551,6,10090707,54535,0,3921210,3469,875159040,62004224,8350011,5427113,9,2,0,0,0,70673,125744
1778177437484,2496438272,62808064,816553984,293085184,956387328,1073737728,854647,60551,6,10092369,54535,0,3921210,3469,875159040,62004224,8351009,5428821,9,2,0,0,0,70673,125744
1778177437781,2496438272,62808064,816553984,293085184,956387328,1073737728,854647,60551,6,10094028,54535,0,3921210,3469,875159040,62004224,8352805,5430401,9,2,0,0,0,70673,125744
1778177438076,2496438272,62808064,816553984,293085184,956387328,1073737728,854647,60551,6,10095687,54535,0,3921210,3469,875159040,62004224,8354679,5431149,9,2,0,0,0,70673,125744
1778177438372,2496438272,62808064,816553984,293085184,956387328,1073737728,854647,60551,6,10097348,54535,0,3921210,3469,875159040,62004224,8355567,5431773,9,2,0,0,0,70673,125744
1778177438667,2496438272,62808064,816553984,293085184,956387328,1073737728,854647,60551,6,10099007,54535,0,3921210,3469,875159040,62020608,8355887,5431893,9,2,0,0,0,70673,125744
1778177438964,2496180224,62816256,816562176,293085184,956387328,1073737728,854647,60567,6,10100667,54535,0,3921210,3469,875159040,62020608,8356187,5432069,9,2,0,0,0,70673,125744
1778177439260,2496180224,62816256,816562176,293085184,956387328,1073737728,854647,60567,6,10102323,54535,0,3921210,3469,875159040,62020608,8356385,5432109,9,2,0,0,0,70673,125744
1778177439554,2496180224,62816256,816562176,293085184,956387328,1073737728,854647,60567,6,10103985,54535,0,3921210,3469,875159040,62020608,8357171,5432693,9,2,0,0,0,70673,125744
1778177439848,2496180224,62816256,816562176,293085184,956387328,1073737728,854647,60567,6,10105657,54535,0,3921210,3469,875159040,62020608,8357369,5432733,9,2,0,0,0,70673,125744
1778177440144,2496180224,62816256,816562176,293085184,956387328,1073737728,854647,60567,6,10107315,54535,0,3921210,3469,875159040,62020608,8357583,5432773,9,2,0,0,0,70673,125744
1778177440435,2496180224,62816256,816562176,293085184,956387328,1073737728,854647,60567,6,10108977,54535,0,3921210,3469,875159040,62020608,8358565,5434481,9,2,0,0,0,70673,125744
1778177440731,2496180224,62816256,816566272,293085184,956387328,1073737728,854647,60567,6,10110633,54535,0,3921210,3469,875159040,62020608,8358779,5435445,9,2,0,0,0,70673,125744
1778177441025,2496180224,62816256,816566272,293085184,956387328,1073737728,854647,60567,6,10112295,54535,0,3921210,3469,875159040,62020608,8362141,5436717,9,2,0,0,0,70673,125744
1778177441321,2496180224,62816256,816566272,293085184,956387328,1073737728,854647,60567,6,10113955,54535,0,3921210,3469,875159040,62020608,8362433,5436849,9,2,0,0,0,70673,125744
1778177441618,2496180224,62816256,816570368,293085184,956387328,1073737728,854647,60567,6,10115622,54535,0,3921210,3469,875159040,62020608,8363443,5437553,9,2,0,0,0,70673,125744
1778177441913,2496180224,62816256,816570368,293085184,956387328,1073737728,854647,60567,6,10117279,54535,0,3921210,3469,875159040,62020608,8363641,5437593,9,2,0,0,0,70673,125744
1778177442209,2496180224,62816256,816570368,293085184,956387328,1073737728,854647,60567,6,10118940,54535,0,3921210,3469,875159040,62020608,8363839,5437633,9,2,0,0,0,70673,125744
1778177442504,2496180224,62816256,816570368,293085184,956387328,1073737728,854647,60567,6,10120599,54535,0,3921210,3469,875159040,62020608,8364609,5438217,9,2,0,0,0,70673,125744
1778177442800,2496180224,62816256,816570368,293085184,956387328,1073737728,854647,60567,6,10122256,54535,0,3921210,3469,875159040,62020608,8364823,5438257,9,2,0,0,0,70673,125744
1778177443096,2496180224,62816256,816570368,293085184,956387328,1073737728,854647,60567,6,10123915,54535,0,3921210,3469,875159040,62020608,8365021,5438297,9,2,0,0,0,70673,125744
1778177443391,2496180224,62816256,816570368,293085184,956387328,1073737728,854647,60567,6,10125577,54535,0,3921210,3469,875159040,62020608,8365791,5439805,9,2,0,0,0,70673,125744
1778177443687,2496180224,62816256,816570368,293085184,956387328,1073737728,854647,60567,6,10127236,54535,0,3921210,3469,875159040,62036992,8366217,5440969,9,2,0,0,0,70673,125744
1778177443983,2496180224,62824448,816582656,293085184,956387328,1073737728,854647,60607,6,10128892,54535,0,3921210,3469,875159040,62061568,8369595,5442241,9,2,0,0,0,70673,125744
1778177444271,2496180224,62824448,816582656,293085184,956387328,1073737728,854647,60607,6,10130552,54535,0,3921210,3469,875159040,62061568,8369887,5442373,9,2,0,0,0,70673,125744
1778177444569,2496180224,62824448,816582656,293085184,956387328,1073737728,854647,60607,6,10132216,54535,0,3921210,3469,875159040,62061568,8370897,5443077,9,2,0,0,0,70673,125744
1778177444864,2496180224,62824448,816582656,293117952,956411904,1073737728,854647,60607,6,10133872,54535,0,3921210,3469,875159040,62061568,8371095,5443117,9,2,0,0,0,70681,125750
1778177445160,2496180224,62824448,816582656,293117952,956411904,1073737728,854647,60607,6,10135534,54535,0,3921210,3469,875159040,62061568,8371293,5443157,9,2,0,0,0,70681,125750
1778177445456,2496180224,62824448,816586752,293117952,956411904,1073737728,854647,60607,6,10137193,54535,0,3921210,3469,875159040,62061568,8372063,5443781,9,2,0,0,0,70681,125750
1778177445752,2496180224,62824448,816586752,293117952,956411904,1073737728,854647,60607,6,10138849,54535,0,3921210,3469,875159040,62061568,8372379,5443997,9,2,0,0,0,70681,125750
1778177446045,2496180224,62824448,816586752,293117952,956411904,1073737728,854647,60607,6,10140525,54535,0,3921210,3469,875159040,62061568,8372593,5444037,9,2,0,0,0,70681,125750
1778177446341,2496180224,62824448,816586752,293117952,956411904,1073737728,854647,60607,6,10142186,54535,0,3921210,3469,875159040,62061568,8373363,5444621,9,2,0,0,0,70681,125750
1778177446631,2496180224,62824448,816586752,293117952,956411904,1073737728,854647,60607,6,10143847,54535,0,3921210,3469,875159040,62061568,8373789,5445785,9,2,0,0,0,70681,125750
1778177446925,2496180224,62824448,816586752,293117952,956411904,1073737728,854647,60607,6,10145506,54535,0,3921210,3469,875159040,62061568,8377151,5447941,9,2,0,0,0,70681,125750
1778177447221,2496180224,62824448,816590848,293117952,956411904,1073737728,854647,60607,6,10147169,54535,0,3921210,3469,875159040,62061568,8377561,5448113,9,2,0,0,0,70681,125750
1778177447516,2496180224,62824448,816594944,293117952,956411904,1073737728,854647,60607,6,10148830,54535,0,3921210,3469,875159040,62061568,8378437,5448817,9,2,0,0,0,70681,125750
1778177447813,2496180224,62824448,816594944,293117952,956411904,1073737728,854647,60723,6,10150487,54535,0,3921210,3469,875159040,62180352,8378651,5448857,9,2,0,0,0,70681,125750
1778177448108,2496180224,62824448,816594944,293117952,956411904,1073737728,854647,60723,6,10152146,54535,0,3921210,3469,875159040,62180352,8378849,5448897,9,2,0,0,0,70681,125750
1778177448404,2496180224,62824448,816594944,293117952,956411904,1073737728,854647,60723,6,10153805,54535,0,3921210,3469,875159040,62180352,8379635,5449521,9,2,0,0,0,70681,125750
1778177448699,2496180224,62824448,816594944,293117952,956416000,1073737728,854647,60723,6,10155464,54535,0,3921210,3469,875159040,62217216,8379849,5449561,9,2,0,0,0,70681,125751
1778177448996,2496180224,62832640,816586752,293117952,956416000,1073737728,854647,60759,6,10157121,54535,0,3921210,3469,875159040,62217216,8380047,5449601,9,2,0,0,0,70681,125751
1778177449291,2496180224,62832640,816590848,293117952,956416000,1073737728,854647,60759,6,10158780,54535,0,3921210,3469,875159040,62217216,8380245,5449641,9,2,0,0,0,70681,125751
1778177449589,2496180224,62832640,816590848,293117952,956416000,1073737728,854647,60759,6,10160440,54535,0,3921210,3469,875159040,62217216,8381243,5451349,9,2,0,0,0,70681,125751
1778177449880,2496180224,62832640,816599040,293117952,956416000,1073737728,854647,60759,6,10162097,54535,0,3921210,3469,875159040,62217216,8384605,5453545,9,2,0,0,0,70681,125751
1778177450176,2496180224,62832640,816599040,293117952,956416000,1073737728,854647,60759,6,10163755,54535,0,3921210,3469,875159040,62217216,8384897,5453677,9,2,0,0,0,70681,125751
1778177450467,2496180224,62832640,816599040,293117952,956416000,1073737728,854647,60759,6,10165418,54535,0,3921210,3469,875159040,62217216,8385907,5454381,9,2,0,0,0,70681,125751
1778177450764,2496180224,62832640,816599040,293117952,956416000,1073737728,854647,60759,6,10167074,54535,0,3921210,3469,875159040,62217216,8386121,5454421,9,2,0,0,0,70681,125751
1778177451059,2496180224,62832640,816599040,293117952,956416000,1073737728,854647,60759,6,10168733,54535,0,3921210,3469,875159040,62217216,8386319,5454461,9,2,0,0,0,70681,125751
1778177451354,2496180224,62832640,816599040,293117952,956416000,1073737728,854647,60759,6,10170393,54535,0,3921210,3469,875159040,62217216,8387089,5455045,9,2,0,0,0,70681,125751
1778177451646,2496180224,62832640,816599040,293117952,956416000,1073737728,854647,60759,6,10172053,54535,0,3921210,3469,875159040,62217216,8387303,5455125,9,2,0,0,0,70681,125751
1778177451941,2496180224,62832640,816603136,293117952,956416000,1073737728,854647,60759,6,10173727,54535,0,3921210,3469,875159040,62217216,8387501,5455165,9,2,0,0,0,70681,125751
1778177452233,2496180224,62832640,816603136,293117952,956416000,1073737728,854647,60759,6,10175384,54535,0,3921210,3469,875159040,62217216,8387699,5455205,9,2,0,0,0,70681,125751
1778177452528,2496180224,62832640,816603136,293117952,956416000,1073737728,854647,60759,6,10177043,54535,0,3921210,3469,875159040,62217216,8388783,5457049,9,2,0,0,0,70681,125751
1778177452823,2496180224,62832640,816603136,293117952,956416000,1073737728,854647,60759,6,10178701,54535,0,3921210,3469,875159040,62217216,8392161,5459245,9,2,0,0,0,70681,125751
1778177453120,2496180224,62832640,816603136,293117952,956416000,1073737728,854647,60759,6,10180359,54535,0,3921210,3469,875159040,62217216,8392453,5459377,9,2,0,0,0,70681,125751
1778177453416,2496180224,62832640,816603136,293117952,956416000,1073737728,854647,60759,6,10182022,54535,0,3921210,3469,875159040,62217216,8393383,5460029,9,2,0,0,0,70681,125751
1778177453712,2496180224,62832640,816603136,293117952,956416000,1073737728,854647,60759,6,10183680,54535,0,3921210,3469,875159040,62233600,8393703,5460149,9,2,0,0,0,70681,125751
1778177454009,2496180224,62840832,816607232,293117952,956416000,1073737728,854647,60775,6,10185341,54535,0,3921210,3469,875159040,62233600,8393917,5460189,9,2,0,0,0,70681,125751
1778177454298,2496180224,62840832,816607232,293117952,956416000,1073737728,854647,60775,6,10186997,54535,0,3921210,3469,875159040,62233600,8394115,5460229,9,2,0,0,0,70681,125751
1778177454594,2496180224,62840832,816607232,293117952,956416000,1073737728,854647,60775,6,10188657,54535,0,3921210,3469,875159040,62233600,8394901,5460853,9,2,0,0,0,70681,125751
1778177454890,2496180224,62840832,816607232,293117952,956416000,1073737728,854647,60775,6,10190316,54535,0,3921210,3469,875159040,62233600,8395099,5460893,9,2,0,0,0,70681,125751
1778177455185,2496180224,62840832,816607232,293117952,956416000,1073737728,854647,60775,6,10191976,54535,0,3921210,3469,875159040,62233600,8395297,5460933,9,2,0,0,0,70681,125751
1778177455475,2496180224,62840832,816607232,293117952,956416000,1073737728,854647,60775,6,10193636,54535,0,3921210,3469,875159040,62233600,8396295,5462641,9,2,0,0,0,70681,125751
1778177455770,2496180224,62840832,816611328,293117952,956416000,1073737728,854647,60775,6,10195295,54535,0,3921210,3469,875159040,62233600,8398091,5464221,9,2,0,0,0,70681,125751
1778177456059,2496180224,62840832,816611328,293117952,956416000,1073737728,854647,60775,6,10196955,54535,0,3921210,3469,875159040,62233600,8399965,5464969,9,2,0,0,0,70681,125751
1778177456355,2496180224,62840832,816611328,293117952,956416000,1073737728,854647,60775,6,10198616,54535,0,3921210,3469,875159040,62233600,8400735,5465553,9,2,0,0,0,70681,125751
1778177456647,2496180224,62840832,816611328,293117952,956416000,1073737728,854647,60775,6,10200277,54535,0,3921210,3469,875159040,62233600,8401173,5465713,9,2,0,0,0,70681,125751
1778177456944,2496180224,62840832,816619520,293117952,956416000,1073737728,854647,60775,6,10201933,54535,0,3921210,3469,875159040,62233600,8401371,5465753,9,2,0,0,0,70681,125751
1778177457235,2496180224,62840832,816619520,293117952,956416000,1073737728,854647,60775,6,10203592,54535,0,3921210,3469,875159040,62233600,8401569,5465793,9,2,0,0,0,70681,125751
1778177457529,2496180224,62840832,816619520,293117952,956416000,1073737728,854647,60775,6,10205250,54535,0,3921210,3469,875159040,62233600,8402339,5466377,9,2,0,0,0,70681,125751
1778177457824,2496180224,62840832,816627712,293126144,956469248,1073737728,854647,60775,6,10206925,54535,0,3921210,3469,875159040,62233600,8402553,5466417,9,2,0,0,0,70683,125764
1778177458120,2496180224,62840832,816627712,293126144,956469248,1073737728,854647,60775,6,10208583,54535,0,3921210,3469,875159040,62233600,8402751,5466457,9,2,0,0,0,70683,125764
1778177458416,2496180224,62840832,816627712,293126144,956469248,1073737728,854647,60775,6,10210242,54535,0,3921210,3469,875159040,62233600,8403521,5468005,9,2,0,0,0,70683,125764
1778177458712,2496180224,62840832,816627712,293126144,956469248,1073737728,854647,60775,6,10211901,54535,0,3921210,3469,875159040,62249984,8403931,5469129,9,2,0,0,0,70683,125764
1778177459008,2496180224,62849024,816627712,293126144,956469248,1073737728,854647,60791,6,10213560,54535,0,3921210,3469,875159040,62249984,8407293,5470401,9,2,0,0,0,70683,125764
1778177459298,2496180224,62849024,816627712,293126144,956469248,1073737728,854647,60791,6,10215220,54535,0,3921210,3469,875159040,62249984,8407601,5470533,9,2,0,0,0,70683,125764
1778177459594,2496180224,62849024,816627712,293126144,956469248,1073737728,854647,60791,6,10216884,54535,0,3921210,3469,875159040,62249984,8408697,5471373,9,2,0,0,0,70683,125764
1778177459888,2496180224,62849024,816631808,293126144,956469248,1073737728,854647,60791,6,10218540,54535,0,3921210,3469,875159040,62249984,8408895,5471413,9,2,0,0,0,70683,125764
1778177460184,2496180224,62849024,816631808,293126144,956469248,1073737728,854647,60791,6,10220200,54535,0,3921210,3469,875159040,62249984,8409093,5471453,9,2,0,0,0,70683,125764
1778177460476,2496180224,62849024,816631808,293126144,956469248,1073737728,854647,60791,6,10221861,54535,0,3921210,3469,875159040,62249984,8409879,5472077,9,2,0,0,0,70683,125764
1778177460772,2496180224,62849024,816635904,293126144,956469248,1073737728,854647,60791,6,10223517,54535,0,3921210,3469,875159040,62249984,8410093,5472117,9,2,0,0,0,70683,125764
1778177461068,2496180224,62849024,816635904,293126144,956469248,1073737728,854647,60791,6,10225175,54535,0,3921210,3469,875159040,62249984,8410291,5472157,9,2,0,0,0,70683,125764
1778177461364,2496180224,62849024,816635904,293126144,956469248,1073737728,854647,60791,6,10226833,54535,0,3921210,3469,875159040,62249984,8411061,5473049,9,2,0,0,0,70683,125764
1778177461660,2496180224,62849024,816635904,293126144,956469248,1073737728,854647,60791,6,10228491,54535,0,3921210,3469,875159040,62249984,8411487,5474829,9,2,0,0,0,70683,125764
1778177461956,2496180224,62849024,816635904,293126144,956469248,1073737728,854647,60791,6,10230149,54535,0,3921210,3469,875159040,62249984,8414849,5476101,9,2,0,0,0,70683,125764
1778177462252,2496180224,62849024,816635904,293126144,956469248,1073737728,854647,60791,6,10231809,54535,0,3921210,3469,875159040,62249984,8415243,5476273,9,2,0,0,0,70683,125764
1778177462548,2496180224,62849024,816635904,293126144,956469248,1073737728,854647,60791,6,10233470,54535,0,3921210,3469,875159040,62249984,8416253,5476937,9,2,0,0,0,70683,125764
1778177462840,2496180224,62849024,816640000,293126144,956469248,1073737728,854647,60791,6,10235130,54535,0,3921210,3469,875159040,62249984,8416649,5477017,9,2,0,0,0,70683,125764
1778177463136,2496180224,62849024,816640000,293126144,956469248,1073737728,854647,60795,6,10236788,54535,0,3921210,3469,875159040,62254080,8416863,5477057,9,2,0,0,0,70683,125764
1778177463430,2496180224,62849024,816640000,293126144,956469248,1073737728,854647,60795,6,10238448,54535,0,3921210,3469,875159040,62254080,8417649,5477681,9,2,0,0,0,70683,125764
1778177463725,2496180224,62849024,816640000,293126144,956469248,1073737728,854647,60795,6,10240107,54535,0,3921210,3469,875159040,62286848,8417863,5477721,9,2,0,0,0,70683,125764
1778177464021,2496180224,62857216,816631808,293146624,956502016,1073737728,854647,60827,6,10241782,54535,0,3921210,3469,875159040,62286848,8418077,5477761,9,2,0,0,0,70688,125771
1778177464316,2496180224,62857216,816631808,293146624,956502016,1073737728,854647,60827,6,10243440,54535,0,3921210,3469,875159040,62286848,8418275,5477801,9,2,0,0,0,70688,125771
1778177464615,2496180224,62857216,816631808,293146624,956502016,1073737728,854647,60827,6,10245100,54535,0,3921210,3469,875159040,62286848,8419273,5479509,9,2,0,0,0,70688,125771
1778177464911,2496180224,62857216,816644096,293146624,956502016,1073737728,854647,60827,6,10246758,54535,0,3921210,3469,875159040,62286848,8422635,5481705,9,2,0,0,0,70688,125771
1778177465208,2496180224,62857216,816648192,293146624,956502016,1073737728,854647,60827,6,10248420,54535,0,3921210,3469,875159040,62286848,8423045,5481877,9,2,0,0,0,70688,125771
1778177465504,2496180224,62857216,816648192,293146624,956502016,1073737728,854647,60827,6,10250080,54535,0,3921210,3469,875159040,62286848,8423937,5482541,9,2,0,0,0,70688,125771
1778177465800,2496180224,62857216,816648192,293146624,956502016,1073737728,854647,60827,6,10251738,54535,0,3921210,3469,875159040,62286848,8424151,5482581,9,2,0,0,0,70688,125771
1778177466095,2496180224,62857216,816648192,293146624,956502016,1073737728,854647,60827,6,10253396,54535,0,3921210,3469,875159040,62286848,8424349,5482621,9,2,0,0,0,70688,125771
1778177466390,2496180224,62857216,816648192,293146624,956502016,1073737728,854647,60827,6,10255056,54535,0,3921210,3469,875159040,62286848,8425221,5483381,9,2,0,0,0,70688,125771
1778177466686,2496180224,62857216,816648192,293146624,956502016,1073737728,854647,60827,6,10256716,54535,0,3921210,3469,875159040,62286848,8425435,5483461,9,2,0,0,0,70688,125771
1778177466981,2496180224,62857216,816652288,293146624,956502016,1073737728,854647,60827,6,10258373,54535,0,3921210,3469,875159040,62286848,8425633,5483501,9,2,0,0,0,70688,125771
1778177467270,2496180224,62857216,816652288,293146624,956502016,1073737728,854647,60827,6,10260031,54535,0,3921210,3469,875159040,62286848,8425831,5483541,9,2,0,0,0,70688,125771
1778177467566,2496180224,62857216,816652288,293146624,956502016,1073737728,854647,60827,6,10261691,54535,0,3921210,3469,875159040,62286848,8426829,5485209,9,2,0,0,0,70688,125771
1778177467862,2496180224,62857216,816652288,293146624,956502016,1073737728,854647,60827,6,10263350,54535,0,3921210,3469,875159040,62286848,8430191,5487405,9,2,0,0,0,70688,125771
1778177468157,2496180224,62857216,816652288,293146624,956502016,1073737728,854647,60827,6,10265010,54535,0,3921210,3469,875159040,62286848,8430601,5487537,9,2,0,0,0,70688,125771
1778177468450,2496180224,62857216,816652288,293146624,956502016,1073737728,854647,60827,6,10266672,54535,0,3921210,3469,875159040,62286848,8431371,5488281,9,2,0,0,0,70688,125771
1778177468745,2496180224,62857216,816656384,293146624,956502016,1073737728,854647,60827,6,10268331,54535,0,3921210,3469,875159040,62286848,8431675,5488321,9,2,0,0,0,70688,125771
1778177469035,2496180224,62865408,816656384,293146624,956502016,1073737728,854647,60843,6,10269989,54535,0,3921210,3469,875159040,62303232,8431873,5488361,9,2,0,0,0,70688,125771
1778177469332,2496180224,62865408,816656384,293146624,956502016,1073737728,854647,60843,6,10271647,54535,0,3921210,3469,875159040,62303232,8432071,5488633,9,2,0,0,0,70688,125771
1778177469626,2496180224,62865408,816656384,293146624,956502016,1073737728,854647,60843,6,10273309,54535,0,3921210,3469,875159040,62303232,8432857,5489025,9,2,0,0,0,70688,125771
1778177469920,2496180224,62865408,816656384,293146624,956502016,1073737728,854647,60843,6,10274982,54535,0,3921210,3469,875159040,62303232,8433055,5489065,9,2,0,0,0,70688,125771
1778177470217,2496180224,62865408,816656384,293146624,956502016,1073737728,854647,60843,6,10276642,54535,0,3921210,3469,875159040,62303232,8433253,5489105,9,2,0,0,0,70688,125771
1778177470512,2496180224,62865408,816656384,293146624,956502016,1073737728,854647,60843,6,10278300,54535,0,3921210,3469,875159040,62303232,8434251,5490773,9,2,0,0,0,70688,125771
1778177470809,2496180224,62865408,816668672,293146624,956502016,1073737728,854647,60843,6,10279958,54535,0,3921210,3469,875159040,62303232,8437629,5492969,9,2,0,0,0,70688,125771
1778177471104,2496180224,62865408,816668672,293146624,956502016,1073737728,854647,60843,6,10281617,54535,0,3921210,3469,875159040,62303232,8437921,5493101,9,2,0,0,0,70688,125771
1778177471400,2496180224,62865408,816672768,293146624,956502016,1073737728,854647,60843,6,10283278,54535,0,3921210,3469,875159040,62303232,8438809,5493765,9,2,0,0,0,70688,125771
1778177471696,2496180224,62865408,816672768,293146624,956502016,1073737728,854647,60843,6,10284936,54535,0,3921210,3469,875159040,62303232,8439129,5493885,9,2,0,0,0,70688,125771
1778177471993,2496180224,62865408,816672768,293146624,956502016,1073737728,854647,60843,6,10286595,54535,0,3921210,3469,875159040,62303232,8439327,5493925,9,2,0,0,0,70688,125771
1778177472281,2496180224,62865408,816672768,293146624,956502016,1073737728,854647,60843,6,10288254,54535,0,3921210,3469,875159040,62303232,8439525,5493965,9,2,0,0,0,70688,125771
1778177472578,2496180224,62865408,816672768,293146624,956502016,1073737728,854647,60843,6,10289915,54535,0,3921210,3469,875159040,62303232,8440311,5494549,9,2,0,0,0,70688,125771
1778177472869,2496180224,62865408,816680960,293146624,956502016,1073737728,854647,60843,6,10291581,54535,0,3921210,3469,875159040,62303232,8440509,5494589,9,2,0,0,0,70688,125771
1778177473164,2496180224,62865408,816680960,293146624,956502016,1073737728,854647,60843,6,10293239,54535,0,3921210,3469,875159040,62303232,8440809,5494805,9,2,0,0,0,70688,125771
1778177473459,2496180224,62865408,816680960,293146624,956502016,1073737728,854647,60843,6,10294897,54535,0,3921210,3469,875159040,62303232,8441807,5496513,9,2,0,0,0,70688,125771
1778177473755,2496180224,62865408,816680960,293146624,956502016,1073737728,854647,60843,6,10296555,54535,0,3921210,3469,875159040,62303232,8443603,5498093,9,2,0,0,0,70688,125771
1778177474051,2496180224,62865408,816680960,293146624,956502016,1073737728,854647,60843,6,10298214,54535,0,3921210,3469,875159040,62319616,8445477,5498749,9,2,0,0,0,70688,125771
1778177474346,2496180224,62873600,816676864,293146624,956502016,1073737728,854647,60859,6,10299876,54535,0,3921210,3469,875159040,62319616,8446247,5499425,9,2,0,0,0,70688,125771
1778177474636,2496180224,62873600,816676864,293146624,956502016,1073737728,854647,60859,6,10301537,54535,0,3921210,3469,875159040,62319616,8446685,5499585,9,2,0,0,0,70688,125771
1778177474932,2496180224,62873600,816685056,293146624,956502016,1073737728,854647,60859,6,10303195,54535,0,3921210,3469,875159040,62319616,8446883,5499625,9,2,0,0,0,70688,125771
1778177475228,2496180224,62873600,816685056,293146624,956502016,1073737728,854647,60859,6,10304852,54535,0,3921210,3469,875159040,62319616,8447081,5499665,9,2,0,0,0,70688,125771
1778177475524,2496180224,62873600,816685056,293146624,956502016,1073737728,854647,60859,6,10306512,54535,0,3921210,3469,875159040,62319616,8447851,5500249,9,2,0,0,0,70688,125771
1778177475819,2496180224,62873600,816685056,293146624,956502016,1073737728,854647,60859,6,10308186,54535,0,3921210,3469,875159040,62319616,8448065,5500289,9,2,0,0,0,70688,125771
1778177476114,2496180224,62873600,816685056,293146624,956502016,1073737728,854647,60859,6,10309846,54535,0,3921210,3469,875159040,62319616,8448263,5500329,9,2,0,0,0,70688,125771
1778177476409,2496180224,62873600,816685056,293146624,956502016,1073737728,854647,60859,6,10311505,54535,0,3921210,3469,875159040,62319616,8449033,5501877,9,2,0,0,0,70688,125771
1778177476704,2496180224,62873600,816689152,293146624,956502016,1073737728,854647,60859,6,10313165,54535,0,3921210,3469,875159040,62319616,8449459,5503001,9,2,0,0,0,70688,125771
1778177477000,2496180224,62873600,816689152,293146624,956502016,1073737728,854647,60859,6,10314823,54535,0,3921210,3469,875159040,62319616,8452821,5504273,9,2,0,0,0,70688,125771
1778177477296,2496180224,62873600,816689152,293146624,956502016,1073737728,854647,60859,6,10316481,54535,0,3921210,3469,875159040,62319616,8453113,5504405,9,2,0,0,0,70688,125771
1778177477593,2496180224,62873600,816689152,293146624,956502016,1073737728,854647,60859,6,10318144,54535,0,3921210,3469,875159040,62319616,8454107,5505149,9,2,0,0,0,70688,125771
1778177477882,2496180224,62889984,816693248,293163008,956510208,1073737728,854647,60947,6,10319809,54535,0,3921210,3469,875159040,62409728,8454305,5505189,9,2,0,0,0,70692,125773
1778177478178,2496180224,62889984,816693248,293163008,956510208,1073737728,854647,60947,6,10321466,54535,0,3921210,3469,875159040,62409728,8454503,5505229,9,2,0,0,0,70692,125773
1778177478469,2496180224,62889984,816693248,293163008,956510208,1073737728,854647,60947,6,10323127,54535,0,3921210,3469,875159040,62479360,8455273,5505853,9,2,0,0,0,70692,125773
1778177478765,2496180224,62889984,816693248,293183488,956542976,1073737728,854647,61015,6,10324787,54535,0,3921210,3469,875159040,62479360,8455487,5505893,9,2,0,0,0,70697,125781
1778177479060,2496180224,62889984,816693248,293183488,956542976,1073737728,854647,61015,6,10326443,54535,0,3921210,3469,875159040,62479360,8455685,5505933,9,2,0,0,0,70697,125781
1778177479356,2496180224,62889984,816697344,293183488,956542976,1073737728,854647,61015,6,10328105,54535,0,3921210,3469,875159040,62479360,8456455,5506517,9,2,0,0,0,70697,125781
1778177479648,2496180224,62889984,816701440,293183488,956567552,1073737728,854647,61067,6,10329762,54535,0,3921210,3469,875159040,62532608,8456881,5507681,9,2,0,0,0,70697,125787
1778177479943,2496180224,62889984,816701440,293183488,956567552,1073737728,854647,61067,6,10331421,54535,0,3921210,3469,875159040,62532608,8460361,5510013,9,2,0,0,0,70697,125787
1778177480234,2496180224,62889984,816705536,293183488,956567552,1073737728,854647,61067,6,10333083,54535,0,3921210,3469,875159040,62532608,8460771,5510145,9,2,0,0,0,70697,125787
1778177480529,2496180224,62889984,816705536,293183488,956567552,1073737728,854647,61067,6,10334740,54535,0,3921210,3469,875159040,62532608,8461663,5510809,9,2,0,0,0,70697,125787
1778177480825,2496180224,62889984,816705536,293183488,956567552,1073737728,854647,61067,6,10336399,54535,0,3921210,3469,875159040,62532608,8461877,5510849,9,2,0,0,0,70697,125787
1778177481120,2496180224,62889984,816705536,293183488,956567552,1073737728,854647,61067,6,10338056,54535,0,3921210,3469,875159040,62532608,8462075,5510889,9,2,0,0,0,70697,125787
1778177481416,2496180224,62889984,816705536,293183488,956567552,1073737728,854647,61067,6,10339717,54535,0,3921210,3469,875159040,62532608,8462845,5511513,9,2,0,0,0,70697,125787
1778177481712,2496180224,62889984,816705536,293183488,956567552,1073737728,854647,61067,6,10341375,54535,0,3921210,3469,875159040,62532608,8463059,5511553,9,2,0,0,0,70697,125787
1778177482009,2496180224,62889984,816709632,293183488,956567552,1073737728,854647,61067,6,10343052,54535,0,3921210,3469,875159040,62532608,8463257,5511593,9,2,0,0,0,70697,125787
1778177482298,2496180224,62889984,816709632,293183488,956567552,1073737728,854647,61067,6,10344709,54535,0,3921210,3469,875159040,62532608,8463455,5511633,9,2,0,0,0,70697,125787
1778177482594,2496180224,62889984,816709632,293183488,956567552,1073737728,854647,61067,6,10346372,54535,0,3921210,3469,875159040,62532608,8464453,5513341,9,2,0,0,0,70697,125787
1778177482890,2496180224,62889984,816709632,293183488,956567552,1073737728,854647,61067,6,10348032,54535,0,3921210,3469,875159040,62565376,8467815,5515537,9,2,0,0,0,70697,125787
1778177483184,2496180224,62898176,816705536,293183488,956567552,1073737728,854647,61099,6,10349688,54535,0,3921210,3469,875159040,62565376,8468107,5515669,9,2,0,0,0,70697,125787
1778177483473,2496180224,62898176,816705536,293183488,956567552,1073737728,854647,61099,6,10351354,54535,0,3921210,3469,875159040,62565376,8469117,5516413,9,2,0,0,0,70697,125787
1778177483769,2496180224,62898176,816721920,293183488,956567552,1073737728,854647,61119,6,10353013,54535,0,3921210,3469,875159040,62585856,8469331,5516453,9,2,0,0,0,70697,125787
1778177484058,2496180224,62898176,816721920,293183488,956567552,1073737728,854647,61119,6,10354672,54535,0,3921210,3469,875159040,62585856,8469529,5516493,9,2,0,0,0,70697,125787
1778177484354,2496180224,62898176,816721920,293183488,956567552,1073737728,854647,61119,6,10356334,54535,0,3921210,3469,875159040,62585856,8470315,5517077,9,2,0,0,0,70697,125787
1778177484646,2496180224,62898176,816721920,293183488,956571648,1073737728,854647,61119,6,10357993,54535,0,3921210,3469,875159040,62585856,8470529,5517157,9,2,0,0,0,70697,125788
1778177484941,2496180224,62898176,816721920,293183488,956571648,1073737728,854647,61119,6,10359652,54535,0,3921210,3469,875159040,62585856,8470727,5517197,9,2,0,0,0,70697,125788
1778177485231,2496180224,62898176,816721920,293183488,956571648,1073737728,854647,61119,6,10361312,54535,0,3921210,3469,875159040,62585856,8470925,5517237,9,2,0,0,0,70697,125788
1778177485528,2496180224,62898176,816721920,293183488,956571648,1073737728,854647,61119,6,10362969,54535,0,3921210,3469,875159040,62585856,8471907,5518905,9,2,0,0,0,70697,125788
1778177485824,2496180224,62898176,816726016,293183488,956571648,1073737728,854647,61119,6,10364629,54535,0,3921210,3469,875159040,62585856,8475285,5521101,9,2,0,0,0,70697,125788
1778177486119,2496180224,62898176,816726016,293183488,956571648,1073737728,854647,61119,6,10366286,54535,0,3921210,3469,875159040,62585856,8475577,5521233,9,2,0,0,0,70697,125788
1778177486413,2496180224,62898176,816726016,293183488,956571648,1073737728,854647,61119,6,10367947,54535,0,3921210,3469,875159040,62585856,8476465,5521857,9,2,0,0,0,70697,125788
1778177486709,2496180224,62898176,816726016,293183488,956571648,1073737728,854647,61119,6,10369607,54535,0,3921210,3469,875159040,62585856,8476887,5522153,9,2,0,0,0,70697,125788
1778177487005,2496180224,62898176,816726016,293183488,956571648,1073737728,854647,61119,6,10371268,54535,0,3921210,3469,875159040,62585856,8477085,5522193,9,2,0,0,0,70697,125788
1778177487293,2496180224,62898176,816726016,293183488,956571648,1073737728,854647,61119,6,10372925,54535,0,3921210,3469,875159040,62585856,8477283,5522233,9,2,0,0,0,70697,125788
1778177487590,2496180224,62898176,816726016,293183488,956571648,1073737728,854647,61119,6,10374587,54535,0,3921210,3469,875159040,62585856,8478069,5522857,9,2,0,0,0,70697,125788
1778177487884,2496180224,62898176,816730112,293183488,956571648,1073737728,854647,61119,6,10376259,54535,0,3921210,3469,875159040,62585856,8478267,5522897,9,2,0,0,0,70697,125788
1778177488180,2496180224,62906368,816726016,293183488,956571648,1073737728,854647,61147,6,10377919,54535,0,3921210,3469,875159040,62614528,8478465,5522937,9,2,0,0,0,70697,125788
1778177488476,2496180224,62906368,816726016,293183488,956571648,1073737728,854647,61147,6,10379577,54535,0,3921210,3469,875159040,62614528,8479447,5524645,9,2,0,0,0,70697,125788
1778177488771,2496180224,62906368,816730112,293208064,956608512,1073737728,854647,61175,6,10381236,54535,0,3921210,3469,875159040,62643200,8481243,5526225,9,2,0,0,0,70703,125797
1778177489066,2496180224,62906368,816730112,293208064,956608512,1073737728,854647,61175,6,10382896,54535,0,3921210,3469,875159040,62643200,8483117,5526973,9,2,0,0,0,70703,125797
1778177489361,2496180224,62906368,816730112,293208064,956608512,1073737728,854647,61175,6,10384556,54535,0,3921210,3469,875159040,62643200,8483903,5527557,9,2,0,0,0,70703,125797
1778177489656,2496180224,62906368,816730112,293208064,956608512,1073737728,854647,61175,6,10386218,54535,0,3921210,3469,875159040,62643200,8484341,5527717,9,2,0,0,0,70703,125797
1778177489952,2496180224,62906368,816738304,293208064,956608512,1073737728,854647,61175,6,10387874,54535,0,3921210,3469,875159040,62643200,8484539,5527757,9,2,0,0,0,70703,125797
1778177490244,2496180224,62906368,816738304,293208064,956608512,1073737728,854647,61175,6,10389534,54535,0,3921210,3469,875159040,62643200,8484753,5527845,9,2,0,0,0,70703,125797
1778177490541,2496180224,62906368,816738304,293208064,956608512,1073737728,854647,61175,6,10391193,54535,0,3921210,3469,875159040,62643200,8485539,5528429,9,2,0,0,0,70703,125797
1778177490833,2496180224,62906368,816738304,293208064,956608512,1073737728,854647,61175,6,10392851,54535,0,3921210,3469,875159040,62643200,8485737,5528469,9,2,0,0,0,70703,125797
1778177491129,2496180224,62906368,816738304,293208064,956608512,1073737728,854647,61175,6,10394511,54535,0,3921210,3469,875159040,62643200,8485951,5528509,9,2,0,0,0,70703,125797
1778177491424,2496180224,62906368,816738304,293208064,956608512,1073737728,854647,61175,6,10396170,54535,0,3921210,3469,875159040,62643200,8486721,5530057,9,2,0,0,0,70703,125797
1778177491720,2496180224,62906368,816742400,293208064,956608512,1073737728,854647,61175,6,10397829,54535,0,3921210,3469,875159040,62643200,8487147,5531181,9,2,0,0,0,70703,125797
1778177492017,2496180224,62906368,816742400,293208064,956608512,1073737728,854647,61175,6,10399488,54535,0,3921210,3469,875159040,62643200,8490525,5532453,9,2,0,0,0,70703,125797
1778177492312,2496180224,62906368,816742400,293208064,956608512,1073737728,854647,61175,6,10401150,54535,0,3921210,3469,875159040,62643200,8490935,5532585,9,2,0,0,0,70703,125797
1778177492610,2496180224,62906368,816742400,293208064,956608512,1073737728,854647,61175,6,10402809,54535,0,3921210,3469,875159040,62643200,8491827,5533289,9,2,0,0,0,70703,125797
1778177492906,2496180224,62906368,816742400,293208064,956608512,1073737728,854647,61175,6,10404474,54535,0,3921210,3469,875159040,62643200,8492025,5533329,9,2,0,0,0,70703,125797
1778177493200,2496180224,62906368,816742400,293208064,956608512,1073737728,854647,61175,6,10406133,54535,0,3921210,3469,875159040,62643200,8492223,5533369,9,2,0,0,0,70703,125797
1778177493496,2496180224,62914560,816734208,293208064,956608512,1073737728,854647,61203,6,10407792,54535,0,3921210,3469,875159040,62671872,8493111,5534169,9,2,0,0,0,70703,125797
1778177493791,2496180224,62914560,816750592,293208064,956608512,1073737728,854647,61203,6,10409466,54535,0,3921210,3469,875159040,62671872,8493325,5534209,9,2,0,0,0,70703,125797
1778177494086,2496180224,62914560,816750592,293208064,956608512,1073737728,854647,61203,6,10411124,54535,0,3921210,3469,875159040,62671872,8493523,5534249,9,2,0,0,0,70703,125797
1778177494381,2496180224,62914560,816750592,293208064,956608512,1073737728,854647,61203,6,10412785,54535,0,3921210,3469,875159040,62671872,8494293,5535757,9,2,0,0,0,70703,125797
1778177494677,2496180224,62914560,816750592,293208064,956616704,1073737728,854647,61203,6,10414444,54535,0,3921210,3469,875159040,62671872,8494719,5536921,9,2,0,0,0,70703,125799
1778177494972,2496180224,62914560,816750592,293208064,956616704,1073737728,854647,61203,6,10416100,54535,0,3921210,3469,875159040,62671872,8498097,5538193,9,2,0,0,0,70703,125799
1778177495263,2496180224,62914560,816750592,293208064,956616704,1073737728,854647,61203,6,10417761,54535,0,3921210,3469,875159040,62671872,8498507,5538325,9,2,0,0,0,70703,125799
1778177495562,2496180224,62914560,816750592,293208064,956616704,1073737728,854647,61203,6,10419421,54535,0,3921210,3469,875159040,62671872,8499399,5539029,9,2,0,0,0,70703,125799
1778177495856,2496180224,62914560,816754688,293208064,956616704,1073737728,854647,61203,6,10421077,54535,0,3921210,3469,875159040,62671872,8499597,5539069,9,2,0,0,0,70703,125799
1778177496151,2496180224,62914560,816754688,293208064,956616704,1073737728,854647,61203,6,10422736,54535,0,3921210,3469,875159040,62671872,8499795,5539109,9,2,0,0,0,70703,125799
1778177496444,2496180224,62914560,816754688,293208064,956616704,1073737728,854647,61203,6,10424394,54535,0,3921210,3469,875159040,62671872,8500565,5539733,9,2,0,0,0,70703,125799
1778177496740,2496180224,62914560,816758784,293208064,956616704,1073737728,854647,61203,6,10426053,54535,0,3921210,3469,875159040,62671872,8500779,5539773,9,2,0,0,0,70703,125799
1778177497033,2496180224,62914560,816758784,293208064,956616704,1073737728,854647,61203,6,10427710,54535,0,3921210,3469,875159040,62671872,8500977,5539813,9,2,0,0,0,70703,125799
1778177497328,2496180224,62914560,816758784,293208064,956616704,1073737728,854647,61203,6,10429368,54535,0,3921210,3469,875159040,62671872,8501175,5540085,9,2,0,0,0,70703,125799
1778177497625,2496180224,62914560,816758784,293208064,956616704,1073737728,854647,61203,6,10431027,54535,0,3921210,3469,875159040,62671872,8502173,5541561,9,2,0,0,0,70703,125799
1778177497921,2496180224,62914560,816766976,293208064,956616704,1073737728,854647,61203,6,10432685,54535,0,3921210,3469,875159040,62671872,8505535,5543757,9,2,0,0,0,70703,125799
1778177498217,2496180224,62914560,816766976,293208064,956616704,1073737728,854647,61203,6,10434342,54535,0,3921210,3469,875159040,62671872,8505827,5543889,9,2,0,0,0,70703,125799
1778177498512,2496180224,62922752,816758784,293208064,956616704,1073737728,854647,61219,6,10436003,54535,0,3921210,3469,875159040,62688256,8506821,5544593,9,2,0,0,0,70703,125799
1778177498808,2496180224,62922752,816775168,293208064,956616704,1073737728,854647,61219,6,10437660,54535,0,3921210,3469,875159040,62688256,8507035,5544633,9,2,0,0,0,70703,125799
1778177499104,2496180224,62922752,816775168,293208064,956616704,1073737728,854647,61219,6,10439317,54535,0,3921210,3469,875159040,62688256,8507249,5544673,9,2,0,0,0,70703,125799
1778177499400,2496180224,62922752,816775168,293208064,956616704,1073737728,854647,61219,6,10440977,54535,0,3921210,3469,875159040,62688256,8508019,5545297,9,2,0,0,0,70703,125799
1778177499694,2496180224,62922752,816775168,293208064,956616704,1073737728,854647,61219,6,10442634,54535,0,3921210,3469,875159040,62688256,8508233,5545337,9,2,0,0,0,70703,125799
1778177499990,2496180224,62922752,816775168,293208064,956616704,1073737728,854647,61219,6,10444310,54535,0,3921210,3469,875159040,62688256,8508431,5545377,9,2,0,0,0,70703,125799
1778177500279,2496180224,62922752,816775168,293208064,956616704,1073737728,854647,61219,6,10445967,54535,0,3921210,3469,875159040,62688256,8508629,5545417,9,2,0,0,0,70703,125799
1778177500578,2496180224,62922752,816775168,293208064,956616704,1073737728,854647,61219,6,10447627,54535,0,3921210,3469,875159040,62688256,8509771,5547289,9,2,0,0,0,70703,125799
1778177500874,2496180224,62922752,816779264,293208064,956616704,1073737728,854647,61219,6,10449285,54535,0,3921210,3469,875159040,62688256,8513149,5549485,9,2,0,0,0,70703,125799
1778177501169,2496180224,62922752,816779264,293208064,956616704,1073737728,854647,61219,6,10450944,54535,0,3921210,3469,875159040,62688256,8513441,5549617,9,2,0,0,0,70703,125799
1778177501458,2496180224,62922752,816779264,293208064,956616704,1073737728,854647,61219,6,10452605,54535,0,3921210,3469,875159040,62688256,8514435,5550321,9,2,0,0,0,70703,125799
1778177501754,2496180224,62922752,816779264,293208064,956616704,1073737728,854647,61219,6,10454264,54535,0,3921210,3469,875159040,62688256,8514649,5550401,9,2,0,0,0,70703,125799
1778177502047,2496180224,62922752,816779264,293208064,956616704,1073737728,854647,61219,6,10455920,54535,0,3921210,3469,875159040,62688256,8514847,5550441,9,2,0,0,0,70703,125799
1778177502344,2496180224,62922752,816779264,293208064,956616704,1073737728,854647,61219,6,10457579,54535,0,3921210,3469,875159040,62688256,8515633,5551025,9,2,0,0,0,70703,125799
1778177502633,2496180224,62922752,816779264,293208064,956616704,1073737728,854647,61219,6,10459237,54535,0,3921210,3469,875159040,62688256,8515847,5551105,9,2,0,0,0,70703,125799
1778177502928,2496180224,62922752,816783360,293208064,956616704,1073737728,854647,61219,6,10460896,54535,0,3921210,3469,875159040,62688256,8516045,5551145,9,2,0,0,0,70703,125799
1778177503224,2496180224,62922752,816783360,293208064,956616704,1073737728,854647,61219,6,10462552,54535,0,3921210,3469,875159040,62688256,8516243,5551185,9,2,0,0,0,70703,125799
1778177503520,2496180224,62922752,816783360,293208064,956616704,1073737728,854647,61219,6,10464212,54535,0,3921210,3469,875159040,62704640,8517225,5552853,9,2,0,0,0,70703,125799
1778177503815,2496180224,62930944,816783360,293208064,956616704,1073737728,854647,61235,6,10465869,54535,0,3921210,3469,875159040,62704640,8520603,5555049,9,2,0,0,0,70703,125799
1778177504112,2496180224,62930944,816783360,293208064,956616704,1073737728,854647,61235,6,10467529,54535,0,3921210,3469,875159040,62704640,8521013,5555221,9,2,0,0,0,70703,125799
1778177504407,2496180224,62930944,816783360,293208064,956616704,1073737728,854647,61235,6,10469188,54535,0,3921210,3469,875159040,62704640,8521783,5555845,9,2,0,0,0,70703,125799
1778177504702,2496180224,62930944,816787456,293208064,956616704,1073737728,854647,61235,6,10470848,54535,0,3921210,3469,875159040,62704640,8522221,5555965,9,2,0,0,0,70703,125799
1778177504997,2496180224,62930944,816787456,293208064,956616704,1073737728,854647,61235,6,10472505,54535,0,3921210,3469,875159040,62704640,8522419,5556005,9,2,0,0,0,70703,125799
1778177505286,2496180224,62930944,816787456,293208064,956616704,1073737728,854647,61235,6,10474165,54535,0,3921210,3469,875159040,62704640,8522617,5556045,9,2,0,0,0,70703,125799
1778177505583,2496180224,62930944,816787456,293208064,956616704,1073737728,854647,61235,6,10475825,54535,0,3921210,3469,875159040,62704640,8523403,5556669,9,2,0,0,0,70703,125799
1778177505880,2496180224,62930944,816787456,293208064,956616704,1073737728,854647,61235,6,10477497,54535,0,3921210,3469,875159040,62704640,8523601,5556709,9,2,0,0,0,70703,125799
1778177506176,2496180224,62930944,816787456,293208064,956616704,1073737728,854647,61235,6,10479155,54535,0,3921210,3469,875159040,62704640,8523799,5556749,9,2,0,0,0,70703,125799
1778177506467,2496180224,62930944,816787456,293208064,956616704,1073737728,854647,61235,6,10480813,54535,0,3921210,3469,875159040,62704640,8524797,5558457,9,2,0,0,0,70703,125799
1778177506764,2496180224,62930944,816791552,293208064,956616704,1073737728,854647,61235,6,10482470,54535,0,3921210,3469,875159040,62704640,8526593,5560037,9,2,0,0,0,70703,125799
1778177507059,2496180224,62930944,816791552,293208064,956616704,1073737728,854647,61235,6,10484127,54535,0,3921210,3469,875159040,62704640,8528467,5560785,9,2,0,0,0,70703,125799
1778177507355,2496180224,62930944,816791552,293208064,956616704,1073737728,854647,61235,6,10485791,54535,0,3921210,3469,875159040,62704640,8529473,5561545,9,2,0,0,0,70703,125799
1778177507648,2496180224,62930944,816795648,293224448,956661760,1073737728,854647,61235,6,10487447,54535,0,3921210,3469,875159040,62704640,8529793,5561705,9,2,0,0,0,70703,125799
1778177507944,2496180224,62930944,816795648,293224448,956661760,1073737728,854647,61235,6,10489109,54535,0,3921210,3469,875159040,62704640,8529991,5561745,9,2,0,0,0,70707,125810
1778177508234,2496180224,62930944,816795648,293224448,956661760,1073737728,854647,61235,6,10490766,54535,0,3921210,3469,875159040,62704640,8530189,5561785,9,2,0,0,0,70707,125810
1778177508528,2496180224,62930944,816795648,293224448,956661760,1073737728,854647,61235,6,10492426,54535,0,3921210,3469,875159040,62704640,8530959,5562369,9,2,0,0,0,70707,125810
1778177508824,2496180224,62939136,816791552,293224448,956661760,1073737728,854647,61251,6,10494082,54535,0,3921210,3469,875159040,62721024,8531173,5562409,9,2,0,0,0,70707,125810
1778177509113,2496180224,62939136,816791552,293224448,956661760,1073737728,854647,61251,6,10495739,54535,0,3921210,3469,875159040,62721024,8531371,5562449,9,2,0,0,0,70707,125810
1778177509409,2496180224,62939136,816791552,293240832,956682240,1073737728,854647,61319,6,10497400,54535,0,3921210,3469,875159040,62790656,8532141,5563997,9,2,0,0,0,70711,125815
1778177509702,2496180224,62939136,816799744,293240832,956682240,1073737728,854647,61319,6,10499060,54535,0,3921210,3469,875159040,62790656,8532567,5565121,9,2,0,0,0,70711,125815
1778177509999,2496180224,62939136,816799744,293240832,956682240,1073737728,854647,61319,6,10500719,54535,0,3921210,3469,875159040,62790656,8535929,5566393,9,2,0,0,0,70711,125815
1778177510292,2496180224,62939136,816799744,293240832,956682240,1073737728,854647,61319,6,10502379,54535,0,3921210,3469,875159040,62790656,8536339,5566565,9,2,0,0,0,70711,125815
1778177510590,2496180224,62939136,816799744,293240832,956682240,1073737728,854647,61319,6,10504039,54535,0,3921210,3469,875159040,62790656,8537231,5567269,9,2,0,0,0,70711,125815
1778177510886,2496180224,62939136,816812032,293240832,956682240,1073737728,854647,61319,6,10505696,54535,0,3921210,3469,875159040,62790656,8537429,5567309,9,2,0,0,0,70711,125815
1778177511182,2496180224,62939136,816812032,293240832,956682240,1073737728,854647,61319,6,10507354,54535,0,3921210,3469,875159040,62790656,8537627,5567349,9,2,0,0,0,70711,125815
1778177511477,2496180224,62939136,816812032,293240832,956682240,1073737728,854647,61319,6,10509015,54535,0,3921210,3469,875159040,62790656,8538397,5567973,9,2,0,0,0,70711,125815
1778177511772,2496180224,62939136,816812032,293240832,956682240,1073737728,854647,61319,6,10510671,54535,0,3921210,3469,875159040,62790656,8538611,5568013,9,2,0,0,0,70711,125815
1778177512062,2496180224,62939136,816812032,293240832,956682240,1073737728,854647,61319,6,10512346,54535,0,3921210,3469,875159040,62790656,8538809,5568053,9,2,0,0,0,70711,125815
1778177512358,2496180224,62939136,816812032,293240832,956682240,1073737728,854647,61319,6,10514006,54535,0,3921210,3469,875159040,62790656,8539579,5568637,9,2,0,0,0,70711,125815
1778177512653,2496180224,62939136,816816128,293240832,956682240,1073737728,854647,61319,6,10515665,54535,0,3921210,3469,875159040,62790656,8540005,5570109,9,2,0,0,0,70711,125815
1778177512949,2496180224,62939136,816816128,293240832,956682240,1073737728,854647,61319,6,10517323,54535,0,3921210,3469,875159040,62790656,8543367,5571997,9,2,0,0,0,70711,125815
1778177513239,2496180224,62939136,816816128,293240832,956682240,1073737728,854647,61319,6,10518981,54535,0,3921210,3469,875159040,62790656,8543777,5572129,9,2,0,0,0,70711,125815
1778177513534,2496180224,62939136,816816128,293240832,956682240,1073737728,854647,61319,6,10520642,54535,0,3921210,3469,875159040,62802944,8544653,5572833,9,2,0,0,0,70711,125815
1778177513829,2496180224,62939136,816820224,293244928,956694528,1073737728,854647,61331,6,10522299,54536,0,3921210,3469,875159040,62802944,8544867,5572873,9,2,0,0,0,70712,125818
1778177514124,2496180224,62947328,816812032,293244928,956694528,1073737728,854647,61359,6,10523956,54536,0,3921210,3469,875159040,62831616,8545167,5573049,9,2,0,0,0,70712,125818
1778177514419,2496180224,62947328,816812032,293244928,956694528,1073737728,854647,61363,6,10525614,54536,0,3921210,3469,875159040,62835712,8545937,5573673,9,2,0,0,0,70712,125818
1778177514714,2496180224,62947328,816820224,293253120,956702720,1073737728,854647,61363,6,10527272,54536,0,3921210,3469,875159040,62835712,8546151,5573713,9,2,0,0,0,70714,125820
1778177515009,2496180224,62947328,816820224,293253120,956702720,1073737728,854647,61363,6,10528930,54536,0,3921210,3469,875159040,62835712,8546349,5573753,9,2,0,0,0,70714,125820
1778177515303,2496180224,62947328,816820224,293253120,956702720,1073737728,854647,61363,6,10530587,54536,0,3921210,3469,875159040,62835712,8546547,5573793,9,2,0,0,0,70714,125820
1778177515601,2496180224,62947328,816820224,293253120,956702720,1073737728,854647,61363,6,10532247,54536,0,3921210,3469,875159040,62835712,8547545,5575501,9,2,0,0,0,70714,125820
1778177515897,2496180224,62947328,816824320,293253120,956702720,1073737728,854647,61363,6,10533904,54536,0,3921210,3469,875159040,62835712,8550907,5577697,9,2,0,0,0,70714,125820
1778177516193,2496180224,62947328,816824320,293253120,956702720,1073737728,854647,61363,6,10535561,54536,0,3921210,3469,875159040,62835712,8551199,5577829,9,2,0,0,0,70714,125820
1778177516483,2496180224,62947328,816824320,293253120,956702720,1073737728,854647,61363,6,10537222,54536,0,3921210,3469,875159040,62835712,8552209,5578533,9,2,0,0,0,70714,125820
1778177516780,2496180224,62947328,816828416,293253120,956702720,1073737728,854647,61363,6,10538879,54536,0,3921210,3469,875159040,62835712,8552423,5578573,9,2,0,0,0,70714,125820
1778177517072,2496180224,62947328,816828416,293253120,956702720,1073737728,854647,61363,6,10540535,54536,0,3921210,3469,875159040,62835712,8552621,5578613,9,2,0,0,0,70714,125820
1778177517368,2496180224,62947328,816828416,293253120,956702720,1073737728,854647,61363,6,10542196,54536,0,3921210,3469,875159040,62835712,8553541,5579375,9,2,0,0,0,70714,125820
1778177517663,2496180224,62947328,816828416,293253120,956702720,1073737728,854647,61363,6,10543852,54536,0,3921210,3469,875159040,62835712,8553755,5579455,9,2,0,0,0,70714,125820
1778177517959,2496180224,62947328,816832512,293253120,956702720,1073737728,854647,61363,6,10545524,54536,0,3921210,3469,875159040,62835712,8553953,5579495,9,2,0,0,0,70714,125820
1778177518255,2496180224,62947328,816832512,293253120,956702720,1073737728,854647,61363,6,10547180,54536,0,3921210,3469,875159040,62835712,8554151,5579535,9,2,0,0,0,70714,125820
1778177518552,2496180224,62947328,816832512,293253120,956702720,1073737728,854647,61363,6,10548838,54536,0,3921210,3469,875159040,62835712,8555149,5581203,9,2,0,0,0,70714,125820
1778177518845,2496180224,62947328,816832512,293253120,956702720,1073737728,854647,61363,6,10550495,54536,0,3921210,3469,875159040,62835712,8558511,5583399,9,2,0,0,0,70714,125820
1778177519141,2496180224,62951424,816828416,293253120,956702720,1073737728,854647,61391,6,10552153,54536,0,3921210,3469,875159040,62868480,8558803,5583531,9,2,0,0,0,70714,125820
1778177519434,2496180224,62955520,816824320,293253120,956702720,1073737728,854647,61395,6,10553814,54536,0,3921210,3469,875159040,62888960,8559691,5584155,9,2,0,0,0,70714,125820
1778177519730,2496180224,62955520,816836608,293253120,956719104,1073737728,854647,61415,6,10555475,54536,0,3921210,3469,875159040,62888960,8560011,5584275,9,2,0,0,0,70714,125824
1778177520025,2496180224,62955520,816836608,293253120,956719104,1073737728,854647,61415,6,10557134,54536,0,3921210,3469,875159040,62888960,8560209,5584315,9,2,0,0,0,70714,125824
1778177520320,2496180224,62955520,816836608,293253120,956719104,1073737728,854647,61415,6,10558792,54536,0,3921210,3469,875159040,62888960,8560407,5584355,9,2,0,0,0,70714,125824
1778177520618,2496180224,62955520,816836608,293253120,956719104,1073737728,854647,61415,6,10560452,54536,0,3921210,3469,875159040,62888960,8561193,5584979,9,2,0,0,0,70714,125824
1778177520913,2496180224,62955520,816836608,293253120,956719104,1073737728,854647,61415,6,10562111,54536,0,3921210,3469,875159040,62888960,8561509,5585195,9,2,0,0,0,70714,125824
1778177521209,2496180224,62955520,816836608,293253120,956719104,1073737728,854647,61415,6,10563768,54536,0,3921210,3469,875159040,62888960,8561707,5585235,9,2,0,0,0,70714,125824
1778177521504,2496180224,62955520,816836608,293253120,956719104,1073737728,854647,61415,6,10565428,54536,0,3921210,3469,875159040,62888960,8562689,5586903,9,2,0,0,0,70714,125824
1778177521800,2496180224,62955520,816840704,293253120,956719104,1073737728,854647,61415,6,10567085,54536,0,3921210,3469,875159040,62888960,8566067,5589099,9,2,0,0,0,70714,125824
1778177522096,2496180224,62955520,816840704,293253120,956719104,1073737728,854647,61415,6,10568741,54536,0,3921210,3469,875159040,62888960,8566359,5589231,9,2,0,0,0,70714,125824
1778177522391,2496180224,62955520,816840704,293253120,956719104,1073737728,854647,61415,6,10570403,54536,0,3921210,3469,875159040,62888960,8567171,5589861,9,2,0,0,0,70714,125824
1778177522687,2496180224,62955520,816840704,293253120,956719104,1073737728,854647,61415,6,10572064,54536,0,3921210,3469,875159040,62888960,8567775,5590021,9,2,0,0,0,70714,125824
1778177522983,2496180224,62955520,816840704,293253120,956719104,1073737728,854647,61415,6,10573721,54536,0,3921210,3469,875159040,62888960,8567989,5590101,9,2,0,0,0,70714,125824
1778177523272,2496180224,62955520,816844800,293253120,956719104,1073737728,854647,61415,6,10575379,54536,0,3921210,3469,875159040,62888960,8568187,5590141,9,2,0,0,0,70714,125824
1778177523570,2496180224,62955520,816844800,293253120,956719104,1073737728,854647,61415,6,10577039,54536,0,3921210,3469,875159040,62888960,8568973,5590725,9,2,0,0,0,70714,125824
1778177523859,2496180224,62955520,816852992,293253120,956719104,1073737728,854647,61415,6,10578713,54536,0,3921210,3469,875159040,62888960,8569171,5590765,9,2,0,0,0,70714,125824
1778177524154,2496180224,62955520,816852992,293253120,956719104,1073737728,854647,61415,6,10580372,54536,0,3921210,3469,875159040,62888960,8569369,5590805,9,2,0,0,0,70714,125824
1778177524447,2496180224,62963712,816844800,293253120,956719104,1073737728,854647,61443,6,10582031,54536,0,3921210,3469,875159040,62917632,8570367,5592513,9,2,0,0,0,70714,125824
1778177524742,2496180224,62963712,816852992,293253120,956719104,1073737728,854647,61443,6,10583688,54536,0,3921210,3469,875159040,62917632,8572163,5594093,9,2,0,0,0,70714,125824
1778177525034,2496180224,62963712,816857088,293253120,956719104,1073737728,854647,61443,6,10585348,54536,0,3921210,3469,875159040,62917632,8573943,5594749,9,2,0,0,0,70714,125824
1778177525330,2496180224,62963712,816857088,293253120,956719104,1073737728,854647,61443,6,10587008,54536,0,3921210,3469,875159040,62917632,8574353,5595153,9,2,0,0,0,70714,125824
1778177525626,2496180224,62963712,816857088,293253120,956719104,1073737728,854647,61443,6,10588672,54536,0,3921210,3469,875159040,62917632,8575363,5595665,9,2,0,0,0,70714,125824
1778177525921,2496180224,62963712,816865280,293253120,956719104,1073737728,854647,61443,6,10590329,54536,0,3921210,3469,875159040,62917632,8575561,5595705,9,2,0,0,0,70714,125824
1778177526217,2496180224,62963712,816865280,293253120,956719104,1073737728,854647,61443,6,10591988,54536,0,3921210,3469,875159040,62917632,8575759,5595745,9,2,0,0,0,70714,125824
1778177526512,2496180224,62963712,816865280,293253120,956719104,1073737728,854647,61443,6,10593647,54536,0,3921210,3469,875159040,62917632,8576545,5596329,9,2,0,0,0,70714,125824
1778177526808,2496180224,62963712,816865280,293253120,956719104,1073737728,854647,61443,6,10595305,54536,0,3921210,3469,875159040,62917632,8576759,5596369,9,2,0,0,0,70714,125824
1778177527104,2496180224,62963712,816865280,293253120,956719104,1073737728,854647,61443,6,10596962,54536,0,3921210,3469,875159040,62917632,8576957,5596409,9,2,0,0,0,70714,125824
1778177527399,2496180224,62963712,816865280,293253120,956719104,1073737728,854647,61443,6,10598620,54536,0,3921210,3469,875159040,62917632,8577727,5597957,9,2,0,0,0,70714,125824
1778177527696,2496180224,62963712,816865280,293253120,956719104,1073737728,854647,61443,6,10600278,54536,0,3921210,3469,875159040,62917632,8578255,5599257,9,2,0,0,0,70714,125824
1778177527991,2496180224,62963712,816869376,293253120,956719104,1073737728,854647,61443,6,10601937,54536,0,3921210,3469,875159040,62917632,8581617,5600529,9,2,0,0,0,70714,125824
1778177528281,2496180224,62963712,816869376,293253120,956719104,1073737728,854647,61443,6,10603596,54536,0,3921210,3469,875159040,62917632,8582027,5600661,9,2,0,0,0,70714,125824
1778177528579,2496180224,62963712,816869376,293253120,956719104,1073737728,854647,61443,6,10605256,54536,0,3921210,3469,875159040,62917632,8582919,5601325,9,2,0,0,0,70714,125824
1778177528870,2496180224,62963712,816869376,293253120,956719104,1073737728,854647,61443,6,10606916,54536,0,3921210,3469,875159040,62917632,8583117,5601365,9,2,0,0,0,70714,125824
1778177529166,2496180224,62963712,816869376,293253120,956719104,1073737728,854647,61443,6,10608575,54536,0,3921210,3469,875159040,62917632,8583315,5601405,9,2,0,0,0,70714,125824
1778177529460,2496180224,62971904,816861184,293253120,956719104,1073737728,854647,61463,6,10610234,54536,0,3921210,3469,875159040,62938112,8584101,5602029,9,2,0,0,0,70714,125824
1778177529757,2496180224,62971904,816873472,293253120,956719104,1073737728,854647,61491,6,10611893,54536,0,3921210,3469,875159040,62966784,8584315,5602069,9,2,0,0,0,70714,125824
1778177530053,2496180224,62971904,816873472,293253120,956719104,1073737728,854647,61491,6,10613567,54536,0,3921210,3469,875159040,62966784,8584513,5602109,9,2,0,0,0,70714,125824
1778177530351,2496180224,62971904,816873472,293253120,956719104,1073737728,854647,61491,6,10615228,54536,0,3921210,3469,875159040,62966784,8585299,5602693,9,2,0,0,0,70714,125824
1778177530642,2496180224,62971904,816873472,293253120,956719104,1073737728,854647,61491,6,10616885,54536,0,3921210,3469,875159040,62966784,8585725,5603857,9,2,0,0,0,70714,125824
1778177530938,2496180224,62971904,816877568,293269504,956747776,1073737728,854647,61491,6,10618544,54536,0,3921210,3469,875159040,62966784,8589087,5606053,9,2,0,0,0,70718,125831
1778177531232,2496180224,62971904,816877568,293269504,956747776,1073737728,854647,61491,6,10620203,54536,0,3921210,3469,875159040,62966784,8589513,5606185,9,2,0,0,0,70718,125831
1778177531528,2496180224,62971904,816877568,293269504,956747776,1073737728,854647,61491,6,10621862,54536,0,3921210,3469,875159040,62966784,8590405,5606889,9,2,0,0,0,70718,125831
1778177531824,2496180224,62971904,816877568,293269504,956747776,1073737728,854647,61491,6,10623518,54536,0,3921210,3469,875159040,62966784,8590619,5606929,9,2,0,0,0,70718,125831
1778177532120,2496180224,62971904,816877568,293269504,956747776,1073737728,854647,61491,6,10625177,54536,0,3921210,3469,875159040,62966784,8590817,5606969,9,2,0,0,0,70718,125831
1778177532416,2496180224,62971904,816877568,293269504,956747776,1073737728,854647,61491,6,10626837,54536,0,3921210,3469,875159040,62966784,8591587,5607593,9,2,0,0,0,70718,125831
1778177532712,2496180224,62971904,816881664,293269504,956747776,1073737728,854647,61491,6,10628495,54536,0,3921210,3469,875159040,62966784,8591801,5607633,9,2,0,0,0,70718,125831
1778177533009,2496180224,62971904,816881664,293269504,956747776,1073737728,854647,61491,6,10630152,54536,0,3921210,3469,875159040,62966784,8592015,5607673,9,2,0,0,0,70718,125831
1778177533305,2496180224,62971904,816881664,293269504,956747776,1073737728,854647,61491,6,10631811,54536,0,3921210,3469,875159040,62966784,8592213,5607713,9,2,0,0,0,70718,125831
1778177533603,2496180224,62971904,816881664,293269504,956747776,1073737728,854647,61491,6,10633472,54536,0,3921210,3469,875159040,62966784,8593211,5609421,9,2,0,0,0,70718,125831
1778177533898,2496180224,62971904,816881664,293269504,956747776,1073737728,854647,61491,6,10635131,54536,0,3921210,3469,875159040,62966784,8596573,5611617,9,2,0,0,0,70718,125831
1778177534193,2496180224,62971904,816881664,293269504,956747776,1073737728,854647,61491,6,10636790,54536,0,3921210,3469,875159040,62966784,8596881,5611749,9,2,0,0,0,70718,125831
1778177534482,2496180224,62980096,816873472,293269504,956747776,1073737728,854647,61519,6,10638454,54536,0,3921210,3469,875159040,62995456,8597993,5612589,9,2,0,0,0,70718,125831
1778177534778,2496180224,62980096,816889856,293269504,956747776,1073737728,854647,61519,6,10640111,54536,0,3921210,3469,875159040,62995456,8598207,5612629,9,2,0,0,0,70718,125831
1778177535073,2496180224,62980096,816889856,293269504,956747776,1073737728,854647,61519,6,10641771,54536,0,3921210,3469,875159040,62995456,8598405,5612669,9,2,0,0,0,70718,125831
1778177535369,2496180224,62980096,816889856,293269504,956747776,1073737728,854647,61519,6,10643432,54536,0,3921210,3469,875159040,62995456,8599191,5613253,9,2,0,0,0,70718,125831
1778177535664,2496180224,62980096,816889856,293269504,956747776,1073737728,854647,61519,6,10645089,54536,0,3921210,3469,875159040,62995456,8599405,5613333,9,2,0,0,0,70718,125831
1778177535960,2496180224,62980096,816889856,293269504,956747776,1073737728,854647,61519,6,10646761,54536,0,3921210,3469,875159040,62995456,8599603,5613373,9,2,0,0,0,70718,125831
1778177536255,2496180224,62980096,816889856,293269504,956747776,1073737728,854647,61519,6,10648418,54536,0,3921210,3469,875159040,62995456,8599801,5613413,9,2,0,0,0,70718,125831
1778177536553,2496180224,62980096,816889856,293269504,956747776,1073737728,854647,61519,6,10650077,54536,0,3921210,3469,875159040,62995456,8600799,5615081,9,2,0,0,0,70718,125831
1778177536846,2496180224,62980096,816893952,293269504,956747776,1073737728,854647,61519,6,10651734,54536,0,3921210,3469,875159040,62995456,8604161,5617277,9,2,0,0,0,70718,125831
1778177537141,2496180224,62980096,816893952,293269504,956747776,1073737728,854647,61519,6,10653391,54536,0,3921210,3469,875159040,62995456,8604453,5617409,9,2,0,0,0,70718,125831
1778177537434,2496180224,62980096,816893952,293269504,956747776,1073737728,854647,61519,6,10655054,54536,0,3921210,3469,875159040,62995456,8605357,5618033,9,2,0,0,0,70718,125831
1778177537729,2496180224,62980096,816893952,293269504,956747776,1073737728,854647,61519,6,10656713,54536,0,3921210,3469,875159040,62995456,8605677,5618193,9,2,0,0,0,70718,125831
1778177538024,2496180224,62980096,816902144,293269504,956747776,1073737728,854647,61519,6,10658369,54536,0,3921210,3469,875159040,62995456,8605875,5618233,9,2,0,0,0,70718,125831
1778177538320,2496180224,62980096,816902144,293269504,956747776,1073737728,854647,61519,6,10660025,54536,0,3921210,3469,875159040,62995456,8606073,5618273,9,2,0,0,0,70718,125831
1778177538616,2496180224,62980096,816902144,293269504,956747776,1073737728,854647,61519,6,10661685,54536,0,3921210,3469,875159040,62995456,8606859,5618897,9,2,0,0,0,70718,125831
1778177538912,2496180224,62980096,816906240,293269504,956747776,1073737728,854647,61519,6,10663341,54536,0,3921210,3469,875159040,62995456,8607057,5618937,9,2,0,0,0,70718,125831
1778177539208,2496180224,62980096,816906240,293269504,956747776,1073737728,854647,61519,6,10664997,54536,0,3921210,3469,875159040,62995456,8607255,5618977,9,2,0,0,0,70718,125831
1778177539504,2496180224,62980096,816906240,293269504,956747776,1073737728,854647,61519,6,10666655,54536,0,3921210,3469,875159040,63011840,8608253,5620645,9,2,0,0,0,70718,125831
1778177539801,2496180224,62988288,816906240,293269504,956747776,1073737728,854647,61535,6,10668312,54536,0,3921210,3469,875159040,63011840,8611631,5622841,9,2,0,0,0,70718,125831
1778177540097,2496180224,62988288,816906240,293269504,956747776,1073737728,854647,61603,6,10669970,54536,0,3921210,3469,875159040,63081472,8611923,5622973,9,2,0,0,0,70718,125831
1778177540393,2496180224,62988288,816906240,293269504,956747776,1073737728,854647,61603,6,10671628,54536,0,3921210,3469,875159040,63081472,8612709,5623557,9,2,0,0,0,70718,125831
1778177540689,2496180224,62988288,816910336,293285888,956760064,1073737728,854647,61603,6,10673288,54536,0,3921210,3469,875159040,63081472,8613147,5623717,9,2,0,0,0,70722,125834
1778177540985,2496180224,62988288,816910336,293285888,956760064,1073737728,854647,61603,6,10674946,54536,0,3921210,3469,875159040,63081472,8613345,5623757,9,2,0,0,0,70722,125834
1778177541280,2496180224,62988288,816910336,293285888,956760064,1073737728,854647,61603,6,10676602,54536,0,3921210,3469,875159040,63081472,8613645,5623973,9,2,0,0,0,70722,125834
1778177541577,2496180224,62988288,816910336,293285888,956760064,1073737728,854647,61603,6,10678261,54536,0,3921210,3469,875159040,63081472,8614431,5624557,9,2,0,0,0,70722,125834
1778177541865,2496180224,62988288,816910336,293285888,956760064,1073737728,854647,61603,6,10679935,54536,0,3921210,3469,875159040,63081472,8614629,5624597,9,2,0,0,0,70722,125834
1778177542160,2496180224,62988288,816910336,293285888,956760064,1073737728,854647,61603,6,10681591,54536,0,3921210,3469,875159040,63081472,8614827,5624637,9,2,0,0,0,70722,125834
1778177542455,2496180224,62988288,816910336,293285888,956760064,1073737728,854647,61603,6,10683249,54536,0,3921210,3469,875159040,63081472,8615825,5626345,9,2,0,0,0,70722,125834
1778177542751,2496180224,62988288,816910336,293285888,956760064,1073737728,854647,61603,6,10684906,54536,0,3921210,3469,875159040,63081472,8617621,5627925,9,2,0,0,0,70722,125834
1778177543043,2496180224,62988288,816914432,293285888,956760064,1073737728,854647,61603,6,10686565,54536,0,3921210,3469,875159040,63081472,8619519,5628581,9,2,0,0,0,70722,125834
1778177543339,2496180224,62988288,816914432,293285888,956760064,1073737728,854647,61603,6,10688222,54536,0,3921210,3469,875159040,63081472,8620399,5629297,9,2,0,0,0,70722,125834
1778177543630,2496180224,62988288,816918528,293285888,956760064,1073737728,854647,61603,6,10689886,54536,0,3921210,3469,875159040,63081472,8620837,5629497,9,2,0,0,0,70722,125834
1778177543925,2496180224,62988288,816918528,293285888,956760064,1073737728,854647,61603,6,10691543,54536,0,3921210,3469,875159040,63081472,8621035,5629537,9,2,0,0,0,70722,125834
1778177544220,2496180224,62988288,816922624,293285888,956760064,1073737728,854647,61603,6,10693199,54536,0,3921210,3469,875159040,63081472,8621233,5629577,9,2,0,0,0,70722,125834
1778177544508,2496180224,62988288,816922624,293285888,956760064,1073737728,854647,61603,6,10694857,54536,0,3921210,3469,875159040,63081472,8622003,5630161,9,2,0,0,0,70722,125834
1778177544805,2496180224,62996480,816914432,293285888,956760064,1073737728,854647,61651,6,10696514,54536,0,3921210,3469,875159040,63106048,8622217,5630201,9,2,0,0,0,70722,125834
1778177545102,2496180224,62996480,816922624,293302272,956784640,1073737728,854647,61651,6,10698172,54536,0,3921210,3469,875159040,63130624,8622415,5630241,9,2,0,0,0,70726,125840
1778177545397,2496180224,62996480,816922624,293302272,956784640,1073737728,854647,61651,6,10699834,54536,0,3921210,3469,875159040,63130624,8623185,5631789,9,2,0,0,0,70726,125840
1778177545694,2496180224,62996480,816922624,293302272,956784640,1073737728,854647,61651,6,10701492,54536,0,3921210,3469,875159040,63130624,8623611,5632913,9,2,0,0,0,70726,125840
1778177545990,2496180224,62996480,816926720,293302272,956784640,1073737728,854647,61651,6,10703150,54536,0,3921210,3469,875159040,63130624,8626989,5634185,9,2,0,0,0,70726,125840
1778177546284,2496180224,62996480,816926720,293302272,956784640,1073737728,854647,61651,6,10704810,54536,0,3921210,3469,875159040,63130624,8627383,5634357,9,2,0,0,0,70726,125840
1778177546581,2496180224,62996480,816926720,293302272,956784640,1073737728,854647,61651,6,10706469,54536,0,3921210,3469,875159040,63130624,8628275,5635021,9,2,0,0,0,70726,125840
1778177546877,2496180224,62996480,816926720,293302272,956784640,1073737728,854647,61651,6,10708127,54536,0,3921210,3469,875159040,63130624,8628473,5635061,9,2,0,0,0,70726,125840
1778177547173,2496180224,62996480,816926720,293302272,956784640,1073737728,854647,61651,6,10709784,54536,0,3921210,3469,875159040,63130624,8628671,5635101,9,2,0,0,0,70726,125840
1778177547468,2496180224,62996480,816926720,293302272,956784640,1073737728,854647,61651,6,10711442,54536,0,3921210,3469,875159040,63130624,8629441,5635725,9,2,0,0,0,70726,125840
1778177547765,2496180224,62996480,816926720,293302272,956784640,1073737728,854647,61651,6,10713099,54536,0,3921210,3469,875159040,63130624,8629655,5635765,9,2,0,0,0,70726,125840
1778177548061,2496180224,62996480,816926720,293302272,956784640,1073737728,854647,61651,6,10714773,54536,0,3921210,3469,875159040,63130624,8629997,5636009,9,2,0,0,0,70726,125840
1778177548356,2496180224,62996480,816926720,293302272,956784640,1073737728,854647,61651,6,10716432,54536,0,3921210,3469,875159040,63130624,8630783,5636593,9,2,0,0,0,70726,125840
1778177548649,2496180224,62996480,816934912,293302272,956784640,1073737728,854647,61651,6,10718091,54536,0,3921210,3469,875159040,63130624,8631209,5637757,9,2,0,0,0,70726,125840
1778177548944,2496180224,62996480,816934912,293302272,956784640,1073737728,854647,61651,6,10719747,54536,0,3921210,3469,875159040,63130624,8634571,5639953,9,2,0,0,0,70726,125840
1778177549235,2496180224,62996480,816939008,293302272,956784640,1073737728,854647,61651,6,10721406,54536,0,3921210,3469,875159040,63130624,8634981,5640085,9,2,0,0,0,70726,125840
1778177549530,2496180224,62996480,816939008,293302272,956784640,1073737728,854647,61651,6,10723065,54536,0,3921210,3469,875159040,63130624,8635857,5640882,9,2,0,0,0,70726,125840
1778177549825,2496180224,63004672,816930816,293302272,956784640,1073737728,854647,61667,6,10724726,54536,0,3921210,3469,875159040,63147008,8636071,5640995,9,2,0,0,0,70726,125840
1778177550121,2496180224,63004672,816930816,293302272,956784640,1073737728,854647,61667,6,10726383,54536,0,3921210,3469,875159040,63147008,8636269,5641035,9,2,0,0,0,70726,125840
1778177550417,2496180224,63004672,816930816,293302272,956784640,1073737728,854647,61667,6,10728044,54536,0,3921210,3469,875159040,63147008,8637055,5641659,9,2,0,0,0,70726,125840
1778177550713,2496180224,63004672,816930816,293302272,956784640,1073737728,854647,61667,6,10729702,54536,0,3921210,3469,875159040,63147008,8637269,5641699,9,2,0,0,0,70726,125840
1778177551009,2496180224,63004672,816951296,293302272,956784640,1073737728,854647,61667,6,10731360,54536,0,3921210,3469,875159040,63147008,8637483,5641739,9,2,0,0,0,70726,125840
1778177551304,2496180224,63004672,816951296,293302272,956784640,1073737728,854647,61667,6,10733016,54536,0,3921210,3469,875159040,63147008,8637681,5641779,9,2,0,0,0,70726,125840
1778177551602,2496180224,63004672,816955392,293302272,956784640,1073737728,854647,61667,6,10734676,54536,0,3921210,3469,875159040,63147008,8638679,5643487,9,2,0,0,0,70726,125840
1778177551897,2496180224,63004672,816955392,293302272,956784640,1073737728,854647,61667,6,10736333,54536,0,3921210,3469,875159040,63147008,8642057,5645683,9,2,0,0,0,70726,125840
1778177552193,2496180224,63004672,816955392,293302272,956784640,1073737728,854647,61667,6,10737990,54536,0,3921210,3469,875159040,63147008,8642349,5645815,9,2,0,0,0,70726,125840
1778177552485,2496180224,63004672,816955392,293302272,956784640,1073737728,854647,61667,6,10739650,54536,0,3921210,3469,875159040,63147008,8643343,5646519,9,2,0,0,0,70726,125840
1778177552781,2496180224,63004672,816955392,293302272,956784640,1073737728,854647,61667,6,10741308,54536,0,3921210,3469,875159040,63147008,8643557,5646559,9,2,0,0,0,70726,125840
1778177553073,2496180224,63004672,816955392,293302272,956784640,1073737728,854647,61667,6,10742965,54536,0,3921210,3469,875159040,63147008,8643755,5646599,9,2,0,0,0,70726,125840
1778177553369,2496180224,63004672,816955392,293302272,956784640,1073737728,854647,61667,6,10744624,54536,0,3921210,3469,875159040,63147008,8644541,5647183,9,2,0,0,0,70726,125840
1778177553665,2496180224,63004672,816955392,293302272,956784640,1073737728,854647,61667,6,10746281,54536,0,3921210,3469,875159040,63147008,8644755,5647263,9,2,0,0,0,70726,125840
1778177553961,2496180224,63004672,816955392,293302272,956784640,1073737728,854647,61667,6,10747954,54536,0,3921210,3469,875159040,63147008,8644953,5647303,9,2,0,0,0,70726,125840
1778177554256,2496180224,63004672,816959488,293302272,956784640,1073737728,854647,61667,6,10749610,54536,0,3921210,3469,875159040,63147008,8645151,5647343,9,2,0,0,0,70726,125840
1778177554553,2496180224,63004672,816959488,293302272,956784640,1073737728,854647,61667,6,10751269,54536,0,3921210,3469,875159040,63147008,8646149,5649011,9,2,0,0,0,70726,125840
1778177554846,2496180224,63012864,816951296,293302272,956784640,1073737728,854647,61683,6,10752927,54536,0,3921210,3469,875159040,63163392,8649613,5651383,9,2,0,0,0,70726,125840
1778177555142,2496180224,63012864,816951296,293302272,956784640,1073737728,854647,61683,6,10754584,54536,0,3921210,3469,875159040,63163392,8649905,5651515,9,2,0,0,0,70726,125840
1778177555434,2496180224,63012864,816955392,293318656,956788736,1073737728,854647,61703,6,10756246,54536,0,3921210,3469,875159040,63183872,8650793,5652139,9,2,0,0,0,70730,125841
1778177555731,2496180224,63012864,816963584,293318656,956788736,1073737728,854647,61703,6,10757903,54536,0,3921210,3469,875159040,63183872,8651113,5652259,9,2,0,0,0,70730,125841
1778177556026,2496180224,63012864,816963584,293318656,956788736,1073737728,854647,61703,6,10759561,54536,0,3921210,3469,875159040,63183872,8651311,5652299,9,2,0,0,0,70730,125841
1778177556321,2496180224,63012864,816963584,293318656,956788736,1073737728,854647,61703,6,10761219,54536,0,3921210,3469,875159040,63183872,8651509,5652339,9,2,0,0,0,70730,125841
1778177556617,2496180224,63012864,816963584,293318656,956788736,1073737728,854647,61703,6,10762879,54536,0,3921210,3469,875159040,63183872,8652295,5652963,9,2,0,0,0,70730,125841
1778177556911,2496180224,63012864,816963584,293318656,956788736,1073737728,854647,61703,6,10764537,54536,0,3921210,3469,875159040,63183872,8652493,5653003,9,2,0,0,0,70730,125841
1778177557208,2496180224,63012864,816963584,293318656,956788736,1073737728,854647,61703,6,10766195,54536,0,3921210,3469,875159040,63183872,8652691,5653043,9,2,0,0,0,70730,125841
1778177557504,2496180224,63012864,816963584,293318656,956788736,1073737728,854647,61703,6,10767854,54536,0,3921210,3469,875159040,63183872,8653673,5654711,9,2,0,0,0,70730,125841
1778177557801,2496180224,63012864,816967680,293318656,956788736,1073737728,854647,61703,6,10769512,54536,0,3921210,3469,875159040,63183872,8657051,5656907,9,2,0,0,0,70730,125841
1778177558096,2496180224,63012864,816967680,293318656,956788736,1073737728,854647,61703,6,10771168,54536,0,3921210,3469,875159040,63183872,8657343,5657039,9,2,0,0,0,70730,125841
1778177558392,2496180224,63012864,816967680,293318656,956788736,1073737728,854647,61703,6,10772827,54536,0,3921210,3469,875159040,63183872,8658113,5657663,9,2,0,0,0,70730,125841
1778177558687,2496180224,63012864,816971776,293318656,956788736,1073737728,854647,61703,6,10774488,54536,0,3921210,3469,875159040,63183872,8658551,5657783,9,2,0,0,0,70730,125841
1778177558984,2496180224,63012864,816971776,293318656,956788736,1073737728,854647,61703,6,10776144,54536,0,3921210,3469,875159040,63183872,8658765,5657823,9,2,0,0,0,70730,125841
1778177559279,2496180224,63012864,816975872,293318656,956788736,1073737728,854647,61703,6,10777802,54536,0,3921210,3469,875159040,63183872,8658963,5657863,9,2,0,0,0,70730,125841
1778177559577,2496180224,63012864,816975872,293318656,956788736,1073737728,854647,61703,6,10779462,54536,0,3921210,3469,875159040,63183872,8659749,5658447,9,2,0,0,0,70730,125841
1778177559868,2496180224,63021056,816975872,293318656,956788736,1073737728,854647,61731,6,10781134,54536,0,3921210,3469,875159040,63212544,8659947,5658487,9,2,0,0,0,70730,125841
1778177560163,2496180224,63021056,816975872,293318656,956788736,1073737728,854647,61731,6,10782791,54536,0,3921210,3469,875159040,63212544,8660145,5658527,9,2,0,0,0,70730,125841
1778177560459,2496180224,63021056,816975872,293335040,956809216,1073737728,854647,61735,6,10784449,54536,0,3921210,3469,875159040,63216640,8661143,5660235,9,2,0,0,0,70734,125846
1778177560755,2496180224,63021056,816975872,293335040,956809216,1073737728,854647,61735,6,10786105,54536,0,3921210,3469,875159040,63216640,8662939,5661815,9,2,0,0,0,70734,125846
1778177561048,2496180224,63021056,816975872,293335040,956809216,1073737728,854647,61735,6,10787762,54536,0,3921210,3469,875159040,63216640,8664719,5662471,9,2,0,0,0,70734,125846
1778177561344,2496180224,63021056,816975872,293335040,956809216,1073737728,854647,61735,6,10789422,54536,0,3921210,3469,875159040,63216640,8665685,5663147,9,2,0,0,0,70734,125846
1778177561634,2496180224,63021056,816975872,293335040,956809216,1073737728,854647,61735,6,10791080,54536,0,3921210,3469,875159040,63216640,8666197,5663519,9,2,0,0,0,70734,125846
1778177561930,2496180224,63021056,816979968,293335040,956809216,1073737728,854647,61735,6,10792737,54536,0,3921210,3469,875159040,63216640,8666395,5663559,9,2,0,0,0,70734,125846
1778177562225,2496180224,63021056,816979968,293335040,956809216,1073737728,854647,61735,6,10794394,54536,0,3921210,3469,875159040,63216640,8666593,5663599,9,2,0,0,0,70734,125846
1778177562514,2496180224,63021056,816979968,293335040,956809216,1073737728,854647,61735,6,10796054,54536,0,3921210,3469,875159040,63216640,8667363,5664183,9,2,0,0,0,70734,125846
1778177562809,2496180224,63021056,816979968,293335040,956809216,1073737728,854647,61735,6,10797711,54536,0,3921210,3469,875159040,63216640,8667577,5664223,9,2,0,0,0,70734,125846
1778177563104,2496180224,63021056,816979968,293335040,956809216,1073737728,854647,61735,6,10799367,54536,0,3921210,3469,875159040,63216640,8667775,5664263,9,2,0,0,0,70734,125846
1778177563401,2496180224,63021056,816979968,293335040,956809216,1073737728,854647,61735,6,10801026,54536,0,3921210,3469,875159040,63216640,8668545,5665811,9,2,0,0,0,70734,125846
1778177563696,2496180224,63021056,816992256,293335040,956809216,1073737728,854647,61735,6,10802682,54536,0,3921210,3469,875159040,63216640,8668971,5666935,9,2,0,0,0,70734,125846
1778177563992,2496180224,63021056,816992256,293335040,956809216,1073737728,854647,61735,6,10804338,54536,0,3921210,3469,875159040,63216640,8672333,5668207,9,2,0,0,0,70734,125846
1778177564281,2496180224,63021056,816992256,293335040,956809216,1073737728,854647,61735,6,10805997,54536,0,3921210,3469,875159040,63216640,8672743,5668379,9,2,0,0,0,70734,125846
1778177564578,2496180224,63021056,816992256,293335040,956809216,1073737728,854647,61735,6,10807655,54536,0,3921210,3469,875159040,63216640,8673635,5669043,9,2,0,0,0,70734,125846
1778177564867,2495922176,63029248,816984064,293335040,956809216,1073737728,854647,61771,6,10809312,54536,0,3921210,3469,875159040,63253504,8673849,5669083,9,2,0,0,0,70734,125846
1778177565163,2495922176,63029248,816984064,293335040,956809216,1073737728,854647,61771,6,10810968,54536,0,3921210,3469,875159040,63253504,8674047,5669123,9,2,0,0,0,70734,125846
1778177565459,2495922176,63029248,816984064,293335040,956809216,1073737728,854647,61771,6,10812627,54536,0,3921210,3469,875159040,63253504,8674817,5669747,9,2,0,0,0,70734,125846
1778177565756,2495922176,63029248,816996352,293335040,956809216,1073737728,854647,61771,6,10814283,54536,0,3921210,3469,875159040,63253504,8675015,5669787,9,2,0,0,0,70734,125846
1778177566052,2495922176,63029248,816996352,293335040,956809216,1073737728,854647,61771,6,10815955,54536,0,3921210,3469,875159040,63253504,8675213,5669827,9,2,0,0,0,70734,125846
1778177566348,2495922176,63029248,816996352,293335040,956809216,1073737728,854647,61771,6,10817613,54536,0,3921210,3469,875159040,63253504,8675983,5670411,9,2,0,0,0,70734,125846
1778177566641,2495922176,63029248,816996352,293335040,956809216,1073737728,854647,61771,6,10819273,54536,0,3921210,3469,875159040,63253504,8676965,5672119,9,2,0,0,0,70734,125846
1778177566937,2495922176,63029248,816996352,293335040,956809216,1073737728,854647,61771,6,10820930,54536,0,3921210,3469,875159040,63253504,8680343,5674315,9,2,0,0,0,70734,125846
1778177567232,2495922176,63029248,816996352,293335040,956809216,1073737728,854647,61771,6,10822589,54536,0,3921210,3469,875159040,63253504,8680651,5674447,9,2,0,0,0,70734,125846
1778177567521,2495922176,63029248,816996352,293335040,956809216,1073737728,854647,61771,6,10824250,54536,0,3921210,3469,875159040,63253504,8681645,5675111,9,2,0,0,0,70734,125846
1778177567817,2495922176,63029248,817004544,293335040,956809216,1073737728,854647,61771,6,10825908,54536,0,3921210,3469,875159040,63253504,8681859,5675191,9,2,0,0,0,70734,125846
1778177568112,2495922176,63029248,817004544,293335040,956809216,1073737728,854647,61771,6,10827566,54536,0,3921210,3469,875159040,63253504,8682057,5675231,9,2,0,0,0,70734,125846
1778177568407,2495922176,63029248,817004544,293335040,956809216,1073737728,854647,61771,6,10829222,54536,0,3921210,3469,875159040,63253504,8682357,5675447,9,2,0,0,0,70734,125846
1778177568702,2495922176,63029248,817008640,293335040,956809216,1073737728,854647,61771,6,10830882,54536,0,3921210,3469,875159040,63253504,8683143,5676031,9,2,0,0,0,70734,125846
1778177568998,2495922176,63029248,817008640,293335040,956809216,1073737728,854647,61771,6,10832539,54536,0,3921210,3469,875159040,63253504,8683341,5676071,9,2,0,0,0,70734,125846
1778177569293,2495922176,63029248,817008640,293335040,956809216,1073737728,854647,61771,6,10834196,54536,0,3921210,3469,875159040,63253504,8683539,5676111,9,2,0,0,0,70734,125846
1778177569589,2495922176,63029248,817008640,293335040,956809216,1073737728,854647,61771,6,10835855,54536,0,3921210,3469,875159040,63253504,8684521,5677819,9,2,0,0,0,70734,125846
1778177569881,2495922176,63037440,817008640,293335040,956809216,1073737728,854647,61787,6,10837513,54536,0,3921210,3469,875159040,63269888,8687899,5680015,9,2,0,0,0,70734,125846
1778177570177,2495922176,63037440,817008640,293335040,956809216,1073737728,854647,61787,6,10839170,54536,0,3921210,3469,875159040,63269888,8688191,5680147,9,2,0,0,0,70734,125846
1778177570469,2495922176,63037440,817008640,293335040,956809216,1073737728,854647,61787,6,10840831,54536,0,3921210,3469,875159040,63269888,8689185,5680811,9,2,0,0,0,70734,125846
1778177570760,2495922176,63037440,817012736,293335040,956809216,1073737728,854647,61887,6,10842490,54536,0,3921210,3469,875159040,63372288,8689399,5680891,9,2,0,0,0,70734,125846
1778177571056,2495922176,63037440,817012736,293335040,956809216,1073737728,854647,61887,6,10844146,54536,0,3921210,3469,875159040,63372288,8689613,5680931,9,2,0,0,0,70734,125846
1778177571352,2495922176,63037440,817012736,293335040,956809216,1073737728,854647,61887,6,10845802,54536,0,3921210,3469,875159040,63372288,8689811,5680971,9,2,0,0,0,70734,125846
1778177571645,2495922176,63037440,817016832,293335040,956833792,1073737728,854647,61887,6,10847461,54536,0,3921210,3469,875159040,63372288,8690581,5681555,9,2,0,0,0,70734,125852
1778177571941,2495922176,63037440,817016832,293335040,956833792,1073737728,854647,61887,6,10849134,54536,0,3921210,3469,875159040,63372288,8690795,5681595,9,2,0,0,0,70734,125852
1778177572234,2495922176,63037440,817016832,293335040,956833792,1073737728,854647,61887,6,10850791,54536,0,3921210,3469,875159040,63372288,8690993,5681635,9,2,0,0,0,70734,125852
1778177572529,2495922176,63037440,817016832,293335040,956833792,1073737728,854647,61887,6,10852451,54536,0,3921210,3469,875159040,63372288,8691991,5683343,9,2,0,0,0,70734,125852
1778177572824,2495922176,63037440,817025024,293335040,956833792,1073737728,854647,61887,6,10854107,54536,0,3921210,3469,875159040,63372288,8695369,5685539,9,2,0,0,0,70734,125852
1778177573120,2495922176,63037440,817025024,293335040,956833792,1073737728,854647,61887,6,10855766,54536,0,3921210,3469,875159040,63372288,8695779,5685711,9,2,0,0,0,70734,125852
1778177573417,2495922176,63037440,817025024,293335040,956833792,1073737728,854647,61887,6,10857423,54536,0,3921210,3469,875159040,63372288,8695993,5685751,9,2,0,0,0,70734,125852
1778177573714,2495922176,63037440,817025024,293335040,956833792,1073737728,854647,61887,6,10859084,54536,0,3921210,3469,875159040,63372288,8696987,5686455,9,2,0,0,0,70734,125852
1778177574009,2495922176,63037440,817025024,293335040,956833792,1073737728,854647,61887,6,10860741,54536,0,3921210,3469,875159040,63372288,8697201,5686495,9,2,0,0,0,70734,125852
1778177574298,2495922176,63037440,817025024,293335040,956833792,1073737728,854647,61887,6,10862398,54536,0,3921210,3469,875159040,63372288,8697399,5686535,9,2,0,0,0,70734,125852
1778177574593,2495922176,63037440,817025024,293335040,956833792,1073737728,854647,61887,6,10864058,54536,0,3921210,3469,875159040,63372288,8698169,5687159,9,2,0,0,0,70734,125852
1778177574885,2495922176,63045632,817020928,293335040,956833792,1073737728,854647,61923,6,10865715,54536,0,3921210,3469,875159040,63409152,8698383,5687199,9,2,0,0,0,70734,125852
1778177575180,2495922176,63045632,817020928,293335040,956833792,1073737728,854647,61923,6,10867371,54536,0,3921210,3469,875159040,63409152,8698683,5687415,9,2,0,0,0,70734,125852
1778177575476,2495922176,63045632,817020928,293335040,956833792,1073737728,854647,61923,6,10869031,54536,0,3921210,3469,875159040,63409152,8699681,5689083,9,2,0,0,0,70734,125852
1778177575768,2495922176,63045632,817029120,293335040,956833792,1073737728,854647,61923,6,10870687,54536,0,3921210,3469,875159040,63454208,8701477,5690703,9,2,0,0,0,70734,125852
1778177576063,2495922176,63045632,817029120,293335040,956833792,1073737728,854647,61967,6,10872343,54536,0,3921210,3469,875159040,63454208,8703367,5691451,9,2,0,0,0,70734,125852
1778177576359,2495922176,63045632,817029120,293335040,956833792,1073737728,854647,61967,6,10874001,54536,0,3921210,3469,875159040,63454208,8703699,5691491,9,2,0,0,0,70734,125852
1778177576654,2495922176,63045632,817045504,293335040,956874752,1073737728,854647,61967,6,10875659,54536,0,3921210,3469,875159040,63454208,8704591,5692155,9,2,0,0,0,70734,125862
1778177576950,2495922176,63045632,817045504,293335040,956874752,1073737728,854647,61967,6,10877316,54536,0,3921210,3469,875159040,63454208,8704805,5692195,9,2,0,0,0,70734,125862
1778177577242,2495922176,63045632,817045504,293335040,956874752,1073737728,854647,61967,6,10878973,54536,0,3921210,3469,875159040,63454208,8705003,5692235,9,2,0,0,0,70734,125862
1778177577537,2495922176,63045632,817045504,293335040,956874752,1073737728,854647,61967,6,10880632,54536,0,3921210,3469,875159040,63454208,8705789,5692859,9,2,0,0,0,70734,125862
1778177577832,2495922176,63045632,817045504,293335040,956874752,1073737728,854647,61967,6,10882303,54536,0,3921210,3469,875159040,63454208,8706003,5692899,9,2,0,0,0,70734,125862
1778177578128,2495922176,63045632,817045504,293335040,956874752,1073737728,854647,61967,6,10883959,54536,0,3921210,3469,875159040,63454208,8706217,5692939,9,2,0,0,0,70734,125862
1778177578424,2495922176,63045632,817045504,293335040,956874752,1073737728,854647,61967,6,10885615,54536,0,3921210,3469,875159040,63454208,8706431,5693903,9,2,0,0,0,70734,125862
1778177578721,2495922176,63045632,817049600,293335040,956874752,1073737728,854647,61967,6,10887274,54536,0,3921210,3469,875159040,63454208,8707429,5695611,9,2,0,0,0,70734,125862
1778177579017,2495922176,63045632,817049600,293335040,956874752,1073737728,854647,61967,6,10888931,54536,0,3921210,3469,875159040,63454208,8710791,5696883,9,2,0,0,0,70734,125862
1778177579312,2495922176,63045632,817049600,293335040,956874752,1073737728,854647,61967,6,10890590,54536,0,3921210,3469,875159040,63454208,8711217,5697055,9,2,0,0,0,70734,125862
1778177579609,2495922176,63045632,817049600,293335040,956874752,1073737728,854647,61967,6,10892249,54536,0,3921210,3469,875159040,63454208,8712093,5697759,9,2,0,0,0,70734,125862
1778177579905,2495922176,63045632,817049600,293335040,956874752,1073737728,854647,61967,6,10893905,54536,0,3921210,3469,875159040,63470592,8712307,5697799,9,2,0,0,0,70734,125862
1778177580201,2495664128,63053824,817041408,293335040,956874752,1073737728,854647,61983,6,10895563,54536,0,3921210,3469,875159040,63470592,8712505,5697839,9,2,0,0,0,70734,125862
1778177580497,2495664128,63053824,817041408,293335040,956874752,1073737728,854647,61983,6,10897222,54536,0,3921210,3469,875159040,63470592,8713291,5698423,9,2,0,0,0,70734,125862
1778177580792,2495664128,63053824,817053696,293335040,956874752,1073737728,854647,61983,6,10898878,54536,0,3921210,3469,875159040,63470592,8713505,5698503,9,2,0,0,0,70734,125862
1778177581084,2495664128,63053824,817053696,293335040,956874752,1073737728,854647,61983,6,10900534,54536,0,3921210,3469,875159040,63470592,8713719,5698543,9,2,0,0,0,70734,125862
1778177581382,2495664128,63053824,817053696,293335040,956874752,1073737728,854647,61983,6,10902191,54536,0,3921210,3469,875159040,63470592,8713917,5699507,9,2,0,0,0,70734,125862
1778177581677,2495664128,63053824,817053696,293335040,956874752,1073737728,854647,61983,6,10903851,54536,0,3921210,3469,875159040,63470592,8714915,5701175,9,2,0,0,0,70734,125862
1778177581973,2495664128,63053824,817053696,293335040,956874752,1073737728,854647,61983,6,10905507,54536,0,3921210,3469,875159040,63470592,8718379,5702623,9,2,0,0,0,70734,125862
1778177582268,2495664128,63053824,817053696,293335040,956874752,1073737728,854647,61983,6,10907163,54536,0,3921210,3469,875159040,63470592,8718671,5702755,9,2,0,0,0,70734,125862
1778177582558,2495664128,63053824,817053696,293335040,956874752,1073737728,854647,61983,6,10908825,54536,0,3921210,3469,875159040,63470592,8719681,5703459,9,2,0,0,0,70734,125862
1778177582854,2495664128,63053824,817057792,293335040,956874752,1073737728,854647,61983,6,10910483,54536,0,3921210,3469,875159040,63470592,8720061,5703499,9,2,0,0,0,70734,125862
1778177583149,2495664128,63053824,817057792,293335040,956874752,1073737728,854647,61983,6,10912140,54536,0,3921210,3469,875159040,63470592,8720275,5703539,9,2,0,0,0,70734,125862
1778177583441,2495664128,63053824,817057792,293335040,956874752,1073737728,854647,61983,6,10913797,54536,0,3921210,3469,875159040,63470592,8720473,5703579,9,2,0,0,0,70734,125862
1778177583738,2495664128,63053824,817057792,293335040,956874752,1073737728,854647,61983,6,10915457,54536,0,3921210,3469,875159040,63470592,8721259,5704203,9,2,0,0,0,70734,125862
1778177584033,2495664128,63053824,817057792,293335040,956874752,1073737728,854647,61983,6,10917130,54536,0,3921210,3469,875159040,63470592,8721457,5704243,9,2,0,0,0,70734,125862
1778177584324,2495664128,63053824,817057792,293335040,956874752,1073737728,854647,61983,6,10918786,54536,0,3921210,3469,875159040,63470592,8721655,5704283,9,2,0,0,0,70734,125862
1778177584619,2495664128,63053824,817061888,293335040,956874752,1073737728,854647,61983,6,10920444,54536,0,3921210,3469,875159040,63470592,8722637,5705991,9,2,0,0,0,70734,125862
1778177584916,2495664128,63053824,817061888,293335040,956874752,1073737728,854647,61983,6,10922100,54536,0,3921210,3469,875159040,63486976,8726015,5708187,9,2,0,0,0,70734,125862
1778177585212,2495664128,63062016,817061888,293335040,956874752,1073737728,854647,61999,6,10923757,54536,0,3921210,3469,875159040,63486976,8726323,5708319,9,2,0,0,0,70734,125862
1778177585508,2495664128,63062016,817061888,293335040,956874752,1073737728,854647,61999,6,10925418,54536,0,3921210,3469,875159040,63486976,8727333,5709023,9,2,0,0,0,70734,125862
1778177585804,2495664128,63062016,817065984,293335040,956874752,1073737728,854647,61999,6,10927074,54536,0,3921210,3469,875159040,63486976,8727547,5709063,9,2,0,0,0,70734,125862
1778177586098,2495664128,63062016,817065984,293335040,956874752,1073737728,854647,62019,6,10928731,54536,0,3921210,3469,875159040,63507456,8727745,5709103,9,2,0,0,0,70734,125862
1778177586394,2495664128,63062016,817065984,293335040,956874752,1073737728,854647,62019,6,10930389,54536,0,3921210,3469,875159040,63507456,8727943,5709143,9,2,0,0,0,70734,125862
1778177586690,2495664128,63062016,817070080,293339136,956878848,1073737728,854647,62019,6,10932049,54536,0,3921210,3469,875159040,63507456,8728729,5709727,9,2,0,0,0,70735,125863
1778177586985,2495664128,63062016,817070080,293339136,956878848,1073737728,854647,62019,6,10933706,54536,0,3921210,3469,875159040,63507456,8728927,5709767,9,2,0,0,0,70735,125863
1778177587281,2495664128,63062016,817070080,293339136,956878848,1073737728,854647,62019,6,10935363,54536,0,3921210,3469,875159040,63507456,8729125,5709807,9,2,0,0,0,70735,125863
1778177587577,2495664128,63062016,817070080,293339136,956878848,1073737728,854647,62019,6,10937022,54536,0,3921210,3469,875159040,63507456,8730107,5711515,9,2,0,0,0,70735,125863
1778177587870,2495664128,63062016,817074176,293339136,956878848,1073737728,854647,62019,6,10938678,54536,0,3921210,3469,875159040,63507456,8733485,5713711,9,2,0,0,0,70735,125863
1778177588166,2495664128,63062016,817074176,293339136,956878848,1073737728,854647,62019,6,10940337,54536,0,3921210,3469,875159040,63507456,8733895,5713883,9,2,0,0,0,70735,125863
1778177588455,2495664128,63062016,817074176,293339136,956878848,1073737728,854647,62019,6,10941993,54536,0,3921210,3469,875159040,63507456,8734093,5714003,9,2,0,0,0,70735,125863
1778177588750,2495664128,63062016,817074176,293339136,956878848,1073737728,854647,62019,6,10943655,54536,0,3921210,3469,875159040,63507456,8735189,5714803,9,2,0,0,0,70735,125863
1778177589044,2495664128,63062016,817074176,293339136,956878848,1073737728,854647,62019,6,10945311,54536,0,3921210,3469,875159040,63507456,8735387,5714843,9,2,0,0,0,70735,125863
1778177589341,2495664128,63062016,817074176,293339136,956878848,1073737728,854647,62019,6,10946968,54536,0,3921210,3469,875159040,63507456,8735585,5714883,9,2,0,0,0,70735,125863
1778177589633,2495664128,63062016,817074176,293339136,956878848,1073737728,854647,62019,6,10948628,54536,0,3921210,3469,875159040,63507456,8736355,5715467,9,2,0,0,0,70735,125863
1778177589929,2495664128,63062016,817078272,293339136,956878848,1073737728,854647,62019,6,10950301,54536,0,3921210,3469,875159040,63536128,8736569,5715507,9,2,0,0,0,70735,125863
1778177590225,2495664128,63070208,817074176,293343232,956936192,1073737728,854647,62047,6,10951959,54536,0,3921210,3469,875159040,63536128,8736767,5715547,9,2,0,0,0,70736,125877
1778177590520,2495664128,63070208,817074176,293343232,956936192,1073737728,854647,62047,6,10953617,54536,0,3921210,3469,875159040,63536128,8737765,5717255,9,2,0,0,0,70736,125877
1778177590816,2495664128,63070208,817086464,293343232,956936192,1073737728,854647,62047,6,10955273,54536,0,3921210,3469,875159040,63536128,8741143,5719451,9,2,0,0,0,70736,125877
1778177591111,2495664128,63070208,817086464,293343232,956936192,1073737728,854647,62047,6,10956931,54536,0,3921210,3469,875159040,63536128,8741537,5719583,9,2,0,0,0,70736,125877
1778177591407,2495664128,63070208,817086464,293343232,956936192,1073737728,854647,62047,6,10958587,54536,0,3921210,3469,875159040,63536128,8741735,5719663,9,2,0,0,0,70736,125877
1778177591702,2495664128,63070208,817090560,293343232,956936192,1073737728,854647,62047,6,10960247,54536,0,3921210,3469,875159040,63536128,8742627,5720327,9,2,0,0,0,70736,125877
1778177591997,2495664128,63070208,817090560,293343232,956936192,1073737728,854647,62047,6,10961904,54536,0,3921210,3469,875159040,63536128,8742841,5720367,9,2,0,0,0,70736,125877
1778177592286,2495664128,63070208,817090560,293343232,956936192,1073737728,854647,62047,6,10963561,54536,0,3921210,3469,875159040,63536128,8743039,5720407,9,2,0,0,0,70736,125877
1778177592582,2495664128,63070208,817090560,293343232,956936192,1073737728,854647,62047,6,10965220,54536,0,3921210,3469,875159040,63536128,8743825,5721031,9,2,0,0,0,70736,125877
1778177592877,2495664128,63070208,817090560,293343232,956936192,1073737728,854647,62047,6,10966877,54536,0,3921210,3469,875159040,63536128,8744039,5721071,9,2,0,0,0,70736,125877
1778177593173,2495664128,63070208,817090560,293343232,956936192,1073737728,854647,62047,6,10968534,54536,0,3921210,3469,875159040,63536128,8744237,5721111,9,2,0,0,0,70736,125877
1778177593468,2495664128,63070208,817090560,293343232,956936192,1073737728,854647,62047,6,10970191,54536,0,3921210,3469,875159040,63536128,8745235,5722779,9,2,0,0,0,70736,125877
1778177593758,2495664128,63070208,817094656,293343232,956936192,1073737728,854647,62047,6,10971850,54536,0,3921210,3469,875159040,63536128,8747031,5724399,9,2,0,0,0,70736,125877
1778177594051,2495664128,63070208,817094656,293343232,956936192,1073737728,854647,62047,6,10973509,54536,0,3921210,3469,875159040,63536128,8748811,5725055,9,2,0,0,0,70736,125877
1778177594342,2495664128,63070208,817094656,293343232,956936192,1073737728,854647,62047,6,10975168,54536,0,3921210,3469,875159040,63536128,8749221,5725187,9,2,0,0,0,70736,125877
1778177594634,2495664128,63070208,817094656,293343232,956936192,1073737728,854647,62047,6,10976827,54536,0,3921210,3469,875159040,63536128,8750097,5725851,9,2,0,0,0,70736,125877
1778177594929,2495664128,63070208,817098752,293343232,956936192,1073737728,854647,62047,6,10978484,54536,0,3921210,3469,875159040,63536128,8750311,5725891,9,2,0,0,0,70736,125877
1778177595225,2495664128,63078400,817094656,293343232,956936192,1073737728,854647,62063,6,10980140,54536,0,3921210,3469,875159040,63552512,8750509,5725931,9,2,0,0,0,70736,125877
1778177595520,2495664128,63078400,817094656,293343232,956936192,1073737728,854647,62063,6,10981800,54536,0,3921210,3469,875159040,63552512,8751423,5726759,9,2,0,0,0,70736,125877
1778177595816,2495664128,63078400,817102848,293343232,956936192,1073737728,854647,62063,6,10983472,54536,0,3921210,3469,875159040,63552512,8751621,5726799,9,2,0,0,0,70736,125877
1778177596112,2495664128,63078400,817102848,293343232,956936192,1073737728,854647,62063,6,10985129,54536,0,3921210,3469,875159040,63552512,8751819,5726839,9,2,0,0,0,70736,125877
1778177596409,2495664128,63078400,817102848,293343232,956936192,1073737728,854647,62063,6,10986786,54536,0,3921210,3469,875159040,63552512,8752033,5727803,9,2,0,0,0,70736,125877
1778177596705,2495664128,63078400,817102848,293343232,956936192,1073737728,854647,62063,6,10988446,54536,0,3921210,3469,875159040,63552512,8753031,5729471,9,2,0,0,0,70736,125877
1778177597001,2495664128,63078400,817102848,293343232,956936192,1073737728,854647,62063,6,10990103,54536,0,3921210,3469,875159040,63552512,8756409,5730743,9,2,0,0,0,70736,125877
1778177597297,2495664128,63078400,817106944,293343232,956936192,1073737728,854647,62063,6,10991762,54536,0,3921210,3469,875159040,63552512,8756835,5730875,9,2,0,0,0,70736,125877
1778177597592,2495664128,63078400,817106944,293343232,956936192,1073737728,854647,62063,6,10993422,54536,0,3921210,3469,875159040,63552512,8757711,5731619,9,2,0,0,0,70736,125877
1778177597881,2495664128,63078400,817106944,293343232,956936192,1073737728,854647,62063,6,10995083,54536,0,3921210,3469,875159040,63552512,8757925,5731659,9,2,0,0,0,70736,125877
1778177598177,2495664128,63078400,817106944,293343232,956936192,1073737728,854647,62063,6,10996740,54536,0,3921210,3469,875159040,63552512,8758123,5731699,9,2,0,0,0,70736,125877
1778177598470,2495664128,63078400,817106944,293343232,956936192,1073737728,854647,62063,6,10998398,54536,0,3921210,3469,875159040,63552512,8758893,5732283,9,2,0,0,0,70736,125877
1778177598759,2495664128,63078400,817106944,293343232,956936192,1073737728,854647,62063,6,11000056,54536,0,3921210,3469,875159040,63552512,8759107,5732363,9,2,0,0,0,70736,125877
1778177599054,2495664128,63078400,817106944,293343232,956936192,1073737728,854647,62063,6,11001713,54536,0,3921210,3469,875159040,63552512,8759305,5732403,9,2,0,0,0,70736,125877
1778177599349,2495664128,63078400,817106944,293343232,956936192,1073737728,854647,62063,6,11003370,54536,0,3921210,3469,875159040,63552512,8759503,5732443,9,2,0,0,0,70736,125877
1778177599640,2495664128,63078400,817111040,293343232,956936192,1073737728,854647,62063,6,11005028,54536,0,3921210,3469,875159040,63552512,8760485,5734111,9,2,0,0,0,70736,125877
1778177599937,2495664128,63078400,817111040,293343232,956936192,1073737728,854647,62063,6,11006685,54536,0,3921210,3469,875159040,63552512,8763863,5736307,9,2,0,0,0,70736,125877
1778177600230,2495664128,63086592,817102848,293343232,956936192,1073737728,854647,62079,6,11008342,54536,0,3921210,3469,875159040,63568896,8764155,5736439,9,2,0,0,0,70736,125877
1778177600518,2495664128,63086592,817102848,293343232,956936192,1073737728,854647,62079,6,11010002,54536,0,3921210,3469,875159040,63568896,8765165,5737143,9,2,0,0,0,70736,125877
1778177600814,2495664128,63086592,817111040,293343232,956936192,1073737728,854647,62079,6,11011659,54536,0,3921210,3469,875159040,63568896,8765379,5737183,9,2,0,0,0,70736,125877
1778177601110,2495664128,63086592,817115136,293343232,956936192,1073737728,854647,62079,6,11013316,54536,0,3921210,3469,875159040,63568896,8765593,5737223,9,2,0,0,0,70736,125877
1778177601404,2495664128,63086592,817115136,293355520,956944384,1073737728,854647,62147,6,11014972,54537,0,3921210,3469,875159040,63638528,8765791,5737263,9,2,0,0,0,70739,125879
1778177601700,2495664128,63086592,817115136,293355520,956944384,1073737728,854647,62147,6,11016630,54537,0,3921210,3469,875159040,63638528,8766577,5737887,9,2,0,0,0,70739,125879
1778177601997,2495664128,63086592,817115136,293355520,956944384,1073737728,854647,62147,6,11018303,54537,0,3921210,3469,875159040,63638528,8766775,5737927,9,2,0,0,0,70739,125879
1778177602286,2495664128,63086592,817115136,293355520,956944384,1073737728,854647,62147,6,11019960,54537,0,3921210,3469,875159040,63638528,8767075,5738143,9,2,0,0,0,70739,125879
1778177602581,2495664128,63086592,817115136,293355520,956944384,1073737728,854647,62147,6,11021620,54537,0,3921210,3469,875159040,63638528,8768073,5739851,9,2,0,0,0,70739,125879
1778177602877,2495664128,63086592,817115136,293355520,956944384,1073737728,854647,62147,6,11023277,54537,0,3921210,3469,875159040,63638528,8771451,5742047,9,2,0,0,0,70739,125879
1778177603173,2495664128,63086592,817115136,293355520,956944384,1073737728,854647,62147,6,11024934,54537,0,3921210,3469,875159040,63638528,8771759,5742179,9,2,0,0,0,70739,125879
1778177603468,2495664128,63086592,817115136,293355520,956944384,1073737728,854647,62147,6,11026596,54537,0,3921210,3469,875159040,63638528,8772769,5742883,9,2,0,0,0,70739,125879
1778177603760,2495664128,63086592,817131520,293355520,956944384,1073737728,854647,62147,6,11028253,54537,0,3921210,3469,875159040,63638528,8772983,5742963,9,2,0,0,0,70739,125879
1778177604054,2495664128,63086592,817131520,293355520,956944384,1073737728,854647,62147,6,11029910,54537,0,3921210,3469,875159040,63638528,8773197,5743003,9,2,0,0,0,70739,125879
1778177604347,2495664128,63086592,817131520,293355520,956944384,1073737728,854647,62147,6,11031566,54537,0,3921210,3469,875159040,63638528,8773395,5743043,9,2,0,0,0,70739,125879
1778177604638,2495664128,63086592,817135616,293355520,956944384,1073737728,854647,62147,6,11033225,54537,0,3921210,3469,875159040,63638528,8774181,5743627,9,2,0,0,0,70739,125879
1778177604933,2495664128,63086592,817135616,293355520,956944384,1073737728,854647,62147,6,11034882,54537,0,3921210,3469,875159040,63638528,8774395,5743667,9,2,0,0,0,70739,125879
1778177605228,2495664128,63086592,817135616,293355520,956944384,1073737728,854647,62147,6,11036538,54537,0,3921210,3469,875159040,63638528,8774609,5743707,9,2,0,0,0,70739,125879
1778177605525,2495406080,63094784,817127424,293355520,956944384,1073737728,854647,62175,6,11038197,54537,0,3921210,3469,875159040,63667200,8775607,5745415,9,2,0,0,0,70739,125879
1778177605820,2495406080,63094784,817139712,293355520,956944384,1073737728,854647,62175,6,11039853,54537,0,3921210,3469,875159040,63667200,8778985,5747611,9,2,0,0,0,70739,125879
1778177606116,2495406080,63094784,817139712,293355520,956944384,1073737728,854647,62175,6,11041509,54537,0,3921210,3469,875159040,63667200,8779293,5747743,9,2,0,0,0,70739,125879
1778177606413,2495406080,63094784,817139712,293355520,956944384,1073737728,854647,62175,6,11043168,54537,0,3921210,3469,875159040,63699968,8779507,5747783,9,2,0,0,0,70739,125879
1778177606710,2495406080,63094784,817143808,293388288,957018112,1073737728,854647,62207,6,11044828,54537,0,3921210,3469,875159040,63699968,8780501,5748487,9,2,0,0,0,70747,125897
1778177607005,2495406080,63094784,817143808,293388288,957018112,1073737728,854647,62207,6,11046486,54537,0,3921210,3469,875159040,63699968,8780715,5748527,9,2,0,0,0,70747,125897
1778177607301,2495406080,63094784,817143808,293388288,957018112,1073737728,854647,62207,6,11048143,54537,0,3921210,3469,875159040,63699968,8780929,5748567,9,2,0,0,0,70747,125897
1778177607597,2495406080,63094784,817143808,293388288,957018112,1073737728,854647,62207,6,11049802,54537,0,3921210,3469,875159040,63699968,8781715,5749191,9,2,0,0,0,70747,125897
1778177607886,2495148032,63094784,817143808,293388288,957018112,1073737728,854647,62207,6,11051475,54537,0,3921210,3469,875159040,63699968,8781929,5749231,9,2,0,0,0,70747,125897
1778177608180,2495148032,63094784,817143808,293388288,957018112,1073737728,854647,62207,6,11053131,54537,0,3921210,3469,875159040,63699968,8782143,5749271,9,2,0,0,0,70747,125897
1778177608469,2495148032,63094784,817143808,293388288,957018112,1073737728,854647,62207,6,11054790,54537,0,3921210,3469,875159040,63699968,8783141,5750939,9,2,0,0,0,70747,125897
1778177608762,2495148032,63094784,817147904,293388288,957018112,1073737728,854647,62207,6,11056447,54537,0,3921210,3469,875159040,63699968,8796385,5762311,9,2,0,0,0,70747,125897
1778177609056,2495148032,63094784,817147904,293388288,957018112,1073737728,854647,62207,6,11058104,54537,0,3921210,3469,875159040,63699968,8827169,5787569,9,2,0,0,0,70747,125897
1778177609350,2495148032,63094784,817147904,293388288,957018112,1073737728,854647,62207,6,11059764,54537,0,3921210,3469,875159040,63699968,8868963,5823161,9,2,0,0,0,70747,125897
1778177609641,2495148032,63094784,817147904,293388288,957018112,1073737728,854647,62207,6,11061424,54537,0,3921210,3469,875159040,63699968,8911483,5859239,9,2,0,0,0,70747,125897
1778177609933,2495148032,63094784,817147904,293388288,957018112,1073737728,854647,62207,6,11063085,54537,0,3921210,3469,875159040,63699968,8954033,5895343,9,2,0,0,0,70747,125897
1778177610226,2495148032,63094784,817147904,293388288,957018112,1073737728,854647,62207,6,11064744,54537,0,3921210,3469,875159040,63699968,8999483,5933931,9,2,0,0,0,70747,125897
1778177610516,2495148032,63094784,817147904,293388288,957018112,1073737728,854647,62207,6,11066406,54537,0,3921210,3469,875159040,63773696,9045089,5972735,9,2,0,0,0,70747,125897
1778177610810,2495148032,63102976,817152000,293400576,957034496,1073737728,854647,62279,6,11068065,54537,0,3921210,3469,875159040,63773696,9075635,5998627,9,2,0,0,0,70750,125901
1778177611102,2495148032,63102976,817152000,293400576,957034496,1073737728,854647,62279,6,11069722,54537,0,3921210,3469,875159040,63773696,9123515,6039331,9,2,0,0,0,70750,125901
1778177611396,2495148032,63102976,817152000,293400576,957034496,1073737728,854647,62279,6,11071378,54537,0,3921210,3469,875159040,63773696,9170369,6079993,9,2,0,0,0,70750,125901
1778177611689,2495148032,63102976,817152000,293400576,957034496,1073737728,854647,62279,6,11073040,54537,0,3921210,3469,875159040,63773696,9218185,6121543,9,2,0,0,0,70750,125901
1778177611981,2495148032,63102976,817152000,293400576,957034496,1073737728,854647,62279,6,11074717,54537,0,3921210,3469,875159040,63773696,9266745,6161317,9,2,0,0,0,70750,125901
1778177612274,2495148032,63102976,817152000,293400576,957034496,1073737728,854647,62279,6,11076377,54537,0,3921210,3469,875159040,63773696,9315415,6202613,9,2,0,0,0,70750,125901
1778177612567,2495148032,63102976,817152000,293400576,957034496,1073737728,854647,62279,6,11078037,54537,0,3921210,3469,875159040,63773696,9361451,6241773,9,2,0,0,0,70750,125901
1778177612860,2495148032,63102976,817160192,293400576,957034496,1073737728,854647,62279,6,11079696,54537,0,3921210,3469,875159040,63773696,9396840,6271759,9,2,0,0,0,70750,125901
1778177613153,2495148032,63102976,817160192,293400576,957034496,1073737728,854647,62279,6,11081354,54537,0,3921210,3469,875159040,63773696,9397038,6271799,9,2,0,0,0,70750,125901
1778177613446,2495148032,63102976,817160192,293400576,957034496,1073737728,854647,62279,6,11083011,54537,0,3921210,3469,875159040,63773696,9397236,6272071,9,2,0,0,0,70750,125901
1778177613741,2495148032,63102976,817160192,293400576,957034496,1073737728,854647,62279,6,11084671,54537,0,3921210,3469,875159040,63773696,9398064,6272491,9,2,0,0,0,70750,125901
1778177614035,2495148032,63102976,817160192,293400576,957034496,1073737728,854647,62279,6,11086343,54537,0,3921210,3469,875159040,63773696,9398262,6272531,9,2,0,0,0,70750,125901
1778177614332,2495148032,63102976,817160192,293400576,957034496,1073737728,854647,62279,6,11087999,54537,0,3921210,3469,875159040,63773696,9398476,6272571,9,2,0,0,0,70750,125901
1778177614627,2495148032,63102976,817160192,293400576,957034496,1073737728,854647,62279,6,11089657,54537,0,3921210,3469,875159040,63773696,9399458,6274239,9,2,0,0,0,70750,125901
1778177614924,2495148032,63102976,817164288,293400576,957034496,1073737728,854647,62279,6,11091313,54537,0,3921210,3469,875159040,63773696,9402836,6276435,9,2,0,0,0,70750,125901
1778177615219,2495148032,63102976,817164288,293400576,957034496,1073737728,854647,62279,6,11092969,54537,0,3921210,3469,875159040,63773696,9403128,6276567,9,2,0,0,0,70750,125901
1778177615511,2495148032,63102976,817164288,293400576,957034496,1073737728,854647,62279,6,11094630,54537,0,3921210,3469,875159040,63773696,9404122,6277311,9,2,0,0,0,70750,125901
1778177615806,2495148032,63111168,817156096,293400576,957034496,1073737728,854647,62295,6,11096287,54537,0,3921210,3469,875159040,63790080,9404438,6277487,9,2,0,0,0,70750,125901
1778177616100,2495148032,63111168,817156096,293400576,957034496,1073737728,854647,62295,6,11097943,54537,0,3921210,3469,875159040,63790080,9404636,6277527,9,2,0,0,0,70750,125901
1778177616396,2495148032,63111168,817156096,293400576,957034496,1073737728,854647,62295,6,11099600,54537,0,3921210,3469,875159040,63790080,9404834,6277567,9,2,0,0,0,70750,125901
1778177616694,2495148032,63111168,817156096,293400576,957034496,1073737728,854647,62295,6,11101260,54537,0,3921210,3469,875159040,63790080,9405604,6278191,9,2,0,0,0,70750,125901
1778177616989,2495148032,63111168,817176576,293400576,957034496,1073737728,854647,62295,6,11102917,54537,0,3921210,3469,875159040,63790080,9405802,6278231,9,2,0,0,0,70750,125901
1778177617284,2495148032,63111168,817176576,293400576,957034496,1073737728,854647,62295,6,11104573,54537,0,3921210,3469,875159040,63790080,9406000,6278271,9,2,0,0,0,70750,125901
1778177617580,2495148032,63111168,817176576,293400576,957034496,1073737728,854647,62295,6,11106231,54537,0,3921210,3469,875159040,63790080,9406982,6279979,9,2,0,0,0,70750,125901
1778177617872,2495148032,63111168,817176576,293400576,957034496,1073737728,854647,62295,6,11107887,54537,0,3921210,3469,875159040,63790080,9410360,6282175,9,2,0,0,0,70750,125901
1778177618167,2495148032,63111168,817176576,293400576,957034496,1073737728,854647,62295,6,11109544,54537,0,3921210,3469,875159040,63790080,9410694,6282353,9,2,0,0,0,70750,125901
1778177618455,2495148032,63111168,817176576,293400576,957034496,1073737728,854647,62295,6,11111203,54537,0,3921210,3469,875159040,63790080,9411688,6283017,9,2,0,0,0,70750,125901
1778177618745,2495148032,63111168,817188864,293400576,957034496,1073737728,854647,62295,6,11112862,54537,0,3921210,3469,875159040,63790080,9411902,6283097,9,2,0,0,0,70750,125901
1778177619037,2495148032,63111168,817188864,293400576,957034496,1073737728,854647,62295,6,11114519,54537,0,3921210,3469,875159040,63790080,9412100,6283137,9,2,0,0,0,70750,125901
1778177619332,2495148032,63111168,817188864,293400576,957034496,1073737728,854647,62295,6,11116175,54537,0,3921210,3469,875159040,63790080,9412298,6283177,9,2,0,0,0,70750,125901
1778177619627,2495148032,63111168,817188864,293400576,957034496,1073737728,854647,62295,6,11117833,54537,0,3921210,3469,875159040,63790080,9413068,6283761,9,2,0,0,0,70750,125901
1778177619923,2495148032,63111168,817188864,293400576,957034496,1073737728,854647,62295,6,11119505,54537,0,3921210,3469,875159040,63790080,9413266,6283801,9,2,0,0,0,70750,125901
1778177620219,2495148032,63111168,817188864,293400576,957034496,1073737728,854647,62295,6,11121161,54537,0,3921210,3469,875159040,63790080,9413480,6283841,9,2,0,0,0,70750,125901
1778177620513,2495148032,63111168,817188864,293400576,957034496,1073737728,854647,62295,6,11122820,54537,0,3921210,3469,875159040,63790080,9414462,6285549,9,2,0,0,0,70750,125901
1778177620809,2495148032,63111168,817192960,293400576,957034496,1073737728,854647,62295,6,11124477,54537,0,3921210,3469,875159040,63790080,9417840,6287745,9,2,0,0,0,70750,125901
1778177621104,2495148032,63119360,817192960,293400576,957034496,1073737728,854647,62315,6,11126134,54537,0,3921210,3469,875159040,63810560,9418132,6287877,9,2,0,0,0,70750,125901
1778177621400,2495148032,63119360,817192960,293400576,957034496,1073737728,854647,62315,6,11127792,54537,0,3921210,3469,875159040,63810560,9418432,6287917,9,2,0,0,0,70750,125901
1778177621697,2495148032,63119360,817192960,293400576,957034496,1073737728,854647,62315,6,11129451,54537,0,3921210,3469,875159040,63810560,9419324,6288661,9,2,0,0,0,70750,125901
1778177621993,2495148032,63119360,817197056,293400576,957034496,1073737728,854647,62335,6,11131108,54537,0,3921210,3469,875159040,63831040,9419538,6288701,9,2,0,0,0,70750,125901
1778177622288,2495148032,63119360,817197056,293400576,957034496,1073737728,854647,62335,6,11132764,54537,0,3921210,3469,875159040,63831040,9419736,6288741,9,2,0,0,0,70750,125901
1778177622584,2495148032,63119360,817197056,293400576,957034496,1073737728,854647,62335,6,11134423,54537,0,3921210,3469,875159040,63831040,9420608,6289501,9,2,0,0,0,70750,125901
1778177622878,2495148032,63119360,817197056,293425152,957046784,1073737728,854647,62335,6,11136080,54537,0,3921210,3469,875159040,63831040,9420822,6289541,9,2,0,0,0,70756,125904
1778177623173,2495148032,63119360,817197056,293425152,957046784,1073737728,854647,62335,6,11137737,54537,0,3921210,3469,875159040,63831040,9421036,6289581,9,2,0,0,0,70756,125904
1778177623462,2495148032,63119360,817197056,293425152,957046784,1073737728,854647,62335,6,11139395,54537,0,3921210,3469,875159040,63831040,9422034,6291249,9,2,0,0,0,70756,125904
1778177623754,2495148032,63119360,817201152,293425152,957046784,1073737728,854647,62335,6,11141053,54537,0,3921210,3469,875159040,63831040,9423830,6292869,9,2,0,0,0,70756,125904
1778177624047,2495148032,63119360,817201152,293425152,957046784,1073737728,854647,62335,6,11142709,54537,0,3921210,3469,875159040,63831040,9425626,6293525,9,2,0,0,0,70756,125904
1778177624343,2495148032,63119360,817201152,293425152,957046784,1073737728,854647,62335,6,11144367,54537,0,3921210,3469,875159040,63831040,9426052,6293697,9,2,0,0,0,70756,125904
1778177624634,2495148032,63119360,817201152,293425152,957046784,1073737728,854647,62335,6,11146031,54537,0,3921210,3469,875159040,63831040,9427046,6294401,9,2,0,0,0,70756,125904
1778177624930,2495148032,63119360,817201152,293425152,957046784,1073737728,854647,62335,6,11147688,54537,0,3921210,3469,875159040,63831040,9427260,6294441,9,2,0,0,0,70756,125904
1778177625224,2495148032,63119360,817201152,293425152,957046784,1073737728,854647,62335,6,11149344,54537,0,3921210,3469,875159040,63831040,9427458,6294481,9,2,0,0,0,70756,125904
1778177625519,2495148032,63119360,817201152,293425152,957046784,1073737728,854647,62335,6,11151003,54537,0,3921210,3469,875159040,63831040,9428244,6295105,9,2,0,0,0,70756,125904
1778177625815,2495148032,63119360,817205248,293425152,957046784,1073737728,854647,62335,6,11152676,54537,0,3921210,3469,875159040,63831040,9428458,6295145,9,2,0,0,0,70756,125904
1778177626111,2495148032,63127552,817197056,293425152,957046784,1073737728,854647,62363,6,11154332,54537,0,3921210,3469,875159040,63859712,9428672,6295185,9,2,0,0,0,70756,125904
1778177626407,2495148032,63127552,817197056,293425152,957046784,1073737728,854647,62363,6,11155988,54537,0,3921210,3469,875159040,63859712,9428886,6296149,9,2,0,0,0,70756,125904
1778177626705,2495148032,63127552,817205248,293425152,957046784,1073737728,854647,62363,6,11157648,54537,0,3921210,3469,875159040,63859712,9429884,6297857,9,2,0,0,0,70756,125904
1778177627001,2495148032,63127552,817205248,293425152,957046784,1073737728,854647,62363,6,11159305,54537,0,3921210,3469,875159040,63859712,9433262,6299129,9,2,0,0,0,70756,125904
1778177627296,2495148032,63127552,817205248,293425152,957046784,1073737728,854647,62363,6,11160963,54537,0,3921210,3469,875159040,63859712,9433688,6299261,9,2,0,0,0,70756,125904
1778177627593,2495148032,63127552,817205248,293425152,957046784,1073737728,854647,62363,6,11162622,54537,0,3921210,3469,875159040,63859712,9434580,6299965,9,2,0,0,0,70756,125904
1778177627886,2495148032,63127552,817213440,293425152,957046784,1073737728,854647,62363,6,11164282,54537,0,3921210,3469,875159040,63859712,9434794,6300005,9,2,0,0,0,70756,125904
1778177628181,2495148032,63127552,817213440,293425152,957046784,1073737728,854647,62363,6,11165939,54537,0,3921210,3469,875159040,63859712,9434992,6300045,9,2,0,0,0,70756,125904
1778177628475,2495148032,63127552,817213440,293425152,957046784,1073737728,854647,62363,6,11167597,54537,0,3921210,3469,875159040,63859712,9435778,6300629,9,2,0,0,0,70756,125904
1778177628770,2495148032,63127552,817213440,293425152,957046784,1073737728,854647,62363,6,11169254,54537,0,3921210,3469,875159040,63859712,9435992,6300709,9,2,0,0,0,70756,125904
1778177629065,2495148032,63127552,817213440,293425152,957046784,1073737728,854647,62363,6,11170911,54537,0,3921210,3469,875159040,63859712,9436190,6300749,9,2,0,0,0,70756,125904
1778177629360,2495148032,63127552,817213440,293425152,957046784,1073737728,854647,62363,6,11172567,54537,0,3921210,3469,875159040,63859712,9436388,6301713,9,2,0,0,0,70756,125904
1778177629655,2495148032,63127552,817225728,293425152,957046784,1073737728,854647,62363,6,11174225,54537,0,3921210,3469,875159040,63859712,9437488,6303557,9,2,0,0,0,70756,125904
1778177629950,2495148032,63127552,817225728,293425152,957046784,1073737728,854647,62363,6,11175882,54537,0,3921210,3469,875159040,63859712,9440850,6304829,9,2,0,0,0,70756,125904
1778177630242,2495148032,63127552,817225728,293425152,957046784,1073737728,854647,62363,6,11177541,54537,0,3921210,3469,875159040,63859712,9441244,6304961,9,2,0,0,0,70756,125904
1778177630537,2495148032,63127552,817225728,293425152,957046784,1073737728,854647,62363,6,11179201,54537,0,3921210,3469,875159040,63859712,9442136,6305705,9,2,0,0,0,70756,125904
1778177630831,2495148032,63127552,817225728,293425152,957046784,1073737728,854647,62363,6,11180857,54537,0,3921210,3469,875159040,63859712,9442350,6305745,9,2,0,0,0,70756,125904
1778177631128,2495148032,63127552,817225728,293425152,957046784,1073737728,854647,62363,6,11182513,54537,0,3921210,3469,875159040,63876096,9442548,6305785,9,2,0,0,0,70756,125904
1778177631423,2495148032,63135744,817217536,293425152,957046784,1073737728,854647,62379,6,11184170,54537,0,3921210,3469,875159040,63876096,9442746,6305825,9,2,0,0,0,70756,125904
1778177631721,2495148032,63135744,817229824,293425152,957046784,1073737728,854647,62379,6,11185830,54537,0,3921210,3469,875159040,63876096,9443532,6306449,9,2,0,0,0,70756,125904
1778177632017,2495148032,63135744,817229824,293425152,957046784,1073737728,854647,62379,6,11187503,54537,0,3921210,3469,875159040,63945728,9443730,6306489,9,2,0,0,0,70756,125904
1778177632312,2495148032,63135744,817229824,293441536,957063168,1073737728,854647,62447,6,11189159,54537,0,3921210,3469,875159040,63945728,9443928,6306529,9,2,0,0,0,70760,125908
1778177632609,2495148032,63135744,817229824,293441536,957063168,1073737728,854647,62447,6,11190818,54537,0,3921210,3469,875159040,63945728,9444910,6308197,9,2,0,0,0,70760,125908
1778177632905,2495148032,63135744,817229824,293441536,957063168,1073737728,854647,62447,6,11192474,54537,0,3921210,3469,875159040,63945728,9448288,6310393,9,2,0,0,0,70760,125908
1778177633201,2495148032,63135744,817229824,293441536,957063168,1073737728,854647,62447,6,11194132,54537,0,3921210,3469,875159040,63945728,9448580,6310525,9,2,0,0,0,70760,125908
1778177633489,2495148032,63135744,817229824,293441536,957063168,1073737728,854647,62447,6,11195794,54537,0,3921210,3469,875159040,63945728,9449574,6311189,9,2,0,0,0,70760,125908
1778177633784,2495148032,63135744,817229824,293441536,957063168,1073737728,854647,62447,6,11197451,54537,0,3921210,3469,875159040,63945728,9449788,6311269,9,2,0,0,0,70760,125908
1778177634080,2495148032,63135744,817233920,293441536,957063168,1073737728,854647,62447,6,11199108,54537,0,3921210,3469,875159040,63945728,9449986,6311309,9,2,0,0,0,70760,125908
1778177634377,2495148032,63135744,817233920,293441536,957063168,1073737728,854647,62447,6,11200766,54537,0,3921210,3469,875159040,63945728,9450184,6311349,9,2,0,0,0,70760,125908
1778177634673,2495148032,63135744,817233920,293441536,957063168,1073737728,854647,62447,6,11202426,54537,0,3921210,3469,875159040,63945728,9450970,6311933,9,2,0,0,0,70760,125908
1778177634969,2495148032,63135744,817238016,293441536,957063168,1073737728,854647,62447,6,11204084,54537,0,3921210,3469,875159040,63945728,9451168,6311973,9,2,0,0,0,70760,125908
1778177635264,2495148032,63135744,817238016,293441536,957063168,1073737728,854647,62447,6,11205741,54537,0,3921210,3469,875159040,63945728,9451366,6312013,9,2,0,0,0,70760,125908
1778177635561,2495148032,63135744,817238016,293441536,957063168,1073737728,854647,62447,6,11207402,54537,0,3921210,3469,875159040,63945728,9452364,6313721,9,2,0,0,0,70760,125908
1778177635856,2495148032,63135744,817238016,293441536,957063168,1073737728,854647,62447,6,11209060,54537,0,3921210,3469,875159040,63945728,9455742,6315917,9,2,0,0,0,70760,125908
1778177636152,2495148032,63143936,817229824,293441536,957063168,1073737728,854647,62475,6,11210717,54537,0,3921210,3469,875159040,63974400,9456050,6316049,9,2,0,0,0,70760,125908
1778177636444,2495148032,63143936,817229824,293441536,957063168,1073737728,854647,62475,6,11212376,54537,0,3921210,3469,875159040,63974400,9456468,6316577,9,2,0,0,0,70760,125908
1778177636741,2495148032,63143936,817242112,293441536,957063168,1073737728,854647,62475,6,11214037,54537,0,3921210,3469,875159040,63974400,9457402,6316997,9,2,0,0,0,70760,125908
1778177637032,2495148032,63152128,817242112,293441536,957063168,1073737728,854647,62499,6,11215694,54537,0,3921212,3469,875159040,63998976,9457600,6317037,9,2,0,0,0,70760,125908
1778177637328,2495148032,63152128,817242112,293441536,957063168,1073737728,854647,62499,6,11217351,54537,0,3921212,3469,875159040,63998976,9457798,6317077,9,2,0,0,0,70760,125908
1778177637623,2495148032,63152128,817242112,293441536,957063168,1073737728,854647,62499,6,11219010,54537,0,3921212,3469,875159040,63998976,9458568,6317661,9,2,0,0,0,70760,125908
1778177637919,2495148032,63152128,817246208,293441536,957075456,1073737728,854647,62499,6,11220683,54537,0,3921212,3469,875159040,63998976,9458782,6317701,9,2,0,0,0,70760,125911
1778177638214,2495148032,63152128,817246208,293441536,957075456,1073737728,854647,62499,6,11222341,54537,0,3921212,3469,875159040,63998976,9458980,6317741,9,2,0,0,0,70760,125911
1778177638506,2495148032,63152128,817246208,293441536,957075456,1073737728,854647,62499,6,11224000,54537,0,3921212,3469,875159040,63998976,9459962,6319409,9,2,0,0,0,70760,125911
1778177638801,2495148032,63152128,817246208,293441536,957075456,1073737728,854647,62499,6,11225659,54537,0,3921212,3469,875159040,63998976,9461758,6321029,9,2,0,0,0,70760,125911
1778177639097,2495148032,63152128,817246208,293441536,957075456,1073737728,854647,62499,6,11227318,54537,0,3921212,3469,875159040,63998976,9463632,6321777,9,2,0,0,0,70760,125911
1778177639393,2495148032,63152128,817246208,293441536,957075456,1073737728,854647,62499,6,11228976,54537,0,3921212,3469,875159040,63998976,9463846,6321817,9,2,0,0,0,70760,125911
1778177639689,2495148032,63152128,817250304,293441536,957075456,1073737728,854647,62499,6,11230641,54537,0,3921212,3469,875159040,63998976,9464840,6322521,9,2,0,0,0,70760,125911
1778177639985,2495148032,63152128,817250304,293441536,957075456,1073737728,854647,62499,6,11232298,54537,0,3921212,3469,875159040,63998976,9465038,6322561,9,2,0,0,0,70760,125911
1778177640282,2495148032,63152128,817250304,293441536,957075456,1073737728,854647,62499,6,11233957,54537,0,3921212,3469,875159040,63998976,9465236,6322601,9,2,0,0,0,70760,125911
1778177640577,2495148032,63152128,817250304,293441536,957075456,1073737728,854647,62499,6,11235617,54537,0,3921212,3469,875159040,63998976,9466022,6323225,9,2,0,0,0,70760,125911
1778177640871,2495148032,63152128,817250304,293441536,957075456,1073737728,854647,62499,6,11237274,54537,0,3921212,3469,875159040,63998976,9466236,6323265,9,2,0,0,0,70760,125911
1778177641165,2495148032,63152128,817250304,293441536,957075456,1073737728,854647,62499,6,11238932,54537,0,3921212,3469,875159040,63998976,9466434,6323305,9,2,0,0,0,70760,125911
1778177641461,2495148032,63152128,817250304,293441536,957075456,1073737728,854647,62499,6,11240591,54537,0,3921212,3469,875159040,63998976,9467416,6324973,9,2,0,0,0,70760,125911
1778177641754,2495148032,63152128,817254400,293441536,957075456,1073737728,854647,62499,6,11242250,54537,0,3921212,3469,875159040,63998976,9469212,6326593,9,2,0,0,0,70760,125911
1778177642046,2495148032,63160320,817246208,293441536,957075456,1073737728,854647,62515,6,11243909,54537,0,3921212,3469,875159040,64015360,9470992,6327249,9,2,0,0,0,70760,125911
1778177642342,2495148032,63160320,817246208,293441536,957075456,1073737728,854647,62515,6,11245568,54537,0,3921212,3469,875159040,64015360,9471300,6327381,9,2,0,0,0,70760,125911
1778177642632,2495148032,63160320,817250304,293441536,957075456,1073737728,854647,62515,6,11247232,54537,0,3921212,3469,875159040,64015360,9472294,6328085,9,2,0,0,0,70760,125911
1778177642928,2495148032,63160320,817266688,293441536,957075456,1073737728,854647,62515,6,11248892,54537,0,3921212,3469,875159040,64015360,9472792,6328301,9,2,0,0,0,70760,125911
1778177643224,2495148032,63160320,817266688,293441536,957075456,1073737728,854647,62515,6,11250549,54537,0,3921212,3469,875159040,64015360,9472990,6328341,9,2,0,0,0,70760,125911
1778177643513,2495148032,63160320,817266688,293441536,957075456,1073737728,854647,62515,6,11252209,54537,0,3921212,3469,875159040,64015360,9473760,6328925,9,2,0,0,0,70760,125911
1778177643809,2495148032,63160320,817266688,293441536,957075456,1073737728,854647,62515,6,11253883,54537,0,3921212,3469,875159040,64015360,9473974,6329005,9,2,0,0,0,70760,125911
1778177644103,2495148032,63160320,817266688,293441536,957075456,1073737728,854647,62515,6,11255541,54537,0,3921212,3469,875159040,64015360,9474172,6329045,9,2,0,0,0,70760,125911
1778177644400,2495148032,63160320,817266688,293441536,957075456,1073737728,854647,62515,6,11257197,54537,0,3921212,3469,875159040,64015360,9474370,6330009,9,2,0,0,0,70760,125911
1778177644697,2495148032,63160320,817270784,293441536,957075456,1073737728,854647,62515,6,11258859,54537,0,3921212,3469,875159040,64015360,9475368,6331717,9,2,0,0,0,70760,125911
1778177644993,2495148032,63160320,817270784,293441536,957075456,1073737728,854647,62515,6,11260518,54537,0,3921212,3469,875159040,64015360,9478730,6332989,9,2,0,0,0,70760,125911
1778177645288,2495148032,63160320,817270784,293441536,957075456,1073737728,854647,62515,6,11262177,54537,0,3921212,3469,875159040,64015360,9479140,6333121,9,2,0,0,0,70760,125911
1778177645584,2495148032,63160320,817274880,293441536,957075456,1073737728,854647,62515,6,11263840,54537,0,3921212,3469,875159040,64015360,9480150,6333825,9,2,0,0,0,70760,125911
1778177645880,2495148032,63160320,817274880,293441536,957075456,1073737728,854647,62515,6,11265496,54537,0,3921212,3469,875159040,64015360,9480364,6333905,9,2,0,0,0,70760,125911
1778177646177,2495148032,63160320,817274880,293441536,957075456,1073737728,854647,62515,6,11267157,54537,0,3921212,3469,875159040,64015360,9480562,6333945,9,2,0,0,0,70760,125911
1778177646465,2495148032,63160320,817274880,293441536,957075456,1073737728,854647,62539,6,11268818,54537,0,3921212,3469,875159040,64039936,9481332,6334529,9,2,0,0,0,70760,125911
1778177646760,2495148032,63160320,817278976,293441536,957100032,1073737728,854647,62539,6,11270475,54537,0,3921212,3469,875159040,64039936,9481546,6334609,9,2,0,0,0,70760,125917
1778177647054,2495148032,63168512,817278976,293441536,957100032,1073737728,854647,62555,6,11272133,54537,0,3921212,3469,875159040,64056320,9481744,6334649,9,2,0,0,0,70760,125917
1778177647350,2495148032,63168512,817278976,293441536,957100032,1073737728,854647,62555,6,11273791,54537,0,3921212,3469,875159040,64056320,9481942,6334689,9,2,0,0,0,70760,125917
1778177647642,2495148032,63168512,817278976,293441536,957100032,1073737728,854647,62583,6,11275450,54537,0,3921212,3469,875159040,64084992,9482924,6336665,9,2,0,0,0,70760,125917
1778177647937,2495148032,63168512,817278976,293441536,957112320,1073737728,854647,62583,6,11277107,54537,0,3921212,3469,875159040,64084992,9486302,6338553,9,2,0,0,0,70760,125920
1778177648233,2495148032,63168512,817278976,293441536,957112320,1073737728,854647,62583,6,11278767,54537,0,3921212,3469,875159040,64084992,9486728,6338725,9,2,0,0,0,70760,125920
1778177648528,2495148032,63168512,817278976,293441536,957112320,1073737728,854647,62583,6,11280426,54537,0,3921212,3469,875159040,64084992,9487604,6339429,9,2,0,0,0,70760,125920
1778177648825,2495148032,63168512,817283072,293441536,957112320,1073737728,854647,62583,6,11282084,54537,0,3921212,3469,875159040,64084992,9487818,6339469,9,2,0,0,0,70760,125920
1778177649120,2495148032,63168512,817283072,293441536,957112320,1073737728,854647,62583,6,11283741,54537,0,3921212,3469,875159040,64084992,9488016,6339509,9,2,0,0,0,70760,125920
1778177649415,2495148032,63168512,817283072,293441536,957112320,1073737728,854647,62583,6,11285398,54537,0,3921212,3469,875159040,64084992,9488230,6339549,9,2,0,0,0,70760,125920
1778177649711,2495148032,63168512,817283072,293441536,957112320,1073737728,854647,62583,6,11287060,54537,0,3921212,3469,875159040,64084992,9489118,6340309,9,2,0,0,0,70760,125920
1778177650008,2495148032,63168512,817283072,293441536,957112320,1073737728,854647,62583,6,11288733,54537,0,3921212,3469,875159040,64084992,9489332,6340349,9,2,0,0,0,70760,125920
1778177650306,2495148032,63168512,817283072,293441536,957112320,1073737728,854647,62583,6,11290391,54537,0,3921212,3469,875159040,64084992,9489546,6340389,9,2,0,0,0,70760,125920
1778177650601,2495148032,63168512,817283072,293441536,957112320,1073737728,854647,62583,6,11292052,54537,0,3921212,3469,875159040,64084992,9490544,6342097,9,2,0,0,0,70760,125920
1778177650897,2495148032,63168512,817287168,293441536,957112320,1073737728,854647,62583,6,11293710,54537,0,3921212,3469,875159040,64084992,9493922,6344293,9,2,0,0,0,70760,125920
1778177651193,2495148032,63168512,817287168,293441536,957112320,1073737728,854647,62583,6,11295369,54537,0,3921212,3469,875159040,64084992,9494332,6344425,9,2,0,0,0,70760,125920
1778177651482,2495148032,63168512,817287168,293441536,957112320,1073737728,854647,62583,6,11297033,54537,0,3921212,3469,875159040,64084992,9495228,6345137,9,2,0,0,0,70760,125920
1778177651778,2495148032,63168512,817287168,293441536,957112320,1073737728,854647,62583,6,11298690,54537,0,3921212,3469,875159040,64084992,9495442,6345217,9,2,0,0,0,70760,125920
1778177652071,2495148032,63168512,817287168,293441536,957112320,1073737728,854647,62583,6,11300347,54537,0,3921212,3469,875159040,64113664,9495640,6345257,9,2,0,0,0,70760,125920
1778177652368,2495148032,63176704,817278976,293441536,957112320,1073737728,854647,62611,6,11302005,54537,0,3921212,3469,875159040,64113664,9495854,6345297,9,2,0,0,0,70760,125920
1778177652665,2495148032,63176704,817291264,293474304,957124608,1073737728,854647,62615,6,11303666,54537,0,3921212,3469,875159040,64117760,9496644,6345889,9,2,0,0,0,70768,125923
1778177652961,2495148032,63176704,817291264,293474304,957124608,1073737728,854647,62615,6,11305324,54537,0,3921212,3469,875159040,64117760,9496842,6345929,9,2,0,0,0,70768,125923
1778177653256,2495148032,63176704,817291264,293474304,957124608,1073737728,854647,62615,6,11306985,54537,0,3921212,3469,875159040,64117760,9497040,6345969,9,2,0,0,0,70768,125923
1778177653552,2495148032,63176704,817291264,293474304,957124608,1073737728,854647,62615,6,11308643,54537,0,3921212,3469,875159040,64117760,9498026,6347685,9,2,0,0,0,70768,125923
1778177653844,2495148032,63176704,817291264,293474304,957124608,1073737728,854647,62615,6,11310301,54537,0,3921212,3469,875159040,64117760,9501404,6349881,9,2,0,0,0,70768,125923
1778177654140,2495148032,63176704,817291264,293474304,957124608,1073737728,854647,62615,6,11311957,54537,0,3921212,3469,875159040,64117760,9501712,6350013,9,2,0,0,0,70768,125923
1778177654433,2495148032,63176704,817291264,293474304,957124608,1073737728,854647,62615,6,11313616,54537,0,3921212,3469,875159040,64117760,9502028,6350093,9,2,0,0,0,70768,125923
1778177654729,2495148032,63176704,817291264,293474304,957124608,1073737728,854647,62615,6,11315277,54537,0,3921212,3469,875159040,64117760,9502924,6350805,9,2,0,0,0,70768,125923
1778177655025,2495148032,63176704,817299456,293490688,957169664,1073737728,854647,62615,6,11316935,54537,0,3921212,3469,875159040,64117760,9503138,6350845,9,2,0,0,0,70772,125934
1778177655320,2495148032,63176704,817299456,293490688,957169664,1073737728,854647,62615,6,11318592,54537,0,3921212,3469,875159040,64117760,9503352,6350885,9,2,0,0,0,70772,125934
1778177655617,2495148032,63176704,817299456,293490688,957169664,1073737728,854647,62615,6,11320252,54537,0,3921212,3469,875159040,64117760,9504126,6351477,9,2,0,0,0,70772,125934
1778177655912,2495148032,63176704,817299456,293490688,957169664,1073737728,854647,62615,6,11321925,54537,0,3921212,3469,875159040,64117760,9504324,6351517,9,2,0,0,0,70772,125934
1778177656209,2495148032,63176704,817311744,293490688,957169664,1073737728,854647,62615,6,11323583,54537,0,3921212,3469,875159040,64117760,9504522,6351557,9,2,0,0,0,70772,125934
1778177656497,2495148032,63176704,817311744,293490688,957169664,1073737728,854647,62615,6,11325243,54537,0,3921212,3469,875159040,64117760,9505524,6353233,9,2,0,0,0,70772,125934
1778177656793,2495148032,63176704,817311744,293490688,957169664,1073737728,854647,62615,6,11326901,54537,0,3921212,3469,875159040,64117760,9507422,6354989,9,2,0,0,0,70772,125934
1778177657088,2495148032,63176704,817315840,293490688,957169664,1073737728,854647,62615,6,11328557,54537,0,3921212,3469,875159040,64150528,9509296,6355737,9,2,0,0,0,70772,125934
1778177657384,2495148032,63184896,817307648,293490688,957169664,1073737728,854647,62647,6,11330217,54537,0,3921212,3469,875159040,64150528,9509628,6355777,9,2,0,0,0,70772,125934
1778177657681,2495148032,63184896,817307648,293490688,957169664,1073737728,854647,62647,6,11331878,54537,0,3921212,3469,875159040,64171008,9510524,6356489,9,2,0,0,0,70772,125934
1778177657977,2495148032,63184896,817315840,293498880,957169664,1073737728,854647,62667,6,11333539,54537,0,3921212,3469,875159040,64171008,9510722,6356529,9,2,0,0,0,70774,125934
1778177658267,2495148032,63184896,817315840,293498880,957169664,1073737728,854647,62667,6,11335196,54537,0,3921212,3469,875159040,64171008,9510920,6356569,9,2,0,0,0,70774,125934
1778177658564,2495148032,63184896,817315840,293498880,957169664,1073737728,854647,62667,6,11336855,54537,0,3921212,3469,875159040,64171008,9511694,6357201,9,2,0,0,0,70774,125934
1778177658860,2495148032,63184896,817319936,293498880,957169664,1073737728,854647,62667,6,11338511,54537,0,3921212,3469,875159040,64171008,9511908,6357241,9,2,0,0,0,70774,125934
1778177659155,2495148032,63184896,817319936,293498880,957169664,1073737728,854647,62667,6,11340169,54537,0,3921212,3469,875159040,64171008,9512106,6357281,9,2,0,0,0,70774,125934
1778177659448,2495148032,63184896,817319936,293498880,957169664,1073737728,854647,62667,6,11341826,54537,0,3921212,3469,875159040,64171008,9513092,6358957,9,2,0,0,0,70774,125934
1778177659744,2495148032,63184896,817324032,293498880,957169664,1073737728,854647,62667,6,11343486,54537,0,3921212,3469,875159040,64171008,9514872,6360577,9,2,0,0,0,70774,125934
1778177660036,2495148032,63184896,817324032,293498880,957169664,1073737728,854647,62667,6,11345145,54537,0,3921212,3469,875159040,64171008,9516652,6361233,9,2,0,0,0,70774,125934
1778177660332,2495148032,63184896,817324032,293498880,957169664,1073737728,854647,62667,6,11346803,54537,0,3921212,3469,875159040,64171008,9516960,6361365,9,2,0,0,0,70774,125934
1778177660627,2495148032,63184896,817324032,293498880,957169664,1073737728,854647,62667,6,11348465,54537,0,3921212,3469,875159040,64171008,9517958,6362077,9,2,0,0,0,70774,125934
1778177660924,2495148032,63184896,817324032,293498880,957169664,1073737728,854647,62667,6,11350123,54537,0,3921212,3469,875159040,64171008,9518172,6362117,9,2,0,0,0,70774,125934
1778177661219,2495148032,63184896,817324032,293498880,957169664,1073737728,854647,62667,6,11351779,54537,0,3921212,3469,875159040,64171008,9518370,6362157,9,2,0,0,0,70774,125934
1778177661513,2495148032,63184896,817324032,293498880,957169664,1073737728,854647,62667,6,11353442,54537,0,3921212,3469,875159040,64171008,9519144,6362789,9,2,0,0,0,70774,125934
1778177661809,2495148032,63184896,817328128,293498880,957169664,1073737728,854647,62667,6,11355117,54537,0,3921212,3469,875159040,64171008,9519358,6362829,9,2,0,0,0,70774,125934
1778177662104,2495148032,63184896,817328128,293498880,957169664,1073737728,854647,62667,6,11356774,54537,0,3921212,3469,875159040,64199680,9519556,6362869,9,2,0,0,0,70774,125934
1778177662400,2495148032,63193088,817319936,293498880,957169664,1073737728,854647,62695,6,11358434,54537,0,3921212,3469,875159040,64199680,9519754,6363833,9,2,0,0,0,70774,125934
1778177662697,2495148032,63193088,817328128,293498880,957169664,1073737728,854647,62695,6,11360096,54537,0,3921212,3469,875159040,64199680,9520756,6365549,9,2,0,0,0,70774,125934
1778177662993,2495148032,63193088,817328128,293498880,957169664,1073737728,854647,62763,6,11361756,54537,0,3921212,3469,875159040,64269312,9524118,6366821,9,2,0,0,0,70774,125934
1778177663285,2495148032,63193088,817332224,293498880,957169664,1073737728,854647,62763,6,11363419,54537,0,3921212,3469,875159040,64269312,9524528,6366953,9,2,0,0,0,70774,125934
1778177663581,2495148032,63193088,817332224,293498880,957169664,1073737728,854647,62763,6,11365079,54537,0,3921212,3469,875159040,64269312,9525510,6367801,9,2,0,0,0,70774,125934
1778177663876,2495148032,63193088,817336320,293498880,957194240,1073737728,854647,62763,6,11366738,54537,0,3921212,3469,875159040,64269312,9525724,6367841,9,2,0,0,0,70774,125940
1778177664172,2495148032,63193088,817336320,293498880,957194240,1073737728,854647,62763,6,11368395,54537,0,3921212,3469,875159040,64269312,9525922,6367881,9,2,0,0,0,70774,125940
1778177664461,2495148032,63193088,817340416,293498880,957194240,1073737728,854647,62763,6,11370056,54537,0,3921212,3469,875159040,64269312,9526712,6368473,9,2,0,0,0,70774,125940
1778177664754,2495148032,63193088,817340416,293498880,957194240,1073737728,854647,62763,6,11371715,54537,0,3921212,3469,875159040,64269312,9526926,6368553,9,2,0,0,0,70774,125940
1778177665048,2495148032,63193088,817340416,293498880,957194240,1073737728,854647,62763,6,11373373,54537,0,3921212,3469,875159040,64269312,9527124,6368593,9,2,0,0,0,70774,125940
1778177665346,2495148032,63193088,817340416,293498880,957194240,1073737728,854647,62763,6,11375033,54537,0,3921212,3469,875159040,64269312,9527322,6368633,9,2,0,0,0,70774,125940
1778177665636,2495148032,63193088,817340416,293498880,957194240,1073737728,854647,62763,6,11376692,54537,0,3921212,3469,875159040,64269312,9528308,6370309,9,2,0,0,0,70774,125940
1778177665931,2495148032,63193088,817344512,293498880,957194240,1073737728,854647,62763,6,11378350,54537,0,3921212,3469,875159040,64269312,9531686,6372505,9,2,0,0,0,70774,125940
1778177666226,2495148032,63193088,817344512,293498880,957194240,1073737728,854647,62763,6,11380009,54537,0,3921212,3469,875159040,64269312,9532080,6372677,9,2,0,0,0,70774,125940
1778177666522,2495148032,63193088,817344512,293498880,957194240,1073737728,854647,62763,6,11381671,54537,0,3921212,3469,875159040,64269312,9532960,6373389,9,2,0,0,0,70774,125940
1778177666818,2495148032,63193088,817344512,293498880,957194240,1073737728,854647,62763,6,11383330,54537,0,3921212,3469,875159040,64269312,9533174,6373429,9,2,0,0,0,70774,125940
1778177667114,2495148032,63193088,817344512,293498880,957194240,1073737728,854647,62763,6,11384987,54537,0,3921212,3469,875159040,64302080,9533372,6373469,9,2,0,0,0,70774,125940
1778177667409,2495148032,63201280,817336320,293498880,957194240,1073737728,854647,62795,6,11386647,54537,0,3921212,3469,875159040,64302080,9533570,6373509,9,2,0,0,0,70774,125940
1778177667704,2495148032,63201280,817348608,293498880,957194240,1073737728,854647,62795,6,11388306,54537,0,3921212,3469,875159040,64302080,9534360,6374141,9,2,0,0,0,70774,125940
1778177668001,2495148032,63201280,817348608,293498880,957194240,1073737728,854647,62795,6,11389981,54537,0,3921212,3469,875159040,64302080,9534558,6374181,9,2,0,0,0,70774,125940
1778177668296,2495148032,63201280,817348608,293498880,957194240,1073737728,854647,62795,6,11391637,54537,0,3921212,3469,875159040,64302080,9534756,6374221,9,2,0,0,0,70774,125940
1778177668592,2495148032,63201280,817348608,293498880,957194240,1073737728,854647,62795,6,11393296,54537,0,3921212,3469,875159040,64302080,9535742,6375937,9,2,0,0,0,70774,125940
1778177668881,2495148032,63201280,817348608,293498880,957194240,1073737728,854647,62795,6,11394956,54537,0,3921212,3469,875159040,64302080,9539120,6378133,9,2,0,0,0,70774,125940
1778177669177,2495148032,63201280,817348608,293498880,957194240,1073737728,854647,62795,6,11396613,54537,0,3921212,3469,875159040,64302080,9539412,6378265,9,2,0,0,0,70774,125940
1778177669472,2495148032,63201280,817348608,293498880,957194240,1073737728,854647,62795,6,11398275,54537,0,3921212,3469,875159040,64302080,9540410,6378937,9,2,0,0,0,70774,125940
1778177669767,2495148032,63201280,817360896,293498880,957194240,1073737728,854647,62795,6,11399933,54537,0,3921212,3469,875159040,64302080,9540624,6379017,9,2,0,0,0,70774,125940
1778177670057,2495148032,63201280,817360896,293498880,957194240,1073737728,854647,62795,6,11401590,54537,0,3921212,3469,875159040,64302080,9540940,6379233,9,2,0,0,0,70774,125940
1778177670353,2495148032,63201280,817360896,293498880,957194240,1073737728,854647,62795,6,11403250,54537,0,3921212,3469,875159040,64302080,9541138,6379273,9,2,0,0,0,70774,125940
1778177670648,2495148032,63201280,817360896,293498880,957194240,1073737728,854647,62795,6,11404907,54537,0,3921212,3469,875159040,64302080,9541928,6379865,9,2,0,0,0,70774,125940
1778177670944,2495148032,63201280,817360896,293498880,957194240,1073737728,854647,62795,6,11406566,54537,0,3921212,3469,875159040,64302080,9542126,6379905,9,2,0,0,0,70774,125940
1778177671235,2495148032,63201280,817360896,293498880,957194240,1073737728,854647,62795,6,11408224,54537,0,3921212,3469,875159040,64302080,9542340,6379945,9,2,0,0,0,70774,125940
1778177671529,2495148032,63201280,817360896,293498880,957194240,1073737728,854647,62795,6,11409883,54537,0,3921212,3469,875159040,64302080,9543342,6381661,9,2,0,0,0,70774,125940
1778177671825,2495148032,63201280,817364992,293498880,957194240,1073737728,854647,62795,6,11411543,54537,0,3921212,3469,875159040,64302080,9546720,6383857,9,2,0,0,0,70774,125940
1778177672119,2495148032,63201280,817364992,293498880,957194240,1073737728,854647,62795,6,11413199,54537,0,3921212,3469,875159040,64318464,9547028,6383989,9,2,0,0,0,70774,125940
1778177672415,2495148032,63209472,817364992,293498880,957194240,1073737728,854647,62811,6,11414860,54537,0,3921212,3469,875159040,64318464,9547360,6384029,9,2,0,0,0,70774,125940
1778177672711,2495148032,63209472,817364992,293498880,957194240,1073737728,854647,62811,6,11416522,54537,0,3921212,3469,875159040,64318464,9548256,6384781,9,2,0,0,0,70774,125940
1778177673006,2495148032,63209472,817369088,293498880,957194240,1073737728,854647,62811,6,11418182,54537,0,3921212,3469,875159040,64318464,9548454,6384821,9,2,0,0,0,70774,125940
1778177673302,2495148032,63209472,817369088,293498880,957194240,1073737728,854647,62811,6,11419840,54537,0,3921212,3469,875159040,64318464,9548668,6384861,9,2,0,0,0,70774,125940
1778177673597,2495148032,63209472,817369088,293498880,957194240,1073737728,854647,62811,6,11421501,54537,0,3921212,3469,875159040,64318464,9549458,6385493,9,2,0,0,0,70774,125940
1778177673888,2495148032,63209472,817373184,293498880,957194240,1073737728,854647,62811,6,11423173,54537,0,3921212,3469,875159040,64318464,9549672,6385533,9,2,0,0,0,70774,125940
1778177674185,2495148032,63209472,817373184,293498880,957194240,1073737728,854647,62811,6,11424834,54537,0,3921212,3469,875159040,64318464,9549870,6385573,9,2,0,0,0,70774,125940
1778177674480,2495148032,63209472,817373184,293498880,957194240,1073737728,854647,62811,6,11426494,54537,0,3921212,3469,875159040,64318464,9550872,6387249,9,2,0,0,0,70774,125940
1778177674776,2495148032,63209472,817377280,293498880,957194240,1073737728,854647,62811,6,11428153,54537,0,3921212,3469,875159040,64318464,9552668,6388869,9,2,0,0,0,70774,125940
1778177675072,2495148032,63209472,817377280,293498880,957194240,1073737728,854647,62811,6,11429811,54537,0,3921212,3469,875159040,64318464,9554558,6389617,9,2,0,0,0,70774,125940
1778177675370,2495148032,63209472,817377280,293498880,957194240,1073737728,854647,62811,6,11431470,54537,0,3921212,3469,875159040,64318464,9554772,6389657,9,2,0,0,0,70774,125940
1778177675667,2495148032,63209472,817377280,293498880,957194240,1073737728,854647,62811,6,11433130,54537,0,3921212,3469,875159040,64318464,9555786,6390369,9,2,0,0,0,70774,125940
1778177675961,2495148032,63209472,817377280,293498880,957194240,1073737728,854647,62811,6,11434789,54537,0,3921212,3469,875159040,64318464,9555984,6390409,9,2,0,0,0,70774,125940
1778177676256,2495148032,63209472,817377280,293498880,957194240,1073737728,854647,62811,6,11436446,54537,0,3921212,3469,875159040,64318464,9556182,6390449,9,2,0,0,0,70774,125940
1778177676551,2495148032,63209472,817377280,293498880,957194240,1073737728,854647,62811,6,11438106,54537,0,3921213,3469,875159040,64318464,9557074,6391217,9,2,0,0,0,70774,125940
1778177676844,2495148032,63209472,817377280,293498880,957194240,1073737728,854647,62811,6,11439762,54537,0,3921213,3469,875159040,64318464,9557288,6391257,9,2,0,0,0,70774,125940
1778177677140,2495148032,63209472,817377280,293498880,957194240,1073737728,854647,62811,6,11441421,54537,0,3921213,3469,875159040,64318464,9557528,6391325,9,2,0,0,0,70774,125940
1778177677433,2495148032,63217664,817377280,293498880,957194240,1073737728,854647,62827,6,11443078,54537,0,3921213,3469,875159040,64334848,9557938,6392449,9,2,0,0,0,70774,125940
1778177677727,2495148032,63217664,817377280,293498880,957194240,1073737728,854647,62859,6,11444740,54537,0,3921213,3469,875159040,64367616,9558728,6394005,9,2,0,0,0,70774,125940
1778177678024,2495148032,63217664,817381376,293498880,957210624,1073737728,854647,62859,6,11446399,54537,0,3921213,3469,875159040,64367616,9562090,6395277,9,2,0,0,0,70774,125944
1778177678320,2495148032,63217664,817381376,293498880,957210624,1073737728,854647,62859,6,11448058,54537,0,3921213,3469,875159040,64367616,9562500,6395449,9,2,0,0,0,70774,125944
1778177678617,2495148032,63217664,817385472,293498880,957210624,1073737728,854647,62859,6,11449721,54537,0,3921213,3469,875159040,64367616,9563482,6396161,9,2,0,0,0,70774,125944
1778177678910,2495148032,63217664,817385472,293498880,957210624,1073737728,854647,62859,6,11451378,54537,0,3921213,3469,875159040,64367616,9563696,6396201,9,2,0,0,0,70774,125944
1778177679205,2495148032,63217664,817385472,293498880,957210624,1073737728,854647,62859,6,11453035,54537,0,3921213,3469,875159040,64367616,9563894,6396241,9,2,0,0,0,70774,125944
1778177679494,2495148032,63217664,817385472,293498880,957210624,1073737728,854647,62859,6,11454694,54537,0,3921213,3469,875159040,64367616,9564668,6396833,9,2,0,0,0,70774,125944
1778177679790,2495148032,63217664,817385472,293498880,957210624,1073737728,854647,62859,6,11456367,54537,0,3921213,3469,875159040,64367616,9564882,6396913,9,2,0,0,0,70774,125944
1778177680083,2495148032,63217664,817385472,293498880,957210624,1073737728,854647,62859,6,11458024,54537,0,3921213,3469,875159040,64367616,9565080,6396953,9,2,0,0,0,70774,125944
1778177680381,2495148032,63217664,817385472,293498880,957210624,1073737728,854647,62859,6,11459682,54537,0,3921213,3469,875159040,64367616,9565278,6397917,9,2,0,0,0,70774,125944
1778177680679,2495148032,63217664,817385472,293498880,957210624,1073737728,854647,62859,6,11461341,54537,0,3921213,3469,875159040,64367616,9566280,6399593,9,2,0,0,0,70774,125944
1778177680974,2495148032,63217664,817389568,293498880,957210624,1073737728,854647,62859,6,11462998,54537,0,3921213,3469,875159040,64367616,9569642,6400865,9,2,0,0,0,70774,125944
1778177681265,2495148032,63217664,817393664,293498880,957210624,1073737728,854647,62859,6,11464657,54537,0,3921213,3469,875159040,64367616,9570036,6400997,9,2,0,0,0,70774,125944
1778177681560,2495148032,63217664,817393664,293498880,957210624,1073737728,854647,62859,6,11466315,54537,0,3921213,3469,875159040,64367616,9570932,6401709,9,2,0,0,0,70774,125944
1778177681851,2495148032,63217664,817393664,293498880,957210624,1073737728,854647,62859,6,11467971,54537,0,3921213,3469,875159040,64367616,9571146,6401749,9,2,0,0,0,70774,125944
1778177682145,2495148032,63217664,817393664,293498880,957210624,1073737728,854647,62859,6,11469629,54537,0,3921213,3469,875159040,64367616,9571344,6401789,9,2,0,0,0,70774,125944
1778177682439,2495148032,63217664,817393664,293498880,957210624,1073737728,854647,62859,6,11471285,54537,0,3921213,3469,875159040,64367616,9571558,6402069,9,2,0,0,0,70774,125944
1778177682734,2495148032,63225856,817405952,293523456,957247488,1073737728,854647,62875,6,11472948,54537,0,3921213,3469,875159040,64384000,9572348,6402461,9,2,0,0,0,70780,125952
1778177683031,2495148032,63225856,817405952,293523456,957247488,1073737728,854647,62875,6,11474604,54537,0,3921213,3469,875159040,64384000,9572546,6402501,9,2,0,0,0,70780,125952
1778177683325,2495148032,63225856,817405952,293523456,957247488,1073737728,854647,62875,6,11476261,54537,0,3921213,3469,875159040,64384000,9572760,6402541,9,2,0,0,0,70780,125952
1778177683621,2495148032,63225856,817405952,293523456,957247488,1073737728,854647,62875,6,11477920,54537,0,3921213,3469,875159040,64384000,9573864,6404393,9,2,0,0,0,70780,125952
1778177683917,2495148032,63225856,817405952,293523456,957247488,1073737728,854647,62875,6,11479578,54537,0,3921213,3469,875159040,64384000,9577242,6406589,9,2,0,0,0,70780,125952
1778177684213,2495148032,63225856,817405952,293523456,957247488,1073737728,854647,62875,6,11481236,54537,0,3921213,3469,875159040,64384000,9577534,6406721,9,2,0,0,0,70780,125952
1778177684502,2495148032,63225856,817405952,293523456,957247488,1073737728,854647,62875,6,11482898,54537,0,3921213,3469,875159040,64384000,9578548,6407433,9,2,0,0,0,70780,125952
1778177684797,2495148032,63225856,817410048,293523456,957247488,1073737728,854647,62875,6,11484556,54537,0,3921213,3469,875159040,64384000,9578762,6407513,9,2,0,0,0,70780,125952
1778177685092,2495148032,63225856,817410048,293523456,957247488,1073737728,854647,62875,6,11486214,54537,0,3921213,3469,875159040,64384000,9578976,6407553,9,2,0,0,0,70780,125952
1778177685388,2495148032,63225856,817410048,293523456,957247488,1073737728,854647,62875,6,11487872,54537,0,3921213,3469,875159040,64384000,9579190,6407593,9,2,0,0,0,70780,125952
1778177685683,2495148032,63225856,817410048,293523456,957247488,1073737728,854647,62875,6,11489530,54537,0,3921213,3469,875159040,64384000,9579980,6408185,9,2,0,0,0,70780,125952
1778177685980,2494918656,63225856,817410048,293523456,957247488,1073737728,854647,62875,6,11491202,54537,0,3921213,3469,875159040,64384000,9580178,6408225,9,2,0,0,0,70780,125952
1778177686269,2494918656,63225856,817410048,293523456,957247488,1073737728,854647,62875,6,11492860,54537,0,3921213,3469,875159040,64384000,9580376,6408265,9,2,0,0,0,70780,125952
1778177686564,2494918656,63225856,817410048,293523456,957247488,1073737728,854647,62875,6,11494519,54537,0,3921213,3469,875159040,64384000,9581378,6409981,9,2,0,0,0,70780,125952
1778177686859,2494918656,63225856,817414144,293523456,957247488,1073737728,854647,62875,6,11496176,54537,0,3921213,3469,875159040,64384000,9584756,6412177,9,2,0,0,0,70780,125952
1778177687155,2494918656,63225856,817414144,293523456,957247488,1073737728,854647,62875,6,11497835,54537,0,3921213,3469,875159040,64384000,9585048,6412309,9,2,0,0,0,70780,125952
1778177687451,2494918656,63225856,817414144,293523456,957247488,1073737728,854647,62875,6,11499495,54537,0,3921213,3469,875159040,64384000,9586062,6413021,9,2,0,0,0,70780,125952
1778177687740,2494918656,63234048,817422336,293523456,957247488,1073737728,854647,62891,6,11501158,54537,0,3921213,3469,875159040,64400384,9586276,6413101,9,2,0,0,0,70780,125952
1778177688031,2494918656,63234048,817422336,293523456,957247488,1073737728,854647,62891,6,11502815,54537,0,3921213,3469,875159040,64400384,9586474,6413141,9,2,0,0,0,70780,125952
1778177688326,2494918656,63234048,817422336,293523456,957247488,1073737728,854647,62891,6,11504474,54537,0,3921213,3469,875159040,64400384,9586672,6413181,9,2,0,0,0,70780,125952
1778177688621,2494918656,63234048,817422336,293539840,957272064,1073737728,854647,62919,6,11506135,54537,0,3921213,3469,875159040,64429056,9587446,6413773,9,2,0,0,0,70784,125958
1778177688916,2494918656,63234048,817426432,293539840,957272064,1073737728,854647,62919,6,11507792,54537,0,3921213,3469,875159040,64429056,9587644,6413813,9,2,0,0,0,70784,125958
1778177689211,2494918656,63234048,817426432,293539840,957272064,1073737728,854647,62919,6,11509450,54537,0,3921213,3469,875159040,64429056,9587858,6413853,9,2,0,0,0,70784,125958
1778177689508,2494918656,63234048,817426432,293539840,957272064,1073737728,854647,62919,6,11511109,54537,0,3921213,3469,875159040,64429056,9588860,6415569,9,2,0,0,0,70784,125958
1778177689804,2494918656,63234048,817426432,293539840,957272064,1073737728,854647,62919,6,11512766,54537,0,3921213,3469,875159040,64429056,9590656,6417149,9,2,0,0,0,70784,125958
1778177690100,2494918656,63234048,817426432,293539840,957272064,1073737728,854647,62919,6,11514423,54537,0,3921213,3469,875159040,64429056,9592632,6418073,9,2,0,0,0,70784,125958
1778177690396,2494918656,63234048,817426432,293539840,957272064,1073737728,854647,62919,6,11516081,54537,0,3921213,3469,875159040,64429056,9592964,6418113,9,2,0,0,0,70784,125958
1778177690692,2494918656,63234048,817426432,293539840,957272064,1073737728,854647,62919,6,11517741,54537,0,3921213,3469,875159040,64429056,9593860,6418865,9,2,0,0,0,70784,125958
1778177690988,2494918656,63234048,817430528,293539840,957272064,1073737728,854647,62919,6,11519397,54537,0,3921213,3469,875159040,64429056,9594058,6418905,9,2,0,0,0,70784,125958
1778177691277,2494918656,63234048,817430528,293539840,957272064,1073737728,854647,62919,6,11521056,54537,0,3921213,3469,875159040,64429056,9594256,6418945,9,2,0,0,0,70784,125958
1778177691573,2494918656,63234048,817430528,293539840,957272064,1073737728,854647,62919,6,11522716,54537,0,3921213,3469,875159040,64429056,9595046,6419577,9,2,0,0,0,70784,125958
1778177691864,2494918656,63234048,817430528,293539840,957272064,1073737728,854647,62919,6,11524389,54537,0,3921213,3469,875159040,64429056,9595260,6419617,9,2,0,0,0,70784,125958
1778177692160,2494918656,63234048,817430528,293539840,957272064,1073737728,854647,62919,6,11526046,54537,0,3921213,3469,875159040,64429056,9595458,6419657,9,2,0,0,0,70784,125958
1778177692455,2494918656,63234048,817430528,293539840,957272064,1073737728,854647,62919,6,11527704,54537,0,3921213,3469,875159040,64429056,9596460,6421333,9,2,0,0,0,70784,125958
1778177692747,2494918656,63242240,817434624,293539840,957272064,1073737728,854647,62947,6,11529361,54537,0,3921213,3469,875159040,64457728,9598256,6422953,9,2,0,0,0,70784,125958
1778177693038,2494918656,63242240,817434624,293539840,957272064,1073737728,854647,62947,6,11531019,54537,0,3921213,3469,875159040,64457728,9600052,6423609,9,2,0,0,0,70784,125958
1778177693334,2494918656,63242240,817434624,293539840,957272064,1073737728,854647,62947,6,11532676,54537,0,3921213,3469,875159040,64457728,9600360,6423741,9,2,0,0,0,70784,125958
1778177693629,2494918656,63242240,817434624,293548032,957272064,1073737728,854647,63035,6,11534336,54537,0,3921213,3469,875159040,64547840,9601374,6424453,9,2,0,0,0,70786,125958
1778177693924,2494918656,63242240,817438720,293548032,957272064,1073737728,854647,63035,6,11535992,54537,0,3921213,3469,875159040,64547840,9601588,6424493,9,2,0,0,0,70786,125958
1778177694219,2494918656,63242240,817438720,293548032,957272064,1073737728,854647,63035,6,11537648,54537,0,3921213,3469,875159040,64547840,9601786,6424533,9,2,0,0,0,70786,125958
1778177694516,2494918656,63242240,817438720,293548032,957272064,1073737728,854647,63035,6,11539307,54537,0,3921213,3469,875159040,64547840,9602576,6425165,9,2,0,0,0,70786,125958
1778177694812,2494918656,63242240,817438720,293548032,957272064,1073737728,854647,63035,6,11540964,54537,0,3921213,3469,875159040,64547840,9602790,6425205,9,2,0,0,0,70786,125958
1778177695108,2494918656,63242240,817438720,293548032,957272064,1073737728,854647,63035,6,11542620,54537,0,3921213,3469,875159040,64547840,9602988,6425245,9,2,0,0,0,70786,125958
1778177695403,2494918656,63242240,817438720,293548032,957272064,1073737728,854647,63035,6,11544277,54537,0,3921213,3469,875159040,64547840,9603202,6426209,9,2,0,0,0,70786,125958
1778177695700,2494918656,63242240,817438720,293548032,957272064,1073737728,854647,63035,6,11545935,54537,0,3921213,3469,875159040,64547840,9604204,6427925,9,2,0,0,0,70786,125958
1778177695996,2494918656,63242240,817438720,293548032,957272064,1073737728,854647,63035,6,11547591,54537,0,3921213,3469,875159040,64547840,9607582,6429197,9,2,0,0,0,70786,125958
1778177696286,2494918656,63242240,817438720,293548032,957272064,1073737728,854647,63035,6,11549250,54537,0,3921213,3469,875159040,64547840,9607992,6429369,9,2,0,0,0,70786,125958
1778177696583,2494918656,63242240,817438720,293548032,957272064,1073737728,854647,63035,6,11550910,54537,0,3921213,3469,875159040,64547840,9609092,6430217,9,2,0,0,0,70786,125958
1778177696879,2494918656,63242240,817455104,293548032,957272064,1073737728,854647,63035,6,11552566,54537,0,3921213,3469,875159040,64547840,9609306,6430297,9,2,0,0,0,70786,125958
1778177697174,2494918656,63242240,817455104,293548032,957272064,1073737728,854647,63035,6,11554225,54537,0,3921213,3469,875159040,64547840,9609520,6430337,9,2,0,0,0,70786,125958
1778177697462,2494918656,63242240,817455104,293548032,957272064,1073737728,854647,63035,6,11555885,54537,0,3921213,3469,875159040,64547840,9610310,6430929,9,2,0,0,0,70786,125958
1778177697755,2494918656,63242240,817459200,293548032,957272064,1073737728,854647,63035,6,11557542,54537,0,3921213,3469,875159040,64547840,9610524,6431009,9,2,0,0,0,70786,125958
1778177698053,2494918656,63250432,817451008,293548032,957272064,1073737728,854647,63067,6,11559215,54537,0,3921213,3469,875159040,64580608,9610722,6431049,9,2,0,0,0,70786,125958
1778177698348,2494918656,63250432,817451008,293548032,957272064,1073737728,854647,63067,6,11560873,54537,0,3921213,3469,875159040,64580608,9610936,6431089,9,2,0,0,0,70786,125958
1778177698641,2494918656,63250432,817451008,293548032,957272064,1073737728,854647,63067,6,11562531,54537,0,3921213,3469,875159040,64584704,9611938,6433073,9,2,0,0,0,70786,125958
1778177698934,2494918656,63250432,817459200,293556224,957276160,1073737728,854647,63071,6,11564188,54537,0,3921213,3469,875159040,64584704,9615316,6434961,9,2,0,0,0,70788,125959
1778177699229,2494918656,63250432,817459200,293556224,957276160,1073737728,854647,63071,6,11565849,54537,0,3921213,3469,875159040,64584704,9615726,6435133,9,2,0,0,0,70788,125959
1778177699524,2494918656,63250432,817459200,293556224,957276160,1073737728,854647,63071,6,11567508,54537,0,3921213,3469,875159040,64584704,9616606,6435845,9,2,0,0,0,70788,125959
1778177699820,2494918656,63250432,817463296,293556224,957276160,1073737728,854647,63071,6,11569165,54537,0,3921213,3469,875159040,64584704,9616820,6435885,9,2,0,0,0,70788,125959
1778177700116,2494918656,63250432,817463296,293556224,957276160,1073737728,854647,63071,6,11570822,54537,0,3921213,3469,875159040,64584704,9617018,6435925,9,2,0,0,0,70788,125959
1778177700411,2494918656,63250432,817463296,293556224,957276160,1073737728,854647,63071,6,11572479,54537,0,3921213,3469,875159040,64584704,9617232,6435965,9,2,0,0,0,70788,125959
1778177700707,2494918656,63250432,817463296,293556224,957276160,1073737728,854647,63071,6,11574138,54537,0,3921213,3469,875159040,64584704,9618022,6436597,9,2,0,0,0,70788,125959
1778177701003,2494918656,63250432,817463296,293556224,957276160,1073737728,854647,63071,6,11575794,54537,0,3921213,3469,875159040,64584704,9618220,6436637,9,2,0,0,0,70788,125959
1778177701300,2494918656,63250432,817463296,293556224,957276160,1073737728,854647,63071,6,11577451,54537,0,3921213,3469,875159040,64584704,9618434,6436677,9,2,0,0,0,70788,125959
1778177701597,2494918656,63250432,817463296,293556224,957276160,1073737728,854647,63071,6,11579111,54537,0,3921213,3469,875159040,64584704,9619436,6438393,9,2,0,0,0,70788,125959
1778177701886,2494918656,63250432,817467392,293556224,957276160,1073737728,854647,63071,6,11580769,54537,0,3921213,3469,875159040,64584704,9622814,6440589,9,2,0,0,0,70788,125959
1778177702181,2494918656,63250432,817467392,293556224,957276160,1073737728,854647,63071,6,11582427,54537,0,3921213,3469,875159040,64584704,9623106,6440721,9,2,0,0,0,70788,125959
1778177702473,2494918656,63250432,817467392,293556224,957276160,1073737728,854647,63071,6,11584088,54537,0,3921213,3469,875159040,64584704,9624120,6441393,9,2,0,0,0,70788,125959
1778177702769,2494918656,63250432,817467392,293556224,957276160,1073737728,854647,63071,6,11585748,54537,0,3921213,3469,875159040,64584704,9624516,6441473,9,2,0,0,0,70788,125959
1778177703064,2494918656,63250432,817467392,293556224,957276160,1073737728,854647,63071,6,11587405,54537,0,3921213,3469,875159040,64617472,9624730,6441553,9,2,0,0,0,70788,125959
1778177703361,2494918656,63258624,817459200,293556224,957276160,1073737728,854647,63103,6,11589063,54537,0,3921213,3469,875159040,64617472,9624944,6441593,9,2,0,0,0,70788,125959
1778177703657,2494918656,63258624,817459200,293556224,957276160,1073737728,854647,63103,6,11590722,54537,0,3921213,3469,875159040,64617472,9625836,6442361,9,2,0,0,0,70788,125959
1778177703953,2494918656,63258624,817471488,293556224,957276160,1073737728,854647,63103,6,11592395,54537,0,3921213,3469,875159040,64617472,9626050,6442401,9,2,0,0,0,70788,125959
1778177704263,2494918656,63258624,817471488,293556224,957276160,1073737728,854647,63103,6,11594052,54537,0,3921213,3469,875159040,64617472,9641584,6455505,9,2,0,0,0,70788,125959
1778177704558,2494918656,63258624,817471488,293556224,957276160,1073737728,854647,63103,6,11595714,54537,0,3921213,3469,875159040,64617472,9680100,6489191,9,2,0,0,0,70788,125959
1778177704851,2494918656,63258624,817471488,293556224,957276160,1073737728,854647,63103,6,11597373,54537,0,3921213,3469,875159040,64617472,9725976,6527589,9,2,0,0,0,70788,125959
1778177705145,2494918656,63258624,817471488,293556224,957276160,1073737728,854647,63103,6,11599030,54537,0,3921213,3469,875159040,64617472,9761098,6557391,9,2,0,0,0,70788,125959
1778177705436,2494918656,63258624,817471488,293556224,957276160,1073737728,854647,63103,6,11600692,54537,0,3921213,3469,875159040,64617472,9795180,6586221,9,2,0,0,0,70788,125959
1778177705730,2494918656,63258624,817479680,293556224,957276160,1073737728,854647,63103,6,11602354,54537,0,3921213,3469,875159040,64617472,9836522,6621387,9,2,0,0,0,70788,125959
1778177706024,2494918656,63258624,817479680,293556224,957276160,1073737728,854647,63103,6,11604014,54537,0,3921213,3469,875159040,64617472,9872360,6651787,9,2,0,0,0,70788,125959
1778177706316,2494918656,63258624,817479680,293556224,957276160,1073737728,854647,63103,6,11605674,54537,0,3921213,3469,875159040,64617472,9916368,6689133,9,2,0,0,0,70788,125959
1778177706609,2494918656,63258624,817479680,293556224,957276160,1073737728,854647,63103,6,11607337,54537,0,3921213,3469,875159040,64617472,9965904,6731263,9,2,0,0,0,70788,125959
1778177706902,2494918656,63258624,817479680,293556224,957276160,1073737728,854647,63103,6,11608997,54537,0,3921213,3469,875159040,64617472,10005214,6764607,9,2,0,0,0,70788,125959
1778177707195,2494918656,63258624,817479680,293556224,957276160,1073737728,854647,63103,6,11610655,54537,0,3921213,3469,875159040,64617472,10047224,6800251,9,2,0,0,0,70788,125959
1778177707487,2494918656,63258624,817479680,293556224,957276160,1073737728,854647,63103,6,11612316,54537,0,3921213,3469,875159040,64617472,10095028,6841809,9,2,0,0,0,70788,125959
1778177707780,2494918656,63258624,817483776,293556224,957276160,1073737728,854647,63103,6,11613975,54537,0,3921213,3469,875159040,64617472,10143858,6883495,9,2,0,0,0,70788,125959
1778177708073,2494918656,63258624,817483776,293556224,957276160,1073737728,854647,63103,6,11615632,54537,0,3921213,3469,875159040,64633856,10185638,6918237,9,2,0,0,0,70788,125959
1778177708367,2494918656,63266816,817479680,293556224,957276160,1073737728,854647,63119,6,11617295,54537,0,3921213,3469,875159040,64633856,10209441,6938333,9,2,0,0,0,70788,125959
1778177708663,2494918656,63266816,817483776,293556224,957276160,1073737728,854647,63119,6,11618956,54537,0,3921213,3469,875159040,64633856,10210455,6939045,9,2,0,0,0,70788,125959
1778177708958,2494918656,63266816,817487872,293556224,957276160,1073737728,854647,63119,6,11620615,54537,0,3921213,3469,875159040,64633856,10210653,6939085,9,2,0,0,0,70788,125959
1778177709255,2494918656,63266816,817479680,293560320,957304832,1073737728,854647,63119,6,11622288,54537,0,3921215,3469,875159040,64633856,10212869,6941045,9,2,0,0,0,70789,125966
1778177709550,2494918656,63266816,817479680,293560320,957304832,1073737728,854647,63119,6,11623949,54537,0,3921215,3469,875159040,64633856,10213777,6941677,9,2,0,0,0,70789,125966
1778177709841,2494918656,63266816,817479680,293568512,957329408,1073737728,854647,63119,6,11625623,54537,0,3921215,3469,875159040,64633856,10213991,6941717,9,2,0,0,0,70791,125972
1778177710137,2494918656,63266816,817479680,293568512,957329408,1073737728,854647,63119,6,11627283,54537,0,3921215,3469,875159040,64633856,10214189,6941757,9,2,0,0,0,70791,125972
1778177710426,2494918656,63266816,817479680,293568512,957329408,1073737728,854647,63119,6,11628942,54537,0,3921215,3469,875159040,64633856,10214701,6943017,9,2,0,0,0,70791,125972
1778177710721,2494918656,63266816,817483776,293568512,957329408,1073737728,854647,63119,6,11630604,54537,0,3921215,3469,875159040,64633856,10215491,6944573,9,2,0,0,0,70791,125972
1778177711017,2494918656,63266816,817483776,293568512,957329408,1073737728,854647,63119,6,11632264,54537,0,3921215,3469,875159040,64633856,10218971,6945845,9,2,0,0,0,70791,125972
1778177711312,2494918656,63266816,817483776,293568512,957329408,1073737728,854647,63119,6,11633922,54537,0,3921215,3469,875159040,64633856,10219263,6946017,9,2,0,0,0,70791,125972
1778177711608,2494918656,63266816,817483776,293568512,957329408,1073737728,854647,63119,6,11635584,54537,0,3921215,3469,875159040,64633856,10220261,6946729,9,2,0,0,0,70791,125972
1778177711901,2494918656,63266816,817491968,293568512,957329408,1073737728,854647,63119,6,11637243,54537,0,3921215,3469,875159040,64633856,10220475,6946769,9,2,0,0,0,70791,125972
1778177712195,2494918656,63266816,817491968,293568512,957329408,1073737728,854647,63119,6,11638900,54537,0,3921215,3469,875159040,64633856,10220689,6946809,9,2,0,0,0,70791,125972
1778177712492,2494918656,63266816,817491968,293568512,957329408,1073737728,854647,63119,6,11640560,54537,0,3921215,3469,875159040,64633856,10221463,6947401,9,2,0,0,0,70791,125972
1778177712788,2494918656,63266816,817491968,293568512,957329408,1073737728,854647,63119,6,11642216,54537,0,3921215,3469,875159040,64633856,10221677,6947481,9,2,0,0,0,70791,125972
1778177713084,2494918656,63266816,817491968,293568512,957329408,1073737728,854647,63119,6,11643875,54537,0,3921215,3469,875159040,64654336,10221891,6947521,9,2,0,0,0,70791,125972
1778177713380,2494918656,63275008,817483776,293568512,957329408,1073737728,854647,63171,6,11645534,54537,0,3921215,3469,875159040,64687104,10222105,6948485,9,2,0,0,0,70791,125972
1778177713677,2494918656,63275008,817496064,293568512,957333504,1073737728,854647,63171,6,11647196,54537,0,3921215,3469,875159040,64687104,10223149,6950207,9,2,0,0,0,70791,125973
1778177713972,2494918656,63275008,817496064,293568512,957333504,1073737728,854647,63171,6,11648855,54537,0,3921215,3469,875159040,64687104,10226527,6951479,9,2,0,0,0,70791,125973
1778177714261,2494918656,63275008,817496064,293568512,957333504,1073737728,854647,63171,6,11650513,54537,0,3921215,3469,875159040,64687104,10226953,6951611,9,2,0,0,0,70791,125973
1778177714557,2494918656,63275008,817496064,293568512,957333504,1073737728,854647,63171,6,11652175,54537,0,3921215,3469,875159040,64687104,10227849,6952323,9,2,0,0,0,70791,125973
1778177714850,2494918656,63275008,817500160,293568512,957333504,1073737728,854647,63171,6,11653834,54537,0,3921215,3469,875159040,64687104,10228063,6952363,9,2,0,0,0,70791,125973
1778177715146,2494918656,63275008,817500160,293568512,957333504,1073737728,854647,63171,6,11655493,54537,0,3921215,3469,875159040,64687104,10228261,6952403,9,2,0,0,0,70791,125973
1778177715439,2494918656,63275008,817500160,293568512,957333504,1073737728,854647,63171,6,11657152,54537,0,3921215,3469,875159040,64687104,10228475,6952683,9,2,0,0,0,70791,125973
1778177715734,2494918656,63275008,817500160,293568512,957333504,1073737728,854647,63171,6,11658812,54537,0,3921215,3469,875159040,64687104,10229265,6953075,9,2,0,0,0,70791,125973
1778177716030,2494918656,63275008,817500160,293568512,957333504,1073737728,854647,63171,6,11660485,54537,0,3921215,3469,875159040,64687104,10229463,6953115,9,2,0,0,0,70791,125973
1778177716325,2494918656,63275008,817500160,293568512,957333504,1073737728,854647,63171,6,11662143,54537,0,3921215,3469,875159040,64687104,10229677,6953155,9,2,0,0,0,70791,125973
1778177716622,2494918656,63275008,817500160,293568512,957333504,1073737728,854647,63171,6,11663804,54537,0,3921215,3469,875159040,64687104,10230663,6954831,9,2,0,0,0,70791,125973
1778177716918,2494918656,63275008,817504256,293568512,957333504,1073737728,854647,63171,6,11665461,54537,0,3921215,3469,875159040,64687104,10234143,6957203,9,2,0,0,0,70791,125973
1778177717213,2494918656,63275008,817508352,293568512,957333504,1073737728,854647,63171,6,11667121,54537,0,3921215,3469,875159040,64687104,10234569,6957335,9,2,0,0,0,70791,125973
1778177717509,2494918656,63275008,817508352,293568512,957333504,1073737728,854647,63171,6,11668780,54537,0,3921215,3469,875159040,64687104,10235465,6958087,9,2,0,0,0,70791,125973
1778177717804,2494918656,63275008,817508352,293568512,957333504,1073737728,854647,63171,6,11670441,54537,0,3921215,3469,875159040,64687104,10235679,6958127,9,2,0,0,0,70791,125973
1778177718100,2494918656,63275008,817508352,293568512,957333504,1073737728,854647,63171,6,11672097,54537,0,3921215,3469,875159040,64703488,10235893,6958167,9,2,0,0,0,70791,125973
1778177718397,2494918656,63283200,817500160,293568512,957333504,1073737728,854647,63187,6,11673756,54537,0,3921215,3469,875159040,64703488,10236107,6958207,9,2,0,0,0,70791,125973
1778177718695,2494918656,63283200,817512448,293568512,957333504,1073737728,854647,63187,6,11675417,54537,0,3921215,3469,875159040,64703488,10236939,6958827,9,2,0,0,0,70791,125973
1778177718990,2494918656,63283200,817512448,293568512,957333504,1073737728,854647,63187,6,11677075,54537,0,3921215,3469,875159040,64703488,10237137,6958867,9,2,0,0,0,70791,125973
1778177719283,2494918656,63283200,817512448,293568512,957333504,1073737728,854647,63187,6,11678731,54537,0,3921215,3469,875159040,64703488,10237335,6958907,9,2,0,0,0,70791,125973
1778177719578,2494918656,63283200,817512448,293568512,957333504,1073737728,854647,63187,6,11680390,54537,0,3921215,3469,875159040,64703488,10238321,6960623,9,2,0,0,0,70791,125973
1778177719867,2494918656,63283200,817512448,293568512,957333504,1073737728,854647,63187,6,11682047,54537,0,3921215,3469,875159040,64703488,10241699,6962819,9,2,0,0,0,70791,125973
1778177720161,2494918656,63283200,817512448,293568512,957333504,1073737728,854647,63187,6,11683704,54537,0,3921215,3469,875159040,64703488,10241991,6962951,9,2,0,0,0,70791,125973
1778177720456,2494918656,63283200,817512448,293568512,957333504,1073737728,854647,63187,6,11685363,54537,0,3921215,3469,875159040,64703488,10243005,6963663,9,2,0,0,0,70791,125973
1778177720748,2494918656,63283200,817516544,293568512,957333504,1073737728,854647,63187,6,11687020,54537,0,3921215,3469,875159040,64703488,10243219,6963743,9,2,0,0,0,70791,125973
1778177721039,2494918656,63283200,817516544,293568512,957333504,1073737728,854647,63187,6,11688676,54537,0,3921215,3469,875159040,64703488,10243433,6963783,9,2,0,0,0,70791,125973
1778177721336,2494918656,63283200,817516544,293568512,957333504,1073737728,854647,63187,6,11690332,54537,0,3921215,3469,875159040,64703488,10243631,6963823,9,2,0,0,0,70791,125973
1778177721631,2494918656,63283200,817516544,293568512,957333504,1073737728,854647,63187,6,11691991,54537,0,3921215,3469,875159040,64703488,10244405,6964415,9,2,0,0,0,70791,125973
1778177721925,2494918656,63283200,817516544,293568512,957333504,1073737728,854647,63187,6,11693664,54537,0,3921215,3469,875159040,64703488,10244619,6964455,9,2,0,0,0,70791,125973
1778177722221,2494918656,63283200,817516544,293568512,957333504,1073737728,854647,63187,6,11695322,54537,0,3921215,3469,875159040,64703488,10244817,6964495,9,2,0,0,0,70791,125973
1778177722516,2494918656,63283200,817516544,293568512,957333504,1073737728,854647,63187,6,11696980,54537,0,3921215,3469,875159040,64703488,10245803,6966211,9,2,0,0,0,70791,125973
1778177722813,2494918656,63283200,817528832,293576704,957386752,1073737728,854647,63187,6,11698637,54537,0,3921215,3469,875159040,64703488,10249181,6968407,9,2,0,0,0,70793,125984
1778177723108,2494918656,63283200,817528832,293576704,957386752,1073737728,854647,63187,6,11700294,54537,0,3921215,3469,875159040,64719872,10249473,6968539,9,2,0,0,0,70793,125984
1778177723404,2494918656,63291392,817520640,293576704,957386752,1073737728,854647,63203,6,11701954,54537,0,3921215,3469,875159040,64719872,10249805,6968579,9,2,0,0,0,70793,125984
1778177723702,2494918656,63291392,817520640,293576704,957386752,1073737728,854647,63203,6,11703615,54537,0,3921215,3469,875159040,64719872,10250803,6969467,9,2,0,0,0,70793,125984
1778177723997,2494918656,63291392,817528832,293576704,957386752,1073737728,854647,63203,6,11705272,54537,0,3921215,3469,875159040,64719872,10251017,6969507,9,2,0,0,0,70793,125984
1778177724293,2494918656,63291392,817528832,293597184,957403136,1073737728,854647,63275,6,11706930,54537,0,3921215,3469,875159040,64793600,10251215,6969547,9,2,0,0,0,70798,125988
1778177724589,2494918656,63291392,817528832,293597184,957403136,1073737728,854647,63275,6,11708589,54537,0,3921215,3469,875159040,64793600,10252005,6970179,9,2,0,0,0,70798,125988
1778177724885,2494918656,63291392,817532928,293597184,957403136,1073737728,854647,63275,6,11710246,54537,0,3921215,3469,875159040,64793600,10252219,6970219,9,2,0,0,0,70798,125988
1778177725180,2494918656,63291392,817532928,293597184,957403136,1073737728,854647,63275,6,11711902,54537,0,3921215,3469,875159040,64793600,10252417,6970259,9,2,0,0,0,70798,125988
1778177725472,2494918656,63291392,817532928,293597184,957403136,1073737728,854647,63275,6,11713562,54537,0,3921215,3469,875159040,64793600,10253419,6971935,9,2,0,0,0,70798,125988
1778177725768,2494918656,63291392,817532928,293597184,957403136,1073737728,854647,63275,6,11715218,54537,0,3921215,3469,875159040,64793600,10255215,6973555,9,2,0,0,0,70798,125988
1778177726064,2494918656,63291392,817532928,293597184,957403136,1073737728,854647,63275,6,11716878,54537,0,3921215,3469,875159040,64793600,10257207,6974211,9,2,0,0,0,70798,125988
1778177726360,2494918656,63291392,817532928,293597184,957403136,1073737728,854647,63275,6,11718535,54537,0,3921215,3469,875159040,64793600,10257405,6974383,9,2,0,0,0,70798,125988
1778177726657,2494918656,63291392,817541120,293597184,957403136,1073737728,854647,63275,6,11720199,54537,0,3921215,3469,875159040,64793600,10258419,6975095,9,2,0,0,0,70798,125988
1778177726952,2494918656,63291392,817541120,293597184,957403136,1073737728,854647,63275,6,11721855,54537,0,3921215,3469,875159040,64793600,10258617,6975135,9,2,0,0,0,70798,125988
1778177727246,2494918656,63291392,817541120,293597184,957403136,1073737728,854647,63275,6,11723512,54537,0,3921215,3469,875159040,64793600,10258815,6975175,9,2,0,0,0,70798,125988
1778177727541,2494918656,63291392,817541120,293597184,957403136,1073737728,854647,63275,6,11725171,54537,0,3921215,3469,875159040,64793600,10259589,6975807,9,2,0,0,0,70798,125988
1778177727835,2494918656,63291392,817541120,293597184,957403136,1073737728,854647,63275,6,11726843,54537,0,3921215,3469,875159040,64793600,10259803,6975847,9,2,0,0,0,70798,125988
1778177728129,2494918656,63291392,817541120,293597184,957403136,1073737728,854647,63275,6,11728500,54537,0,3921215,3469,875159040,64822272,10260001,6975887,9,2,0,0,0,70798,125988
1778177728425,2494918656,63299584,817532928,293597184,957403136,1073737728,854647,63303,6,11730159,54537,0,3921215,3469,875159040,64822272,10260199,6977011,9,2,0,0,0,70798,125988
1778177728720,2494918656,63299584,817545216,293597184,957403136,1073737728,854647,63303,6,11731819,54537,0,3921215,3469,875159040,64822272,10261201,6978567,9,2,0,0,0,70798,125988
1778177729017,2494918656,63299584,817545216,293597184,957403136,1073737728,854647,63303,6,11733477,54537,0,3921215,3469,875159040,64822272,10264563,6979839,9,2,0,0,0,70798,125988
1778177729309,2494918656,63299584,817545216,293597184,957403136,1073737728,854647,63303,6,11735136,54537,0,3921215,3469,875159040,64875520,10264973,6980011,9,2,0,0,0,70798,125988
1778177729605,2494918656,63299584,817545216,293597184,957403136,1073737728,854647,63355,6,11736796,54537,0,3921219,3469,875159040,64875520,10267183,6980843,9,2,0,0,0,70798,125988
1778177729898,2494918656,63299584,817549312,293605376,957423616,1073737728,854647,63355,6,11738455,54537,0,3921220,3469,875159040,64875520,10267419,6981059,9,2,0,0,0,70800,125993
1778177730193,2494918656,63299584,817549312,293605376,957423616,1073737728,854647,63355,6,11740112,54537,0,3921220,3469,875159040,64875520,10267633,6981099,9,2,0,0,0,70800,125993
1778177730482,2494918656,63299584,817549312,293605376,957423616,1073737728,854647,63355,6,11741772,54537,0,3921232,3469,875159040,64875520,10268439,6981691,9,2,0,0,0,70800,125993
1778177730778,2494918656,63299584,817549312,293605376,957423616,1073737728,854647,63355,6,11743429,54537,0,3921232,3469,875159040,64875520,10268653,6981771,9,2,0,0,0,70800,125993
1778177731073,2494918656,63299584,817549312,293605376,957423616,1073737728,854647,63355,6,11745087,54537,0,3921232,3469,875159040,64875520,10268851,6981811,9,2,0,0,0,70800,125993
1778177731369,2494144512,63299584,817549312,293605376,957423616,1073737728,854647,63355,6,11746964,54537,0,3921730,3469,875159040,64875520,10269975,6983071,9,2,0,0,0,70800,125993
1778177731666,2494144512,63299584,817549312,293605376,957423616,1073737728,854647,63355,6,11748634,54537,0,3921750,3469,875159040,64875520,10270977,6984787,9,2,0,0,0,70800,125993
1778177731962,2494144512,63299584,817549312,293621760,957739008,1073737728,854647,63355,6,11750301,54537,0,3921751,3469,875159040,64875520,10274339,6986059,9,2,0,0,0,70802,126000
1778177732257,2494144512,63299584,817549312,293621760,957739008,1073737728,854647,63355,6,11751967,54537,0,3921752,3469,875159040,64875520,10274647,6986191,9,2,0,0,0,70802,126000
1778177732554,2493886464,63299584,817549312,293621760,957743104,1073737728,854647,63355,6,11754116,54537,0,3922543,3469,875159040,64875520,10277565,6986983,9,2,0,0,0,70802,126000
1778177732848,2493886464,63299584,817553408,293621760,957865984,1073737728,854647,63355,6,11755785,54537,0,3922544,3469,875159040,64875520,10277779,6987023,9,2,0,0,0,70802,126002
1778177733145,2493886464,63299584,817553408,293621760,957865984,1073737728,854647,63355,6,11757451,54537,0,3922545,3469,875159040,64875520,10277977,6987063,9,2,0,0,0,70802,126002
1778177733435,2493886464,63307776,817557504,293621760,957865984,1073737728,854647,63387,6,11759620,54537,0,3923331,3469,875159040,64908288,10279167,6987463,9,2,0,0,0,70802,126002
1778177733732,2493886464,63307776,817561600,293621760,957861888,1073737728,854647,63387,6,11761289,54537,0,3923334,3469,875159040,64908288,10279957,6987855,9,2,0,0,0,70802,126002
1778177734029,2493886464,63307776,817561600,293621760,957861888,1073737728,854647,63387,6,11762972,54537,0,3923335,3469,875159040,64908288,10280155,6987895,9,2,0,0,0,70802,126002
1778177734325,2493886464,63307776,817561600,293621760,957861888,1073737728,854647,63387,6,11764639,54537,0,3923348,3469,875159040,64908288,10280353,6987935,9,2,0,0,0,70802,126002
1778177734624,2493628416,63307776,817561600,293629952,957870080,1073737728,854647,63387,6,11766800,54537,0,3924136,3469,875159040,64908288,10282261,6989731,9,2,0,0,0,70802,126002
1778177734922,2493628416,63307776,817561600,293629952,957870080,1073737728,854647,63387,6,11768469,54537,0,3924136,3469,875159040,64908288,10285639,6991927,9,2,0,0,0,70804,126003
1778177735218,2493628416,63307776,817561600,293629952,957870080,1073737728,854647,63387,6,11770135,54537,0,3924143,3469,875159040,64908288,10286033,6992195,9,2,0,0,0,70804,126003
1778177735513,2493628416,63307776,817561600,293629952,957956096,1073737728,854647,63387,6,11772300,54537,0,3924928,3469,875159040,64908288,10288125,6993163,9,2,0,0,0,70804,126003
1778177735810,2493628416,63307776,817577984,293629952,957878272,1073737728,854647,63387,6,11773967,54537,0,3924928,3469,875159040,64908288,10288339,6993203,9,2,0,0,0,70804,126004
1778177736106,2493628416,63307776,817577984,293629952,957878272,1073737728,854647,63387,6,11775634,54537,0,3924928,3469,875159040,64908288,10288537,6993243,9,2,0,0,0,70804,126004
1778177736400,2493628416,63307776,817577984,293629952,957878272,1073737728,854647,63387,6,11777299,54537,0,3924928,3469,875159040,64908288,10288735,6993283,9,2,0,0,0,70804,126004
1778177736701,2493370368,63307776,817577984,293629952,957882368,1073737728,854647,63387,6,11779462,54537,0,3925724,3469,875159040,64908288,10290485,6993995,9,2,0,0,0,70804,126005
1778177736997,2493370368,63307776,817577984,293629952,957882368,1073737728,854647,63387,6,11781130,54537,0,3925724,3469,875159040,64961536,10290699,6994035,9,2,0,0,0,70804,126005
1778177737295,2573463552,63324160,817569792,364027904,804544512,1073737728,854647,63463,6,11803970,71757,0,3928670,3469,875159040,64986112,10291299,6994243,9,2,0,0,0,87992,108817
1778177737592,2573463552,63324160,817569792,364036096,802783232,1073737728,854647,63463,6,11806576,71757,0,3929893,3469,875159040,64986112,10294533,6996167,9,2,0,0,0,87994,108817
